{"type":"FeatureCollection","features":[{"type":"Feature","properties":{},"geometry":{"type":"Polygon","coordinates":[[[-157.85156,21.20746],[-157.76367,21.20746],[-157.76367,21.24842],[-157.85156,21.24842],[-157.85156,21.20746]]]}},{"type":"Feature","properties":{},"geometry":{"type":"Polygon","coordinates":[[[-157.71973,21.20746],[-157.67578,21.20746],[-157.67578,21.24842],[-157.71973,21.24842],[-157.71973,21.20746]]]}},{"type":"Feature","properties":{},"geometry":{"type":"Polygon","coordinates":[[[-158.15918,21.24842],[-158.02734,21.24842],[-158.02734,21.28937],[-158.15918,21.28937],[-158.15918,21.24842]]]}},{"type":"Feature","properties":{},"geometry":{"type":"Polygon","coordinates":[[[-157.93945,21.24842],[-157.63184,21.24842],[-157.63184,21.28937],[-157.93945,21.28937],[-157.93945,21.24842]]]}},{"type":"Feature","properties":{},"geometry":{"type":"Polygon","coordinates":[[[-158.15918,21.28937],[-157.63184,21.28937],[-157.63184,21.33032],[-158.15918,21.33032],[-158.15918,21.28937]]]}},{"type":"Feature","properties":{},"geometry":{"type":"Polygon","coordinates":[[[-158.15918,21.33032],[-157.76367,21.33032],[-157.76367,21.37124],[-158.15918,21.37124],[-158.15918,21.33032]]]}},{"type":"Feature","properties":{},"geometry":{"type":"Polygon","coordinates":[[[-157.67578,21.33032],[-157.63184,21.33032],[-157.63184,21.37124],[-157.67578,21.37124],[-157.67578,21.33032]]]}},{"type":"Feature","properties":{},"geometry":{"type":"Polygon","coordinates":[[[-158.20312,21.37124],[-157.76367,21.37124],[-157.76367,21.41216],[-158.20312,21.41216],[-158.20312,21.37124]]]}},{"type":"Feature","properties":{},"geometry":{"type":"Polygon","coordinates":[[[-158.24707,21.41216],[-158.11523,21.41216],[-158.11523,21.49396],[-158.24707,21.49396],[-158.24707,21.41216]]]}},{"type":"Feature","properties":{},"geometry":{"type":"Polygon","coordinates":[[[-158.07129,21.41216],[-157.80762,21.41216],[-157.80762,21.45307],[-158.07129,21.45307],[-158.07129,21.41216]]]}},{"type":"Feature","properties":{},"geometry":{"type":"Polygon","coordinates":[[[-158.07129,21.45307],[-157.93945,21.45307],[-157.93945,21.53485],[-158.07129,21.53485],[-158.07129,21.45307]]]}},{"type":"Feature","properties":{},"geometry":{"type":"Polygon","coordinates":[[[-158.24707,21.49396],[-158.20312,21.49396],[-158.20312,21.53485],[-158.24707,21.53485],[-158.24707,21.49396]]]}},{"type":"Feature","properties":{},"geometry":{"type":"Polygon","coordinates":[[[-158.07129,21.53485],[-157.9834,21.53485],[-157.9834,21.57572],[-158.07129,21.57572],[-158.07129,21.53485]]]}},{"type":"Feature","properties":{},"geometry":{"type":"Polygon","coordinates":[[[-80.5957,25.64153],[-80.1123,25.64153],[-80.1123,25.72074],[-80.5957,25.72074],[-80.5957,25.64153]]]}},{"type":"Feature","properties":{},"geometry":{"type":"Polygon","coordinates":[[[-80.55176,25.72074],[-80.06836,25.72074],[-80.06836,25.79989],[-80.55176,25.79989],[-80.55176,25.72074]]]}},{"type":"Feature","properties":{},"geometry":{"type":"Polygon","coordinates":[[[-80.50781,25.79989],[-80.06836,25.79989],[-80.06836,25.91853],[-80.50781,25.91853],[-80.50781,25.79989]]]}},{"type":"Feature","properties":{},"geometry":{"type":"Polygon","coordinates":[[[-97.51465,25.83945],[-97.38281,25.83945],[-97.38281,25.87899],[-97.51465,25.87899],[-97.51465,25.83945]]]}},{"type":"Feature","properties":{},"geometry":{"type":"Polygon","coordinates":[[[-97.51465,35.17381],[-97.38281,35.17381],[-97.38281,35.2815],[-97.51465,35.2815],[-97.51465,35.17381]]]}},{"type":"Feature","properties":{},"geometry":{"type":"Polygon","coordinates":[[[-97.55859,25.87899],[-97.33887,25.87899],[-97.33887,25.95804],[-97.55859,25.95804],[-97.55859,25.87899]]]}},{"type":"Feature","properties":{},"geometry":{"type":"Polygon","coordinates":[[[-97.55859,27.76133],[-97.33887,27.76133],[-97.33887,27.80021],[-97.55859,27.80021],[-97.55859,27.76133]]]}},{"type":"Feature","properties":{},"geometry":{"type":"Polygon","coordinates":[[[-81.73828,25.87899],[-81.65039,25.87899],[-81.65039,25.91853],[-81.73828,25.91853],[-81.73828,25.87899]]]}},{"type":"Feature","properties":{},"geometry":{"type":"Polygon","coordinates":[[[-81.73828,33.35806],[-81.65039,33.35806],[-81.65039,33.39476],[-81.73828,33.39476],[-81.73828,33.35806]]]}},{"type":"Feature","properties":{},"geometry":{"type":"Polygon","coordinates":[[[-81.78223,25.91853],[-81.65039,25.91853],[-81.65039,25.99755],[-81.78223,25.99755],[-81.78223,25.91853]]]}},{"type":"Feature","properties":{},"geometry":{"type":"Polygon","coordinates":[[[-80.41992,25.91853],[-80.1123,25.91853],[-80.1123,25.99755],[-80.41992,25.99755],[-80.41992,25.91853]]]}},{"type":"Feature","properties":{},"geometry":{"type":"Polygon","coordinates":[[[-80.41992,27.13737],[-80.1123,27.13737],[-80.1123,27.21556],[-80.41992,27.21556],[-80.41992,27.13737]]]}},{"type":"Feature","properties":{},"geometry":{"type":"Polygon","coordinates":[[[-97.55859,25.95804],[-97.38281,25.95804],[-97.38281,25.99755],[-97.55859,25.99755],[-97.55859,25.95804]]]}},{"type":"Feature","properties":{},"geometry":{"type":"Polygon","coordinates":[[[-97.55859,30.97761],[-97.38281,30.97761],[-97.38281,31.01528],[-97.55859,31.01528],[-97.55859,30.97761]]]}},{"type":"Feature","properties":{},"geometry":{"type":"Polygon","coordinates":[[[-97.55859,25.99755],[-97.4707,25.99755],[-97.4707,26.03704],[-97.55859,26.03704],[-97.55859,25.99755]]]}},{"type":"Feature","properties":{},"geometry":{"type":"Polygon","coordinates":[[[-97.55859,35.71084],[-97.4707,35.71084],[-97.4707,35.74651],[-97.55859,35.74651],[-97.55859,35.71084]]]}},{"type":"Feature","properties":{},"geometry":{"type":"Polygon","coordinates":[[[-81.73828,24.60707],[-81.60645,24.60707],[-81.60645,24.64702],[-81.73828,24.64702],[-81.73828,24.60707]]]}},{"type":"Feature","properties":{},"geometry":{"type":"Polygon","coordinates":[[[-81.73828,25.99755],[-81.60645,25.99755],[-81.60645,26.03704],[-81.73828,26.03704],[-81.73828,25.99755]]]}},{"type":"Feature","properties":{},"geometry":{"type":"Polygon","coordinates":[[[-81.73828,29.57346],[-81.60645,29.57346],[-81.60645,29.68805],[-81.73828,29.68805],[-81.73828,29.57346]]]}},{"type":"Feature","properties":{},"geometry":{"type":"Polygon","coordinates":[[[-81.73828,33.39476],[-81.60645,33.39476],[-81.60645,33.43144],[-81.73828,33.43144],[-81.73828,33.39476]]]}},{"type":"Feature","properties":{},"geometry":{"type":"Polygon","coordinates":[[[-80.46387,25.99755],[-80.06836,25.99755],[-80.06836,26.15544],[-80.46387,26.15544],[-80.46387,25.99755]]]}},{"type":"Feature","properties":{},"geometry":{"type":"Polygon","coordinates":[[[-80.46387,36.03133],[-80.06836,36.03133],[-80.06836,36.06686],[-80.46387,36.06686],[-80.46387,36.03133]]]}},{"type":"Feature","properties":{},"geometry":{"type":"Polygon","coordinates":[[[-98.26172,26.03704],[-98.21777,26.03704],[-98.21777,26.07652],[-98.26172,26.07652],[-98.26172,26.03704]]]}},{"type":"Feature","properties":{},"geometry":{"type":"Polygon","coordinates":[[[-81.78223,26.03704],[-81.60645,26.03704],[-81.60645,26.07652],[-81.78223,26.07652],[-81.78223,26.03704]]]}},{"type":"Feature","properties":{},"geometry":{"type":"Polygon","coordinates":[[[-98.30566,26.07652],[-98.17383,26.07652],[-98.17383,26.11599],[-98.30566,26.11599],[-98.30566,26.07652]]]}},{"type":"Feature","properties":{},"geometry":{"type":"Polygon","coordinates":[[[-81.82617,24.52713],[-81.65039,24.52713],[-81.65039,24.56711],[-81.82617,24.56711],[-81.82617,24.52713]]]}},{"type":"Feature","properties":{},"geometry":{"type":"Polygon","coordinates":[[[-81.82617,26.07652],[-81.65039,26.07652],[-81.65039,26.11599],[-81.82617,26.11599],[-81.82617,26.07652]]]}},{"type":"Feature","properties":{},"geometry":{"type":"Polygon","coordinates":[[[-81.82617,28.61346],[-81.65039,28.61346],[-81.65039,28.65203],[-81.82617,28.65203],[-81.82617,28.61346]]]}},{"type":"Feature","properties":{},"geometry":{"type":"Polygon","coordinates":[[[-98.34961,26.11599],[-98.12988,26.11599],[-98.12988,26.15544],[-98.34961,26.15544],[-98.34961,26.11599]]]}},{"type":"Feature","properties":{},"geometry":{"type":"Polygon","coordinates":[[[-81.82617,24.56711],[-81.60645,24.56711],[-81.60645,24.60707],[-81.82617,24.60707],[-81.82617,24.56711]]]}},{"type":"Feature","properties":{},"geometry":{"type":"Polygon","coordinates":[[[-81.82617,26.11599],[-81.60645,26.11599],[-81.60645,26.15544],[-81.82617,26.15544],[-81.82617,26.11599]]]}},{"type":"Feature","properties":{},"geometry":{"type":"Polygon","coordinates":[[[-81.5625,26.11599],[-81.47461,26.11599],[-81.47461,26.15544],[-81.5625,26.15544],[-81.5625,26.11599]]]}},{"type":"Feature","properties":{},"geometry":{"type":"Polygon","coordinates":[[[-98.4375,26.15544],[-98.12988,26.15544],[-98.12988,26.19488],[-98.4375,26.19488],[-98.4375,26.15544]]]}},{"type":"Feature","properties":{},"geometry":{"type":"Polygon","coordinates":[[[-81.82617,26.15544],[-81.47461,26.15544],[-81.47461,26.2343],[-81.82617,26.2343],[-81.82617,26.15544]]]}},{"type":"Feature","properties":{},"geometry":{"type":"Polygon","coordinates":[[[-80.37598,26.15544],[-80.06836,26.15544],[-80.06836,26.19488],[-80.37598,26.19488],[-80.37598,26.15544]]]}},{"type":"Feature","properties":{},"geometry":{"type":"Polygon","coordinates":[[[-80.37598,27.05913],[-80.06836,27.05913],[-80.06836,27.09825],[-80.37598,27.09825],[-80.37598,27.05913]]]}},{"type":"Feature","properties":{},"geometry":{"type":"Polygon","coordinates":[[[-98.52539,26.19488],[-98.12988,26.19488],[-98.12988,26.27371],[-98.52539,26.27371],[-98.52539,26.19488]]]}},{"type":"Feature","properties":{},"geometry":{"type":"Polygon","coordinates":[[[-80.33203,26.19488],[-80.06836,26.19488],[-80.06836,26.31311],[-80.33203,26.31311],[-80.33203,26.19488]]]}},{"type":"Feature","properties":{},"geometry":{"type":"Polygon","coordinates":[[[-81.87012,26.2343],[-81.47461,26.2343],[-81.47461,26.3525],[-81.87012,26.3525],[-81.87012,26.2343]]]}},{"type":"Feature","properties":{},"geometry":{"type":"Polygon","coordinates":[[[-98.48145,26.27371],[-98.17383,26.27371],[-98.17383,26.3525],[-98.48145,26.3525],[-98.48145,26.27371]]]}},{"type":"Feature","properties":{},"geometry":{"type":"Polygon","coordinates":[[[-80.33203,26.31311],[-80.02441,26.31311],[-80.02441,26.3525],[-80.33203,26.3525],[-80.33203,26.31311]]]}},{"type":"Feature","properties":{},"geometry":{"type":"Polygon","coordinates":[[[-80.33203,26.62782],[-80.02441,26.62782],[-80.02441,26.82407],[-80.33203,26.82407],[-80.33203,26.62782]]]}},{"type":"Feature","properties":{},"geometry":{"type":"Polygon","coordinates":[[[-98.39355,26.3525],[-98.17383,26.3525],[-98.17383,26.39187],[-98.39355,26.39187],[-98.39355,26.3525]]]}},{"type":"Feature","properties":{},"geometry":{"type":"Polygon","coordinates":[[[-81.91406,26.3525],[-81.69434,26.3525],[-81.69434,26.39187],[-81.91406,26.39187],[-81.91406,26.3525]]]}},{"type":"Feature","properties":{},"geometry":{"type":"Polygon","coordinates":[[[-81.60645,26.3525],[-81.47461,26.3525],[-81.47461,26.39187],[-81.60645,26.39187],[-81.60645,26.3525]]]}},{"type":"Feature","properties":{},"geometry":{"type":"Polygon","coordinates":[[[-81.60645,27.60567],[-81.47461,27.60567],[-81.47461,27.68353],[-81.60645,27.68353],[-81.60645,27.60567]]]}},{"type":"Feature","properties":{},"geometry":{"type":"Polygon","coordinates":[[[-80.28809,26.3525],[-80.02441,26.3525],[-80.02441,26.39187],[-80.28809,26.39187],[-80.28809,26.3525]]]}},{"type":"Feature","properties":{},"geometry":{"type":"Polygon","coordinates":[[[-80.28809,26.58853],[-80.02441,26.58853],[-80.02441,26.62782],[-80.28809,26.62782],[-80.28809,26.58853]]]}},{"type":"Feature","properties":{},"geometry":{"type":"Polygon","coordinates":[[[-82.13379,26.39187],[-82.0459,26.39187],[-82.0459,26.43123],[-82.13379,26.43123],[-82.13379,26.39187]]]}},{"type":"Feature","properties":{},"geometry":{"type":"Polygon","coordinates":[[[-81.95801,26.39187],[-81.73828,26.39187],[-81.73828,26.43123],[-81.95801,26.43123],[-81.95801,26.39187]]]}},{"type":"Feature","properties":{},"geometry":{"type":"Polygon","coordinates":[[[-81.95801,38.51379],[-81.73828,38.51379],[-81.73828,38.54817],[-81.95801,38.54817],[-81.95801,38.51379]]]}},{"type":"Feature","properties":{},"geometry":{"type":"Polygon","coordinates":[[[-81.51855,26.39187],[-81.34277,26.39187],[-81.34277,26.43123],[-81.51855,26.43123],[-81.51855,26.39187]]]}},{"type":"Feature","properties":{},"geometry":{"type":"Polygon","coordinates":[[[-80.24414,26.39187],[-80.02441,26.39187],[-80.02441,26.47057],[-80.24414,26.47057],[-80.24414,26.39187]]]}},{"type":"Feature","properties":{},"geometry":{"type":"Polygon","coordinates":[[[-80.24414,26.54922],[-80.02441,26.54922],[-80.02441,26.58853],[-80.24414,26.58853],[-80.24414,26.54922]]]}},{"type":"Feature","properties":{},"geometry":{"type":"Polygon","coordinates":[[[-80.24414,26.86328],[-80.02441,26.86328],[-80.02441,26.94166],[-80.24414,26.94166],[-80.24414,26.86328]]]}},{"type":"Feature","properties":{},"geometry":{"type":"Polygon","coordinates":[[[-82.17773,26.43123],[-81.73828,26.43123],[-81.73828,26.47057],[-82.17773,26.47057],[-82.17773,26.43123]]]}},{"type":"Feature","properties":{},"geometry":{"type":"Polygon","coordinates":[[[-81.51855,26.43123],[-81.38672,26.43123],[-81.38672,26.47057],[-81.51855,26.47057],[-81.51855,26.43123]]]}},{"type":"Feature","properties":{},"geometry":{"type":"Polygon","coordinates":[[[-81.51855,27.41079],[-81.38672,27.41079],[-81.38672,27.48878],[-81.51855,27.48878],[-81.51855,27.41079]]]}},{"type":"Feature","properties":{},"geometry":{"type":"Polygon","coordinates":[[[-82.22168,26.47057],[-82.08984,26.47057],[-82.08984,26.5099],[-82.22168,26.5099],[-82.22168,26.47057]]]}},{"type":"Feature","properties":{},"geometry":{"type":"Polygon","coordinates":[[[-82.0459,26.47057],[-81.73828,26.47057],[-81.73828,26.5099],[-82.0459,26.5099],[-82.0459,26.47057]]]}},{"type":"Feature","properties":{},"geometry":{"type":"Polygon","coordinates":[[[-82.0459,26.62782],[-81.73828,26.62782],[-81.73828,26.6671],[-82.0459,26.6671],[-82.0459,26.62782]]]}},{"type":"Feature","properties":{},"geometry":{"type":"Polygon","coordinates":[[[-80.2002,26.47057],[-80.02441,26.47057],[-80.02441,26.54922],[-80.2002,26.54922],[-80.2002,26.47057]]]}},{"type":"Feature","properties":{},"geometry":{"type":"Polygon","coordinates":[[[-80.2002,26.82407],[-80.02441,26.82407],[-80.02441,26.86328],[-80.2002,26.86328],[-80.2002,26.82407]]]}},{"type":"Feature","properties":{},"geometry":{"type":"Polygon","coordinates":[[[-82.22168,26.5099],[-82.13379,26.5099],[-82.13379,26.54922],[-82.22168,26.54922],[-82.22168,26.5099]]]}},{"type":"Feature","properties":{},"geometry":{"type":"Polygon","coordinates":[[[-82.0459,26.5099],[-81.69434,26.5099],[-81.69434,26.62782],[-82.0459,26.62782],[-82.0459,26.5099]]]}},{"type":"Feature","properties":{},"geometry":{"type":"Polygon","coordinates":[[[-82.26562,26.54922],[-82.17773,26.54922],[-82.17773,26.62782],[-82.26562,26.62782],[-82.26562,26.54922]]]}},{"type":"Feature","properties":{},"geometry":{"type":"Polygon","coordinates":[[[-82.26562,28.38174],[-82.17773,28.38174],[-82.17773,28.42039],[-82.26562,28.42039],[-82.26562,28.38174]]]}},{"type":"Feature","properties":{},"geometry":{"type":"Polygon","coordinates":[[[-82.26562,34.88593],[-82.17773,34.88593],[-82.17773,34.92197],[-82.26562,34.92197],[-82.26562,34.88593]]]}},{"type":"Feature","properties":{},"geometry":{"type":"Polygon","coordinates":[[[-82.00195,26.6671],[-81.78223,26.6671],[-81.78223,26.70636],[-82.00195,26.70636],[-82.00195,26.6671]]]}},{"type":"Feature","properties":{},"geometry":{"type":"Polygon","coordinates":[[[-82.30957,26.70636],[-82.22168,26.70636],[-82.22168,26.82407],[-82.30957,26.82407],[-82.30957,26.70636]]]}},{"type":"Feature","properties":{},"geometry":{"type":"Polygon","coordinates":[[[-82.35352,26.82407],[-82.22168,26.82407],[-82.22168,26.86328],[-82.35352,26.86328],[-82.35352,26.82407]]]}},{"type":"Feature","properties":{},"geometry":{"type":"Polygon","coordinates":[[[-82.0459,26.82407],[-81.95801,26.82407],[-81.95801,26.86328],[-82.0459,26.86328],[-82.0459,26.82407]]]}},{"type":"Feature","properties":{},"geometry":{"type":"Polygon","coordinates":[[[-82.0459,28.18824],[-81.95801,28.18824],[-81.95801,28.22697],[-82.0459,28.22697],[-82.0459,28.18824]]]}},{"type":"Feature","properties":{},"geometry":{"type":"Polygon","coordinates":[[[-80.33203,26.82407],[-80.24414,26.82407],[-80.24414,26.86328],[-80.33203,26.86328],[-80.33203,26.82407]]]}},{"type":"Feature","properties":{},"geometry":{"type":"Polygon","coordinates":[[[-82.35352,26.86328],[-82.17773,26.86328],[-82.17773,26.90248],[-82.35352,26.90248],[-82.35352,26.86328]]]}},{"type":"Feature","properties":{},"geometry":{"type":"Polygon","coordinates":[[[-82.13379,26.86328],[-81.91406,26.86328],[-81.91406,26.94166],[-82.13379,26.94166],[-82.13379,26.86328]]]}},{"type":"Feature","properties":{},"geometry":{"type":"Polygon","coordinates":[[[-82.13379,28.96009],[-81.91406,28.96009],[-81.91406,29.11378],[-82.13379,29.11378],[-82.13379,28.96009]]]}},{"type":"Feature","properties":{},"geometry":{"type":"Polygon","coordinates":[[[-82.13379,33.28462],[-81.91406,33.28462],[-81.91406,33.35806],[-82.13379,33.35806],[-82.13379,33.28462]]]}},{"type":"Feature","properties":{},"geometry":{"type":"Polygon","coordinates":[[[-82.39746,26.90248],[-82.17773,26.90248],[-82.17773,26.94166],[-82.39746,26.94166],[-82.39746,26.90248]]]}},{"type":"Feature","properties":{},"geometry":{"type":"Polygon","coordinates":[[[-82.44141,26.94166],[-81.91406,26.94166],[-81.91406,26.98083],[-82.44141,26.98083],[-82.44141,26.94166]]]}},{"type":"Feature","properties":{},"geometry":{"type":"Polygon","coordinates":[[[-80.24414,26.94166],[-80.06836,26.94166],[-80.06836,26.98083],[-80.24414,26.98083],[-80.24414,26.94166]]]}},{"type":"Feature","properties":{},"geometry":{"type":"Polygon","coordinates":[[[-82.48535,27.01998],[-81.95801,27.01998],[-81.95801,27.05913],[-82.48535,27.05913],[-82.48535,27.01998]]]}},{"type":"Feature","properties":{},"geometry":{"type":"Polygon","coordinates":[[[-80.2002,27.01998],[-80.06836,27.01998],[-80.06836,27.05913],[-80.2002,27.05913],[-80.2002,27.01998]]]}},{"type":"Feature","properties":{},"geometry":{"type":"Polygon","coordinates":[[[-82.48535,27.05913],[-82.0459,27.05913],[-82.0459,27.09825],[-82.48535,27.09825],[-82.48535,27.05913]]]}},{"type":"Feature","properties":{},"geometry":{"type":"Polygon","coordinates":[[[-82.48535,27.09825],[-82.30957,27.09825],[-82.30957,27.13737],[-82.48535,27.13737],[-82.48535,27.09825]]]}},{"type":"Feature","properties":{},"geometry":{"type":"Polygon","coordinates":[[[-82.26562,27.09825],[-82.08984,27.09825],[-82.08984,27.13737],[-82.26562,27.13737],[-82.26562,27.09825]]]}},{"type":"Feature","properties":{},"geometry":{"type":"Polygon","coordinates":[[[-80.37598,27.09825],[-80.1123,27.09825],[-80.1123,27.13737],[-80.37598,27.13737],[-80.37598,27.09825]]]}},{"type":"Feature","properties":{},"geometry":{"type":"Polygon","coordinates":[[[-82.5293,27.13737],[-82.35352,27.13737],[-82.35352,27.17647],[-82.5293,27.17647],[-82.5293,27.13737]]]}},{"type":"Feature","properties":{},"geometry":{"type":"Polygon","coordinates":[[[-82.5293,27.17647],[-82.39746,27.17647],[-82.39746,27.21556],[-82.5293,27.21556],[-82.5293,27.17647]]]}},{"type":"Feature","properties":{},"geometry":{"type":"Polygon","coordinates":[[[-80.90332,27.17647],[-80.68359,27.17647],[-80.68359,27.21556],[-80.90332,27.21556],[-80.90332,27.17647]]]}},{"type":"Feature","properties":{},"geometry":{"type":"Polygon","coordinates":[[[-82.57324,27.21556],[-82.35352,27.21556],[-82.35352,27.29369],[-82.57324,27.29369],[-82.57324,27.21556]]]}},{"type":"Feature","properties":{},"geometry":{"type":"Polygon","coordinates":[[[-80.90332,27.21556],[-80.72754,27.21556],[-80.72754,27.25463],[-80.90332,27.25463],[-80.90332,27.21556]]]}},{"type":"Feature","properties":{},"geometry":{"type":"Polygon","coordinates":[[[-80.46387,27.21556],[-80.15625,27.21556],[-80.15625,27.25463],[-80.46387,27.25463],[-80.46387,27.21556]]]}},{"type":"Feature","properties":{},"geometry":{"type":"Polygon","coordinates":[[[-80.94727,27.25463],[-80.72754,27.25463],[-80.72754,27.29369],[-80.94727,27.29369],[-80.94727,27.25463]]]}},{"type":"Feature","properties":{},"geometry":{"type":"Polygon","coordinates":[[[-80.50781,27.25463],[-80.15625,27.25463],[-80.15625,27.29369],[-80.50781,27.29369],[-80.50781,27.25463]]]}},{"type":"Feature","properties":{},"geometry":{"type":"Polygon","coordinates":[[[-82.61719,27.29369],[-82.35352,27.29369],[-82.35352,27.33274],[-82.61719,27.33274],[-82.61719,27.29369]]]}},{"type":"Feature","properties":{},"geometry":{"type":"Polygon","coordinates":[[[-80.46387,27.29369],[-80.2002,27.29369],[-80.2002,27.37177],[-80.46387,27.37177],[-80.46387,27.29369]]]}},{"type":"Feature","properties":{},"geometry":{"type":"Polygon","coordinates":[[[-80.46387,35.99579],[-80.2002,35.99579],[-80.2002,36.03133],[-80.46387,36.03133],[-80.46387,35.99579]]]}},{"type":"Feature","properties":{},"geometry":{"type":"Polygon","coordinates":[[[-82.66113,27.33274],[-82.35352,27.33274],[-82.35352,27.41079],[-82.66113,27.41079],[-82.66113,27.33274]]]}},{"type":"Feature","properties":{},"geometry":{"type":"Polygon","coordinates":[[[-82.66113,27.52776],[-82.35352,27.52776],[-82.35352,27.56672],[-82.66113,27.56672],[-82.66113,27.52776]]]}},{"type":"Feature","properties":{},"geometry":{"type":"Polygon","coordinates":[[[-99.53613,27.41079],[-99.44824,27.41079],[-99.44824,27.44979],[-99.53613,27.44979],[-99.53613,27.41079]]]}},{"type":"Feature","properties":{},"geometry":{"type":"Polygon","coordinates":[[[-82.70508,27.41079],[-82.35352,27.41079],[-82.35352,27.44979],[-82.70508,27.44979],[-82.70508,27.41079]]]}},{"type":"Feature","properties":{},"geometry":{"type":"Polygon","coordinates":[[[-82.70508,28.45903],[-82.35352,28.45903],[-82.35352,28.53627],[-82.70508,28.53627],[-82.70508,28.45903]]]}},{"type":"Feature","properties":{},"geometry":{"type":"Polygon","coordinates":[[[-99.53613,27.44979],[-99.4043,27.44979],[-99.4043,27.56672],[-99.53613,27.56672],[-99.53613,27.44979]]]}},{"type":"Feature","properties":{},"geometry":{"type":"Polygon","coordinates":[[[-82.74902,27.44979],[-82.35352,27.44979],[-82.35352,27.52776],[-82.74902,27.52776],[-82.74902,27.44979]]]}},{"type":"Feature","properties":{},"geometry":{"type":"Polygon","coordinates":[[[-81.5625,27.48878],[-81.38672,27.48878],[-81.38672,27.56672],[-81.5625,27.56672],[-81.5625,27.48878]]]}},{"type":"Feature","properties":{},"geometry":{"type":"Polygon","coordinates":[[[-82.74902,27.52776],[-82.70508,27.52776],[-82.70508,27.56672],[-82.74902,27.56672],[-82.74902,27.52776]]]}},{"type":"Feature","properties":{},"geometry":{"type":"Polygon","coordinates":[[[-82.74902,27.64461],[-82.70508,27.64461],[-82.70508,27.68353],[-82.74902,27.68353],[-82.74902,27.64461]]]}},{"type":"Feature","properties":{},"geometry":{"type":"Polygon","coordinates":[[[-99.58008,27.56672],[-99.4043,27.56672],[-99.4043,27.64461],[-99.58008,27.64461],[-99.58008,27.56672]]]}},{"type":"Feature","properties":{},"geometry":{"type":"Polygon","coordinates":[[[-82.57324,27.56672],[-82.39746,27.56672],[-82.39746,27.60567],[-82.57324,27.60567],[-82.57324,27.56672]]]}},{"type":"Feature","properties":{},"geometry":{"type":"Polygon","coordinates":[[[-81.5625,27.56672],[-81.43066,27.56672],[-81.43066,27.60567],[-81.5625,27.60567],[-81.5625,27.56672]]]}},{"type":"Feature","properties":{},"geometry":{"type":"Polygon","coordinates":[[[-97.42676,27.60567],[-97.25098,27.60567],[-97.25098,27.68353],[-97.42676,27.68353],[-97.42676,27.60567]]]}},{"type":"Feature","properties":{},"geometry":{"type":"Polygon","coordinates":[[[-97.42676,32.24997],[-97.25098,32.24997],[-97.25098,32.39852],[-97.42676,32.39852],[-97.42676,32.24997]]]}},{"type":"Feature","properties":{},"geometry":{"type":"Polygon","coordinates":[[[-97.42676,33.02709],[-97.25098,33.02709],[-97.25098,33.10075],[-97.42676,33.10075],[-97.42676,33.02709]]]}},{"type":"Feature","properties":{},"geometry":{"type":"Polygon","coordinates":[[[-82.74902,27.60567],[-82.66113,27.60567],[-82.66113,27.64461],[-82.74902,27.64461],[-82.74902,27.60567]]]}},{"type":"Feature","properties":{},"geometry":{"type":"Polygon","coordinates":[[[-82.5293,27.64461],[-82.30957,27.64461],[-82.30957,27.68353],[-82.5293,27.68353],[-82.5293,27.64461]]]}},{"type":"Feature","properties":{},"geometry":{"type":"Polygon","coordinates":[[[-82.88086,27.87793],[-81.47461,27.87793],[-81.47461,27.95559],[-82.88086,27.95559],[-82.88086,27.87793]]]}},{"type":"Feature","properties":{},"geometry":{"type":"Polygon","coordinates":[[[-82.88086,27.9944],[-81.47461,27.9944],[-81.47461,28.0332],[-82.88086,28.0332],[-82.88086,27.9944]]]}},{"type":"Feature","properties":{},"geometry":{"type":"Polygon","coordinates":[[[-82.88086,27.95559],[-81.51855,27.95559],[-81.51855,27.9944],[-82.88086,27.9944],[-82.88086,27.95559]]]}},{"type":"Feature","properties":{},"geometry":{"type":"Polygon","coordinates":[[[-80.72754,27.95559],[-80.5957,27.95559],[-80.5957,27.9944],[-80.72754,27.9944],[-80.72754,27.95559]]]}},{"type":"Feature","properties":{},"geometry":{"type":"Polygon","coordinates":[[[-80.77148,24.88644],[-80.55176,24.88644],[-80.55176,24.92629],[-80.77148,24.92629],[-80.77148,24.88644]]]}},{"type":"Feature","properties":{},"geometry":{"type":"Polygon","coordinates":[[[-80.77148,27.9944],[-80.55176,27.9944],[-80.55176,28.0332],[-80.77148,28.0332],[-80.77148,27.9944]]]}},{"type":"Feature","properties":{},"geometry":{"type":"Polygon","coordinates":[[[-80.77148,28.18824],[-80.55176,28.18824],[-80.55176,28.22697],[-80.77148,28.22697],[-80.77148,28.18824]]]}},{"type":"Feature","properties":{},"geometry":{"type":"Polygon","coordinates":[[[-82.88086,28.0332],[-81.43066,28.0332],[-81.43066,28.07198],[-82.88086,28.07198],[-82.88086,28.0332]]]}},{"type":"Feature","properties":{},"geometry":{"type":"Polygon","coordinates":[[[-80.77148,28.0332],[-80.50781,28.0332],[-80.50781,28.07198],[-80.77148,28.07198],[-80.77148,28.0332]]]}},{"type":"Feature","properties":{},"geometry":{"type":"Polygon","coordinates":[[[-82.88086,28.07198],[-81.38672,28.07198],[-81.38672,28.11075],[-82.88086,28.11075],[-82.88086,28.07198]]]}},{"type":"Feature","properties":{},"geometry":{"type":"Polygon","coordinates":[[[-80.72754,28.07198],[-80.55176,28.07198],[-80.55176,28.18824],[-80.72754,28.18824],[-80.72754,28.07198]]]}},{"type":"Feature","properties":{},"geometry":{"type":"Polygon","coordinates":[[[-82.83691,28.11075],[-82.26562,28.11075],[-82.26562,28.1495],[-82.83691,28.1495],[-82.83691,28.11075]]]}},{"type":"Feature","properties":{},"geometry":{"type":"Polygon","coordinates":[[[-82.08984,28.11075],[-81.16699,28.11075],[-81.16699,28.1495],[-82.08984,28.1495],[-82.08984,28.11075]]]}},{"type":"Feature","properties":{},"geometry":{"type":"Polygon","coordinates":[[[-82.83691,28.1495],[-82.22168,28.1495],[-82.22168,28.18824],[-82.83691,28.18824],[-82.83691,28.1495]]]}},{"type":"Feature","properties":{},"geometry":{"type":"Polygon","coordinates":[[[-82.0459,28.1495],[-81.78223,28.1495],[-81.78223,28.18824],[-82.0459,28.18824],[-82.0459,28.1495]]]}},{"type":"Feature","properties":{},"geometry":{"type":"Polygon","coordinates":[[[-81.69434,28.1495],[-81.16699,28.1495],[-81.16699,28.34306],[-81.69434,28.34306],[-81.69434,28.1495]]]}},{"type":"Feature","properties":{},"geometry":{"type":"Polygon","coordinates":[[[-82.83691,28.18824],[-82.13379,28.18824],[-82.13379,28.22697],[-82.83691,28.22697],[-82.83691,28.18824]]]}},{"type":"Feature","properties":{},"geometry":{"type":"Polygon","coordinates":[[[-81.87012,27.83908],[-81.78223,27.83908],[-81.78223,27.87793],[-81.87012,27.87793],[-81.87012,27.83908]]]}},{"type":"Feature","properties":{},"geometry":{"type":"Polygon","coordinates":[[[-81.87012,28.18824],[-81.78223,28.18824],[-81.78223,28.22697],[-81.87012,28.22697],[-81.87012,28.18824]]]}},{"type":"Feature","properties":{},"geometry":{"type":"Polygon","coordinates":[[[-82.79297,28.22697],[-82.57324,28.22697],[-82.57324,28.30438],[-82.79297,28.30438],[-82.79297,28.22697]]]}},{"type":"Feature","properties":{},"geometry":{"type":"Polygon","coordinates":[[[-82.5293,28.22697],[-82.08984,28.22697],[-82.08984,28.26568],[-82.5293,28.26568],[-82.5293,28.22697]]]}},{"type":"Feature","properties":{},"geometry":{"type":"Polygon","coordinates":[[[-80.77148,28.22697],[-80.5957,28.22697],[-80.5957,28.30438],[-80.77148,28.30438],[-80.77148,28.22697]]]}},{"type":"Feature","properties":{},"geometry":{"type":"Polygon","coordinates":[[[-82.5293,28.26568],[-82.44141,28.26568],[-82.44141,28.30438],[-82.5293,28.30438],[-82.5293,28.26568]]]}},{"type":"Feature","properties":{},"geometry":{"type":"Polygon","coordinates":[[[-82.39746,28.26568],[-82.13379,28.26568],[-82.13379,28.30438],[-82.39746,28.30438],[-82.39746,28.26568]]]}},{"type":"Feature","properties":{},"geometry":{"type":"Polygon","coordinates":[[[-82.44141,26.98083],[-82.30957,26.98083],[-82.30957,27.01998],[-82.44141,27.01998],[-82.44141,26.98083]]]}},{"type":"Feature","properties":{},"geometry":{"type":"Polygon","coordinates":[[[-82.26562,26.98083],[-81.91406,26.98083],[-81.91406,27.01998],[-82.26562,27.01998],[-82.26562,26.98083]]]}},{"type":"Feature","properties":{},"geometry":{"type":"Polygon","coordinates":[[[-97.4707,27.68353],[-97.20703,27.68353],[-97.20703,27.72244],[-97.4707,27.72244],[-97.4707,27.68353]]]}},{"type":"Feature","properties":{},"geometry":{"type":"Polygon","coordinates":[[[-97.4707,37.61423],[-97.20703,37.61423],[-97.20703,37.64903],[-97.4707,37.64903],[-97.4707,37.61423]]]}},{"type":"Feature","properties":{},"geometry":{"type":"Polygon","coordinates":[[[-82.74902,27.68353],[-82.61719,27.68353],[-82.61719,27.72244],[-82.74902,27.72244],[-82.74902,27.68353]]]}},{"type":"Feature","properties":{},"geometry":{"type":"Polygon","coordinates":[[[-82.5293,27.68353],[-82.26562,27.68353],[-82.26562,27.72244],[-82.5293,27.72244],[-82.5293,27.68353]]]}},{"type":"Feature","properties":{},"geometry":{"type":"Polygon","coordinates":[[[-97.51465,27.72244],[-97.29492,27.72244],[-97.29492,27.76133],[-97.51465,27.76133],[-97.51465,27.72244]]]}},{"type":"Feature","properties":{},"geometry":{"type":"Polygon","coordinates":[[[-82.79297,27.72244],[-82.61719,27.72244],[-82.61719,27.76133],[-82.79297,27.76133],[-82.79297,27.72244]]]}},{"type":"Feature","properties":{},"geometry":{"type":"Polygon","coordinates":[[[-82.48535,27.72244],[-82.26562,27.72244],[-82.26562,27.76133],[-82.48535,27.76133],[-82.48535,27.72244]]]}},{"type":"Feature","properties":{},"geometry":{"type":"Polygon","coordinates":[[[-82.48535,29.64987],[-82.26562,29.64987],[-82.26562,29.72622],[-82.48535,29.72622],[-82.48535,29.64987]]]}},{"type":"Feature","properties":{},"geometry":{"type":"Polygon","coordinates":[[[-82.83691,27.76133],[-82.57324,27.76133],[-82.57324,27.80021],[-82.83691,27.80021],[-82.83691,27.76133]]]}},{"type":"Feature","properties":{},"geometry":{"type":"Polygon","coordinates":[[[-82.48535,27.76133],[-82.22168,27.76133],[-82.22168,27.80021],[-82.48535,27.80021],[-82.48535,27.76133]]]}},{"type":"Feature","properties":{},"geometry":{"type":"Polygon","coordinates":[[[-97.51465,27.80021],[-97.33887,27.80021],[-97.33887,27.83908],[-97.51465,27.83908],[-97.51465,27.80021]]]}},{"type":"Feature","properties":{},"geometry":{"type":"Polygon","coordinates":[[[-82.88086,27.80021],[-82.00195,27.80021],[-82.00195,27.83908],[-82.88086,27.83908],[-82.88086,27.80021]]]}},{"type":"Feature","properties":{},"geometry":{"type":"Polygon","coordinates":[[[-97.42676,27.83908],[-97.38281,27.83908],[-97.38281,27.87793],[-97.42676,27.87793],[-97.42676,27.83908]]]}},{"type":"Feature","properties":{},"geometry":{"type":"Polygon","coordinates":[[[-82.88086,27.83908],[-81.95801,27.83908],[-81.95801,27.87793],[-82.88086,27.87793],[-82.88086,27.83908]]]}},{"type":"Feature","properties":{},"geometry":{"type":"Polygon","coordinates":[[[-81.0791,24.64702],[-80.99121,24.64702],[-80.99121,24.68695],[-81.0791,24.68695],[-81.0791,24.64702]]]}},{"type":"Feature","properties":{},"geometry":{"type":"Polygon","coordinates":[[[-81.12305,24.68695],[-80.94727,24.68695],[-80.94727,24.72687],[-81.12305,24.72687],[-81.12305,24.68695]]]}},{"type":"Feature","properties":{},"geometry":{"type":"Polygon","coordinates":[[[-81.12305,29.15216],[-80.94727,29.15216],[-80.94727,29.22889],[-81.12305,29.22889],[-81.12305,29.15216]]]}},{"type":"Feature","properties":{},"geometry":{"type":"Polygon","coordinates":[[[-81.12305,33.94336],[-80.94727,33.94336],[-80.94727,34.01624],[-81.12305,34.01624],[-81.12305,33.94336]]]}},{"type":"Feature","properties":{},"geometry":{"type":"Polygon","coordinates":[[[-81.12305,24.72687],[-80.85937,24.72687],[-80.85937,24.76678],[-81.12305,24.76678],[-81.12305,24.72687]]]}},{"type":"Feature","properties":{},"geometry":{"type":"Polygon","coordinates":[[[-81.12305,29.03696],[-80.85937,29.03696],[-80.85937,29.07538],[-81.12305,29.07538],[-81.12305,29.03696]]]}},{"type":"Feature","properties":{},"geometry":{"type":"Polygon","coordinates":[[[-81.03516,24.76678],[-80.77148,24.76678],[-80.77148,24.80668],[-81.03516,24.80668],[-81.03516,24.76678]]]}},{"type":"Feature","properties":{},"geometry":{"type":"Polygon","coordinates":[[[-80.94727,24.80668],[-80.63965,24.80668],[-80.63965,24.84657],[-80.94727,24.84657],[-80.94727,24.80668]]]}},{"type":"Feature","properties":{},"geometry":{"type":"Polygon","coordinates":[[[-80.85937,24.84657],[-80.5957,24.84657],[-80.5957,24.88644],[-80.85937,24.88644],[-80.85937,24.84657]]]}},{"type":"Feature","properties":{},"geometry":{"type":"Polygon","coordinates":[[[-80.85937,28.34306],[-80.5957,28.34306],[-80.5957,28.38174],[-80.85937,28.38174],[-80.85937,28.34306]]]}},{"type":"Feature","properties":{},"geometry":{"type":"Polygon","coordinates":[[[-80.68359,24.92629],[-80.50781,24.92629],[-80.50781,24.96614],[-80.68359,24.96614],[-80.68359,24.92629]]]}},{"type":"Feature","properties":{},"geometry":{"type":"Polygon","coordinates":[[[-80.63965,24.96614],[-80.46387,24.96614],[-80.46387,25.00597],[-80.63965,25.00597],[-80.63965,24.96614]]]}},{"type":"Feature","properties":{},"geometry":{"type":"Polygon","coordinates":[[[-80.5957,25.00597],[-80.41992,25.00597],[-80.41992,25.04579],[-80.5957,25.04579],[-80.5957,25.00597]]]}},{"type":"Feature","properties":{},"geometry":{"type":"Polygon","coordinates":[[[-80.5957,25.36388],[-80.41992,25.36388],[-80.41992,25.40358],[-80.5957,25.40358],[-80.5957,25.36388]]]}},{"type":"Feature","properties":{},"geometry":{"type":"Polygon","coordinates":[[[-80.55176,25.04579],[-80.37598,25.04579],[-80.37598,25.0856],[-80.55176,25.0856],[-80.55176,25.04579]]]}},{"type":"Feature","properties":{},"geometry":{"type":"Polygon","coordinates":[[[-80.50781,25.0856],[-80.37598,25.0856],[-80.37598,25.12539],[-80.50781,25.12539],[-80.50781,25.0856]]]}},{"type":"Feature","properties":{},"geometry":{"type":"Polygon","coordinates":[[[-80.46387,25.12539],[-80.33203,25.12539],[-80.33203,25.16517],[-80.46387,25.16517],[-80.46387,25.12539]]]}},{"type":"Feature","properties":{},"geometry":{"type":"Polygon","coordinates":[[[-80.41992,25.16517],[-80.33203,25.16517],[-80.33203,25.20494],[-80.41992,25.20494],[-80.41992,25.16517]]]}},{"type":"Feature","properties":{},"geometry":{"type":"Polygon","coordinates":[[[-80.5957,25.40358],[-80.37598,25.40358],[-80.37598,25.44327],[-80.5957,25.44327],[-80.5957,25.40358]]]}},{"type":"Feature","properties":{},"geometry":{"type":"Polygon","coordinates":[[[-80.5957,25.44327],[-80.28809,25.44327],[-80.28809,25.56227],[-80.5957,25.56227],[-80.5957,25.44327]]]}},{"type":"Feature","properties":{},"geometry":{"type":"Polygon","coordinates":[[[-80.5957,25.56227],[-80.24414,25.56227],[-80.24414,25.64153],[-80.5957,25.64153],[-80.5957,25.56227]]]}},{"type":"Feature","properties":{},"geometry":{"type":"Polygon","coordinates":[[[-98.70117,29.26723],[-98.30566,29.26723],[-98.30566,29.34388],[-98.70117,29.34388],[-98.70117,29.26723]]]}},{"type":"Feature","properties":{},"geometry":{"type":"Polygon","coordinates":[[[-95.18555,29.26723],[-94.74609,29.26723],[-94.74609,29.30556],[-95.18555,29.30556],[-95.18555,29.26723]]]}},{"type":"Feature","properties":{},"geometry":{"type":"Polygon","coordinates":[[[-82.22168,29.26723],[-82.17773,29.26723],[-82.17773,29.30556],[-82.22168,29.30556],[-82.22168,29.26723]]]}},{"type":"Feature","properties":{},"geometry":{"type":"Polygon","coordinates":[[[-81.16699,29.26723],[-80.99121,29.26723],[-80.99121,29.30556],[-81.16699,29.30556],[-81.16699,29.26723]]]}},{"type":"Feature","properties":{},"geometry":{"type":"Polygon","coordinates":[[[-95.18555,29.30556],[-94.70215,29.30556],[-94.70215,29.34388],[-95.18555,29.34388],[-95.18555,29.30556]]]}},{"type":"Feature","properties":{},"geometry":{"type":"Polygon","coordinates":[[[-81.16699,29.30556],[-81.03516,29.30556],[-81.03516,29.34388],[-81.16699,29.34388],[-81.16699,29.30556]]]}},{"type":"Feature","properties":{},"geometry":{"type":"Polygon","coordinates":[[[-98.78906,29.34388],[-98.26172,29.34388],[-98.26172,29.38218],[-98.78906,29.38218],[-98.78906,29.34388]]]}},{"type":"Feature","properties":{},"geometry":{"type":"Polygon","coordinates":[[[-95.36133,29.34388],[-94.79004,29.34388],[-94.79004,29.38218],[-95.36133,29.38218],[-95.36133,29.34388]]]}},{"type":"Feature","properties":{},"geometry":{"type":"Polygon","coordinates":[[[-81.21094,29.34388],[-81.03516,29.34388],[-81.03516,29.38218],[-81.21094,29.38218],[-81.21094,29.34388]]]}},{"type":"Feature","properties":{},"geometry":{"type":"Polygon","coordinates":[[[-98.83301,29.38218],[-98.26172,29.38218],[-98.26172,29.42046],[-98.83301,29.42046],[-98.83301,29.38218]]]}},{"type":"Feature","properties":{},"geometry":{"type":"Polygon","coordinates":[[[-95.36133,29.38218],[-94.83398,29.38218],[-94.83398,29.42046],[-95.36133,29.42046],[-95.36133,29.38218]]]}},{"type":"Feature","properties":{},"geometry":{"type":"Polygon","coordinates":[[[-81.25488,29.38218],[-81.0791,29.38218],[-81.0791,29.45873],[-81.25488,29.45873],[-81.25488,29.38218]]]}},{"type":"Feature","properties":{},"geometry":{"type":"Polygon","coordinates":[[[-98.83301,29.42046],[-98.17383,29.42046],[-98.17383,29.57346],[-98.83301,29.57346],[-98.83301,29.42046]]]}},{"type":"Feature","properties":{},"geometry":{"type":"Polygon","coordinates":[[[-95.58105,29.42046],[-94.83398,29.42046],[-94.83398,29.45873],[-95.58105,29.45873],[-95.58105,29.42046]]]}},{"type":"Feature","properties":{},"geometry":{"type":"Polygon","coordinates":[[[-95.88867,29.45873],[-94.87793,29.45873],[-94.87793,29.53523],[-95.88867,29.53523],[-95.88867,29.45873]]]}},{"type":"Feature","properties":{},"geometry":{"type":"Polygon","coordinates":[[[-81.29883,29.45873],[-81.0791,29.45873],[-81.0791,29.49699],[-81.29883,29.49699],[-81.29883,29.45873]]]}},{"type":"Feature","properties":{},"geometry":{"type":"Polygon","coordinates":[[[-81.29883,29.49699],[-81.12305,29.49699],[-81.12305,29.57346],[-81.29883,29.57346],[-81.29883,29.49699]]]}},{"type":"Feature","properties":{},"geometry":{"type":"Polygon","coordinates":[[[-81.29883,32.17561],[-81.12305,32.17561],[-81.12305,32.2128],[-81.29883,32.2128],[-81.29883,32.17561]]]}},{"type":"Feature","properties":{},"geometry":{"type":"Polygon","coordinates":[[[-81.29883,43.03678],[-81.12305,43.03678],[-81.12305,43.06889],[-81.29883,43.06889],[-81.29883,43.03678]]]}},{"type":"Feature","properties":{},"geometry":{"type":"Polygon","coordinates":[[[-95.88867,29.53523],[-94.83398,29.53523],[-94.83398,29.61167],[-95.88867,29.61167],[-95.88867,29.53523]]]}},{"type":"Feature","properties":{},"geometry":{"type":"Polygon","coordinates":[[[-98.78906,29.57346],[-98.17383,29.57346],[-98.17383,29.61167],[-98.78906,29.61167],[-98.78906,29.57346]]]}},{"type":"Feature","properties":{},"geometry":{"type":"Polygon","coordinates":[[[-82.39746,29.57346],[-82.35352,29.57346],[-82.35352,29.61167],[-82.39746,29.61167],[-82.39746,29.57346]]]}},{"type":"Feature","properties":{},"geometry":{"type":"Polygon","coordinates":[[[-82.39746,34.70549],[-82.35352,34.70549],[-82.35352,34.74161],[-82.39746,34.74161],[-82.39746,34.70549]]]}},{"type":"Feature","properties":{},"geometry":{"type":"Polygon","coordinates":[[[-81.29883,29.57346],[-81.16699,29.57346],[-81.16699,29.68805],[-81.29883,29.68805],[-81.29883,29.57346]]]}},{"type":"Feature","properties":{},"geometry":{"type":"Polygon","coordinates":[[[-98.65723,29.61167],[-98.39355,29.61167],[-98.39355,29.64987],[-98.65723,29.64987],[-98.65723,29.61167]]]}},{"type":"Feature","properties":{},"geometry":{"type":"Polygon","coordinates":[[[-98.34961,29.61167],[-98.26172,29.61167],[-98.26172,29.64987],[-98.34961,29.64987],[-98.34961,29.61167]]]}},{"type":"Feature","properties":{},"geometry":{"type":"Polygon","coordinates":[[[-95.93262,29.61167],[-94.83398,29.61167],[-94.83398,29.68805],[-95.93262,29.68805],[-95.93262,29.61167]]]}},{"type":"Feature","properties":{},"geometry":{"type":"Polygon","coordinates":[[[-82.44141,29.61167],[-82.26562,29.61167],[-82.26562,29.64987],[-82.44141,29.64987],[-82.44141,29.61167]]]}},{"type":"Feature","properties":{},"geometry":{"type":"Polygon","coordinates":[[[-82.44141,34.77772],[-82.26562,34.77772],[-82.26562,34.8138],[-82.44141,34.8138],[-82.44141,34.77772]]]}},{"type":"Feature","properties":{},"geometry":{"type":"Polygon","coordinates":[[[-98.52539,29.64987],[-98.39355,29.64987],[-98.39355,29.68805],[-98.52539,29.68805],[-98.52539,29.64987]]]}},{"type":"Feature","properties":{},"geometry":{"type":"Polygon","coordinates":[[[-96.02051,29.68805],[-94.92187,29.68805],[-94.92187,29.72622],[-96.02051,29.72622],[-96.02051,29.68805]]]}},{"type":"Feature","properties":{},"geometry":{"type":"Polygon","coordinates":[[[-81.34277,29.68805],[-81.21094,29.68805],[-81.21094,29.80252],[-81.34277,29.80252],[-81.34277,29.68805]]]}},{"type":"Feature","properties":{},"geometry":{"type":"Polygon","coordinates":[[[-96.02051,29.72622],[-94.87793,29.72622],[-94.87793,29.84064],[-96.02051,29.84064],[-96.02051,29.72622]]]}},{"type":"Feature","properties":{},"geometry":{"type":"Polygon","coordinates":[[[-90.13184,29.80252],[-90,29.80252],[-90,29.84064],[-90.13184,29.84064],[-90.13184,29.80252]]]}},{"type":"Feature","properties":{},"geometry":{"type":"Polygon","coordinates":[[[-81.38672,29.80252],[-81.25488,29.80252],[-81.25488,29.95493],[-81.38672,29.95493],[-81.38672,29.80252]]]}},{"type":"Feature","properties":{},"geometry":{"type":"Polygon","coordinates":[[[-95.18555,29.84064],[-95.09766,29.84064],[-95.09766,29.87876],[-95.18555,29.87876],[-95.18555,29.84064]]]}},{"type":"Feature","properties":{},"geometry":{"type":"Polygon","coordinates":[[[-95.18555,30.29702],[-95.09766,30.29702],[-95.09766,30.33495],[-95.18555,30.33495],[-95.18555,30.29702]]]}},{"type":"Feature","properties":{},"geometry":{"type":"Polygon","coordinates":[[[-90.17578,29.84064],[-90,29.84064],[-90,29.87876],[-90.17578,29.87876],[-90.17578,29.84064]]]}},{"type":"Feature","properties":{},"geometry":{"type":"Polygon","coordinates":[[[-95.80078,29.993],[-95.625,29.993],[-95.625,30.03106],[-95.80078,30.03106],[-95.80078,29.993]]]}},{"type":"Feature","properties":{},"geometry":{"type":"Polygon","coordinates":[[[-95.80078,38.99357],[-95.625,38.99357],[-95.625,39.09596],[-95.80078,39.09596],[-95.80078,38.99357]]]}},{"type":"Feature","properties":{},"geometry":{"type":"Polygon","coordinates":[[[-95.31738,29.993],[-95.05371,29.993],[-95.05371,30.03106],[-95.31738,30.03106],[-95.31738,29.993]]]}},{"type":"Feature","properties":{},"geometry":{"type":"Polygon","coordinates":[[[-90.30762,29.91685],[-89.86816,29.91685],[-89.86816,29.95493],[-90.30762,29.95493],[-90.30762,29.91685]]]}},{"type":"Feature","properties":{},"geometry":{"type":"Polygon","coordinates":[[[-90.30762,29.993],[-89.86816,29.993],[-89.86816,30.03106],[-90.30762,30.03106],[-90.30762,29.993]]]}},{"type":"Feature","properties":{},"geometry":{"type":"Polygon","coordinates":[[[-81.95801,29.993],[-81.47461,29.993],[-81.47461,30.03106],[-81.95801,30.03106],[-81.95801,29.993]]]}},{"type":"Feature","properties":{},"geometry":{"type":"Polygon","coordinates":[[[-81.95801,30.18312],[-81.47461,30.18312],[-81.47461,30.2211],[-81.95801,30.2211],[-81.95801,30.18312]]]}},{"type":"Feature","properties":{},"geometry":{"type":"Polygon","coordinates":[[[-81.43066,29.993],[-81.29883,29.993],[-81.29883,30.03106],[-81.43066,30.03106],[-81.43066,29.993]]]}},{"type":"Feature","properties":{},"geometry":{"type":"Polygon","coordinates":[[[-97.77832,30.03106],[-97.64648,30.03106],[-97.64648,30.10712],[-97.77832,30.10712],[-97.77832,30.03106]]]}},{"type":"Feature","properties":{},"geometry":{"type":"Polygon","coordinates":[[[-95.80078,30.03106],[-95.53711,30.03106],[-95.53711,30.06909],[-95.80078,30.06909],[-95.80078,30.03106]]]}},{"type":"Feature","properties":{},"geometry":{"type":"Polygon","coordinates":[[[-95.49316,30.03106],[-95.05371,30.03106],[-95.05371,30.06909],[-95.49316,30.06909],[-95.49316,30.03106]]]}},{"type":"Feature","properties":{},"geometry":{"type":"Polygon","coordinates":[[[-90.30762,30.03106],[-90.17578,30.03106],[-90.17578,30.06909],[-90.30762,30.06909],[-90.30762,30.03106]]]}},{"type":"Feature","properties":{},"geometry":{"type":"Polygon","coordinates":[[[-90.08789,30.03106],[-89.86816,30.03106],[-89.86816,30.06909],[-90.08789,30.06909],[-90.08789,30.03106]]]}},{"type":"Feature","properties":{},"geometry":{"type":"Polygon","coordinates":[[[-82.00195,30.03106],[-81.47461,30.03106],[-81.47461,30.06909],[-82.00195,30.06909],[-82.00195,30.03106]]]}},{"type":"Feature","properties":{},"geometry":{"type":"Polygon","coordinates":[[[-82.00195,30.10712],[-81.47461,30.10712],[-81.47461,30.18312],[-82.00195,30.18312],[-82.00195,30.10712]]]}},{"type":"Feature","properties":{},"geometry":{"type":"Polygon","coordinates":[[[-81.43066,30.03106],[-81.34277,30.03106],[-81.34277,30.06909],[-81.43066,30.06909],[-81.43066,30.03106]]]}},{"type":"Feature","properties":{},"geometry":{"type":"Polygon","coordinates":[[[-81.43066,30.10712],[-81.34277,30.10712],[-81.34277,30.2211],[-81.43066,30.2211],[-81.43066,30.10712]]]}},{"type":"Feature","properties":{},"geometry":{"type":"Polygon","coordinates":[[[-95.80078,30.06909],[-95.05371,30.06909],[-95.05371,30.10712],[-95.80078,30.10712],[-95.80078,30.06909]]]}},{"type":"Feature","properties":{},"geometry":{"type":"Polygon","coordinates":[[[-95.80078,30.2211],[-95.05371,30.2211],[-95.05371,30.25907],[-95.80078,30.25907],[-95.80078,30.2211]]]}},{"type":"Feature","properties":{},"geometry":{"type":"Polygon","coordinates":[[[-90,30.06909],[-89.91211,30.06909],[-89.91211,30.10712],[-90,30.10712],[-90,30.06909]]]}},{"type":"Feature","properties":{},"geometry":{"type":"Polygon","coordinates":[[[-90,32.2128],[-89.91211,32.2128],[-89.91211,32.24997],[-90,32.24997],[-90,32.2128]]]}},{"type":"Feature","properties":{},"geometry":{"type":"Polygon","coordinates":[[[-85.64941,30.06909],[-85.56152,30.06909],[-85.56152,30.10712],[-85.64941,30.10712],[-85.64941,30.06909]]]}},{"type":"Feature","properties":{},"geometry":{"type":"Polygon","coordinates":[[[-82.70508,30.06909],[-82.66113,30.06909],[-82.66113,30.10712],[-82.70508,30.10712],[-82.70508,30.06909]]]}},{"type":"Feature","properties":{},"geometry":{"type":"Polygon","coordinates":[[[-82.00195,30.06909],[-81.43066,30.06909],[-81.43066,30.10712],[-82.00195,30.10712],[-82.00195,30.06909]]]}},{"type":"Feature","properties":{},"geometry":{"type":"Polygon","coordinates":[[[-97.9541,30.10712],[-97.64648,30.10712],[-97.64648,30.78904],[-97.9541,30.78904],[-97.9541,30.10712]]]}},{"type":"Feature","properties":{},"geometry":{"type":"Polygon","coordinates":[[[-95.84473,30.10712],[-95.05371,30.10712],[-95.05371,30.14513],[-95.84473,30.14513],[-95.84473,30.10712]]]}},{"type":"Feature","properties":{},"geometry":{"type":"Polygon","coordinates":[[[-95.84473,30.18312],[-95.05371,30.18312],[-95.05371,30.2211],[-95.84473,30.2211],[-95.84473,30.18312]]]}},{"type":"Feature","properties":{},"geometry":{"type":"Polygon","coordinates":[[[-85.78125,30.10712],[-85.51758,30.10712],[-85.51758,30.14513],[-85.78125,30.14513],[-85.78125,30.10712]]]}},{"type":"Feature","properties":{},"geometry":{"type":"Polygon","coordinates":[[[-82.74902,28.30438],[-82.57324,28.30438],[-82.57324,28.34306],[-82.74902,28.34306],[-82.74902,28.30438]]]}},{"type":"Feature","properties":{},"geometry":{"type":"Polygon","coordinates":[[[-82.74902,30.10712],[-82.57324,30.10712],[-82.57324,30.14513],[-82.74902,30.14513],[-82.74902,30.10712]]]}},{"type":"Feature","properties":{},"geometry":{"type":"Polygon","coordinates":[[[-95.84473,30.14513],[-95.09766,30.14513],[-95.09766,30.18312],[-95.84473,30.18312],[-95.84473,30.14513]]]}},{"type":"Feature","properties":{},"geometry":{"type":"Polygon","coordinates":[[[-85.8252,30.14513],[-85.51758,30.14513],[-85.51758,30.18312],[-85.8252,30.18312],[-85.8252,30.14513]]]}},{"type":"Feature","properties":{},"geometry":{"type":"Polygon","coordinates":[[[-82.74902,28.34306],[-82.5293,28.34306],[-82.5293,28.38174],[-82.74902,28.38174],[-82.74902,28.34306]]]}},{"type":"Feature","properties":{},"geometry":{"type":"Polygon","coordinates":[[[-82.74902,30.14513],[-82.5293,30.14513],[-82.5293,30.2211],[-82.74902,30.2211],[-82.74902,30.14513]]]}},{"type":"Feature","properties":{},"geometry":{"type":"Polygon","coordinates":[[[-85.91309,30.18312],[-85.56152,30.18312],[-85.56152,30.2211],[-85.91309,30.2211],[-85.91309,30.18312]]]}},{"type":"Feature","properties":{},"geometry":{"type":"Polygon","coordinates":[[[-86.00098,30.2211],[-85.8252,30.2211],[-85.8252,30.25907],[-86.00098,30.25907],[-86.00098,30.2211]]]}},{"type":"Feature","properties":{},"geometry":{"type":"Polygon","coordinates":[[[-85.7373,30.2211],[-85.47363,30.2211],[-85.47363,30.25907],[-85.7373,30.25907],[-85.7373,30.2211]]]}},{"type":"Feature","properties":{},"geometry":{"type":"Polygon","coordinates":[[[-82.70508,30.2211],[-82.61719,30.2211],[-82.61719,30.25907],[-82.70508,30.25907],[-82.70508,30.2211]]]}},{"type":"Feature","properties":{},"geometry":{"type":"Polygon","coordinates":[[[-81.95801,30.2211],[-81.34277,30.2211],[-81.34277,30.29702],[-81.95801,30.29702],[-81.95801,30.2211]]]}},{"type":"Feature","properties":{},"geometry":{"type":"Polygon","coordinates":[[[-95.22949,30.25907],[-95.05371,30.25907],[-95.05371,30.29702],[-95.22949,30.29702],[-95.22949,30.25907]]]}},{"type":"Feature","properties":{},"geometry":{"type":"Polygon","coordinates":[[[-86.00098,30.25907],[-85.91309,30.25907],[-85.91309,30.29702],[-86.00098,30.29702],[-86.00098,30.25907]]]}},{"type":"Feature","properties":{},"geometry":{"type":"Polygon","coordinates":[[[-85.69336,30.25907],[-85.47363,30.25907],[-85.47363,30.29702],[-85.69336,30.29702],[-85.69336,30.25907]]]}},{"type":"Feature","properties":{},"geometry":{"type":"Polygon","coordinates":[[[-87.36328,30.29702],[-87.27539,30.29702],[-87.27539,30.33495],[-87.36328,30.33495],[-87.36328,30.29702]]]}},{"type":"Feature","properties":{},"geometry":{"type":"Polygon","coordinates":[[[-87.36328,30.63791],[-87.27539,30.63791],[-87.27539,30.67572],[-87.36328,30.67572],[-87.36328,30.63791]]]}},{"type":"Feature","properties":{},"geometry":{"type":"Polygon","coordinates":[[[-87.1875,30.29702],[-87.05566,30.29702],[-87.05566,30.33495],[-87.1875,30.33495],[-87.1875,30.29702]]]}},{"type":"Feature","properties":{},"geometry":{"type":"Polygon","coordinates":[[[-85.69336,30.29702],[-85.51758,30.29702],[-85.51758,30.33495],[-85.69336,30.33495],[-85.69336,30.29702]]]}},{"type":"Feature","properties":{},"geometry":{"type":"Polygon","coordinates":[[[-81.95801,30.29702],[-81.38672,30.29702],[-81.38672,30.37288],[-81.95801,30.37288],[-81.95801,30.29702]]]}},{"type":"Feature","properties":{},"geometry":{"type":"Polygon","coordinates":[[[-90.30762,29.87876],[-89.95605,29.87876],[-89.95605,29.91685],[-90.30762,29.91685],[-90.30762,29.87876]]]}},{"type":"Feature","properties":{},"geometry":{"type":"Polygon","coordinates":[[[-81.91406,29.91685],[-81.5625,29.91685],[-81.5625,29.95493],[-81.91406,29.95493],[-81.91406,29.91685]]]}},{"type":"Feature","properties":{},"geometry":{"type":"Polygon","coordinates":[[[-81.91406,38.30718],[-81.5625,38.30718],[-81.5625,38.37612],[-81.91406,38.37612],[-81.91406,38.30718]]]}},{"type":"Feature","properties":{},"geometry":{"type":"Polygon","coordinates":[[[-95.80078,29.95493],[-95.71289,29.95493],[-95.71289,29.993],[-95.80078,29.993],[-95.80078,29.95493]]]}},{"type":"Feature","properties":{},"geometry":{"type":"Polygon","coordinates":[[[-90.30762,29.95493],[-89.91211,29.95493],[-89.91211,29.993],[-90.30762,29.993],[-90.30762,29.95493]]]}},{"type":"Feature","properties":{},"geometry":{"type":"Polygon","coordinates":[[[-81.95801,29.95493],[-81.5625,29.95493],[-81.5625,29.993],[-81.95801,29.993],[-81.95801,29.95493]]]}},{"type":"Feature","properties":{},"geometry":{"type":"Polygon","coordinates":[[[-81.95801,38.37612],[-81.5625,38.37612],[-81.5625,38.51379],[-81.95801,38.51379],[-81.95801,38.37612]]]}},{"type":"Feature","properties":{},"geometry":{"type":"Polygon","coordinates":[[[-81.38672,29.11378],[-81.29883,29.11378],[-81.29883,29.15216],[-81.38672,29.15216],[-81.38672,29.11378]]]}},{"type":"Feature","properties":{},"geometry":{"type":"Polygon","coordinates":[[[-81.38672,29.95493],[-81.29883,29.95493],[-81.29883,29.993],[-81.38672,29.993],[-81.38672,29.95493]]]}},{"type":"Feature","properties":{},"geometry":{"type":"Polygon","coordinates":[[[-91.14258,30.33495],[-91.01074,30.33495],[-91.01074,30.37288],[-91.14258,30.37288],[-91.14258,30.33495]]]}},{"type":"Feature","properties":{},"geometry":{"type":"Polygon","coordinates":[[[-89.16504,30.33495],[-89.0332,30.33495],[-89.0332,30.37288],[-89.16504,30.37288],[-89.16504,30.33495]]]}},{"type":"Feature","properties":{},"geometry":{"type":"Polygon","coordinates":[[[-87.40723,30.33495],[-87.05566,30.33495],[-87.05566,30.37288],[-87.40723,30.37288],[-87.40723,30.33495]]]}},{"type":"Feature","properties":{},"geometry":{"type":"Polygon","coordinates":[[[-91.23047,30.37288],[-91.01074,30.37288],[-91.01074,30.44867],[-91.23047,30.44867],[-91.23047,30.37288]]]}},{"type":"Feature","properties":{},"geometry":{"type":"Polygon","coordinates":[[[-89.16504,30.37288],[-88.81348,30.37288],[-88.81348,30.41078],[-89.16504,30.41078],[-89.16504,30.37288]]]}},{"type":"Feature","properties":{},"geometry":{"type":"Polygon","coordinates":[[[-87.40723,30.37288],[-86.92383,30.37288],[-86.92383,30.41078],[-87.40723,30.41078],[-87.40723,30.37288]]]}},{"type":"Feature","properties":{},"geometry":{"type":"Polygon","coordinates":[[[-87.40723,30.56226],[-86.92383,30.56226],[-86.92383,30.63791],[-87.40723,30.63791],[-87.40723,30.56226]]]}},{"type":"Feature","properties":{},"geometry":{"type":"Polygon","coordinates":[[[-84.375,30.37288],[-84.19922,30.37288],[-84.19922,30.52441],[-84.375,30.52441],[-84.375,30.37288]]]}},{"type":"Feature","properties":{},"geometry":{"type":"Polygon","coordinates":[[[-81.91406,30.37288],[-81.34277,30.37288],[-81.34277,30.41078],[-81.91406,30.41078],[-81.91406,30.37288]]]}},{"type":"Feature","properties":{},"geometry":{"type":"Polygon","coordinates":[[[-81.91406,41.31082],[-81.34277,41.31082],[-81.34277,41.34382],[-81.91406,41.34382],[-81.91406,41.31082]]]}},{"type":"Feature","properties":{},"geometry":{"type":"Polygon","coordinates":[[[-89.12109,30.41078],[-88.85742,30.41078],[-88.85742,30.44867],[-89.12109,30.44867],[-89.12109,30.41078]]]}},{"type":"Feature","properties":{},"geometry":{"type":"Polygon","coordinates":[[[-87.40723,30.41078],[-87.14355,30.41078],[-87.14355,30.48655],[-87.40723,30.48655],[-87.40723,30.41078]]]}},{"type":"Feature","properties":{},"geometry":{"type":"Polygon","coordinates":[[[-87.05566,30.41078],[-86.92383,30.41078],[-86.92383,30.44867],[-87.05566,30.44867],[-87.05566,30.41078]]]}},{"type":"Feature","properties":{},"geometry":{"type":"Polygon","coordinates":[[[-81.91406,30.41078],[-81.51855,30.41078],[-81.51855,30.48655],[-81.91406,30.48655],[-81.91406,30.41078]]]}},{"type":"Feature","properties":{},"geometry":{"type":"Polygon","coordinates":[[[-91.23047,30.44867],[-91.05469,30.44867],[-91.05469,30.48655],[-91.23047,30.48655],[-91.23047,30.44867]]]}},{"type":"Feature","properties":{},"geometry":{"type":"Polygon","coordinates":[[[-89.12109,30.44867],[-88.98926,30.44867],[-88.98926,30.48655],[-89.12109,30.48655],[-89.12109,30.44867]]]}},{"type":"Feature","properties":{},"geometry":{"type":"Polygon","coordinates":[[[-89.12109,37.8228],[-88.98926,37.8228],[-88.98926,37.85751],[-89.12109,37.85751],[-89.12109,37.8228]]]}},{"type":"Feature","properties":{},"geometry":{"type":"Polygon","coordinates":[[[-89.12109,42.55308],[-88.98926,42.55308],[-88.98926,42.61779],[-89.12109,42.61779],[-89.12109,42.55308]]]}},{"type":"Feature","properties":{},"geometry":{"type":"Polygon","coordinates":[[[-87.97852,30.44867],[-87.84668,30.44867],[-87.84668,30.48655],[-87.97852,30.48655],[-87.97852,30.44867]]]}},{"type":"Feature","properties":{},"geometry":{"type":"Polygon","coordinates":[[[-91.23047,30.48655],[-91.09863,30.48655],[-91.09863,30.52441],[-91.23047,30.52441],[-91.23047,30.48655]]]}},{"type":"Feature","properties":{},"geometry":{"type":"Polygon","coordinates":[[[-88.19824,30.48655],[-88.1543,30.48655],[-88.1543,30.52441],[-88.19824,30.52441],[-88.19824,30.48655]]]}},{"type":"Feature","properties":{},"geometry":{"type":"Polygon","coordinates":[[[-87.97852,30.48655],[-87.80273,30.48655],[-87.80273,30.52441],[-87.97852,30.52441],[-87.97852,30.48655]]]}},{"type":"Feature","properties":{},"geometry":{"type":"Polygon","coordinates":[[[-87.97852,41.14557],[-87.80273,41.14557],[-87.80273,41.21172],[-87.97852,41.21172],[-87.97852,41.14557]]]}},{"type":"Feature","properties":{},"geometry":{"type":"Polygon","coordinates":[[[-87.40723,30.48655],[-87.01172,30.48655],[-87.01172,30.52441],[-87.40723,30.52441],[-87.40723,30.48655]]]}},{"type":"Feature","properties":{},"geometry":{"type":"Polygon","coordinates":[[[-81.87012,30.48655],[-81.51855,30.48655],[-81.51855,30.52441],[-81.87012,30.52441],[-81.87012,30.48655]]]}},{"type":"Feature","properties":{},"geometry":{"type":"Polygon","coordinates":[[[-91.23047,30.52441],[-91.14258,30.52441],[-91.14258,30.56226],[-91.23047,30.56226],[-91.23047,30.52441]]]}},{"type":"Feature","properties":{},"geometry":{"type":"Polygon","coordinates":[[[-88.24219,30.52441],[-88.11035,30.52441],[-88.11035,30.56226],[-88.24219,30.56226],[-88.24219,30.52441]]]}},{"type":"Feature","properties":{},"geometry":{"type":"Polygon","coordinates":[[[-87.93457,30.52441],[-87.80273,30.52441],[-87.80273,30.7135],[-87.93457,30.7135],[-87.93457,30.52441]]]}},{"type":"Feature","properties":{},"geometry":{"type":"Polygon","coordinates":[[[-87.45117,30.52441],[-86.96777,30.52441],[-86.96777,30.56226],[-87.45117,30.56226],[-87.45117,30.52441]]]}},{"type":"Feature","properties":{},"geometry":{"type":"Polygon","coordinates":[[[-81.87012,30.52441],[-81.5625,30.52441],[-81.5625,30.56226],[-81.87012,30.56226],[-81.87012,30.52441]]]}},{"type":"Feature","properties":{},"geometry":{"type":"Polygon","coordinates":[[[-81.87012,38.27269],[-81.5625,38.27269],[-81.5625,38.30718],[-81.87012,38.30718],[-81.87012,38.27269]]]}},{"type":"Feature","properties":{},"geometry":{"type":"Polygon","coordinates":[[[-88.24219,30.56226],[-88.02246,30.56226],[-88.02246,30.60009],[-88.24219,30.60009],[-88.24219,30.56226]]]}},{"type":"Feature","properties":{},"geometry":{"type":"Polygon","coordinates":[[[-88.24219,30.7135],[-88.02246,30.7135],[-88.02246,30.75128],[-88.24219,30.75128],[-88.24219,30.7135]]]}},{"type":"Feature","properties":{},"geometry":{"type":"Polygon","coordinates":[[[-81.69434,30.56226],[-81.5625,30.56226],[-81.5625,30.60009],[-81.69434,30.60009],[-81.69434,30.56226]]]}},{"type":"Feature","properties":{},"geometry":{"type":"Polygon","coordinates":[[[-81.69434,38.51379],[-81.5625,38.51379],[-81.5625,38.54817],[-81.69434,38.54817],[-81.69434,38.51379]]]}},{"type":"Feature","properties":{},"geometry":{"type":"Polygon","coordinates":[[[-88.28613,30.60009],[-88.02246,30.60009],[-88.02246,30.63791],[-88.28613,30.63791],[-88.28613,30.60009]]]}},{"type":"Feature","properties":{},"geometry":{"type":"Polygon","coordinates":[[[-88.28613,30.63791],[-87.97852,30.63791],[-87.97852,30.7135],[-88.28613,30.7135],[-88.28613,30.63791]]]}},{"type":"Feature","properties":{},"geometry":{"type":"Polygon","coordinates":[[[-87.23145,30.63791],[-86.96777,30.63791],[-86.96777,30.67572],[-87.23145,30.67572],[-87.23145,30.63791]]]}},{"type":"Feature","properties":{},"geometry":{"type":"Polygon","coordinates":[[[-87.14355,30.67572],[-87.01172,30.67572],[-87.01172,30.7135],[-87.14355,30.7135],[-87.14355,30.67572]]]}},{"type":"Feature","properties":{},"geometry":{"type":"Polygon","coordinates":[[[-81.69434,30.7135],[-81.47461,30.7135],[-81.47461,30.75128],[-81.69434,30.75128],[-81.69434,30.7135]]]}},{"type":"Feature","properties":{},"geometry":{"type":"Polygon","coordinates":[[[-95.1416,29.07538],[-95.05371,29.07538],[-95.05371,29.11378],[-95.1416,29.11378],[-95.1416,29.07538]]]}},{"type":"Feature","properties":{},"geometry":{"type":"Polygon","coordinates":[[[-81.38672,28.99853],[-81.21094,28.99853],[-81.21094,29.11378],[-81.38672,29.11378],[-81.38672,28.99853]]]}},{"type":"Feature","properties":{},"geometry":{"type":"Polygon","coordinates":[[[-81.12305,29.07538],[-80.90332,29.07538],[-80.90332,29.11378],[-81.12305,29.11378],[-81.12305,29.07538]]]}},{"type":"Feature","properties":{},"geometry":{"type":"Polygon","coordinates":[[[-95.1416,29.11378],[-95.00977,29.11378],[-95.00977,29.15216],[-95.1416,29.15216],[-95.1416,29.11378]]]}},{"type":"Feature","properties":{},"geometry":{"type":"Polygon","coordinates":[[[-82.26562,29.11378],[-81.95801,29.11378],[-81.95801,29.15216],[-82.26562,29.15216],[-82.26562,29.11378]]]}},{"type":"Feature","properties":{},"geometry":{"type":"Polygon","coordinates":[[[-81.0791,29.11378],[-80.90332,29.11378],[-80.90332,29.15216],[-81.0791,29.15216],[-81.0791,29.11378]]]}},{"type":"Feature","properties":{},"geometry":{"type":"Polygon","coordinates":[[[-95.05371,29.15216],[-94.92187,29.15216],[-94.92187,29.19053],[-95.05371,29.19053],[-95.05371,29.15216]]]}},{"type":"Feature","properties":{},"geometry":{"type":"Polygon","coordinates":[[[-82.26562,29.15216],[-82.00195,29.15216],[-82.00195,29.19053],[-82.26562,29.19053],[-82.26562,29.15216]]]}},{"type":"Feature","properties":{},"geometry":{"type":"Polygon","coordinates":[[[-95.00977,29.19053],[-94.87793,29.19053],[-94.87793,29.22889],[-95.00977,29.22889],[-95.00977,29.19053]]]}},{"type":"Feature","properties":{},"geometry":{"type":"Polygon","coordinates":[[[-82.22168,29.19053],[-82.00195,29.19053],[-82.00195,29.22889],[-82.22168,29.22889],[-82.22168,29.19053]]]}},{"type":"Feature","properties":{},"geometry":{"type":"Polygon","coordinates":[[[-95.00977,29.22889],[-94.79004,29.22889],[-94.79004,29.26723],[-95.00977,29.26723],[-95.00977,29.22889]]]}},{"type":"Feature","properties":{},"geometry":{"type":"Polygon","coordinates":[[[-82.22168,29.22889],[-82.0459,29.22889],[-82.0459,29.26723],[-82.22168,29.26723],[-82.22168,29.22889]]]}},{"type":"Feature","properties":{},"geometry":{"type":"Polygon","coordinates":[[[-81.12305,29.22889],[-80.99121,29.22889],[-80.99121,29.26723],[-81.12305,29.26723],[-81.12305,29.22889]]]}},{"type":"Feature","properties":{},"geometry":{"type":"Polygon","coordinates":[[[-81.12305,31.87756],[-80.99121,31.87756],[-80.99121,31.91487],[-81.12305,31.91487],[-81.12305,31.87756]]]}},{"type":"Feature","properties":{},"geometry":{"type":"Polygon","coordinates":[[[-82.30957,28.30438],[-82.13379,28.30438],[-82.13379,28.38174],[-82.30957,28.38174],[-82.30957,28.30438]]]}},{"type":"Feature","properties":{},"geometry":{"type":"Polygon","coordinates":[[[-80.81543,28.30438],[-80.5957,28.30438],[-80.5957,28.34306],[-80.81543,28.34306],[-80.81543,28.30438]]]}},{"type":"Feature","properties":{},"geometry":{"type":"Polygon","coordinates":[[[-81.73828,28.34306],[-81.16699,28.34306],[-81.16699,28.38174],[-81.73828,28.38174],[-81.73828,28.34306]]]}},{"type":"Feature","properties":{},"geometry":{"type":"Polygon","coordinates":[[[-82.74902,28.38174],[-82.44141,28.38174],[-82.44141,28.42039],[-82.74902,28.42039],[-82.74902,28.38174]]]}},{"type":"Feature","properties":{},"geometry":{"type":"Polygon","coordinates":[[[-81.73828,28.38174],[-81.0791,28.38174],[-81.0791,28.42039],[-81.73828,28.42039],[-81.73828,28.38174]]]}},{"type":"Feature","properties":{},"geometry":{"type":"Polygon","coordinates":[[[-80.85937,28.38174],[-80.55176,28.38174],[-80.55176,28.42039],[-80.85937,28.42039],[-80.85937,28.38174]]]}},{"type":"Feature","properties":{},"geometry":{"type":"Polygon","coordinates":[[[-82.70508,28.42039],[-82.39746,28.42039],[-82.39746,28.45903],[-82.70508,28.45903],[-82.70508,28.42039]]]}},{"type":"Feature","properties":{},"geometry":{"type":"Polygon","coordinates":[[[-81.65039,28.42039],[-81.0791,28.42039],[-81.0791,28.45903],[-81.65039,28.45903],[-81.65039,28.42039]]]}},{"type":"Feature","properties":{},"geometry":{"type":"Polygon","coordinates":[[[-80.85937,28.42039],[-80.63965,28.42039],[-80.63965,28.45903],[-80.85937,28.45903],[-80.85937,28.42039]]]}},{"type":"Feature","properties":{},"geometry":{"type":"Polygon","coordinates":[[[-81.82617,28.45903],[-81.0791,28.45903],[-81.0791,28.49766],[-81.82617,28.49766],[-81.82617,28.45903]]]}},{"type":"Feature","properties":{},"geometry":{"type":"Polygon","coordinates":[[[-80.85937,28.45903],[-80.72754,28.45903],[-80.72754,28.49766],[-80.85937,28.49766],[-80.85937,28.45903]]]}},{"type":"Feature","properties":{},"geometry":{"type":"Polygon","coordinates":[[[-81.82617,28.49766],[-81.03516,28.49766],[-81.03516,28.53627],[-81.82617,28.53627],[-81.82617,28.49766]]]}},{"type":"Feature","properties":{},"geometry":{"type":"Polygon","coordinates":[[[-80.90332,28.49766],[-80.77148,28.49766],[-80.77148,28.65203],[-80.90332,28.65203],[-80.90332,28.49766]]]}},{"type":"Feature","properties":{},"geometry":{"type":"Polygon","coordinates":[[[-82.61719,28.53627],[-82.30957,28.53627],[-82.30957,28.61346],[-82.61719,28.61346],[-82.61719,28.53627]]]}},{"type":"Feature","properties":{},"geometry":{"type":"Polygon","coordinates":[[[-81.91406,28.53627],[-81.03516,28.53627],[-81.03516,28.61346],[-81.91406,28.61346],[-81.91406,28.53627]]]}},{"type":"Feature","properties":{},"geometry":{"type":"Polygon","coordinates":[[[-81.5625,28.61346],[-81.03516,28.61346],[-81.03516,28.65203],[-81.5625,28.65203],[-81.5625,28.61346]]]}},{"type":"Feature","properties":{},"geometry":{"type":"Polygon","coordinates":[[[-81.87012,28.65203],[-81.82617,28.65203],[-81.82617,28.69059],[-81.87012,28.69059],[-81.87012,28.65203]]]}},{"type":"Feature","properties":{},"geometry":{"type":"Polygon","coordinates":[[[-81.5625,28.65203],[-81.0791,28.65203],[-81.0791,28.72913],[-81.5625,28.72913],[-81.5625,28.65203]]]}},{"type":"Feature","properties":{},"geometry":{"type":"Polygon","coordinates":[[[-80.94727,28.65203],[-80.77148,28.65203],[-80.77148,28.69059],[-80.94727,28.69059],[-80.94727,28.65203]]]}},{"type":"Feature","properties":{},"geometry":{"type":"Polygon","coordinates":[[[-81.91406,28.69059],[-81.82617,28.69059],[-81.82617,28.72913],[-81.91406,28.72913],[-81.91406,28.69059]]]}},{"type":"Feature","properties":{},"geometry":{"type":"Polygon","coordinates":[[[-80.94727,28.69059],[-80.81543,28.69059],[-80.81543,28.72913],[-80.94727,28.72913],[-80.94727,28.69059]]]}},{"type":"Feature","properties":{},"geometry":{"type":"Polygon","coordinates":[[[-81.91406,28.72913],[-81.78223,28.72913],[-81.78223,28.76766],[-81.91406,28.76766],[-81.91406,28.72913]]]}},{"type":"Feature","properties":{},"geometry":{"type":"Polygon","coordinates":[[[-81.91406,41.21172],[-81.78223,41.21172],[-81.78223,41.24477],[-81.91406,41.24477],[-81.91406,41.21172]]]}},{"type":"Feature","properties":{},"geometry":{"type":"Polygon","coordinates":[[[-81.47461,28.72913],[-81.16699,28.72913],[-81.16699,28.80617],[-81.47461,28.80617],[-81.47461,28.72913]]]}},{"type":"Feature","properties":{},"geometry":{"type":"Polygon","coordinates":[[[-81.95801,28.76766],[-81.78223,28.76766],[-81.78223,28.80617],[-81.95801,28.80617],[-81.95801,28.76766]]]}},{"type":"Feature","properties":{},"geometry":{"type":"Polygon","coordinates":[[[-81.95801,38.54817],[-81.78223,38.54817],[-81.78223,38.58253],[-81.95801,38.58253],[-81.95801,38.54817]]]}},{"type":"Feature","properties":{},"geometry":{"type":"Polygon","coordinates":[[[-82.08984,28.80617],[-81.78223,28.80617],[-81.78223,28.84467],[-82.08984,28.84467],[-82.08984,28.80617]]]}},{"type":"Feature","properties":{},"geometry":{"type":"Polygon","coordinates":[[[-81.47461,28.80617],[-81.0791,28.80617],[-81.0791,28.88316],[-81.47461,28.88316],[-81.47461,28.80617]]]}},{"type":"Feature","properties":{},"geometry":{"type":"Polygon","coordinates":[[[-82.08984,28.84467],[-81.82617,28.84467],[-81.82617,28.96009],[-82.08984,28.96009],[-82.08984,28.84467]]]}},{"type":"Feature","properties":{},"geometry":{"type":"Polygon","coordinates":[[[-80.90332,28.84467],[-80.81543,28.84467],[-80.81543,28.92163],[-80.90332,28.92163],[-80.90332,28.84467]]]}},{"type":"Feature","properties":{},"geometry":{"type":"Polygon","coordinates":[[[-81.43066,28.88316],[-81.0791,28.88316],[-81.0791,28.92163],[-81.43066,28.92163],[-81.43066,28.88316]]]}},{"type":"Feature","properties":{},"geometry":{"type":"Polygon","coordinates":[[[-81.34277,28.92163],[-81.12305,28.92163],[-81.12305,28.96009],[-81.34277,28.96009],[-81.34277,28.92163]]]}},{"type":"Feature","properties":{},"geometry":{"type":"Polygon","coordinates":[[[-81.34277,42.94034],[-81.12305,42.94034],[-81.12305,43.03678],[-81.34277,43.03678],[-81.34277,42.94034]]]}},{"type":"Feature","properties":{},"geometry":{"type":"Polygon","coordinates":[[[-80.99121,28.92163],[-80.81543,28.92163],[-80.81543,28.99853],[-80.99121,28.99853],[-80.99121,28.92163]]]}},{"type":"Feature","properties":{},"geometry":{"type":"Polygon","coordinates":[[[-81.38672,28.96009],[-81.12305,28.96009],[-81.12305,28.99853],[-81.38672,28.99853],[-81.38672,28.96009]]]}},{"type":"Feature","properties":{},"geometry":{"type":"Polygon","coordinates":[[[-81.0791,28.99853],[-80.85937,28.99853],[-80.85937,29.03696],[-81.0791,29.03696],[-81.0791,28.99853]]]}},{"type":"Feature","properties":{},"geometry":{"type":"Polygon","coordinates":[[[-88.11035,30.75128],[-88.02246,30.75128],[-88.02246,30.78904],[-88.11035,30.78904],[-88.11035,30.75128]]]}},{"type":"Feature","properties":{},"geometry":{"type":"Polygon","coordinates":[[[-83.32031,30.75128],[-83.18848,30.75128],[-83.18848,30.78904],[-83.32031,30.78904],[-83.32031,30.75128]]]}},{"type":"Feature","properties":{},"geometry":{"type":"Polygon","coordinates":[[[-81.73828,30.75128],[-81.47461,30.75128],[-81.47461,30.78904],[-81.73828,30.78904],[-81.73828,30.75128]]]}},{"type":"Feature","properties":{},"geometry":{"type":"Polygon","coordinates":[[[-97.55859,31.01528],[-97.25098,31.01528],[-97.25098,31.16581],[-97.55859,31.16581],[-97.55859,31.01528]]]}},{"type":"Feature","properties":{},"geometry":{"type":"Polygon","coordinates":[[[-81.51855,31.09057],[-81.47461,31.09057],[-81.47461,31.1282],[-81.51855,31.1282],[-81.51855,31.09057]]]}},{"type":"Feature","properties":{},"geometry":{"type":"Polygon","coordinates":[[[-85.47363,31.1282],[-85.3418,31.1282],[-85.3418,31.16581],[-85.47363,31.16581],[-85.47363,31.1282]]]}},{"type":"Feature","properties":{},"geometry":{"type":"Polygon","coordinates":[[[-81.5625,31.1282],[-81.34277,31.1282],[-81.34277,31.16581],[-81.5625,31.16581],[-81.5625,31.1282]]]}},{"type":"Feature","properties":{},"geometry":{"type":"Polygon","coordinates":[[[-81.5625,41.27781],[-81.34277,41.27781],[-81.34277,41.31082],[-81.5625,41.31082],[-81.5625,41.27781]]]}},{"type":"Feature","properties":{},"geometry":{"type":"Polygon","coordinates":[[[-81.5625,41.60723],[-81.34277,41.60723],[-81.34277,41.64008],[-81.5625,41.64008],[-81.5625,41.60723]]]}},{"type":"Feature","properties":{},"geometry":{"type":"Polygon","coordinates":[[[-97.51465,31.16581],[-97.25098,31.16581],[-97.25098,31.2034],[-97.51465,31.2034],[-97.51465,31.16581]]]}},{"type":"Feature","properties":{},"geometry":{"type":"Polygon","coordinates":[[[-85.51758,31.16581],[-85.29785,31.16581],[-85.29785,31.24099],[-85.51758,31.24099],[-85.51758,31.16581]]]}},{"type":"Feature","properties":{},"geometry":{"type":"Polygon","coordinates":[[[-81.5625,31.16581],[-81.29883,31.16581],[-81.29883,31.24099],[-81.5625,31.24099],[-81.5625,31.16581]]]}},{"type":"Feature","properties":{},"geometry":{"type":"Polygon","coordinates":[[[-97.33887,31.35364],[-97.11914,31.35364],[-97.11914,31.39116],[-97.33887,31.39116],[-97.33887,31.35364]]]}},{"type":"Feature","properties":{},"geometry":{"type":"Polygon","coordinates":[[[-97.33887,31.39116],[-97.03125,31.39116],[-97.03125,31.42866],[-97.33887,31.42866],[-97.33887,31.39116]]]}},{"type":"Feature","properties":{},"geometry":{"type":"Polygon","coordinates":[[[-97.33887,49.83798],[-97.03125,49.83798],[-97.03125,49.86632],[-97.33887,49.86632],[-97.33887,49.83798]]]}},{"type":"Feature","properties":{},"geometry":{"type":"Polygon","coordinates":[[[-97.38281,31.42866],[-96.9873,31.42866],[-96.9873,31.54109],[-97.38281,31.54109],[-97.38281,31.42866]]]}},{"type":"Feature","properties":{},"geometry":{"type":"Polygon","coordinates":[[[-106.30371,31.54109],[-106.21582,31.54109],[-106.21582,31.57854],[-106.30371,31.57854],[-106.30371,31.54109]]]}},{"type":"Feature","properties":{},"geometry":{"type":"Polygon","coordinates":[[[-97.33887,31.54109],[-96.9873,31.54109],[-96.9873,31.69078],[-97.33887,31.69078],[-97.33887,31.54109]]]}},{"type":"Feature","properties":{},"geometry":{"type":"Polygon","coordinates":[[[-106.30371,31.57854],[-106.17187,31.57854],[-106.17187,31.61597],[-106.30371,31.61597],[-106.30371,31.57854]]]}},{"type":"Feature","properties":{},"geometry":{"type":"Polygon","coordinates":[[[-89.25293,31.57854],[-89.16504,31.57854],[-89.16504,31.61597],[-89.25293,31.61597],[-89.25293,31.57854]]]}},{"type":"Feature","properties":{},"geometry":{"type":"Polygon","coordinates":[[[-89.25293,37.64903],[-89.16504,37.64903],[-89.16504,37.68382],[-89.25293,37.68382],[-89.25293,37.64903]]]}},{"type":"Feature","properties":{},"geometry":{"type":"Polygon","coordinates":[[[-106.34766,31.61597],[-106.17187,31.61597],[-106.17187,31.65338],[-106.34766,31.65338],[-106.34766,31.61597]]]}},{"type":"Feature","properties":{},"geometry":{"type":"Polygon","coordinates":[[[-89.25293,31.61597],[-89.12109,31.61597],[-89.12109,31.65338],[-89.25293,31.65338],[-89.25293,31.61597]]]}},{"type":"Feature","properties":{},"geometry":{"type":"Polygon","coordinates":[[[-106.34766,31.65338],[-106.21582,31.65338],[-106.21582,31.69078],[-106.34766,31.69078],[-106.34766,31.65338]]]}},{"type":"Feature","properties":{},"geometry":{"type":"Polygon","coordinates":[[[-89.20898,31.65338],[-89.07715,31.65338],[-89.07715,31.76554],[-89.20898,31.76554],[-89.20898,31.65338]]]}},{"type":"Feature","properties":{},"geometry":{"type":"Polygon","coordinates":[[[-106.3916,31.69078],[-106.21582,31.69078],[-106.21582,31.72817],[-106.3916,31.72817],[-106.3916,31.69078]]]}},{"type":"Feature","properties":{},"geometry":{"type":"Polygon","coordinates":[[[-106.52344,31.72817],[-106.21582,31.72817],[-106.21582,31.76554],[-106.52344,31.76554],[-106.52344,31.72817]]]}},{"type":"Feature","properties":{},"geometry":{"type":"Polygon","coordinates":[[[-106.61133,31.76554],[-106.21582,31.76554],[-106.21582,31.80289],[-106.61133,31.80289],[-106.61133,31.76554]]]}},{"type":"Feature","properties":{},"geometry":{"type":"Polygon","coordinates":[[[-102.56836,31.76554],[-102.43652,31.76554],[-102.43652,31.80289],[-102.56836,31.80289],[-102.56836,31.76554]]]}},{"type":"Feature","properties":{},"geometry":{"type":"Polygon","coordinates":[[[-89.20898,31.76554],[-89.12109,31.76554],[-89.12109,31.80289],[-89.20898,31.80289],[-89.20898,31.76554]]]}},{"type":"Feature","properties":{},"geometry":{"type":"Polygon","coordinates":[[[-106.61133,31.80289],[-106.17187,31.80289],[-106.17187,31.84023],[-106.61133,31.84023],[-106.61133,31.80289]]]}},{"type":"Feature","properties":{},"geometry":{"type":"Polygon","coordinates":[[[-102.56836,31.80289],[-102.30469,31.80289],[-102.30469,31.84023],[-102.56836,31.84023],[-102.56836,31.80289]]]}},{"type":"Feature","properties":{},"geometry":{"type":"Polygon","coordinates":[[[-106.61133,31.84023],[-106.30371,31.84023],[-106.30371,31.87756],[-106.61133,31.87756],[-106.61133,31.84023]]]}},{"type":"Feature","properties":{},"geometry":{"type":"Polygon","coordinates":[[[-102.56836,31.84023],[-102.26074,31.84023],[-102.26074,31.87756],[-102.56836,31.87756],[-102.56836,31.84023]]]}},{"type":"Feature","properties":{},"geometry":{"type":"Polygon","coordinates":[[[-106.61133,31.87756],[-106.52344,31.87756],[-106.52344,31.91487],[-106.61133,31.91487],[-106.61133,31.87756]]]}},{"type":"Feature","properties":{},"geometry":{"type":"Polygon","coordinates":[[[-106.47949,31.87756],[-106.30371,31.87756],[-106.30371,31.91487],[-106.47949,31.91487],[-106.47949,31.87756]]]}},{"type":"Feature","properties":{},"geometry":{"type":"Polygon","coordinates":[[[-102.56836,31.87756],[-102.17285,31.87756],[-102.17285,31.91487],[-102.56836,31.91487],[-102.56836,31.87756]]]}},{"type":"Feature","properties":{},"geometry":{"type":"Polygon","coordinates":[[[-102.08496,31.87756],[-102.04102,31.87756],[-102.04102,31.91487],[-102.08496,31.91487],[-102.08496,31.87756]]]}},{"type":"Feature","properties":{},"geometry":{"type":"Polygon","coordinates":[[[-106.47949,31.91487],[-106.34766,31.91487],[-106.34766,31.95216],[-106.47949,31.95216],[-106.47949,31.91487]]]}},{"type":"Feature","properties":{},"geometry":{"type":"Polygon","coordinates":[[[-102.48047,31.91487],[-101.99707,31.91487],[-101.99707,31.95216],[-102.48047,31.95216],[-102.48047,31.91487]]]}},{"type":"Feature","properties":{},"geometry":{"type":"Polygon","coordinates":[[[-81.25488,31.91487],[-80.99121,31.91487],[-80.99121,31.95216],[-81.25488,31.95216],[-81.25488,31.91487]]]}},{"type":"Feature","properties":{},"geometry":{"type":"Polygon","coordinates":[[[-85.51758,31.24099],[-85.3418,31.24099],[-85.3418,31.3161],[-85.51758,31.3161],[-85.51758,31.24099]]]}},{"type":"Feature","properties":{},"geometry":{"type":"Polygon","coordinates":[[[-81.60645,31.24099],[-81.34277,31.24099],[-81.34277,31.27855],[-81.60645,31.27855],[-81.60645,31.24099]]]}},{"type":"Feature","properties":{},"geometry":{"type":"Polygon","coordinates":[[[-81.60645,31.27855],[-81.38672,31.27855],[-81.38672,31.3161],[-81.60645,31.3161],[-81.60645,31.27855]]]}},{"type":"Feature","properties":{},"geometry":{"type":"Polygon","coordinates":[[[-81.60645,41.57436],[-81.38672,41.57436],[-81.38672,41.60723],[-81.60645,41.60723],[-81.60645,41.57436]]]}},{"type":"Feature","properties":{},"geometry":{"type":"Polygon","coordinates":[[[-85.51758,31.3161],[-85.42969,31.3161],[-85.42969,31.35364],[-85.51758,31.35364],[-85.51758,31.3161]]]}},{"type":"Feature","properties":{},"geometry":{"type":"Polygon","coordinates":[[[-81.51855,31.3161],[-81.43066,31.3161],[-81.43066,31.35364],[-81.51855,31.35364],[-81.51855,31.3161]]]}},{"type":"Feature","properties":{},"geometry":{"type":"Polygon","coordinates":[[[-117.07031,32.50976],[-116.93848,32.50976],[-116.93848,32.54681],[-117.07031,32.54681],[-117.07031,32.50976]]]}},{"type":"Feature","properties":{},"geometry":{"type":"Polygon","coordinates":[[[-110.96191,32.50976],[-110.83008,32.50976],[-110.83008,32.54681],[-110.96191,32.54681],[-110.96191,32.50976]]]}},{"type":"Feature","properties":{},"geometry":{"type":"Polygon","coordinates":[[[-99.93164,32.28713],[-99.62402,32.28713],[-99.62402,32.39852],[-99.93164,32.39852],[-99.93164,32.28713]]]}},{"type":"Feature","properties":{},"geometry":{"type":"Polygon","coordinates":[[[-99.93164,32.4727],[-99.62402,32.4727],[-99.62402,32.54681],[-99.93164,32.54681],[-99.93164,32.4727]]]}},{"type":"Feature","properties":{},"geometry":{"type":"Polygon","coordinates":[[[-97.42676,32.39852],[-96.85547,32.39852],[-96.85547,32.58385],[-97.42676,32.58385],[-97.42676,32.39852]]]}},{"type":"Feature","properties":{},"geometry":{"type":"Polygon","coordinates":[[[-97.42676,32.91649],[-96.85547,32.91649],[-96.85547,32.99024],[-97.42676,32.99024],[-97.42676,32.91649]]]}},{"type":"Feature","properties":{},"geometry":{"type":"Polygon","coordinates":[[[-94.83398,32.4727],[-94.70215,32.4727],[-94.70215,32.54681],[-94.83398,32.54681],[-94.83398,32.4727]]]}},{"type":"Feature","properties":{},"geometry":{"type":"Polygon","coordinates":[[[-93.82324,32.4727],[-93.60352,32.4727],[-93.60352,32.58385],[-93.82324,32.58385],[-93.82324,32.4727]]]}},{"type":"Feature","properties":{},"geometry":{"type":"Polygon","coordinates":[[[-92.28516,32.4727],[-91.93359,32.4727],[-91.93359,32.58385],[-92.28516,32.58385],[-92.28516,32.4727]]]}},{"type":"Feature","properties":{},"geometry":{"type":"Polygon","coordinates":[[[-85.56152,32.50976],[-85.42969,32.50976],[-85.42969,32.54681],[-85.56152,32.54681],[-85.56152,32.50976]]]}},{"type":"Feature","properties":{},"geometry":{"type":"Polygon","coordinates":[[[-85.03418,32.43561],[-84.90234,32.43561],[-84.90234,32.4727],[-85.03418,32.4727],[-85.03418,32.43561]]]}},{"type":"Feature","properties":{},"geometry":{"type":"Polygon","coordinates":[[[-85.03418,32.50976],[-84.90234,32.50976],[-84.90234,32.58385],[-85.03418,32.58385],[-85.03418,32.50976]]]}},{"type":"Feature","properties":{},"geometry":{"type":"Polygon","coordinates":[[[-83.75977,32.50976],[-83.54004,32.50976],[-83.54004,32.69487],[-83.75977,32.69487],[-83.75977,32.50976]]]}},{"type":"Feature","properties":{},"geometry":{"type":"Polygon","coordinates":[[[-81.87012,32.32428],[-81.73828,32.32428],[-81.73828,32.3614],[-81.87012,32.3614],[-81.87012,32.32428]]]}},{"type":"Feature","properties":{},"geometry":{"type":"Polygon","coordinates":[[[-81.87012,32.4727],[-81.73828,32.4727],[-81.73828,32.54681],[-81.87012,32.54681],[-81.87012,32.4727]]]}},{"type":"Feature","properties":{},"geometry":{"type":"Polygon","coordinates":[[[-117.1582,32.54681],[-116.89453,32.54681],[-116.89453,32.62087],[-117.1582,32.62087],[-117.1582,32.54681]]]}},{"type":"Feature","properties":{},"geometry":{"type":"Polygon","coordinates":[[[-110.91797,32.54681],[-110.83008,32.54681],[-110.83008,32.58385],[-110.91797,32.58385],[-110.91797,32.54681]]]}},{"type":"Feature","properties":{},"geometry":{"type":"Polygon","coordinates":[[[-94.79004,32.43561],[-94.70215,32.43561],[-94.70215,32.4727],[-94.79004,32.4727],[-94.79004,32.43561]]]}},{"type":"Feature","properties":{},"geometry":{"type":"Polygon","coordinates":[[[-94.79004,32.54681],[-94.70215,32.54681],[-94.70215,32.58385],[-94.79004,32.58385],[-94.79004,32.54681]]]}},{"type":"Feature","properties":{},"geometry":{"type":"Polygon","coordinates":[[[-85.56152,32.54681],[-85.29785,32.54681],[-85.29785,32.65788],[-85.56152,32.65788],[-85.56152,32.54681]]]}},{"type":"Feature","properties":{},"geometry":{"type":"Polygon","coordinates":[[[-97.42676,32.58385],[-96.72363,32.58385],[-96.72363,32.62087],[-97.42676,32.62087],[-97.42676,32.58385]]]}},{"type":"Feature","properties":{},"geometry":{"type":"Polygon","coordinates":[[[-97.42676,32.84267],[-96.72363,32.84267],[-96.72363,32.91649],[-97.42676,32.91649],[-97.42676,32.84267]]]}},{"type":"Feature","properties":{},"geometry":{"type":"Polygon","coordinates":[[[-92.10937,32.58385],[-91.93359,32.58385],[-91.93359,32.62087],[-92.10937,32.62087],[-92.10937,32.58385]]]}},{"type":"Feature","properties":{},"geometry":{"type":"Polygon","coordinates":[[[-117.29004,32.62087],[-116.89453,32.62087],[-116.89453,32.65788],[-117.29004,32.65788],[-117.29004,32.62087]]]}},{"type":"Feature","properties":{},"geometry":{"type":"Polygon","coordinates":[[[-114.69727,32.62087],[-114.3457,32.62087],[-114.3457,32.69487],[-114.69727,32.69487],[-114.69727,32.62087]]]}},{"type":"Feature","properties":{},"geometry":{"type":"Polygon","coordinates":[[[-97.4707,32.62087],[-96.72363,32.62087],[-96.72363,32.65788],[-97.4707,32.65788],[-97.4707,32.62087]]]}},{"type":"Feature","properties":{},"geometry":{"type":"Polygon","coordinates":[[[-97.4707,32.80574],[-96.72363,32.80574],[-96.72363,32.84267],[-97.4707,32.84267],[-97.4707,32.80574]]]}},{"type":"Feature","properties":{},"geometry":{"type":"Polygon","coordinates":[[[-79.98047,32.62087],[-79.89258,32.62087],[-79.89258,32.65788],[-79.98047,32.65788],[-79.98047,32.62087]]]}},{"type":"Feature","properties":{},"geometry":{"type":"Polygon","coordinates":[[[-79.98047,43.13306],[-79.89258,43.13306],[-79.89258,43.16512],[-79.98047,43.16512],[-79.98047,43.13306]]]}},{"type":"Feature","properties":{},"geometry":{"type":"Polygon","coordinates":[[[-117.29004,32.65788],[-116.93848,32.65788],[-116.93848,32.73184],[-117.29004,32.73184],[-117.29004,32.65788]]]}},{"type":"Feature","properties":{},"geometry":{"type":"Polygon","coordinates":[[[-97.51465,32.65788],[-96.72363,32.65788],[-96.72363,32.80574],[-97.51465,32.80574],[-97.51465,32.65788]]]}},{"type":"Feature","properties":{},"geometry":{"type":"Polygon","coordinates":[[[-85.42969,32.65788],[-85.29785,32.65788],[-85.29785,32.69487],[-85.42969,32.69487],[-85.42969,32.65788]]]}},{"type":"Feature","properties":{},"geometry":{"type":"Polygon","coordinates":[[[-80.02441,32.65788],[-79.84863,32.65788],[-79.84863,32.73184],[-80.02441,32.73184],[-80.02441,32.65788]]]}},{"type":"Feature","properties":{},"geometry":{"type":"Polygon","coordinates":[[[-114.74121,32.69487],[-114.56543,32.69487],[-114.56543,32.73184],[-114.74121,32.73184],[-114.74121,32.69487]]]}},{"type":"Feature","properties":{},"geometry":{"type":"Polygon","coordinates":[[[-83.80371,32.43561],[-83.58398,32.43561],[-83.58398,32.50976],[-83.80371,32.50976],[-83.80371,32.43561]]]}},{"type":"Feature","properties":{},"geometry":{"type":"Polygon","coordinates":[[[-83.80371,32.69487],[-83.58398,32.69487],[-83.58398,32.7688],[-83.80371,32.7688],[-83.80371,32.69487]]]}},{"type":"Feature","properties":{},"geometry":{"type":"Polygon","coordinates":[[[-117.29004,32.73184],[-116.85059,32.73184],[-116.85059,32.87959],[-117.29004,32.87959],[-117.29004,32.73184]]]}},{"type":"Feature","properties":{},"geometry":{"type":"Polygon","coordinates":[[[-114.69727,32.73184],[-114.56543,32.73184],[-114.56543,32.7688],[-114.69727,32.7688],[-114.69727,32.73184]]]}},{"type":"Feature","properties":{},"geometry":{"type":"Polygon","coordinates":[[[-80.02441,32.73184],[-79.80469,32.73184],[-79.80469,32.7688],[-80.02441,32.7688],[-80.02441,32.73184]]]}},{"type":"Feature","properties":{},"geometry":{"type":"Polygon","coordinates":[[[-83.84766,32.7688],[-83.49609,32.7688],[-83.49609,32.87959],[-83.84766,32.87959],[-83.84766,32.7688]]]}},{"type":"Feature","properties":{},"geometry":{"type":"Polygon","coordinates":[[[-80.15625,32.7688],[-79.7168,32.7688],[-79.7168,32.84267],[-80.15625,32.84267],[-80.15625,32.7688]]]}},{"type":"Feature","properties":{},"geometry":{"type":"Polygon","coordinates":[[[-80.15625,32.84267],[-79.80469,32.84267],[-79.80469,32.87959],[-80.15625,32.87959],[-80.15625,32.84267]]]}},{"type":"Feature","properties":{},"geometry":{"type":"Polygon","coordinates":[[[-80.15625,40.24599],[-79.80469,40.24599],[-79.80469,40.27953],[-80.15625,40.27953],[-80.15625,40.24599]]]}},{"type":"Feature","properties":{},"geometry":{"type":"Polygon","coordinates":[[[-117.29004,32.87959],[-117.02637,32.87959],[-117.02637,32.91649],[-117.29004,32.91649],[-117.29004,32.87959]]]}},{"type":"Feature","properties":{},"geometry":{"type":"Polygon","coordinates":[[[-83.80371,32.87959],[-83.49609,32.87959],[-83.49609,32.91649],[-83.80371,32.91649],[-83.80371,32.87959]]]}},{"type":"Feature","properties":{},"geometry":{"type":"Polygon","coordinates":[[[-80.2002,32.87959],[-79.89258,32.87959],[-79.89258,32.91649],[-80.2002,32.91649],[-80.2002,32.87959]]]}},{"type":"Feature","properties":{},"geometry":{"type":"Polygon","coordinates":[[[-117.29004,32.91649],[-116.98242,32.91649],[-116.98242,32.99024],[-117.29004,32.99024],[-117.29004,32.91649]]]}},{"type":"Feature","properties":{},"geometry":{"type":"Polygon","coordinates":[[[-83.80371,32.91649],[-83.67187,32.91649],[-83.67187,32.95337],[-83.80371,32.95337],[-83.80371,32.91649]]]}},{"type":"Feature","properties":{},"geometry":{"type":"Polygon","coordinates":[[[-83.54004,32.91649],[-83.49609,32.91649],[-83.49609,32.95337],[-83.54004,32.95337],[-83.54004,32.91649]]]}},{"type":"Feature","properties":{},"geometry":{"type":"Polygon","coordinates":[[[-80.28809,32.91649],[-79.93652,32.91649],[-79.93652,32.99024],[-80.28809,32.99024],[-80.28809,32.91649]]]}},{"type":"Feature","properties":{},"geometry":{"type":"Polygon","coordinates":[[[-85.07812,32.95337],[-84.94629,32.95337],[-84.94629,32.99024],[-85.07812,32.99024],[-85.07812,32.95337]]]}},{"type":"Feature","properties":{},"geometry":{"type":"Polygon","coordinates":[[[-85.07812,33.06392],[-84.94629,33.06392],[-84.94629,33.10075],[-85.07812,33.10075],[-85.07812,33.06392]]]}},{"type":"Feature","properties":{},"geometry":{"type":"Polygon","coordinates":[[[-117.33398,32.99024],[-116.98242,32.99024],[-116.98242,33.02709],[-117.33398,33.02709],[-117.33398,32.99024]]]}},{"type":"Feature","properties":{},"geometry":{"type":"Polygon","coordinates":[[[-97.42676,32.99024],[-97.11914,32.99024],[-97.11914,33.02709],[-97.42676,33.02709],[-97.42676,32.99024]]]}},{"type":"Feature","properties":{},"geometry":{"type":"Polygon","coordinates":[[[-85.12207,32.99024],[-84.94629,32.99024],[-84.94629,33.06392],[-85.12207,33.06392],[-85.12207,32.99024]]]}},{"type":"Feature","properties":{},"geometry":{"type":"Polygon","coordinates":[[[-80.33203,32.99024],[-79.93652,32.99024],[-79.93652,33.02709],[-80.33203,33.02709],[-80.33203,32.99024]]]}},{"type":"Feature","properties":{},"geometry":{"type":"Polygon","coordinates":[[[-117.33398,33.02709],[-117.02637,33.02709],[-117.02637,33.06392],[-117.33398,33.06392],[-117.33398,33.02709]]]}},{"type":"Feature","properties":{},"geometry":{"type":"Polygon","coordinates":[[[-80.33203,33.02709],[-79.98047,33.02709],[-79.98047,33.10075],[-80.33203,33.10075],[-80.33203,33.02709]]]}},{"type":"Feature","properties":{},"geometry":{"type":"Polygon","coordinates":[[[-117.33398,33.06392],[-116.93848,33.06392],[-116.93848,33.10075],[-117.33398,33.10075],[-117.33398,33.06392]]]}},{"type":"Feature","properties":{},"geometry":{"type":"Polygon","coordinates":[[[-117.37793,33.10075],[-116.98242,33.10075],[-116.98242,33.17434],[-117.37793,33.17434],[-117.37793,33.10075]]]}},{"type":"Feature","properties":{},"geometry":{"type":"Polygon","coordinates":[[[-111.62109,33.10075],[-111.48926,33.10075],[-111.48926,33.17434],[-111.62109,33.17434],[-111.62109,33.10075]]]}},{"type":"Feature","properties":{},"geometry":{"type":"Polygon","coordinates":[[[-80.15625,33.10075],[-79.98047,33.10075],[-79.98047,33.13755],[-80.15625,33.13755],[-80.15625,33.10075]]]}},{"type":"Feature","properties":{},"geometry":{"type":"Polygon","coordinates":[[[-80.15625,40.68064],[-79.98047,40.68064],[-79.98047,40.71396],[-80.15625,40.71396],[-80.15625,40.68064]]]}},{"type":"Feature","properties":{},"geometry":{"type":"Polygon","coordinates":[[[-111.18164,32.10119],[-110.74219,32.10119],[-110.74219,32.2128],[-111.18164,32.2128],[-111.18164,32.10119]]]}},{"type":"Feature","properties":{},"geometry":{"type":"Polygon","coordinates":[[[-81.34277,32.10119],[-81.03516,32.10119],[-81.03516,32.13841],[-81.34277,32.13841],[-81.34277,32.10119]]]}},{"type":"Feature","properties":{},"geometry":{"type":"Polygon","coordinates":[[[-81.34277,32.13841],[-81.0791,32.13841],[-81.0791,32.17561],[-81.34277,32.17561],[-81.34277,32.13841]]]}},{"type":"Feature","properties":{},"geometry":{"type":"Polygon","coordinates":[[[-111.1377,32.24997],[-110.6543,32.24997],[-110.6543,32.28713],[-111.1377,32.28713],[-111.1377,32.24997]]]}},{"type":"Feature","properties":{},"geometry":{"type":"Polygon","coordinates":[[[-106.91895,32.24997],[-106.65527,32.24997],[-106.65527,32.28713],[-106.91895,32.28713],[-106.91895,32.24997]]]}},{"type":"Feature","properties":{},"geometry":{"type":"Polygon","coordinates":[[[-90.35156,32.24997],[-89.91211,32.24997],[-89.91211,32.28713],[-90.35156,32.28713],[-90.35156,32.24997]]]}},{"type":"Feature","properties":{},"geometry":{"type":"Polygon","coordinates":[[[-90.35156,32.3614],[-89.91211,32.3614],[-89.91211,32.39852],[-90.35156,32.39852],[-90.35156,32.3614]]]}},{"type":"Feature","properties":{},"geometry":{"type":"Polygon","coordinates":[[[-111.1377,32.28713],[-110.69824,32.28713],[-110.69824,32.32428],[-111.1377,32.32428],[-111.1377,32.28713]]]}},{"type":"Feature","properties":{},"geometry":{"type":"Polygon","coordinates":[[[-106.91895,32.28713],[-106.69922,32.28713],[-106.69922,32.3614],[-106.91895,32.3614],[-106.91895,32.28713]]]}},{"type":"Feature","properties":{},"geometry":{"type":"Polygon","coordinates":[[[-96.9873,32.28713],[-96.85547,32.28713],[-96.85547,32.3614],[-96.9873,32.3614],[-96.9873,32.28713]]]}},{"type":"Feature","properties":{},"geometry":{"type":"Polygon","coordinates":[[[-90.39551,32.28713],[-89.95605,32.28713],[-89.95605,32.3614],[-90.39551,32.3614],[-90.39551,32.28713]]]}},{"type":"Feature","properties":{},"geometry":{"type":"Polygon","coordinates":[[[-111.18164,32.32428],[-110.78613,32.32428],[-110.78613,32.3614],[-111.18164,32.3614],[-111.18164,32.32428]]]}},{"type":"Feature","properties":{},"geometry":{"type":"Polygon","coordinates":[[[-86.35254,32.32428],[-86.08887,32.32428],[-86.08887,32.3614],[-86.35254,32.3614],[-86.35254,32.32428]]]}},{"type":"Feature","properties":{},"geometry":{"type":"Polygon","coordinates":[[[-111.18164,32.3614],[-110.91797,32.3614],[-110.91797,32.39852],[-111.18164,32.39852],[-111.18164,32.3614]]]}},{"type":"Feature","properties":{},"geometry":{"type":"Polygon","coordinates":[[[-106.875,32.3614],[-106.65527,32.3614],[-106.65527,32.43561],[-106.875,32.43561],[-106.875,32.3614]]]}},{"type":"Feature","properties":{},"geometry":{"type":"Polygon","coordinates":[[[-97.16309,32.3614],[-96.85547,32.3614],[-96.85547,32.39852],[-97.16309,32.39852],[-97.16309,32.3614]]]}},{"type":"Feature","properties":{},"geometry":{"type":"Polygon","coordinates":[[[-86.39648,32.3614],[-86.08887,32.3614],[-86.08887,32.39852],[-86.39648,32.39852],[-86.39648,32.3614]]]}},{"type":"Feature","properties":{},"geometry":{"type":"Polygon","coordinates":[[[-81.87012,32.3614],[-81.69434,32.3614],[-81.69434,32.39852],[-81.87012,32.39852],[-81.87012,32.3614]]]}},{"type":"Feature","properties":{},"geometry":{"type":"Polygon","coordinates":[[[-81.87012,32.43561],[-81.69434,32.43561],[-81.69434,32.4727],[-81.87012,32.4727],[-81.87012,32.43561]]]}},{"type":"Feature","properties":{},"geometry":{"type":"Polygon","coordinates":[[[-81.87012,38.23818],[-81.69434,38.23818],[-81.69434,38.27269],[-81.87012,38.27269],[-81.87012,38.23818]]]}},{"type":"Feature","properties":{},"geometry":{"type":"Polygon","coordinates":[[[-111.0498,32.06396],[-110.74219,32.06396],[-110.74219,32.10119],[-111.0498,32.10119],[-111.0498,32.06396]]]}},{"type":"Feature","properties":{},"geometry":{"type":"Polygon","coordinates":[[[-102.2168,32.06396],[-101.95312,32.06396],[-101.95312,32.10119],[-102.2168,32.10119],[-102.2168,32.06396]]]}},{"type":"Feature","properties":{},"geometry":{"type":"Polygon","coordinates":[[[-81.34277,32.06396],[-80.99121,32.06396],[-80.99121,32.10119],[-81.34277,32.10119],[-81.34277,32.06396]]]}},{"type":"Feature","properties":{},"geometry":{"type":"Polygon","coordinates":[[[-111.09375,32.2128],[-110.6543,32.2128],[-110.6543,32.24997],[-111.09375,32.24997],[-111.09375,32.2128]]]}},{"type":"Feature","properties":{},"geometry":{"type":"Polygon","coordinates":[[[-106.83105,32.2128],[-106.65527,32.2128],[-106.65527,32.24997],[-106.83105,32.24997],[-106.83105,32.2128]]]}},{"type":"Feature","properties":{},"geometry":{"type":"Polygon","coordinates":[[[-106.83105,34.74161],[-106.65527,34.74161],[-106.65527,34.84988],[-106.83105,34.84988],[-106.83105,34.74161]]]}},{"type":"Feature","properties":{},"geometry":{"type":"Polygon","coordinates":[[[-90.30762,32.2128],[-90.04395,32.2128],[-90.04395,32.24997],[-90.30762,32.24997],[-90.30762,32.2128]]]}},{"type":"Feature","properties":{},"geometry":{"type":"Polygon","coordinates":[[[-111.09375,32.39852],[-110.91797,32.39852],[-110.91797,32.43561],[-111.09375,32.43561],[-111.09375,32.39852]]]}},{"type":"Feature","properties":{},"geometry":{"type":"Polygon","coordinates":[[[-99.93164,32.39852],[-99.58008,32.39852],[-99.58008,32.4727],[-99.93164,32.4727],[-99.93164,32.39852]]]}},{"type":"Feature","properties":{},"geometry":{"type":"Polygon","coordinates":[[[-93.86719,32.39852],[-93.64746,32.39852],[-93.64746,32.43561],[-93.86719,32.43561],[-93.86719,32.39852]]]}},{"type":"Feature","properties":{},"geometry":{"type":"Polygon","coordinates":[[[-92.15332,32.39852],[-92.02148,32.39852],[-92.02148,32.43561],[-92.15332,32.43561],[-92.15332,32.39852]]]}},{"type":"Feature","properties":{},"geometry":{"type":"Polygon","coordinates":[[[-90.21973,32.39852],[-89.91211,32.39852],[-89.91211,32.43561],[-90.21973,32.43561],[-90.21973,32.39852]]]}},{"type":"Feature","properties":{},"geometry":{"type":"Polygon","coordinates":[[[-86.35254,32.39852],[-86.13281,32.39852],[-86.13281,32.43561],[-86.35254,32.43561],[-86.35254,32.39852]]]}},{"type":"Feature","properties":{},"geometry":{"type":"Polygon","coordinates":[[[-84.99023,32.39852],[-84.90234,32.39852],[-84.90234,32.43561],[-84.99023,32.43561],[-84.99023,32.39852]]]}},{"type":"Feature","properties":{},"geometry":{"type":"Polygon","coordinates":[[[-83.75977,32.39852],[-83.62793,32.39852],[-83.62793,32.43561],[-83.75977,32.43561],[-83.75977,32.39852]]]}},{"type":"Feature","properties":{},"geometry":{"type":"Polygon","coordinates":[[[-81.87012,32.39852],[-81.65039,32.39852],[-81.65039,32.43561],[-81.87012,32.43561],[-81.87012,32.39852]]]}},{"type":"Feature","properties":{},"geometry":{"type":"Polygon","coordinates":[[[-111.0498,32.43561],[-110.87402,32.43561],[-110.87402,32.4727],[-111.0498,32.4727],[-111.0498,32.43561]]]}},{"type":"Feature","properties":{},"geometry":{"type":"Polygon","coordinates":[[[-106.74316,32.43561],[-106.65527,32.43561],[-106.65527,32.4727],[-106.74316,32.4727],[-106.74316,32.43561]]]}},{"type":"Feature","properties":{},"geometry":{"type":"Polygon","coordinates":[[[-106.74316,34.88593],[-106.65527,34.88593],[-106.65527,34.92197],[-106.74316,34.92197],[-106.74316,34.88593]]]}},{"type":"Feature","properties":{},"geometry":{"type":"Polygon","coordinates":[[[-93.86719,32.43561],[-93.60352,32.43561],[-93.60352,32.4727],[-93.86719,32.4727],[-93.86719,32.43561]]]}},{"type":"Feature","properties":{},"geometry":{"type":"Polygon","coordinates":[[[-92.24121,32.43561],[-91.97754,32.43561],[-91.97754,32.4727],[-92.24121,32.4727],[-92.24121,32.43561]]]}},{"type":"Feature","properties":{},"geometry":{"type":"Polygon","coordinates":[[[-90.21973,32.43561],[-90.04395,32.43561],[-90.04395,32.4727],[-90.21973,32.4727],[-90.21973,32.43561]]]}},{"type":"Feature","properties":{},"geometry":{"type":"Polygon","coordinates":[[[-111.0498,32.4727],[-110.83008,32.4727],[-110.83008,32.50976],[-111.0498,32.50976],[-111.0498,32.4727]]]}},{"type":"Feature","properties":{},"geometry":{"type":"Polygon","coordinates":[[[-90.17578,32.4727],[-90.04395,32.4727],[-90.04395,32.50976],[-90.17578,32.50976],[-90.17578,32.4727]]]}},{"type":"Feature","properties":{},"geometry":{"type":"Polygon","coordinates":[[[-85.07812,32.4727],[-84.90234,32.4727],[-84.90234,32.50976],[-85.07812,32.50976],[-85.07812,32.4727]]]}},{"type":"Feature","properties":{},"geometry":{"type":"Polygon","coordinates":[[[-102.43652,31.95216],[-102.34863,31.95216],[-102.34863,31.98944],[-102.43652,31.98944],[-102.43652,31.95216]]]}},{"type":"Feature","properties":{},"geometry":{"type":"Polygon","coordinates":[[[-102.30469,31.95216],[-101.95312,31.95216],[-101.95312,31.98944],[-102.30469,31.98944],[-102.30469,31.95216]]]}},{"type":"Feature","properties":{},"geometry":{"type":"Polygon","coordinates":[[[-81.29883,31.95216],[-80.94727,31.95216],[-80.94727,31.98944],[-81.29883,31.98944],[-81.29883,31.95216]]]}},{"type":"Feature","properties":{},"geometry":{"type":"Polygon","coordinates":[[[-102.26074,31.98944],[-101.90918,31.98944],[-101.90918,32.02671],[-102.26074,32.02671],[-102.26074,31.98944]]]}},{"type":"Feature","properties":{},"geometry":{"type":"Polygon","coordinates":[[[-81.29883,31.98944],[-80.90332,31.98944],[-80.90332,32.02671],[-81.29883,32.02671],[-81.29883,31.98944]]]}},{"type":"Feature","properties":{},"geometry":{"type":"Polygon","coordinates":[[[-102.2168,32.02671],[-101.90918,32.02671],[-101.90918,32.06396],[-102.2168,32.06396],[-102.2168,32.02671]]]}},{"type":"Feature","properties":{},"geometry":{"type":"Polygon","coordinates":[[[-81.34277,32.02671],[-80.94727,32.02671],[-80.94727,32.06396],[-81.34277,32.06396],[-81.34277,32.02671]]]}},{"type":"Feature","properties":{},"geometry":{"type":"Polygon","coordinates":[[[-83.36426,30.78904],[-83.18848,30.78904],[-83.18848,30.86451],[-83.36426,30.86451],[-83.36426,30.78904]]]}},{"type":"Feature","properties":{},"geometry":{"type":"Polygon","coordinates":[[[-81.73828,30.78904],[-81.5625,30.78904],[-81.5625,30.86451],[-81.73828,30.86451],[-81.73828,30.78904]]]}},{"type":"Feature","properties":{},"geometry":{"type":"Polygon","coordinates":[[[-83.4082,30.86451],[-83.18848,30.86451],[-83.18848,30.93992],[-83.4082,30.93992],[-83.4082,30.86451]]]}},{"type":"Feature","properties":{},"geometry":{"type":"Polygon","coordinates":[[[-83.27637,30.93992],[-83.18848,30.93992],[-83.18848,30.97761],[-83.27637,30.97761],[-83.27637,30.93992]]]}},{"type":"Feature","properties":{},"geometry":{"type":"Polygon","coordinates":[[[-117.94922,33.57801],[-117.59766,33.57801],[-117.59766,33.61462],[-117.94922,33.61462],[-117.94922,33.57801]]]}},{"type":"Feature","properties":{},"geometry":{"type":"Polygon","coordinates":[[[-117.33398,33.57801],[-117.07031,33.57801],[-117.07031,33.61462],[-117.33398,33.61462],[-117.33398,33.57801]]]}},{"type":"Feature","properties":{},"geometry":{"type":"Polygon","coordinates":[[[-116.2793,33.57801],[-116.10352,33.57801],[-116.10352,33.61462],[-116.2793,33.61462],[-116.2793,33.57801]]]}},{"type":"Feature","properties":{},"geometry":{"type":"Polygon","coordinates":[[[-112.5,33.54139],[-111.75293,33.54139],[-111.75293,33.61462],[-112.5,33.61462],[-112.5,33.54139]]]}},{"type":"Feature","properties":{},"geometry":{"type":"Polygon","coordinates":[[[-101.99707,33.54139],[-101.77734,33.54139],[-101.77734,33.61462],[-101.99707,33.61462],[-101.99707,33.54139]]]}},{"type":"Feature","properties":{},"geometry":{"type":"Polygon","coordinates":[[[-101.99707,35.10193],[-101.77734,35.10193],[-101.77734,35.13788],[-101.99707,35.13788],[-101.99707,35.10193]]]}},{"type":"Feature","properties":{},"geometry":{"type":"Polygon","coordinates":[[[-86.83594,33.57801],[-86.57227,33.57801],[-86.57227,33.61462],[-86.83594,33.61462],[-86.83594,33.57801]]]}},{"type":"Feature","properties":{},"geometry":{"type":"Polygon","coordinates":[[[-86.00098,33.57801],[-85.7373,33.57801],[-85.7373,33.61462],[-86.00098,33.61462],[-86.00098,33.57801]]]}},{"type":"Feature","properties":{},"geometry":{"type":"Polygon","coordinates":[[[-84.68262,33.54139],[-84.15527,33.54139],[-84.15527,33.61462],[-84.68262,33.61462],[-84.68262,33.54139]]]}},{"type":"Feature","properties":{},"geometry":{"type":"Polygon","coordinates":[[[-82.22168,33.57801],[-81.60645,33.57801],[-81.60645,33.61462],[-82.22168,33.61462],[-82.22168,33.57801]]]}},{"type":"Feature","properties":{},"geometry":{"type":"Polygon","coordinates":[[[-118.03711,33.61462],[-117.55371,33.61462],[-117.55371,33.65121],[-118.03711,33.65121],[-118.03711,33.61462]]]}},{"type":"Feature","properties":{},"geometry":{"type":"Polygon","coordinates":[[[-117.42187,33.17434],[-117.07031,33.17434],[-117.07031,33.21112],[-117.42187,33.21112],[-117.42187,33.17434]]]}},{"type":"Feature","properties":{},"geometry":{"type":"Polygon","coordinates":[[[-117.42187,33.61462],[-117.07031,33.61462],[-117.07031,33.65121],[-117.42187,33.65121],[-117.42187,33.61462]]]}},{"type":"Feature","properties":{},"geometry":{"type":"Polygon","coordinates":[[[-116.32324,33.61462],[-116.10352,33.61462],[-116.10352,33.65121],[-116.32324,33.65121],[-116.32324,33.61462]]]}},{"type":"Feature","properties":{},"geometry":{"type":"Polygon","coordinates":[[[-112.5,33.61462],[-111.79687,33.61462],[-111.79687,33.65121],[-112.5,33.65121],[-112.5,33.61462]]]}},{"type":"Feature","properties":{},"geometry":{"type":"Polygon","coordinates":[[[-101.90918,33.61462],[-101.77734,33.61462],[-101.77734,33.65121],[-101.90918,33.65121],[-101.90918,33.61462]]]}},{"type":"Feature","properties":{},"geometry":{"type":"Polygon","coordinates":[[[-101.90918,35.2815],[-101.77734,35.2815],[-101.77734,35.31737],[-101.90918,35.31737],[-101.90918,35.2815]]]}},{"type":"Feature","properties":{},"geometry":{"type":"Polygon","coordinates":[[[-86.79199,33.61462],[-86.57227,33.61462],[-86.57227,33.65121],[-86.79199,33.65121],[-86.79199,33.61462]]]}},{"type":"Feature","properties":{},"geometry":{"type":"Polygon","coordinates":[[[-86.00098,33.61462],[-85.69336,33.61462],[-85.69336,33.65121],[-86.00098,33.65121],[-86.00098,33.61462]]]}},{"type":"Feature","properties":{},"geometry":{"type":"Polygon","coordinates":[[[-84.81445,33.61462],[-84.15527,33.61462],[-84.15527,33.68778],[-84.81445,33.68778],[-84.81445,33.61462]]]}},{"type":"Feature","properties":{},"geometry":{"type":"Polygon","coordinates":[[[-84.81445,39.02772],[-84.15527,39.02772],[-84.15527,39.06185],[-84.81445,39.06185],[-84.81445,39.02772]]]}},{"type":"Feature","properties":{},"geometry":{"type":"Polygon","coordinates":[[[-82.00195,33.61462],[-81.91406,33.61462],[-81.91406,33.65121],[-82.00195,33.65121],[-82.00195,33.61462]]]}},{"type":"Feature","properties":{},"geometry":{"type":"Polygon","coordinates":[[[-81.78223,33.61462],[-81.69434,33.61462],[-81.69434,33.65121],[-81.78223,33.65121],[-81.78223,33.61462]]]}},{"type":"Feature","properties":{},"geometry":{"type":"Polygon","coordinates":[[[-118.08105,33.65121],[-117.59766,33.65121],[-117.59766,33.68778],[-118.08105,33.68778],[-118.08105,33.65121]]]}},{"type":"Feature","properties":{},"geometry":{"type":"Polygon","coordinates":[[[-117.42187,33.65121],[-117.11426,33.65121],[-117.11426,33.68778],[-117.42187,33.68778],[-117.42187,33.65121]]]}},{"type":"Feature","properties":{},"geometry":{"type":"Polygon","coordinates":[[[-117.42187,34.41597],[-117.11426,34.41597],[-117.11426,34.48845],[-117.42187,34.48845],[-117.42187,34.41597]]]}},{"type":"Feature","properties":{},"geometry":{"type":"Polygon","coordinates":[[[-116.45508,33.65121],[-116.10352,33.65121],[-116.10352,33.68778],[-116.45508,33.68778],[-116.45508,33.65121]]]}},{"type":"Feature","properties":{},"geometry":{"type":"Polygon","coordinates":[[[-112.5,33.65121],[-111.84082,33.65121],[-111.84082,33.68778],[-112.5,33.68778],[-112.5,33.65121]]]}},{"type":"Feature","properties":{},"geometry":{"type":"Polygon","coordinates":[[[-101.86523,33.65121],[-101.77734,33.65121],[-101.77734,33.68778],[-101.86523,33.68778],[-101.86523,33.65121]]]}},{"type":"Feature","properties":{},"geometry":{"type":"Polygon","coordinates":[[[-101.86523,35.31737],[-101.77734,35.31737],[-101.77734,35.35322],[-101.86523,35.35322],[-101.86523,35.31737]]]}},{"type":"Feature","properties":{},"geometry":{"type":"Polygon","coordinates":[[[-86.74805,33.65121],[-86.57227,33.65121],[-86.57227,33.68778],[-86.74805,33.68778],[-86.74805,33.65121]]]}},{"type":"Feature","properties":{},"geometry":{"type":"Polygon","coordinates":[[[-85.95703,33.65121],[-85.64941,33.65121],[-85.64941,33.68778],[-85.95703,33.68778],[-85.95703,33.65121]]]}},{"type":"Feature","properties":{},"geometry":{"type":"Polygon","coordinates":[[[-118.38867,33.68778],[-118.21289,33.68778],[-118.21289,33.72434],[-118.38867,33.72434],[-118.38867,33.68778]]]}},{"type":"Feature","properties":{},"geometry":{"type":"Polygon","coordinates":[[[-118.125,33.68778],[-117.6416,33.68778],[-117.6416,33.72434],[-118.125,33.72434],[-118.125,33.68778]]]}},{"type":"Feature","properties":{},"geometry":{"type":"Polygon","coordinates":[[[-117.42187,33.68778],[-116.89453,33.68778],[-116.89453,33.72434],[-117.42187,33.72434],[-117.42187,33.68778]]]}},{"type":"Feature","properties":{},"geometry":{"type":"Polygon","coordinates":[[[-116.45508,33.68778],[-116.14746,33.68778],[-116.14746,33.72434],[-116.45508,33.72434],[-116.45508,33.68778]]]}},{"type":"Feature","properties":{},"geometry":{"type":"Polygon","coordinates":[[[-112.41211,33.68778],[-111.79687,33.68778],[-111.79687,33.72434],[-112.41211,33.72434],[-112.41211,33.68778]]]}},{"type":"Feature","properties":{},"geometry":{"type":"Polygon","coordinates":[[[-86.7041,33.68778],[-86.57227,33.68778],[-86.57227,33.72434],[-86.7041,33.72434],[-86.7041,33.68778]]]}},{"type":"Feature","properties":{},"geometry":{"type":"Polygon","coordinates":[[[-85.91309,33.68778],[-85.64941,33.68778],[-85.64941,33.72434],[-85.91309,33.72434],[-85.91309,33.68778]]]}},{"type":"Feature","properties":{},"geometry":{"type":"Polygon","coordinates":[[[-84.81445,33.46811],[-83.97949,33.46811],[-83.97949,33.50476],[-84.81445,33.50476],[-84.81445,33.46811]]]}},{"type":"Feature","properties":{},"geometry":{"type":"Polygon","coordinates":[[[-84.81445,33.68778],[-83.97949,33.68778],[-83.97949,33.76088],[-84.81445,33.76088],[-84.81445,33.68778]]]}},{"type":"Feature","properties":{},"geometry":{"type":"Polygon","coordinates":[[[-118.43262,33.72434],[-117.72949,33.72434],[-117.72949,33.83392],[-118.43262,33.83392],[-118.43262,33.72434]]]}},{"type":"Feature","properties":{},"geometry":{"type":"Polygon","coordinates":[[[-117.33398,33.72434],[-116.85059,33.72434],[-116.85059,33.79741],[-117.33398,33.79741],[-117.33398,33.72434]]]}},{"type":"Feature","properties":{},"geometry":{"type":"Polygon","coordinates":[[[-116.49902,33.72434],[-116.14746,33.72434],[-116.14746,33.76088],[-116.49902,33.76088],[-116.49902,33.72434]]]}},{"type":"Feature","properties":{},"geometry":{"type":"Polygon","coordinates":[[[-112.32422,33.72434],[-112.06055,33.72434],[-112.06055,33.76088],[-112.32422,33.76088],[-112.32422,33.72434]]]}},{"type":"Feature","properties":{},"geometry":{"type":"Polygon","coordinates":[[[-112.0166,33.72434],[-111.79687,33.72434],[-111.79687,33.76088],[-112.0166,33.76088],[-112.0166,33.72434]]]}},{"type":"Feature","properties":{},"geometry":{"type":"Polygon","coordinates":[[[-85.95703,33.54139],[-85.7373,33.54139],[-85.7373,33.57801],[-85.95703,33.57801],[-85.95703,33.54139]]]}},{"type":"Feature","properties":{},"geometry":{"type":"Polygon","coordinates":[[[-85.95703,33.72434],[-85.7373,33.72434],[-85.7373,33.76088],[-85.95703,33.76088],[-85.95703,33.72434]]]}},{"type":"Feature","properties":{},"geometry":{"type":"Polygon","coordinates":[[[-116.58691,33.76088],[-116.19141,33.76088],[-116.19141,33.79741],[-116.58691,33.79741],[-116.58691,33.76088]]]}},{"type":"Feature","properties":{},"geometry":{"type":"Polygon","coordinates":[[[-112.23633,33.76088],[-111.88477,33.76088],[-111.88477,33.79741],[-112.23633,33.79741],[-112.23633,33.76088]]]}},{"type":"Feature","properties":{},"geometry":{"type":"Polygon","coordinates":[[[-85.95703,33.76088],[-85.69336,33.76088],[-85.69336,33.79741],[-85.95703,33.79741],[-85.95703,33.76088]]]}},{"type":"Feature","properties":{},"geometry":{"type":"Polygon","coordinates":[[[-84.90234,33.76088],[-83.80371,33.76088],[-83.80371,33.79741],[-84.90234,33.79741],[-84.90234,33.76088]]]}},{"type":"Feature","properties":{},"geometry":{"type":"Polygon","coordinates":[[[-84.90234,33.83392],[-83.80371,33.83392],[-83.80371,33.9069],[-84.90234,33.9069],[-84.90234,33.83392]]]}},{"type":"Feature","properties":{},"geometry":{"type":"Polygon","coordinates":[[[-117.59766,33.79741],[-117.42187,33.79741],[-117.42187,33.83392],[-117.59766,33.83392],[-117.59766,33.79741]]]}},{"type":"Feature","properties":{},"geometry":{"type":"Polygon","coordinates":[[[-117.37793,33.79741],[-117.07031,33.79741],[-117.07031,33.83392],[-117.37793,33.83392],[-117.37793,33.79741]]]}},{"type":"Feature","properties":{},"geometry":{"type":"Polygon","coordinates":[[[-117.02637,33.79741],[-116.89453,33.79741],[-116.89453,33.83392],[-117.02637,33.83392],[-117.02637,33.79741]]]}},{"type":"Feature","properties":{},"geometry":{"type":"Polygon","coordinates":[[[-116.58691,33.79741],[-116.2793,33.79741],[-116.2793,33.83392],[-116.58691,33.83392],[-116.58691,33.79741]]]}},{"type":"Feature","properties":{},"geometry":{"type":"Polygon","coordinates":[[[-112.19238,33.79741],[-111.88477,33.79741],[-111.88477,33.87042],[-112.19238,33.87042],[-112.19238,33.79741]]]}},{"type":"Feature","properties":{},"geometry":{"type":"Polygon","coordinates":[[[-85.8252,33.79741],[-85.69336,33.79741],[-85.69336,33.83392],[-85.8252,33.83392],[-85.8252,33.79741]]]}},{"type":"Feature","properties":{},"geometry":{"type":"Polygon","coordinates":[[[-85.8252,38.34166],[-85.69336,38.34166],[-85.69336,38.41056],[-85.8252,38.41056],[-85.8252,38.34166]]]}},{"type":"Feature","properties":{},"geometry":{"type":"Polygon","coordinates":[[[-84.90234,33.79741],[-83.75977,33.79741],[-83.75977,33.83392],[-84.90234,33.83392],[-84.90234,33.79741]]]}},{"type":"Feature","properties":{},"geometry":{"type":"Polygon","coordinates":[[[-118.43262,33.83392],[-117.07031,33.83392],[-117.07031,33.87042],[-118.43262,33.87042],[-118.43262,33.83392]]]}},{"type":"Feature","properties":{},"geometry":{"type":"Polygon","coordinates":[[[-116.58691,33.83392],[-116.36719,33.83392],[-116.36719,33.87042],[-116.58691,33.87042],[-116.58691,33.83392]]]}},{"type":"Feature","properties":{},"geometry":{"type":"Polygon","coordinates":[[[-85.8252,33.83392],[-85.7373,33.83392],[-85.7373,33.87042],[-85.8252,33.87042],[-85.8252,33.83392]]]}},{"type":"Feature","properties":{},"geometry":{"type":"Polygon","coordinates":[[[-118.43262,33.87042],[-117.11426,33.87042],[-117.11426,33.9069],[-118.43262,33.9069],[-118.43262,33.87042]]]}},{"type":"Feature","properties":{},"geometry":{"type":"Polygon","coordinates":[[[-116.98242,33.87042],[-116.85059,33.87042],[-116.85059,33.9069],[-116.98242,33.9069],[-116.98242,33.87042]]]}},{"type":"Feature","properties":{},"geometry":{"type":"Polygon","coordinates":[[[-116.58691,33.87042],[-116.45508,33.87042],[-116.45508,33.9069],[-116.58691,33.9069],[-116.58691,33.87042]]]}},{"type":"Feature","properties":{},"geometry":{"type":"Polygon","coordinates":[[[-116.58691,33.97981],[-116.45508,33.97981],[-116.45508,34.01624],[-116.58691,34.01624],[-116.58691,33.97981]]]}},{"type":"Feature","properties":{},"geometry":{"type":"Polygon","coordinates":[[[-112.19238,33.87042],[-112.0166,33.87042],[-112.0166,33.9069],[-112.19238,33.9069],[-112.19238,33.87042]]]}},{"type":"Feature","properties":{},"geometry":{"type":"Polygon","coordinates":[[[-118.47656,33.9069],[-117.77344,33.9069],[-117.77344,33.94336],[-118.47656,33.94336],[-118.47656,33.9069]]]}},{"type":"Feature","properties":{},"geometry":{"type":"Polygon","coordinates":[[[-117.68555,33.9069],[-117.11426,33.9069],[-117.11426,33.94336],[-117.68555,33.94336],[-117.68555,33.9069]]]}},{"type":"Feature","properties":{},"geometry":{"type":"Polygon","coordinates":[[[-117.07031,33.9069],[-116.7627,33.9069],[-116.7627,33.94336],[-117.07031,33.94336],[-117.07031,33.9069]]]}},{"type":"Feature","properties":{},"geometry":{"type":"Polygon","coordinates":[[[-116.54297,33.9069],[-116.41113,33.9069],[-116.41113,33.94336],[-116.54297,33.94336],[-116.54297,33.9069]]]}},{"type":"Feature","properties":{},"geometry":{"type":"Polygon","coordinates":[[[-84.90234,33.9069],[-83.67187,33.9069],[-83.67187,33.94336],[-84.90234,33.94336],[-84.90234,33.9069]]]}},{"type":"Feature","properties":{},"geometry":{"type":"Polygon","coordinates":[[[-118.47656,33.94336],[-117.81738,33.94336],[-117.81738,33.97981],[-118.47656,33.97981],[-118.47656,33.94336]]]}},{"type":"Feature","properties":{},"geometry":{"type":"Polygon","coordinates":[[[-117.77344,33.94336],[-116.80664,33.94336],[-116.80664,33.97981],[-117.77344,33.97981],[-117.77344,33.94336]]]}},{"type":"Feature","properties":{},"geometry":{"type":"Polygon","coordinates":[[[-116.58691,33.94336],[-116.41113,33.94336],[-116.41113,33.97981],[-116.58691,33.97981],[-116.58691,33.94336]]]}},{"type":"Feature","properties":{},"geometry":{"type":"Polygon","coordinates":[[[-84.8584,33.94336],[-83.62793,33.94336],[-83.62793,34.01624],[-84.8584,34.01624],[-84.8584,33.94336]]]}},{"type":"Feature","properties":{},"geometry":{"type":"Polygon","coordinates":[[[-118.52051,33.97981],[-117.24609,33.97981],[-117.24609,34.01624],[-118.52051,34.01624],[-118.52051,33.97981]]]}},{"type":"Feature","properties":{},"geometry":{"type":"Polygon","coordinates":[[[-117.1582,33.97981],[-116.93848,33.97981],[-116.93848,34.01624],[-117.1582,34.01624],[-117.1582,33.97981]]]}},{"type":"Feature","properties":{},"geometry":{"type":"Polygon","coordinates":[[[-118.6084,34.01624],[-116.98242,34.01624],[-116.98242,34.08906],[-118.6084,34.08906],[-118.6084,34.01624]]]}},{"type":"Feature","properties":{},"geometry":{"type":"Polygon","coordinates":[[[-84.77051,34.01624],[-83.67187,34.01624],[-83.67187,34.05266],[-84.77051,34.05266],[-84.77051,34.01624]]]}},{"type":"Feature","properties":{},"geometry":{"type":"Polygon","coordinates":[[[-81.16699,34.01624],[-80.90332,34.01624],[-80.90332,34.05266],[-81.16699,34.05266],[-81.16699,34.01624]]]}},{"type":"Feature","properties":{},"geometry":{"type":"Polygon","coordinates":[[[-84.77051,34.05266],[-83.71582,34.05266],[-83.71582,34.08906],[-84.77051,34.08906],[-84.77051,34.05266]]]}},{"type":"Feature","properties":{},"geometry":{"type":"Polygon","coordinates":[[[-81.21094,34.05266],[-80.90332,34.05266],[-80.90332,34.08906],[-81.21094,34.08906],[-81.21094,34.05266]]]}},{"type":"Feature","properties":{},"geometry":{"type":"Polygon","coordinates":[[[-118.74023,34.08906],[-118.65234,34.08906],[-118.65234,34.12545],[-118.74023,34.12545],[-118.74023,34.08906]]]}},{"type":"Feature","properties":{},"geometry":{"type":"Polygon","coordinates":[[[-118.74023,34.30714],[-118.65234,34.30714],[-118.65234,34.34344],[-118.74023,34.34344],[-118.74023,34.30714]]]}},{"type":"Feature","properties":{},"geometry":{"type":"Polygon","coordinates":[[[-118.52051,34.08906],[-117.11426,34.08906],[-117.11426,34.12545],[-118.52051,34.12545],[-118.52051,34.08906]]]}},{"type":"Feature","properties":{},"geometry":{"type":"Polygon","coordinates":[[[-84.77051,34.08906],[-83.80371,34.08906],[-83.80371,34.12545],[-84.77051,34.12545],[-84.77051,34.08906]]]}},{"type":"Feature","properties":{},"geometry":{"type":"Polygon","coordinates":[[[-81.21094,34.08906],[-81.12305,34.08906],[-81.12305,34.12545],[-81.21094,34.12545],[-81.21094,34.08906]]]}},{"type":"Feature","properties":{},"geometry":{"type":"Polygon","coordinates":[[[-119.26758,34.12545],[-119.0918,34.12545],[-119.0918,34.19817],[-119.26758,34.19817],[-119.26758,34.12545]]]}},{"type":"Feature","properties":{},"geometry":{"type":"Polygon","coordinates":[[[-119.00391,34.12545],[-118.91602,34.12545],[-118.91602,34.16182],[-119.00391,34.16182],[-119.00391,34.12545]]]}},{"type":"Feature","properties":{},"geometry":{"type":"Polygon","coordinates":[[[-118.87207,34.12545],[-117.77344,34.12545],[-117.77344,34.16182],[-118.87207,34.16182],[-118.87207,34.12545]]]}},{"type":"Feature","properties":{},"geometry":{"type":"Polygon","coordinates":[[[-117.72949,34.12545],[-117.1582,34.12545],[-117.1582,34.16182],[-117.72949,34.16182],[-117.72949,34.12545]]]}},{"type":"Feature","properties":{},"geometry":{"type":"Polygon","coordinates":[[[-84.63867,34.12545],[-83.80371,34.12545],[-83.80371,34.16182],[-84.63867,34.16182],[-84.63867,34.12545]]]}},{"type":"Feature","properties":{},"geometry":{"type":"Polygon","coordinates":[[[-119.04785,34.16182],[-117.99316,34.16182],[-117.99316,34.19817],[-119.04785,34.19817],[-119.04785,34.16182]]]}},{"type":"Feature","properties":{},"geometry":{"type":"Polygon","coordinates":[[[-117.37793,34.16182],[-117.24609,34.16182],[-117.24609,34.19817],[-117.37793,34.19817],[-117.37793,34.16182]]]}},{"type":"Feature","properties":{},"geometry":{"type":"Polygon","coordinates":[[[-84.59473,34.16182],[-83.80371,34.16182],[-83.80371,34.19817],[-84.59473,34.19817],[-84.59473,34.16182]]]}},{"type":"Feature","properties":{},"geometry":{"type":"Polygon","coordinates":[[[-119.31152,34.19817],[-118.08105,34.19817],[-118.08105,34.23451],[-119.31152,34.23451],[-119.31152,34.19817]]]}},{"type":"Feature","properties":{},"geometry":{"type":"Polygon","coordinates":[[[-84.55078,34.19817],[-84.375,34.19817],[-84.375,34.23451],[-84.55078,34.23451],[-84.55078,34.19817]]]}},{"type":"Feature","properties":{},"geometry":{"type":"Polygon","coordinates":[[[-84.28711,34.19817],[-83.80371,34.19817],[-83.80371,34.27084],[-84.28711,34.27084],[-84.28711,34.19817]]]}},{"type":"Feature","properties":{},"geometry":{"type":"Polygon","coordinates":[[[-119.31152,34.23451],[-118.95996,34.23451],[-118.95996,34.27084],[-119.31152,34.27084],[-119.31152,34.23451]]]}},{"type":"Feature","properties":{},"geometry":{"type":"Polygon","coordinates":[[[-118.91602,34.23451],[-118.21289,34.23451],[-118.21289,34.27084],[-118.91602,34.27084],[-118.91602,34.23451]]]}},{"type":"Feature","properties":{},"geometry":{"type":"Polygon","coordinates":[[[-84.55078,34.23451],[-84.41895,34.23451],[-84.41895,34.27084],[-84.55078,34.27084],[-84.55078,34.23451]]]}},{"type":"Feature","properties":{},"geometry":{"type":"Polygon","coordinates":[[[-119.35547,34.27084],[-119.0918,34.27084],[-119.0918,34.30714],[-119.35547,34.30714],[-119.35547,34.27084]]]}},{"type":"Feature","properties":{},"geometry":{"type":"Polygon","coordinates":[[[-119.00391,34.27084],[-118.95996,34.27084],[-118.95996,34.30714],[-119.00391,34.30714],[-119.00391,34.27084]]]}},{"type":"Feature","properties":{},"geometry":{"type":"Polygon","coordinates":[[[-118.87207,34.27084],[-118.30078,34.27084],[-118.30078,34.30714],[-118.87207,34.30714],[-118.87207,34.27084]]]}},{"type":"Feature","properties":{},"geometry":{"type":"Polygon","coordinates":[[[-84.24316,34.27084],[-84.06738,34.27084],[-84.06738,34.30714],[-84.24316,34.30714],[-84.24316,34.27084]]]}},{"type":"Feature","properties":{},"geometry":{"type":"Polygon","coordinates":[[[-83.97949,34.27084],[-83.75977,34.27084],[-83.75977,34.30714],[-83.97949,34.30714],[-83.97949,34.27084]]]}},{"type":"Feature","properties":{},"geometry":{"type":"Polygon","coordinates":[[[-117.77344,33.46811],[-117.55371,33.46811],[-117.55371,33.50476],[-117.77344,33.50476],[-117.77344,33.46811]]]}},{"type":"Feature","properties":{},"geometry":{"type":"Polygon","coordinates":[[[-117.20215,33.46811],[-117.02637,33.46811],[-117.02637,33.50476],[-117.20215,33.50476],[-117.20215,33.46811]]]}},{"type":"Feature","properties":{},"geometry":{"type":"Polygon","coordinates":[[[-112.58789,33.46811],[-111.62109,33.46811],[-111.62109,33.50476],[-112.58789,33.50476],[-112.58789,33.46811]]]}},{"type":"Feature","properties":{},"geometry":{"type":"Polygon","coordinates":[[[-101.90918,33.46811],[-101.86523,33.46811],[-101.86523,33.50476],[-101.90918,33.50476],[-101.90918,33.46811]]]}},{"type":"Feature","properties":{},"geometry":{"type":"Polygon","coordinates":[[[-87.01172,33.35806],[-86.66016,33.35806],[-86.66016,33.43144],[-87.01172,33.43144],[-87.01172,33.35806]]]}},{"type":"Feature","properties":{},"geometry":{"type":"Polygon","coordinates":[[[-87.01172,33.46811],[-86.66016,33.46811],[-86.66016,33.50476],[-87.01172,33.50476],[-87.01172,33.46811]]]}},{"type":"Feature","properties":{},"geometry":{"type":"Polygon","coordinates":[[[-82.26562,33.43144],[-81.60645,33.43144],[-81.60645,33.57801],[-82.26562,33.57801],[-82.26562,33.43144]]]}},{"type":"Feature","properties":{},"geometry":{"type":"Polygon","coordinates":[[[-117.81738,33.50476],[-117.59766,33.50476],[-117.59766,33.54139],[-117.81738,33.54139],[-117.81738,33.50476]]]}},{"type":"Feature","properties":{},"geometry":{"type":"Polygon","coordinates":[[[-117.24609,33.50476],[-117.02637,33.50476],[-117.02637,33.54139],[-117.24609,33.54139],[-117.24609,33.50476]]]}},{"type":"Feature","properties":{},"geometry":{"type":"Polygon","coordinates":[[[-112.58789,33.50476],[-111.84082,33.50476],[-111.84082,33.54139],[-112.58789,33.54139],[-112.58789,33.50476]]]}},{"type":"Feature","properties":{},"geometry":{"type":"Polygon","coordinates":[[[-101.95312,33.50476],[-101.77734,33.50476],[-101.77734,33.54139],[-101.95312,33.54139],[-101.95312,33.50476]]]}},{"type":"Feature","properties":{},"geometry":{"type":"Polygon","coordinates":[[[-86.92383,33.50476],[-86.61621,33.50476],[-86.61621,33.54139],[-86.92383,33.54139],[-86.92383,33.50476]]]}},{"type":"Feature","properties":{},"geometry":{"type":"Polygon","coordinates":[[[-86.92383,41.60723],[-86.61621,41.60723],[-86.61621,41.64008],[-86.92383,41.64008],[-86.92383,41.60723]]]}},{"type":"Feature","properties":{},"geometry":{"type":"Polygon","coordinates":[[[-84.72656,33.50476],[-84.15527,33.50476],[-84.15527,33.54139],[-84.72656,33.54139],[-84.72656,33.50476]]]}},{"type":"Feature","properties":{},"geometry":{"type":"Polygon","coordinates":[[[-117.86133,33.54139],[-117.59766,33.54139],[-117.59766,33.57801],[-117.86133,33.57801],[-117.86133,33.54139]]]}},{"type":"Feature","properties":{},"geometry":{"type":"Polygon","coordinates":[[[-117.29004,33.54139],[-117.07031,33.54139],[-117.07031,33.57801],[-117.29004,33.57801],[-117.29004,33.54139]]]}},{"type":"Feature","properties":{},"geometry":{"type":"Polygon","coordinates":[[[-86.87988,33.54139],[-86.61621,33.54139],[-86.61621,33.57801],[-86.87988,33.57801],[-86.87988,33.54139]]]}},{"type":"Feature","properties":{},"geometry":{"type":"Polygon","coordinates":[[[-117.33398,33.24788],[-117.1582,33.24788],[-117.1582,33.28462],[-117.33398,33.28462],[-117.33398,33.24788]]]}},{"type":"Feature","properties":{},"geometry":{"type":"Polygon","coordinates":[[[-112.0166,33.24788],[-111.48926,33.24788],[-111.48926,33.28462],[-112.0166,33.28462],[-112.0166,33.24788]]]}},{"type":"Feature","properties":{},"geometry":{"type":"Polygon","coordinates":[[[-86.83594,33.24788],[-86.79199,33.24788],[-86.79199,33.28462],[-86.83594,33.28462],[-86.83594,33.24788]]]}},{"type":"Feature","properties":{},"geometry":{"type":"Polygon","coordinates":[[[-84.63867,33.24788],[-84.50684,33.24788],[-84.50684,33.28462],[-84.63867,33.28462],[-84.63867,33.24788]]]}},{"type":"Feature","properties":{},"geometry":{"type":"Polygon","coordinates":[[[-84.375,33.17434],[-84.15527,33.17434],[-84.15527,33.32135],[-84.375,33.32135],[-84.375,33.17434]]]}},{"type":"Feature","properties":{},"geometry":{"type":"Polygon","coordinates":[[[-82.13379,33.24788],[-82.08984,33.24788],[-82.08984,33.28462],[-82.13379,33.28462],[-82.13379,33.24788]]]}},{"type":"Feature","properties":{},"geometry":{"type":"Polygon","coordinates":[[[-80.06836,33.24788],[-80.02441,33.24788],[-80.02441,33.28462],[-80.06836,33.28462],[-80.06836,33.24788]]]}},{"type":"Feature","properties":{},"geometry":{"type":"Polygon","coordinates":[[[-117.29004,33.28462],[-117.24609,33.28462],[-117.24609,33.32135],[-117.29004,33.32135],[-117.29004,33.28462]]]}},{"type":"Feature","properties":{},"geometry":{"type":"Polygon","coordinates":[[[-112.10449,33.28462],[-111.57715,33.28462],[-111.57715,33.32135],[-112.10449,33.32135],[-112.10449,33.28462]]]}},{"type":"Feature","properties":{},"geometry":{"type":"Polygon","coordinates":[[[-86.92383,33.28462],[-86.74805,33.28462],[-86.74805,33.32135],[-86.92383,33.32135],[-86.92383,33.28462]]]}},{"type":"Feature","properties":{},"geometry":{"type":"Polygon","coordinates":[[[-84.8584,33.28462],[-84.46289,33.28462],[-84.46289,33.32135],[-84.8584,33.32135],[-84.8584,33.28462]]]}},{"type":"Feature","properties":{},"geometry":{"type":"Polygon","coordinates":[[[-112.67578,33.32135],[-111.57715,33.32135],[-111.57715,33.35806],[-112.67578,33.35806],[-112.67578,33.32135]]]}},{"type":"Feature","properties":{},"geometry":{"type":"Polygon","coordinates":[[[-87.05566,33.32135],[-86.7041,33.32135],[-86.7041,33.35806],[-87.05566,33.35806],[-87.05566,33.32135]]]}},{"type":"Feature","properties":{},"geometry":{"type":"Polygon","coordinates":[[[-84.90234,33.32135],[-84.46289,33.32135],[-84.46289,33.35806],[-84.90234,33.35806],[-84.90234,33.32135]]]}},{"type":"Feature","properties":{},"geometry":{"type":"Polygon","coordinates":[[[-84.375,33.32135],[-84.02344,33.32135],[-84.02344,33.35806],[-84.375,33.35806],[-84.375,33.32135]]]}},{"type":"Feature","properties":{},"geometry":{"type":"Polygon","coordinates":[[[-84.375,39.84229],[-84.02344,39.84229],[-84.02344,39.87602],[-84.375,39.87602],[-84.375,39.84229]]]}},{"type":"Feature","properties":{},"geometry":{"type":"Polygon","coordinates":[[[-117.6416,33.35806],[-117.55371,33.35806],[-117.55371,33.43144],[-117.6416,33.43144],[-117.6416,33.35806]]]}},{"type":"Feature","properties":{},"geometry":{"type":"Polygon","coordinates":[[[-112.67578,33.35806],[-111.48926,33.35806],[-111.48926,33.46811],[-112.67578,33.46811],[-112.67578,33.35806]]]}},{"type":"Feature","properties":{},"geometry":{"type":"Polygon","coordinates":[[[-84.90234,33.35806],[-83.97949,33.35806],[-83.97949,33.46811],[-84.90234,33.46811],[-84.90234,33.35806]]]}},{"type":"Feature","properties":{},"geometry":{"type":"Polygon","coordinates":[[[-82.17773,33.35806],[-81.91406,33.35806],[-81.91406,33.39476],[-82.17773,33.39476],[-82.17773,33.35806]]]}},{"type":"Feature","properties":{},"geometry":{"type":"Polygon","coordinates":[[[-82.22168,33.39476],[-81.82617,33.39476],[-81.82617,33.43144],[-82.22168,33.43144],[-82.22168,33.39476]]]}},{"type":"Feature","properties":{},"geometry":{"type":"Polygon","coordinates":[[[-117.72949,33.43144],[-117.55371,33.43144],[-117.55371,33.46811],[-117.72949,33.46811],[-117.72949,33.43144]]]}},{"type":"Feature","properties":{},"geometry":{"type":"Polygon","coordinates":[[[-117.1582,33.43144],[-117.02637,33.43144],[-117.02637,33.46811],[-117.1582,33.46811],[-117.1582,33.43144]]]}},{"type":"Feature","properties":{},"geometry":{"type":"Polygon","coordinates":[[[-87.01172,33.43144],[-86.7041,33.43144],[-86.7041,33.46811],[-87.01172,33.46811],[-87.01172,33.43144]]]}},{"type":"Feature","properties":{},"geometry":{"type":"Polygon","coordinates":[[[-84.375,33.13755],[-84.24316,33.13755],[-84.24316,33.17434],[-84.375,33.17434],[-84.375,33.13755]]]}},{"type":"Feature","properties":{},"geometry":{"type":"Polygon","coordinates":[[[-80.1123,33.13755],[-79.93652,33.13755],[-79.93652,33.21112],[-80.1123,33.21112],[-80.1123,33.13755]]]}},{"type":"Feature","properties":{},"geometry":{"type":"Polygon","coordinates":[[[-111.92871,33.17434],[-111.48926,33.17434],[-111.48926,33.24788],[-111.92871,33.24788],[-111.92871,33.17434]]]}},{"type":"Feature","properties":{},"geometry":{"type":"Polygon","coordinates":[[[-117.42187,33.21112],[-117.1582,33.21112],[-117.1582,33.24788],[-117.42187,33.24788],[-117.42187,33.21112]]]}},{"type":"Feature","properties":{},"geometry":{"type":"Polygon","coordinates":[[[-80.06836,33.21112],[-79.93652,33.21112],[-79.93652,33.24788],[-80.06836,33.24788],[-80.06836,33.21112]]]}},{"type":"Feature","properties":{},"geometry":{"type":"Polygon","coordinates":[[[-119.92676,34.37971],[-119.5752,34.37971],[-119.5752,34.41597],[-119.92676,34.41597],[-119.92676,34.37971]]]}},{"type":"Feature","properties":{},"geometry":{"type":"Polygon","coordinates":[[[-118.65234,34.37971],[-118.38867,34.37971],[-118.38867,34.41597],[-118.65234,34.41597],[-118.65234,34.37971]]]}},{"type":"Feature","properties":{},"geometry":{"type":"Polygon","coordinates":[[[-117.42187,34.37971],[-117.20215,34.37971],[-117.20215,34.41597],[-117.42187,34.41597],[-117.42187,34.37971]]]}},{"type":"Feature","properties":{},"geometry":{"type":"Polygon","coordinates":[[[-87.01172,34.37971],[-86.87988,34.37971],[-86.87988,34.41597],[-87.01172,34.41597],[-87.01172,34.37971]]]}},{"type":"Feature","properties":{},"geometry":{"type":"Polygon","coordinates":[[[-119.92676,34.41597],[-119.53125,34.41597],[-119.53125,34.45222],[-119.92676,34.45222],[-119.92676,34.41597]]]}},{"type":"Feature","properties":{},"geometry":{"type":"Polygon","coordinates":[[[-118.65234,34.41597],[-118.34473,34.41597],[-118.34473,34.45222],[-118.65234,34.45222],[-118.65234,34.41597]]]}},{"type":"Feature","properties":{},"geometry":{"type":"Polygon","coordinates":[[[-114.38965,34.41597],[-114.21387,34.41597],[-114.21387,34.52466],[-114.38965,34.52466],[-114.38965,34.41597]]]}},{"type":"Feature","properties":{},"geometry":{"type":"Polygon","coordinates":[[[-87.01172,34.41597],[-86.83594,34.41597],[-86.83594,34.48845],[-87.01172,34.48845],[-87.01172,34.41597]]]}},{"type":"Feature","properties":{},"geometry":{"type":"Polygon","coordinates":[[[-119.83887,34.45222],[-119.70703,34.45222],[-119.70703,34.48845],[-119.83887,34.48845],[-119.83887,34.45222]]]}},{"type":"Feature","properties":{},"geometry":{"type":"Polygon","coordinates":[[[-119.83887,39.43619],[-119.70703,39.43619],[-119.70703,39.47013],[-119.83887,39.47013],[-119.83887,39.43619]]]}},{"type":"Feature","properties":{},"geometry":{"type":"Polygon","coordinates":[[[-118.69629,34.45222],[-118.34473,34.45222],[-118.34473,34.48845],[-118.69629,34.48845],[-118.69629,34.45222]]]}},{"type":"Feature","properties":{},"geometry":{"type":"Polygon","coordinates":[[[-112.28027,34.45222],[-112.19238,34.45222],[-112.19238,34.48845],[-112.28027,34.48845],[-112.28027,34.45222]]]}},{"type":"Feature","properties":{},"geometry":{"type":"Polygon","coordinates":[[[-120.54199,34.8138],[-120.32227,34.8138],[-120.32227,34.958],[-120.54199,34.958],[-120.54199,34.8138]]]}},{"type":"Feature","properties":{},"geometry":{"type":"Polygon","coordinates":[[[-87.05566,34.74161],[-86.44043,34.74161],[-86.44043,34.84988],[-87.05566,34.84988],[-87.05566,34.74161]]]}},{"type":"Feature","properties":{},"geometry":{"type":"Polygon","coordinates":[[[-82.44141,34.8138],[-82.22168,34.8138],[-82.22168,34.84988],[-82.44141,34.84988],[-82.44141,34.8138]]]}},{"type":"Feature","properties":{},"geometry":{"type":"Polygon","coordinates":[[[-106.78711,34.84988],[-106.65527,34.84988],[-106.65527,34.88593],[-106.78711,34.88593],[-106.78711,34.84988]]]}},{"type":"Feature","properties":{},"geometry":{"type":"Polygon","coordinates":[[[-86.87988,34.84988],[-86.44043,34.84988],[-86.44043,34.88593],[-86.87988,34.88593],[-86.87988,34.84988]]]}},{"type":"Feature","properties":{},"geometry":{"type":"Polygon","coordinates":[[[-82.44141,34.84988],[-82.17773,34.84988],[-82.17773,34.88593],[-82.44141,34.88593],[-82.44141,34.84988]]]}},{"type":"Feature","properties":{},"geometry":{"type":"Polygon","coordinates":[[[-86.79199,34.88593],[-86.52832,34.88593],[-86.52832,34.958],[-86.79199,34.958],[-86.79199,34.88593]]]}},{"type":"Feature","properties":{},"geometry":{"type":"Polygon","coordinates":[[[-82.44141,34.88593],[-82.35352,34.88593],[-82.35352,34.92197],[-82.44141,34.92197],[-82.44141,34.88593]]]}},{"type":"Feature","properties":{},"geometry":{"type":"Polygon","coordinates":[[[-106.74316,34.92197],[-106.61133,34.92197],[-106.61133,34.994],[-106.74316,34.994],[-106.74316,34.92197]]]}},{"type":"Feature","properties":{},"geometry":{"type":"Polygon","coordinates":[[[-120.54199,34.958],[-120.36621,34.958],[-120.36621,34.994],[-120.54199,34.994],[-120.54199,34.958]]]}},{"type":"Feature","properties":{},"geometry":{"type":"Polygon","coordinates":[[[-86.61621,34.958],[-86.52832,34.958],[-86.52832,34.994],[-86.61621,34.994],[-86.61621,34.958]]]}},{"type":"Feature","properties":{},"geometry":{"type":"Polygon","coordinates":[[[-120.49805,34.994],[-120.36621,34.994],[-120.36621,35.03],[-120.49805,35.03],[-120.49805,34.994]]]}},{"type":"Feature","properties":{},"geometry":{"type":"Polygon","coordinates":[[[-106.78711,34.994],[-106.61133,34.994],[-106.61133,35.03],[-106.78711,35.03],[-106.78711,34.994]]]}},{"type":"Feature","properties":{},"geometry":{"type":"Polygon","coordinates":[[[-90.04395,34.994],[-89.78027,34.994],[-89.78027,35.03],[-90.04395,35.03],[-90.04395,34.994]]]}},{"type":"Feature","properties":{},"geometry":{"type":"Polygon","coordinates":[[[-118.65234,34.48845],[-118.56445,34.48845],[-118.56445,34.52466],[-118.65234,34.52466],[-118.65234,34.48845]]]}},{"type":"Feature","properties":{},"geometry":{"type":"Polygon","coordinates":[[[-118.03711,34.48845],[-117.99316,34.48845],[-117.99316,34.52466],[-118.03711,34.52466],[-118.03711,34.48845]]]}},{"type":"Feature","properties":{},"geometry":{"type":"Polygon","coordinates":[[[-117.46582,34.48845],[-117.11426,34.48845],[-117.11426,34.56086],[-117.46582,34.56086],[-117.46582,34.48845]]]}},{"type":"Feature","properties":{},"geometry":{"type":"Polygon","coordinates":[[[-112.54395,34.48845],[-112.36816,34.48845],[-112.36816,34.52466],[-112.54395,34.52466],[-112.54395,34.48845]]]}},{"type":"Feature","properties":{},"geometry":{"type":"Polygon","coordinates":[[[-112.32422,34.48845],[-112.19238,34.48845],[-112.19238,34.52466],[-112.32422,34.52466],[-112.32422,34.48845]]]}},{"type":"Feature","properties":{},"geometry":{"type":"Polygon","coordinates":[[[-87.05566,34.48845],[-86.83594,34.48845],[-86.83594,34.52466],[-87.05566,34.52466],[-87.05566,34.48845]]]}},{"type":"Feature","properties":{},"geometry":{"type":"Polygon","coordinates":[[[-87.05566,35.63944],[-86.83594,35.63944],[-86.83594,35.67515],[-87.05566,35.67515],[-87.05566,35.63944]]]}},{"type":"Feature","properties":{},"geometry":{"type":"Polygon","coordinates":[[[-118.21289,34.52466],[-117.99316,34.52466],[-117.99316,34.59704],[-118.21289,34.59704],[-118.21289,34.52466]]]}},{"type":"Feature","properties":{},"geometry":{"type":"Polygon","coordinates":[[[-114.43359,34.52466],[-114.25781,34.52466],[-114.25781,34.56086],[-114.43359,34.56086],[-114.43359,34.52466]]]}},{"type":"Feature","properties":{},"geometry":{"type":"Polygon","coordinates":[[[-112.54395,34.52466],[-112.19238,34.52466],[-112.19238,34.59704],[-112.54395,34.59704],[-112.54395,34.52466]]]}},{"type":"Feature","properties":{},"geometry":{"type":"Polygon","coordinates":[[[-87.09961,34.52466],[-86.83594,34.52466],[-86.83594,34.56086],[-87.09961,34.56086],[-87.09961,34.52466]]]}},{"type":"Feature","properties":{},"geometry":{"type":"Polygon","coordinates":[[[-117.37793,34.56086],[-117.11426,34.56086],[-117.11426,34.59704],[-117.37793,34.59704],[-117.37793,34.56086]]]}},{"type":"Feature","properties":{},"geometry":{"type":"Polygon","coordinates":[[[-114.43359,34.56086],[-114.30176,34.56086],[-114.30176,34.59704],[-114.43359,34.59704],[-114.43359,34.56086]]]}},{"type":"Feature","properties":{},"geometry":{"type":"Polygon","coordinates":[[[-106.83105,34.56086],[-106.69922,34.56086],[-106.69922,34.74161],[-106.83105,34.74161],[-106.83105,34.56086]]]}},{"type":"Feature","properties":{},"geometry":{"type":"Polygon","coordinates":[[[-87.14355,34.56086],[-86.87988,34.56086],[-86.87988,34.59704],[-87.14355,34.59704],[-87.14355,34.56086]]]}},{"type":"Feature","properties":{},"geometry":{"type":"Polygon","coordinates":[[[-86.66016,34.56086],[-86.48437,34.56086],[-86.48437,34.59704],[-86.66016,34.59704],[-86.66016,34.56086]]]}},{"type":"Feature","properties":{},"geometry":{"type":"Polygon","coordinates":[[[-118.25684,34.59704],[-118.03711,34.59704],[-118.03711,34.63321],[-118.25684,34.63321],[-118.25684,34.59704]]]}},{"type":"Feature","properties":{},"geometry":{"type":"Polygon","coordinates":[[[-118.25684,34.70549],[-118.03711,34.70549],[-118.03711,34.74161],[-118.25684,34.74161],[-118.25684,34.70549]]]}},{"type":"Feature","properties":{},"geometry":{"type":"Polygon","coordinates":[[[-112.54395,34.59704],[-112.23633,34.59704],[-112.23633,34.63321],[-112.54395,34.63321],[-112.54395,34.59704]]]}},{"type":"Feature","properties":{},"geometry":{"type":"Polygon","coordinates":[[[-87.14355,34.59704],[-86.92383,34.59704],[-86.92383,34.63321],[-87.14355,34.63321],[-87.14355,34.59704]]]}},{"type":"Feature","properties":{},"geometry":{"type":"Polygon","coordinates":[[[-86.83594,34.59704],[-86.44043,34.59704],[-86.44043,34.66936],[-86.83594,34.66936],[-86.83594,34.59704]]]}},{"type":"Feature","properties":{},"geometry":{"type":"Polygon","coordinates":[[[-118.30078,34.63321],[-117.99316,34.63321],[-117.99316,34.66936],[-118.30078,34.66936],[-118.30078,34.63321]]]}},{"type":"Feature","properties":{},"geometry":{"type":"Polygon","coordinates":[[[-112.45605,34.63321],[-112.23633,34.63321],[-112.23633,34.66936],[-112.45605,34.66936],[-112.45605,34.63321]]]}},{"type":"Feature","properties":{},"geometry":{"type":"Polygon","coordinates":[[[-87.09961,34.63321],[-87.01172,34.63321],[-87.01172,34.66936],[-87.09961,34.66936],[-87.09961,34.63321]]]}},{"type":"Feature","properties":{},"geometry":{"type":"Polygon","coordinates":[[[-118.25684,34.66936],[-117.99316,34.66936],[-117.99316,34.70549],[-118.25684,34.70549],[-118.25684,34.66936]]]}},{"type":"Feature","properties":{},"geometry":{"type":"Polygon","coordinates":[[[-112.45605,34.66936],[-112.36816,34.66936],[-112.36816,34.70549],[-112.45605,34.70549],[-112.45605,34.66936]]]}},{"type":"Feature","properties":{},"geometry":{"type":"Polygon","coordinates":[[[-86.83594,34.66936],[-86.39648,34.66936],[-86.39648,34.70549],[-86.83594,34.70549],[-86.83594,34.66936]]]}},{"type":"Feature","properties":{},"geometry":{"type":"Polygon","coordinates":[[[-111.75293,35.06597],[-111.66504,35.06597],[-111.66504,35.10193],[-111.75293,35.10193],[-111.75293,35.06597]]]}},{"type":"Feature","properties":{},"geometry":{"type":"Polygon","coordinates":[[[-106.78711,35.06597],[-106.43555,35.06597],[-106.43555,35.13788],[-106.78711,35.13788],[-106.78711,35.06597]]]}},{"type":"Feature","properties":{},"geometry":{"type":"Polygon","coordinates":[[[-101.90918,35.06597],[-101.82129,35.06597],[-101.82129,35.10193],[-101.90918,35.10193],[-101.90918,35.06597]]]}},{"type":"Feature","properties":{},"geometry":{"type":"Polygon","coordinates":[[[-90.13184,35.06597],[-89.69238,35.06597],[-89.69238,35.17381],[-90.13184,35.17381],[-90.13184,35.06597]]]}},{"type":"Feature","properties":{},"geometry":{"type":"Polygon","coordinates":[[[-111.75293,35.10193],[-111.62109,35.10193],[-111.62109,35.17381],[-111.75293,35.17381],[-111.75293,35.10193]]]}},{"type":"Feature","properties":{},"geometry":{"type":"Polygon","coordinates":[[[-106.74316,35.13788],[-106.43555,35.13788],[-106.43555,35.17381],[-106.74316,35.17381],[-106.74316,35.13788]]]}},{"type":"Feature","properties":{},"geometry":{"type":"Polygon","coordinates":[[[-101.99707,35.13788],[-101.7334,35.13788],[-101.7334,35.17381],[-101.99707,35.17381],[-101.99707,35.13788]]]}},{"type":"Feature","properties":{},"geometry":{"type":"Polygon","coordinates":[[[-111.75293,35.17381],[-111.5332,35.17381],[-111.5332,35.20972],[-111.75293,35.20972],[-111.75293,35.17381]]]}},{"type":"Feature","properties":{},"geometry":{"type":"Polygon","coordinates":[[[-106.78711,35.03],[-106.47949,35.03],[-106.47949,35.06597],[-106.78711,35.06597],[-106.78711,35.03]]]}},{"type":"Feature","properties":{},"geometry":{"type":"Polygon","coordinates":[[[-106.78711,35.17381],[-106.47949,35.17381],[-106.47949,35.20972],[-106.78711,35.20972],[-106.78711,35.17381]]]}},{"type":"Feature","properties":{},"geometry":{"type":"Polygon","coordinates":[[[-106.78711,52.05249],[-106.47949,52.05249],[-106.47949,52.07951],[-106.78711,52.07951],[-106.78711,52.05249]]]}},{"type":"Feature","properties":{},"geometry":{"type":"Polygon","coordinates":[[[-101.95312,35.17381],[-101.64551,35.17381],[-101.64551,35.24562],[-101.95312,35.24562],[-101.95312,35.17381]]]}},{"type":"Feature","properties":{},"geometry":{"type":"Polygon","coordinates":[[[-90.08789,35.03],[-89.69238,35.03],[-89.69238,35.06597],[-90.08789,35.06597],[-90.08789,35.03]]]}},{"type":"Feature","properties":{},"geometry":{"type":"Polygon","coordinates":[[[-90.08789,35.17381],[-89.69238,35.17381],[-89.69238,35.20972],[-90.08789,35.20972],[-90.08789,35.17381]]]}},{"type":"Feature","properties":{},"geometry":{"type":"Polygon","coordinates":[[[-111.70898,35.20972],[-111.5332,35.20972],[-111.5332,35.2815],[-111.70898,35.2815],[-111.70898,35.20972]]]}},{"type":"Feature","properties":{},"geometry":{"type":"Polygon","coordinates":[[[-106.78711,35.20972],[-106.56738,35.20972],[-106.56738,35.2815],[-106.78711,35.2815],[-106.78711,35.20972]]]}},{"type":"Feature","properties":{},"geometry":{"type":"Polygon","coordinates":[[[-89.95605,35.20972],[-89.86816,35.20972],[-89.86816,35.24562],[-89.95605,35.24562],[-89.95605,35.20972]]]}},{"type":"Feature","properties":{},"geometry":{"type":"Polygon","coordinates":[[[-119.0918,35.24562],[-118.95996,35.24562],[-118.95996,35.2815],[-119.0918,35.2815],[-119.0918,35.24562]]]}},{"type":"Feature","properties":{},"geometry":{"type":"Polygon","coordinates":[[[-119.0918,36.06686],[-118.95996,36.06686],[-118.95996,36.10238],[-119.0918,36.10238],[-119.0918,36.06686]]]}},{"type":"Feature","properties":{},"geometry":{"type":"Polygon","coordinates":[[[-101.95312,35.24562],[-101.68945,35.24562],[-101.68945,35.2815],[-101.95312,35.2815],[-101.95312,35.24562]]]}},{"type":"Feature","properties":{},"geometry":{"type":"Polygon","coordinates":[[[-119.31152,34.30714],[-119.26758,34.30714],[-119.26758,34.34344],[-119.31152,34.34344],[-119.31152,34.30714]]]}},{"type":"Feature","properties":{},"geometry":{"type":"Polygon","coordinates":[[[-119.22363,34.30714],[-119.17969,34.30714],[-119.17969,34.34344],[-119.22363,34.34344],[-119.22363,34.30714]]]}},{"type":"Feature","properties":{},"geometry":{"type":"Polygon","coordinates":[[[-118.52051,34.30714],[-118.38867,34.30714],[-118.38867,34.34344],[-118.52051,34.34344],[-118.52051,34.30714]]]}},{"type":"Feature","properties":{},"geometry":{"type":"Polygon","coordinates":[[[-84.24316,34.30714],[-84.19922,34.30714],[-84.19922,34.34344],[-84.24316,34.34344],[-84.24316,34.30714]]]}},{"type":"Feature","properties":{},"geometry":{"type":"Polygon","coordinates":[[[-83.8916,34.30714],[-83.75977,34.30714],[-83.75977,34.34344],[-83.8916,34.34344],[-83.8916,34.30714]]]}},{"type":"Feature","properties":{},"geometry":{"type":"Polygon","coordinates":[[[-118.6084,34.34344],[-118.38867,34.34344],[-118.38867,34.37971],[-118.6084,34.37971],[-118.6084,34.34344]]]}},{"type":"Feature","properties":{},"geometry":{"type":"Polygon","coordinates":[[[-117.42187,34.34344],[-117.24609,34.34344],[-117.24609,34.37971],[-117.42187,34.37971],[-117.42187,34.34344]]]}},{"type":"Feature","properties":{},"geometry":{"type":"Polygon","coordinates":[[[-83.84766,34.34344],[-83.80371,34.34344],[-83.80371,34.37971],[-83.84766,34.37971],[-83.84766,34.34344]]]}},{"type":"Feature","properties":{},"geometry":{"type":"Polygon","coordinates":[[[-92.41699,34.70549],[-92.19727,34.70549],[-92.19727,34.74161],[-92.41699,34.74161],[-92.41699,34.70549]]]}},{"type":"Feature","properties":{},"geometry":{"type":"Polygon","coordinates":[[[-92.41699,34.77772],[-92.19727,34.77772],[-92.19727,34.8138],[-92.41699,34.8138],[-92.41699,34.77772]]]}},{"type":"Feature","properties":{},"geometry":{"type":"Polygon","coordinates":[[[-92.41699,38.99357],[-92.19727,38.99357],[-92.19727,39.02772],[-92.41699,39.02772],[-92.41699,38.99357]]]}},{"type":"Feature","properties":{},"geometry":{"type":"Polygon","coordinates":[[[-86.92383,34.70549],[-86.39648,34.70549],[-86.39648,34.74161],[-86.92383,34.74161],[-86.92383,34.70549]]]}},{"type":"Feature","properties":{},"geometry":{"type":"Polygon","coordinates":[[[-119.13574,35.2815],[-118.95996,35.2815],[-118.95996,35.31737],[-119.13574,35.31737],[-119.13574,35.2815]]]}},{"type":"Feature","properties":{},"geometry":{"type":"Polygon","coordinates":[[[-106.78711,35.2815],[-106.52344,35.2815],[-106.52344,35.31737],[-106.78711,35.31737],[-106.78711,35.2815]]]}},{"type":"Feature","properties":{},"geometry":{"type":"Polygon","coordinates":[[[-97.55859,35.2815],[-97.42676,35.2815],[-97.42676,35.31737],[-97.55859,35.31737],[-97.55859,35.2815]]]}},{"type":"Feature","properties":{},"geometry":{"type":"Polygon","coordinates":[[[-119.17969,35.31737],[-118.87207,35.31737],[-118.87207,35.35322],[-119.17969,35.35322],[-119.17969,35.31737]]]}},{"type":"Feature","properties":{},"geometry":{"type":"Polygon","coordinates":[[[-106.74316,35.31737],[-106.47949,35.31737],[-106.47949,35.35322],[-106.74316,35.35322],[-106.74316,35.31737]]]}},{"type":"Feature","properties":{},"geometry":{"type":"Polygon","coordinates":[[[-106.74316,52.1874],[-106.47949,52.1874],[-106.47949,52.21434],[-106.74316,52.21434],[-106.74316,52.1874]]]}},{"type":"Feature","properties":{},"geometry":{"type":"Polygon","coordinates":[[[-97.60254,35.31737],[-97.42676,35.31737],[-97.42676,35.35322],[-97.60254,35.35322],[-97.60254,35.31737]]]}},{"type":"Feature","properties":{},"geometry":{"type":"Polygon","coordinates":[[[-119.22363,35.35322],[-118.87207,35.35322],[-118.87207,35.42487],[-119.22363,35.42487],[-119.22363,35.35322]]]}},{"type":"Feature","properties":{},"geometry":{"type":"Polygon","coordinates":[[[-106.65527,35.35322],[-106.47949,35.35322],[-106.47949,35.38905],[-106.65527,35.38905],[-106.65527,35.35322]]]}},{"type":"Feature","properties":{},"geometry":{"type":"Polygon","coordinates":[[[-97.77832,35.35322],[-97.33887,35.35322],[-97.33887,35.38905],[-97.77832,35.38905],[-97.77832,35.35322]]]}},{"type":"Feature","properties":{},"geometry":{"type":"Polygon","coordinates":[[[-97.77832,35.38905],[-97.29492,35.38905],[-97.29492,35.53223],[-97.77832,35.53223],[-97.77832,35.38905]]]}},{"type":"Feature","properties":{},"geometry":{"type":"Polygon","coordinates":[[[-119.17969,35.42487],[-119.00391,35.42487],[-119.00391,35.46067],[-119.17969,35.46067],[-119.17969,35.42487]]]}},{"type":"Feature","properties":{},"geometry":{"type":"Polygon","coordinates":[[[-92.46094,34.74161],[-92.19727,34.74161],[-92.19727,34.77772],[-92.46094,34.77772],[-92.46094,34.74161]]]}},{"type":"Feature","properties":{},"geometry":{"type":"Polygon","coordinates":[[[-92.46094,38.89103],[-92.19727,38.89103],[-92.19727,38.92523],[-92.46094,38.92523],[-92.46094,38.89103]]]}},{"type":"Feature","properties":{},"geometry":{"type":"Polygon","coordinates":[[[-82.39746,34.74161],[-82.26562,34.74161],[-82.26562,34.77772],[-82.39746,34.77772],[-82.39746,34.74161]]]}},{"type":"Feature","properties":{},"geometry":{"type":"Polygon","coordinates":[[[-119.83887,36.24427],[-119.75098,36.24427],[-119.75098,36.27971],[-119.83887,36.27971],[-119.83887,36.24427]]]}},{"type":"Feature","properties":{},"geometry":{"type":"Polygon","coordinates":[[[-119.39941,36.17336],[-119.26758,36.17336],[-119.26758,36.27971],[-119.39941,36.27971],[-119.39941,36.17336]]]}},{"type":"Feature","properties":{},"geometry":{"type":"Polygon","coordinates":[[[-119.17969,36.24427],[-119.0918,36.24427],[-119.0918,36.27971],[-119.17969,36.27971],[-119.17969,36.24427]]]}},{"type":"Feature","properties":{},"geometry":{"type":"Polygon","coordinates":[[[-115.40039,36.17336],[-114.96094,36.17336],[-114.96094,36.31513],[-115.40039,36.31513],[-115.40039,36.17336]]]}},{"type":"Feature","properties":{},"geometry":{"type":"Polygon","coordinates":[[[-113.02734,35.96022],[-108.94043,35.96022],[-108.94043,37.0201],[-113.02734,37.0201],[-113.02734,35.96022]]]}},{"type":"Feature","properties":{},"geometry":{"type":"Polygon","coordinates":[[[-96.02051,36.24427],[-95.88867,36.24427],[-95.88867,36.27971],[-96.02051,36.27971],[-96.02051,36.24427]]]}},{"type":"Feature","properties":{},"geometry":{"type":"Polygon","coordinates":[[[-96.02051,41.07935],[-95.88867,41.07935],[-95.88867,41.11247],[-96.02051,41.11247],[-96.02051,41.07935]]]}},{"type":"Feature","properties":{},"geometry":{"type":"Polygon","coordinates":[[[-86.92383,36.24427],[-86.48437,36.24427],[-86.48437,36.27971],[-86.92383,36.27971],[-86.92383,36.24427]]]}},{"type":"Feature","properties":{},"geometry":{"type":"Polygon","coordinates":[[[-6.19629,36.24427],[-5.97656,36.24427],[-5.97656,36.31513],[-6.19629,36.31513],[-6.19629,36.24427]]]}},{"type":"Feature","properties":{},"geometry":{"type":"Polygon","coordinates":[[[-119.83887,36.27971],[-119.5752,36.27971],[-119.5752,36.35053],[-119.83887,36.35053],[-119.83887,36.27971]]]}},{"type":"Feature","properties":{},"geometry":{"type":"Polygon","coordinates":[[[-119.44336,36.27971],[-119.0918,36.27971],[-119.0918,36.31513],[-119.44336,36.31513],[-119.44336,36.27971]]]}},{"type":"Feature","properties":{},"geometry":{"type":"Polygon","coordinates":[[[-86.87988,36.27971],[-86.48437,36.27971],[-86.48437,36.31513],[-86.87988,36.31513],[-86.87988,36.27971]]]}},{"type":"Feature","properties":{},"geometry":{"type":"Polygon","coordinates":[[[-119.44336,36.31513],[-119.13574,36.31513],[-119.13574,36.35053],[-119.44336,36.35053],[-119.44336,36.31513]]]}},{"type":"Feature","properties":{},"geometry":{"type":"Polygon","coordinates":[[[-115.40039,36.31513],[-115.09277,36.31513],[-115.09277,36.35053],[-115.40039,36.35053],[-115.40039,36.31513]]]}},{"type":"Feature","properties":{},"geometry":{"type":"Polygon","coordinates":[[[-86.83594,36.31513],[-86.52832,36.31513],[-86.52832,36.38591],[-86.83594,36.38591],[-86.83594,36.31513]]]}},{"type":"Feature","properties":{},"geometry":{"type":"Polygon","coordinates":[[[-6.24023,36.31513],[-5.97656,36.31513],[-5.97656,36.35053],[-6.24023,36.35053],[-6.24023,36.31513]]]}},{"type":"Feature","properties":{},"geometry":{"type":"Polygon","coordinates":[[[-6.24023,36.70366],[-5.97656,36.70366],[-5.97656,36.77409],[-6.24023,36.77409],[-6.24023,36.70366]]]}},{"type":"Feature","properties":{},"geometry":{"type":"Polygon","coordinates":[[[-119.75098,36.35053],[-119.5752,36.35053],[-119.5752,36.38591],[-119.75098,36.38591],[-119.75098,36.35053]]]}},{"type":"Feature","properties":{},"geometry":{"type":"Polygon","coordinates":[[[-119.44336,36.35053],[-119.22363,36.35053],[-119.22363,36.38591],[-119.44336,36.38591],[-119.44336,36.35053]]]}},{"type":"Feature","properties":{},"geometry":{"type":"Polygon","coordinates":[[[-115.40039,36.35053],[-115.13672,36.35053],[-115.13672,36.38591],[-115.40039,36.38591],[-115.40039,36.35053]]]}},{"type":"Feature","properties":{},"geometry":{"type":"Polygon","coordinates":[[[-6.28418,36.35053],[-5.97656,36.35053],[-5.97656,36.38591],[-6.28418,36.38591],[-6.28418,36.35053]]]}},{"type":"Feature","properties":{},"geometry":{"type":"Polygon","coordinates":[[[-119.61914,36.49197],[-119.4873,36.49197],[-119.4873,36.52729],[-119.61914,36.52729],[-119.61914,36.49197]]]}},{"type":"Feature","properties":{},"geometry":{"type":"Polygon","coordinates":[[[-119.44336,36.49197],[-119.35547,36.49197],[-119.35547,36.52729],[-119.44336,36.52729],[-119.44336,36.49197]]]}},{"type":"Feature","properties":{},"geometry":{"type":"Polygon","coordinates":[[[-86.74805,36.49197],[-86.61621,36.49197],[-86.61621,36.52729],[-86.74805,36.52729],[-86.74805,36.49197]]]}},{"type":"Feature","properties":{},"geometry":{"type":"Polygon","coordinates":[[[-6.37207,36.49197],[-6.06445,36.49197],[-6.06445,36.5626],[-6.37207,36.5626],[-6.37207,36.49197]]]}},{"type":"Feature","properties":{},"geometry":{"type":"Polygon","coordinates":[[[-5.05371,36.49197],[-4.57031,36.49197],[-4.57031,36.52729],[-5.05371,36.52729],[-5.05371,36.49197]]]}},{"type":"Feature","properties":{},"geometry":{"type":"Polygon","coordinates":[[[-119.66309,36.52729],[-119.35547,36.52729],[-119.35547,36.59789],[-119.66309,36.59789],[-119.66309,36.52729]]]}},{"type":"Feature","properties":{},"geometry":{"type":"Polygon","coordinates":[[[-4.79004,36.52729],[-4.52637,36.52729],[-4.52637,36.5626],[-4.79004,36.5626],[-4.79004,36.52729]]]}},{"type":"Feature","properties":{},"geometry":{"type":"Polygon","coordinates":[[[-6.32812,36.42128],[-6.02051,36.42128],[-6.02051,36.45664],[-6.32812,36.45664],[-6.32812,36.42128]]]}},{"type":"Feature","properties":{},"geometry":{"type":"Polygon","coordinates":[[[-6.32812,36.5626],[-6.02051,36.5626],[-6.02051,36.63316],[-6.32812,36.63316],[-6.32812,36.5626]]]}},{"type":"Feature","properties":{},"geometry":{"type":"Polygon","coordinates":[[[-4.79004,36.5626],[-4.43848,36.5626],[-4.43848,36.63316],[-4.79004,36.63316],[-4.79004,36.5626]]]}},{"type":"Feature","properties":{},"geometry":{"type":"Polygon","coordinates":[[[-115.18066,35.88905],[-115.00488,35.88905],[-115.00488,35.92464],[-115.18066,35.92464],[-115.18066,35.88905]]]}},{"type":"Feature","properties":{},"geometry":{"type":"Polygon","coordinates":[[[-114.91699,35.88905],[-114.74121,35.88905],[-114.74121,35.92464],[-114.91699,35.92464],[-114.91699,35.88905]]]}},{"type":"Feature","properties":{},"geometry":{"type":"Polygon","coordinates":[[[-87.01172,35.81781],[-86.61621,35.81781],[-86.61621,36.03133],[-87.01172,36.03133],[-87.01172,35.81781]]]}},{"type":"Feature","properties":{},"geometry":{"type":"Polygon","coordinates":[[[-79.10156,35.88905],[-78.57422,35.88905],[-78.57422,35.92464],[-79.10156,35.92464],[-79.10156,35.88905]]]}},{"type":"Feature","properties":{},"geometry":{"type":"Polygon","coordinates":[[[-115.26855,35.92464],[-115.00488,35.92464],[-115.00488,35.96022],[-115.26855,35.96022],[-115.26855,35.92464]]]}},{"type":"Feature","properties":{},"geometry":{"type":"Polygon","coordinates":[[[-114.96094,35.92464],[-114.74121,35.92464],[-114.74121,35.96022],[-114.96094,35.96022],[-114.96094,35.92464]]]}},{"type":"Feature","properties":{},"geometry":{"type":"Polygon","coordinates":[[[-79.10156,35.92464],[-78.70605,35.92464],[-78.70605,35.96022],[-79.10156,35.96022],[-79.10156,35.92464]]]}},{"type":"Feature","properties":{},"geometry":{"type":"Polygon","coordinates":[[[-115.35645,35.96022],[-114.69727,35.96022],[-114.69727,36.06686],[-115.35645,36.06686],[-115.35645,35.96022]]]}},{"type":"Feature","properties":{},"geometry":{"type":"Polygon","coordinates":[[[-95.97656,35.96022],[-95.75684,35.96022],[-95.75684,36.03133],[-95.97656,36.03133],[-95.97656,35.96022]]]}},{"type":"Feature","properties":{},"geometry":{"type":"Polygon","coordinates":[[[-80.37598,35.96022],[-80.24414,35.96022],[-80.24414,35.99579],[-80.37598,35.99579],[-80.37598,35.96022]]]}},{"type":"Feature","properties":{},"geometry":{"type":"Polygon","coordinates":[[[-79.10156,35.96022],[-78.75,35.96022],[-78.75,35.99579],[-79.10156,35.99579],[-79.10156,35.96022]]]}},{"type":"Feature","properties":{},"geometry":{"type":"Polygon","coordinates":[[[-119.04785,35.99579],[-118.95996,35.99579],[-118.95996,36.03133],[-119.04785,36.03133],[-119.04785,35.99579]]]}},{"type":"Feature","properties":{},"geometry":{"type":"Polygon","coordinates":[[[-79.98047,35.99579],[-79.93652,35.99579],[-79.93652,36.03133],[-79.98047,36.03133],[-79.98047,35.99579]]]}},{"type":"Feature","properties":{},"geometry":{"type":"Polygon","coordinates":[[[-79.89258,35.99579],[-79.76074,35.99579],[-79.76074,36.03133],[-79.89258,36.03133],[-79.89258,35.99579]]]}},{"type":"Feature","properties":{},"geometry":{"type":"Polygon","coordinates":[[[-79.05762,35.99579],[-78.75,35.99579],[-78.75,36.03133],[-79.05762,36.03133],[-79.05762,35.99579]]]}},{"type":"Feature","properties":{},"geometry":{"type":"Polygon","coordinates":[[[-119.0918,36.03133],[-118.91602,36.03133],[-118.91602,36.06686],[-119.0918,36.06686],[-119.0918,36.03133]]]}},{"type":"Feature","properties":{},"geometry":{"type":"Polygon","coordinates":[[[-96.02051,36.03133],[-95.71289,36.03133],[-95.71289,36.13787],[-96.02051,36.13787],[-96.02051,36.03133]]]}},{"type":"Feature","properties":{},"geometry":{"type":"Polygon","coordinates":[[[-87.05566,36.03133],[-86.57227,36.03133],[-86.57227,36.10238],[-87.05566,36.10238],[-87.05566,36.03133]]]}},{"type":"Feature","properties":{},"geometry":{"type":"Polygon","coordinates":[[[-79.98047,36.03133],[-79.7168,36.03133],[-79.7168,36.06686],[-79.98047,36.06686],[-79.98047,36.03133]]]}},{"type":"Feature","properties":{},"geometry":{"type":"Polygon","coordinates":[[[-79.05762,36.03133],[-78.79395,36.03133],[-78.79395,36.06686],[-79.05762,36.06686],[-79.05762,36.03133]]]}},{"type":"Feature","properties":{},"geometry":{"type":"Polygon","coordinates":[[[-79.05762,42.94034],[-78.79395,42.94034],[-78.79395,43.03678],[-79.05762,43.03678],[-79.05762,42.94034]]]}},{"type":"Feature","properties":{},"geometry":{"type":"Polygon","coordinates":[[[-115.40039,36.06686],[-114.69727,36.06686],[-114.69727,36.10238],[-115.40039,36.10238],[-115.40039,36.06686]]]}},{"type":"Feature","properties":{},"geometry":{"type":"Polygon","coordinates":[[[-80.46387,36.06686],[-79.7168,36.06686],[-79.7168,36.13787],[-80.46387,36.13787],[-80.46387,36.06686]]]}},{"type":"Feature","properties":{},"geometry":{"type":"Polygon","coordinates":[[[-78.96973,36.06686],[-78.83789,36.06686],[-78.83789,36.10238],[-78.96973,36.10238],[-78.96973,36.06686]]]}},{"type":"Feature","properties":{},"geometry":{"type":"Polygon","coordinates":[[[-5.40527,36.06686],[-5.27344,36.06686],[-5.27344,36.17336],[-5.40527,36.17336],[-5.40527,36.06686]]]}},{"type":"Feature","properties":{},"geometry":{"type":"Polygon","coordinates":[[[-119.0918,36.10238],[-119.00391,36.10238],[-119.00391,36.13787],[-119.0918,36.13787],[-119.0918,36.10238]]]}},{"type":"Feature","properties":{},"geometry":{"type":"Polygon","coordinates":[[[-115.40039,36.10238],[-114.87305,36.10238],[-114.87305,36.17336],[-115.40039,36.17336],[-115.40039,36.10238]]]}},{"type":"Feature","properties":{},"geometry":{"type":"Polygon","coordinates":[[[-87.05566,36.10238],[-86.52832,36.10238],[-86.52832,36.13787],[-87.05566,36.13787],[-87.05566,36.10238]]]}},{"type":"Feature","properties":{},"geometry":{"type":"Polygon","coordinates":[[[-119.39941,36.13787],[-119.31152,36.13787],[-119.31152,36.17336],[-119.39941,36.17336],[-119.39941,36.13787]]]}},{"type":"Feature","properties":{},"geometry":{"type":"Polygon","coordinates":[[[-96.06445,36.13787],[-95.71289,36.13787],[-95.71289,36.20882],[-96.06445,36.20882],[-96.06445,36.13787]]]}},{"type":"Feature","properties":{},"geometry":{"type":"Polygon","coordinates":[[[-87.01172,36.13787],[-86.48437,36.13787],[-86.48437,36.17336],[-87.01172,36.17336],[-87.01172,36.13787]]]}},{"type":"Feature","properties":{},"geometry":{"type":"Polygon","coordinates":[[[-80.41992,36.13787],[-80.06836,36.13787],[-80.06836,36.17336],[-80.41992,36.17336],[-80.41992,36.13787]]]}},{"type":"Feature","properties":{},"geometry":{"type":"Polygon","coordinates":[[[-79.89258,36.13787],[-79.80469,36.13787],[-79.80469,36.17336],[-79.89258,36.17336],[-79.89258,36.13787]]]}},{"type":"Feature","properties":{},"geometry":{"type":"Polygon","coordinates":[[[-86.96777,36.17336],[-86.44043,36.17336],[-86.44043,36.20882],[-86.96777,36.20882],[-86.96777,36.17336]]]}},{"type":"Feature","properties":{},"geometry":{"type":"Polygon","coordinates":[[[-80.37598,36.17336],[-80.15625,36.17336],[-80.15625,36.20882],[-80.37598,36.20882],[-80.37598,36.17336]]]}},{"type":"Feature","properties":{},"geometry":{"type":"Polygon","coordinates":[[[-96.02051,36.20882],[-95.84473,36.20882],[-95.84473,36.24427],[-96.02051,36.24427],[-96.02051,36.20882]]]}},{"type":"Feature","properties":{},"geometry":{"type":"Polygon","coordinates":[[[-86.96777,36.20882],[-86.48437,36.20882],[-86.48437,36.24427],[-86.96777,36.24427],[-86.96777,36.20882]]]}},{"type":"Feature","properties":{},"geometry":{"type":"Polygon","coordinates":[[[-80.33203,36.20882],[-80.28809,36.20882],[-80.28809,36.24427],[-80.33203,36.24427],[-80.33203,36.20882]]]}},{"type":"Feature","properties":{},"geometry":{"type":"Polygon","coordinates":[[[-86.83594,36.38591],[-86.61621,36.38591],[-86.61621,36.49197],[-86.83594,36.49197],[-86.83594,36.38591]]]}},{"type":"Feature","properties":{},"geometry":{"type":"Polygon","coordinates":[[[-6.28418,36.38591],[-6.02051,36.38591],[-6.02051,36.42128],[-6.28418,36.42128],[-6.28418,36.38591]]]}},{"type":"Feature","properties":{},"geometry":{"type":"Polygon","coordinates":[[[-5.09766,36.42128],[-5.00977,36.42128],[-5.00977,36.45664],[-5.09766,36.45664],[-5.09766,36.42128]]]}},{"type":"Feature","properties":{},"geometry":{"type":"Polygon","coordinates":[[[-6.32812,36.45664],[-6.06445,36.45664],[-6.06445,36.49197],[-6.32812,36.49197],[-6.32812,36.45664]]]}},{"type":"Feature","properties":{},"geometry":{"type":"Polygon","coordinates":[[[-5.09766,36.45664],[-4.92187,36.45664],[-4.92187,36.49197],[-5.09766,36.49197],[-5.09766,36.45664]]]}},{"type":"Feature","properties":{},"geometry":{"type":"Polygon","coordinates":[[[-4.79004,36.45664],[-4.61426,36.45664],[-4.61426,36.49197],[-4.79004,36.49197],[-4.79004,36.45664]]]}},{"type":"Feature","properties":{},"geometry":{"type":"Polygon","coordinates":[[[-106.12793,35.56798],[-105.99609,35.56798],[-105.99609,35.60372],[-106.12793,35.60372],[-106.12793,35.56798]]]}},{"type":"Feature","properties":{},"geometry":{"type":"Polygon","coordinates":[[[-97.73437,35.56798],[-97.38281,35.56798],[-97.38281,35.60372],[-97.73437,35.60372],[-97.73437,35.56798]]]}},{"type":"Feature","properties":{},"geometry":{"type":"Polygon","coordinates":[[[-106.12793,35.60372],[-105.9082,35.60372],[-105.9082,35.63944],[-106.12793,35.63944],[-106.12793,35.60372]]]}},{"type":"Feature","properties":{},"geometry":{"type":"Polygon","coordinates":[[[-97.69043,35.60372],[-97.38281,35.60372],[-97.38281,35.63944],[-97.69043,35.63944],[-97.69043,35.60372]]]}},{"type":"Feature","properties":{},"geometry":{"type":"Polygon","coordinates":[[[-78.70605,35.60372],[-78.57422,35.60372],[-78.57422,35.63944],[-78.70605,35.63944],[-78.70605,35.60372]]]}},{"type":"Feature","properties":{},"geometry":{"type":"Polygon","coordinates":[[[-106.08398,35.63944],[-105.86426,35.63944],[-105.86426,35.67515],[-106.08398,35.67515],[-106.08398,35.63944]]]}},{"type":"Feature","properties":{},"geometry":{"type":"Polygon","coordinates":[[[-97.60254,35.63944],[-97.38281,35.63944],[-97.38281,35.71084],[-97.60254,35.71084],[-97.60254,35.63944]]]}},{"type":"Feature","properties":{},"geometry":{"type":"Polygon","coordinates":[[[-78.88184,35.63944],[-78.53027,35.63944],[-78.53027,35.67515],[-78.88184,35.67515],[-78.88184,35.63944]]]}},{"type":"Feature","properties":{},"geometry":{"type":"Polygon","coordinates":[[[-105.99609,35.67515],[-105.86426,35.67515],[-105.86426,35.71084],[-105.99609,35.71084],[-105.99609,35.67515]]]}},{"type":"Feature","properties":{},"geometry":{"type":"Polygon","coordinates":[[[-87.05566,35.67515],[-86.79199,35.67515],[-86.79199,35.81781],[-87.05566,35.81781],[-87.05566,35.67515]]]}},{"type":"Feature","properties":{},"geometry":{"type":"Polygon","coordinates":[[[-78.92578,35.67515],[-78.48633,35.67515],[-78.48633,35.85344],[-78.92578,35.85344],[-78.92578,35.67515]]]}},{"type":"Feature","properties":{},"geometry":{"type":"Polygon","coordinates":[[[-105.99609,35.71084],[-105.9082,35.71084],[-105.9082,35.74651],[-105.99609,35.74651],[-105.99609,35.71084]]]}},{"type":"Feature","properties":{},"geometry":{"type":"Polygon","coordinates":[[[-79.10156,35.85344],[-78.48633,35.85344],[-78.48633,35.88905],[-79.10156,35.88905],[-79.10156,35.85344]]]}},{"type":"Feature","properties":{},"geometry":{"type":"Polygon","coordinates":[[[-97.73437,35.53223],[-97.29492,35.53223],[-97.29492,35.56798],[-97.73437,35.56798],[-97.73437,35.53223]]]}},{"type":"Feature","properties":{},"geometry":{"type":"Polygon","coordinates":[[[-122.3877,37.40507],[-121.72852,37.40507],[-121.72852,37.43997],[-122.3877,37.43997],[-122.3877,37.40507]]]}},{"type":"Feature","properties":{},"geometry":{"type":"Polygon","coordinates":[[[-120.05859,37.05518],[-118.87207,37.05518],[-118.87207,37.96152],[-120.05859,37.96152],[-120.05859,37.05518]]]}},{"type":"Feature","properties":{},"geometry":{"type":"Polygon","coordinates":[[[-79.27734,37.33522],[-79.01367,37.33522],[-79.01367,37.50973],[-79.27734,37.50973],[-79.27734,37.33522]]]}},{"type":"Feature","properties":{},"geometry":{"type":"Polygon","coordinates":[[[-6.02051,37.40507],[-5.84473,37.40507],[-5.84473,37.43997],[-6.02051,37.43997],[-6.02051,37.40507]]]}},{"type":"Feature","properties":{},"geometry":{"type":"Polygon","coordinates":[[[-122.3877,37.43997],[-121.77246,37.43997],[-121.77246,37.47486],[-122.3877,37.47486],[-122.3877,37.43997]]]}},{"type":"Feature","properties":{},"geometry":{"type":"Polygon","coordinates":[[[-77.47559,37.43997],[-77.43164,37.43997],[-77.43164,37.47486],[-77.47559,37.47486],[-77.47559,37.43997]]]}},{"type":"Feature","properties":{},"geometry":{"type":"Polygon","coordinates":[[[-122.43164,37.47486],[-121.9043,37.47486],[-121.9043,37.50973],[-122.43164,37.50973],[-122.43164,37.47486]]]}},{"type":"Feature","properties":{},"geometry":{"type":"Polygon","coordinates":[[[-77.65137,37.47486],[-77.25586,37.47486],[-77.25586,37.50973],[-77.65137,37.50973],[-77.65137,37.47486]]]}},{"type":"Feature","properties":{},"geometry":{"type":"Polygon","coordinates":[[[-122.47559,37.50973],[-121.9043,37.50973],[-121.9043,37.54458],[-122.47559,37.54458],[-122.47559,37.50973]]]}},{"type":"Feature","properties":{},"geometry":{"type":"Polygon","coordinates":[[[-79.27734,37.50973],[-78.96973,37.50973],[-78.96973,37.54458],[-79.27734,37.54458],[-79.27734,37.50973]]]}},{"type":"Feature","properties":{},"geometry":{"type":"Polygon","coordinates":[[[-77.65137,37.50973],[-77.2998,37.50973],[-77.2998,37.54458],[-77.65137,37.54458],[-77.65137,37.50973]]]}},{"type":"Feature","properties":{},"geometry":{"type":"Polygon","coordinates":[[[-122.56348,37.54458],[-121.9043,37.54458],[-121.9043,37.57941],[-122.56348,37.57941],[-122.56348,37.54458]]]}},{"type":"Feature","properties":{},"geometry":{"type":"Polygon","coordinates":[[[-121.02539,37.54458],[-120.89355,37.54458],[-120.89355,37.57941],[-121.02539,37.57941],[-121.02539,37.54458]]]}},{"type":"Feature","properties":{},"geometry":{"type":"Polygon","coordinates":[[[-79.18945,37.54458],[-78.96973,37.54458],[-78.96973,37.57941],[-79.18945,37.57941],[-79.18945,37.54458]]]}},{"type":"Feature","properties":{},"geometry":{"type":"Polygon","coordinates":[[[-77.60742,37.54458],[-77.34375,37.54458],[-77.34375,37.61423],[-77.60742,37.61423],[-77.60742,37.54458]]]}},{"type":"Feature","properties":{},"geometry":{"type":"Polygon","coordinates":[[[-122.56348,37.57941],[-121.94824,37.57941],[-121.94824,37.61423],[-122.56348,37.61423],[-122.56348,37.57941]]]}},{"type":"Feature","properties":{},"geometry":{"type":"Polygon","coordinates":[[[-121.06934,37.57941],[-120.89355,37.57941],[-120.89355,37.61423],[-121.06934,37.61423],[-121.06934,37.57941]]]}},{"type":"Feature","properties":{},"geometry":{"type":"Polygon","coordinates":[[[-97.38281,37.57941],[-97.25098,37.57941],[-97.25098,37.61423],[-97.38281,37.61423],[-97.38281,37.57941]]]}},{"type":"Feature","properties":{},"geometry":{"type":"Polygon","coordinates":[[[-79.14551,37.57941],[-78.96973,37.57941],[-78.96973,37.61423],[-79.14551,37.61423],[-79.14551,37.57941]]]}},{"type":"Feature","properties":{},"geometry":{"type":"Polygon","coordinates":[[[-79.14551,42.58544],[-78.96973,42.58544],[-78.96973,42.61779],[-79.14551,42.61779],[-79.14551,42.58544]]]}},{"type":"Feature","properties":{},"geometry":{"type":"Polygon","coordinates":[[[-122.56348,37.61423],[-122.2998,37.61423],[-122.2998,37.71859],[-122.56348,37.71859],[-122.56348,37.61423]]]}},{"type":"Feature","properties":{},"geometry":{"type":"Polygon","coordinates":[[[-122.25586,37.61423],[-121.99219,37.61423],[-121.99219,37.64903],[-122.25586,37.64903],[-122.25586,37.61423]]]}},{"type":"Feature","properties":{},"geometry":{"type":"Polygon","coordinates":[[[-121.94824,37.61423],[-121.72852,37.61423],[-121.72852,37.64903],[-121.94824,37.64903],[-121.94824,37.61423]]]}},{"type":"Feature","properties":{},"geometry":{"type":"Polygon","coordinates":[[[-121.94824,39.70719],[-121.72852,39.70719],[-121.72852,39.80854],[-121.94824,39.80854],[-121.94824,39.70719]]]}},{"type":"Feature","properties":{},"geometry":{"type":"Polygon","coordinates":[[[-121.06934,37.61423],[-120.84961,37.61423],[-120.84961,37.68382],[-121.06934,37.68382],[-121.06934,37.61423]]]}},{"type":"Feature","properties":{},"geometry":{"type":"Polygon","coordinates":[[[-77.65137,37.61423],[-77.43164,37.61423],[-77.43164,37.68382],[-77.65137,37.68382],[-77.65137,37.61423]]]}},{"type":"Feature","properties":{},"geometry":{"type":"Polygon","coordinates":[[[-122.21191,37.64903],[-121.99219,37.64903],[-121.99219,37.68382],[-122.21191,37.68382],[-122.21191,37.64903]]]}},{"type":"Feature","properties":{},"geometry":{"type":"Polygon","coordinates":[[[-121.94824,37.64903],[-121.68457,37.64903],[-121.68457,37.68382],[-121.94824,37.68382],[-121.94824,37.64903]]]}},{"type":"Feature","properties":{},"geometry":{"type":"Polygon","coordinates":[[[-97.51465,37.64903],[-97.16309,37.64903],[-97.16309,37.75334],[-97.51465,37.75334],[-97.51465,37.64903]]]}},{"type":"Feature","properties":{},"geometry":{"type":"Polygon","coordinates":[[[-122.25586,37.30028],[-121.68457,37.30028],[-121.68457,37.33522],[-122.25586,37.33522],[-122.25586,37.30028]]]}},{"type":"Feature","properties":{},"geometry":{"type":"Polygon","coordinates":[[[-122.25586,37.68382],[-121.68457,37.68382],[-121.68457,37.71859],[-122.25586,37.71859],[-122.25586,37.68382]]]}},{"type":"Feature","properties":{},"geometry":{"type":"Polygon","coordinates":[[[-121.11328,37.68382],[-120.89355,37.68382],[-120.89355,37.71859],[-121.11328,37.71859],[-121.11328,37.68382]]]}},{"type":"Feature","properties":{},"geometry":{"type":"Polygon","coordinates":[[[-89.34082,37.68382],[-89.16504,37.68382],[-89.16504,37.71859],[-89.34082,37.71859],[-89.34082,37.68382]]]}},{"type":"Feature","properties":{},"geometry":{"type":"Polygon","coordinates":[[[-88.98926,37.68382],[-88.85742,37.68382],[-88.85742,37.71859],[-88.98926,37.71859],[-88.98926,37.68382]]]}},{"type":"Feature","properties":{},"geometry":{"type":"Polygon","coordinates":[[[-121.72852,36.63316],[-121.55273,36.63316],[-121.55273,36.70366],[-121.72852,36.70366],[-121.72852,36.63316]]]}},{"type":"Feature","properties":{},"geometry":{"type":"Polygon","coordinates":[[[-121.72852,39.16414],[-121.55273,39.16414],[-121.55273,39.19821],[-121.72852,39.19821],[-121.72852,39.16414]]]}},{"type":"Feature","properties":{},"geometry":{"type":"Polygon","coordinates":[[[-119.83887,36.63316],[-119.66309,36.63316],[-119.66309,36.70366],[-119.83887,36.70366],[-119.83887,36.63316]]]}},{"type":"Feature","properties":{},"geometry":{"type":"Polygon","coordinates":[[[-119.83887,39.57182],[-119.66309,39.57182],[-119.66309,39.60569],[-119.83887,39.60569],[-119.83887,39.57182]]]}},{"type":"Feature","properties":{},"geometry":{"type":"Polygon","coordinates":[[[-108.10547,36.63316],[-108.01758,36.63316],[-108.01758,36.66842],[-108.10547,36.66842],[-108.10547,36.63316]]]}},{"type":"Feature","properties":{},"geometry":{"type":"Polygon","coordinates":[[[-76.24512,36.63316],[-76.15723,36.63316],[-76.15723,36.66842],[-76.24512,36.66842],[-76.24512,36.63316]]]}},{"type":"Feature","properties":{},"geometry":{"type":"Polygon","coordinates":[[[-6.32812,36.63316],[-5.97656,36.63316],[-5.97656,36.70366],[-6.32812,36.70366],[-6.32812,36.63316]]]}},{"type":"Feature","properties":{},"geometry":{"type":"Polygon","coordinates":[[[-4.79004,36.63316],[-4.39453,36.63316],[-4.39453,36.66842],[-4.79004,36.66842],[-4.79004,36.63316]]]}},{"type":"Feature","properties":{},"geometry":{"type":"Polygon","coordinates":[[[-108.2373,36.66842],[-107.88574,36.66842],[-107.88574,36.70366],[-108.2373,36.70366],[-108.2373,36.66842]]]}},{"type":"Feature","properties":{},"geometry":{"type":"Polygon","coordinates":[[[-76.33301,36.66842],[-76.15723,36.66842],[-76.15723,36.70366],[-76.33301,36.70366],[-76.33301,36.66842]]]}},{"type":"Feature","properties":{},"geometry":{"type":"Polygon","coordinates":[[[-4.70215,36.66842],[-4.21875,36.66842],[-4.21875,36.77409],[-4.70215,36.77409],[-4.70215,36.66842]]]}},{"type":"Feature","properties":{},"geometry":{"type":"Polygon","coordinates":[[[-121.68457,36.70366],[-121.59668,36.70366],[-121.59668,36.77409],[-121.68457,36.77409],[-121.68457,36.70366]]]}},{"type":"Feature","properties":{},"geometry":{"type":"Polygon","coordinates":[[[-119.83887,36.70366],[-119.61914,36.70366],[-119.61914,36.73888],[-119.83887,36.73888],[-119.83887,36.70366]]]}},{"type":"Feature","properties":{},"geometry":{"type":"Polygon","coordinates":[[[-108.28125,36.70366],[-107.88574,36.70366],[-107.88574,36.73888],[-108.28125,36.73888],[-108.28125,36.70366]]]}},{"type":"Feature","properties":{},"geometry":{"type":"Polygon","coordinates":[[[-76.37695,36.70366],[-76.15723,36.70366],[-76.15723,36.73888],[-76.37695,36.73888],[-76.37695,36.70366]]]}},{"type":"Feature","properties":{},"geometry":{"type":"Polygon","coordinates":[[[-76.11328,36.70366],[-75.9375,36.70366],[-75.9375,36.73888],[-76.11328,36.73888],[-76.11328,36.70366]]]}},{"type":"Feature","properties":{},"geometry":{"type":"Polygon","coordinates":[[[-119.88281,36.73888],[-119.61914,36.73888],[-119.61914,36.77409],[-119.88281,36.77409],[-119.88281,36.73888]]]}},{"type":"Feature","properties":{},"geometry":{"type":"Polygon","coordinates":[[[-108.28125,36.73888],[-107.92969,36.73888],[-107.92969,36.77409],[-108.28125,36.77409],[-108.28125,36.73888]]]}},{"type":"Feature","properties":{},"geometry":{"type":"Polygon","coordinates":[[[-76.37695,36.73888],[-75.9375,36.73888],[-75.9375,36.77409],[-76.37695,36.77409],[-76.37695,36.73888]]]}},{"type":"Feature","properties":{},"geometry":{"type":"Polygon","coordinates":[[[-121.4209,36.77409],[-121.28906,36.77409],[-121.28906,36.80928],[-121.4209,36.80928],[-121.4209,36.77409]]]}},{"type":"Feature","properties":{},"geometry":{"type":"Polygon","coordinates":[[[-121.4209,38.82259],[-121.28906,38.82259],[-121.28906,38.95941],[-121.4209,38.95941],[-121.4209,38.82259]]]}},{"type":"Feature","properties":{},"geometry":{"type":"Polygon","coordinates":[[[-119.92676,36.77409],[-119.61914,36.77409],[-119.61914,36.87962],[-119.92676,36.87962],[-119.92676,36.77409]]]}},{"type":"Feature","properties":{},"geometry":{"type":"Polygon","coordinates":[[[-108.2373,36.77409],[-107.92969,36.77409],[-107.92969,36.80928],[-108.2373,36.80928],[-108.2373,36.77409]]]}},{"type":"Feature","properties":{},"geometry":{"type":"Polygon","coordinates":[[[-76.46484,36.77409],[-75.9375,36.77409],[-75.9375,36.91476],[-76.46484,36.91476],[-76.46484,36.77409]]]}},{"type":"Feature","properties":{},"geometry":{"type":"Polygon","coordinates":[[[-6.19629,36.77409],[-6.06445,36.77409],[-6.06445,36.80928],[-6.19629,36.80928],[-6.19629,36.77409]]]}},{"type":"Feature","properties":{},"geometry":{"type":"Polygon","coordinates":[[[-4.52637,36.77409],[-4.35059,36.77409],[-4.35059,36.80928],[-4.52637,36.80928],[-4.52637,36.77409]]]}},{"type":"Feature","properties":{},"geometry":{"type":"Polygon","coordinates":[[[-121.46484,36.80928],[-121.28906,36.80928],[-121.28906,36.84446],[-121.46484,36.84446],[-121.46484,36.80928]]]}},{"type":"Feature","properties":{},"geometry":{"type":"Polygon","coordinates":[[[-108.19336,36.80928],[-107.92969,36.80928],[-107.92969,36.84446],[-108.19336,36.84446],[-108.19336,36.80928]]]}},{"type":"Feature","properties":{},"geometry":{"type":"Polygon","coordinates":[[[-121.46484,36.84446],[-121.33301,36.84446],[-121.33301,36.91476],[-121.46484,36.91476],[-121.46484,36.84446]]]}},{"type":"Feature","properties":{},"geometry":{"type":"Polygon","coordinates":[[[-108.01758,36.84446],[-107.92969,36.84446],[-107.92969,36.87962],[-108.01758,36.87962],[-108.01758,36.84446]]]}},{"type":"Feature","properties":{},"geometry":{"type":"Polygon","coordinates":[[[-121.86035,36.87962],[-121.72852,36.87962],[-121.72852,36.91476],[-121.86035,36.91476],[-121.86035,36.87962]]]}},{"type":"Feature","properties":{},"geometry":{"type":"Polygon","coordinates":[[[-120.10254,36.87962],[-119.9707,36.87962],[-119.9707,36.91476],[-120.10254,36.91476],[-120.10254,36.87962]]]}},{"type":"Feature","properties":{},"geometry":{"type":"Polygon","coordinates":[[[-119.79492,36.87962],[-119.70703,36.87962],[-119.70703,36.91476],[-119.79492,36.91476],[-119.79492,36.87962]]]}},{"type":"Feature","properties":{},"geometry":{"type":"Polygon","coordinates":[[[-119.79492,39.13006],[-119.70703,39.13006],[-119.70703,39.16414],[-119.79492,39.16414],[-119.79492,39.13006]]]}},{"type":"Feature","properties":{},"geometry":{"type":"Polygon","coordinates":[[[-119.79492,39.19821],[-119.70703,39.19821],[-119.70703,39.23225],[-119.79492,39.23225],[-119.79492,39.19821]]]}},{"type":"Feature","properties":{},"geometry":{"type":"Polygon","coordinates":[[[-119.79492,39.40224],[-119.70703,39.40224],[-119.70703,39.43619],[-119.79492,39.43619],[-119.79492,39.40224]]]}},{"type":"Feature","properties":{},"geometry":{"type":"Polygon","coordinates":[[[-122.08008,36.91476],[-121.99219,36.91476],[-121.99219,36.94989],[-122.08008,36.94989],[-122.08008,36.91476]]]}},{"type":"Feature","properties":{},"geometry":{"type":"Polygon","coordinates":[[[-121.9043,36.91476],[-121.72852,36.91476],[-121.72852,36.94989],[-121.9043,36.94989],[-121.9043,36.91476]]]}},{"type":"Feature","properties":{},"geometry":{"type":"Polygon","coordinates":[[[-121.9043,39.67337],[-121.72852,39.67337],[-121.72852,39.70719],[-121.9043,39.70719],[-121.9043,39.67337]]]}},{"type":"Feature","properties":{},"geometry":{"type":"Polygon","coordinates":[[[-120.14648,36.91476],[-119.9707,36.91476],[-119.9707,36.94989],[-120.14648,36.94989],[-120.14648,36.91476]]]}},{"type":"Feature","properties":{},"geometry":{"type":"Polygon","coordinates":[[[-76.37695,36.91476],[-75.98145,36.91476],[-75.98145,36.94989],[-76.37695,36.94989],[-76.37695,36.91476]]]}},{"type":"Feature","properties":{},"geometry":{"type":"Polygon","coordinates":[[[-122.08008,36.94989],[-121.77246,36.94989],[-121.77246,36.985],[-122.08008,36.985],[-122.08008,36.94989]]]}},{"type":"Feature","properties":{},"geometry":{"type":"Polygon","coordinates":[[[-120.14648,36.94989],[-118.87207,36.94989],[-118.87207,37.05518],[-120.14648,37.05518],[-120.14648,36.94989]]]}},{"type":"Feature","properties":{},"geometry":{"type":"Polygon","coordinates":[[[-76.37695,36.94989],[-76.20117,36.94989],[-76.20117,36.985],[-76.37695,36.985],[-76.37695,36.94989]]]}},{"type":"Feature","properties":{},"geometry":{"type":"Polygon","coordinates":[[[-122.08008,36.985],[-121.86035,36.985],[-121.86035,37.0201],[-122.08008,37.0201],[-122.08008,36.985]]]}},{"type":"Feature","properties":{},"geometry":{"type":"Polygon","coordinates":[[[-122.08008,37.0201],[-121.94824,37.0201],[-121.94824,37.05518],[-122.08008,37.05518],[-122.08008,37.0201]]]}},{"type":"Feature","properties":{},"geometry":{"type":"Polygon","coordinates":[[[-111.66504,37.0201],[-111.40137,37.0201],[-111.40137,37.05518],[-111.66504,37.05518],[-111.66504,37.0201]]]}},{"type":"Feature","properties":{},"geometry":{"type":"Polygon","coordinates":[[[-111.35742,37.0201],[-111.1377,37.0201],[-111.1377,37.05518],[-111.35742,37.05518],[-111.35742,37.0201]]]}},{"type":"Feature","properties":{},"geometry":{"type":"Polygon","coordinates":[[[-111.0498,37.0201],[-110.96191,37.0201],[-110.96191,37.05518],[-111.0498,37.05518],[-111.0498,37.0201]]]}},{"type":"Feature","properties":{},"geometry":{"type":"Polygon","coordinates":[[[-110.25879,37.0201],[-110.21484,37.0201],[-110.21484,37.05518],[-110.25879,37.05518],[-110.25879,37.0201]]]}},{"type":"Feature","properties":{},"geometry":{"type":"Polygon","coordinates":[[[-122.03613,37.05518],[-121.94824,37.05518],[-121.94824,37.09024],[-122.03613,37.09024],[-122.03613,37.05518]]]}},{"type":"Feature","properties":{},"geometry":{"type":"Polygon","coordinates":[[[-121.86035,37.12529],[-121.50879,37.12529],[-121.50879,37.16032],[-121.86035,37.16032],[-121.86035,37.12529]]]}},{"type":"Feature","properties":{},"geometry":{"type":"Polygon","coordinates":[[[-93.38379,37.12529],[-93.16406,37.12529],[-93.16406,37.26531],[-93.38379,37.26531],[-93.38379,37.12529]]]}},{"type":"Feature","properties":{},"geometry":{"type":"Polygon","coordinates":[[[-122.03613,37.16032],[-121.55273,37.16032],[-121.55273,37.19533],[-122.03613,37.19533],[-122.03613,37.16032]]]}},{"type":"Feature","properties":{},"geometry":{"type":"Polygon","coordinates":[[[-122.08008,37.19533],[-121.59668,37.19533],[-121.59668,37.23033],[-122.08008,37.23033],[-122.08008,37.19533]]]}},{"type":"Feature","properties":{},"geometry":{"type":"Polygon","coordinates":[[[-122.12402,37.23033],[-121.64062,37.23033],[-121.64062,37.30028],[-122.12402,37.30028],[-122.12402,37.23033]]]}},{"type":"Feature","properties":{},"geometry":{"type":"Polygon","coordinates":[[[-79.2334,37.23033],[-79.10156,37.23033],[-79.10156,37.26531],[-79.2334,37.26531],[-79.2334,37.23033]]]}},{"type":"Feature","properties":{},"geometry":{"type":"Polygon","coordinates":[[[-79.27734,37.26531],[-79.10156,37.26531],[-79.10156,37.30028],[-79.27734,37.30028],[-79.27734,37.26531]]]}},{"type":"Feature","properties":{},"geometry":{"type":"Polygon","coordinates":[[[-79.27734,37.30028],[-79.05762,37.30028],[-79.05762,37.33522],[-79.27734,37.33522],[-79.27734,37.30028]]]}},{"type":"Feature","properties":{},"geometry":{"type":"Polygon","coordinates":[[[-122.2998,37.33522],[-121.68457,37.33522],[-121.68457,37.37016],[-122.2998,37.37016],[-122.2998,37.33522]]]}},{"type":"Feature","properties":{},"geometry":{"type":"Polygon","coordinates":[[[-6.02051,37.33522],[-5.93262,37.33522],[-5.93262,37.37016],[-6.02051,37.37016],[-6.02051,37.33522]]]}},{"type":"Feature","properties":{},"geometry":{"type":"Polygon","coordinates":[[[-122.2998,37.37016],[-121.72852,37.37016],[-121.72852,37.40507],[-122.2998,37.40507],[-122.2998,37.37016]]]}},{"type":"Feature","properties":{},"geometry":{"type":"Polygon","coordinates":[[[-6.06445,37.37016],[-5.88867,37.37016],[-5.88867,37.40507],[-6.06445,37.40507],[-6.06445,37.37016]]]}},{"type":"Feature","properties":{},"geometry":{"type":"Polygon","coordinates":[[[-119.66309,36.59789],[-119.39941,36.59789],[-119.39941,36.63316],[-119.66309,36.63316],[-119.66309,36.59789]]]}},{"type":"Feature","properties":{},"geometry":{"type":"Polygon","coordinates":[[[-93.38379,37.09024],[-93.20801,37.09024],[-93.20801,37.12529],[-93.38379,37.12529],[-93.38379,37.09024]]]}},{"type":"Feature","properties":{},"geometry":{"type":"Polygon","coordinates":[[[-122.56348,37.71859],[-121.68457,37.71859],[-121.68457,37.75334],[-122.56348,37.75334],[-122.56348,37.71859]]]}},{"type":"Feature","properties":{},"geometry":{"type":"Polygon","coordinates":[[[-121.11328,37.71859],[-121.02539,37.71859],[-121.02539,37.75334],[-121.11328,37.75334],[-121.11328,37.71859]]]}},{"type":"Feature","properties":{},"geometry":{"type":"Polygon","coordinates":[[[-89.38477,37.71859],[-88.85742,37.71859],[-88.85742,37.78808],[-89.38477,37.78808],[-89.38477,37.71859]]]}},{"type":"Feature","properties":{},"geometry":{"type":"Polygon","coordinates":[[[-122.56348,37.75334],[-122.08008,37.75334],[-122.08008,37.8228],[-122.56348,37.8228],[-122.56348,37.75334]]]}},{"type":"Feature","properties":{},"geometry":{"type":"Polygon","coordinates":[[[-122.03613,37.75334],[-121.86035,37.75334],[-121.86035,37.8228],[-122.03613,37.8228],[-122.03613,37.75334]]]}},{"type":"Feature","properties":{},"geometry":{"type":"Polygon","coordinates":[[[-121.33301,37.75334],[-121.15723,37.75334],[-121.15723,37.85751],[-121.33301,37.85751],[-121.33301,37.75334]]]}},{"type":"Feature","properties":{},"geometry":{"type":"Polygon","coordinates":[[[-97.42676,37.75334],[-97.20703,37.75334],[-97.20703,37.78808],[-97.42676,37.78808],[-97.42676,37.75334]]]}},{"type":"Feature","properties":{},"geometry":{"type":"Polygon","coordinates":[[[-89.38477,37.78808],[-89.25293,37.78808],[-89.25293,37.8228],[-89.38477,37.8228],[-89.38477,37.78808]]]}},{"type":"Feature","properties":{},"geometry":{"type":"Polygon","coordinates":[[[-89.38477,43.10098],[-89.25293,43.10098],[-89.25293,43.16512],[-89.38477,43.16512],[-89.38477,43.10098]]]}},{"type":"Feature","properties":{},"geometry":{"type":"Polygon","coordinates":[[[-89.16504,37.78808],[-88.98926,37.78808],[-88.98926,37.8228],[-89.16504,37.8228],[-89.16504,37.78808]]]}},{"type":"Feature","properties":{},"geometry":{"type":"Polygon","coordinates":[[[-122.56348,37.8228],[-121.86035,37.8228],[-121.86035,37.85751],[-122.56348,37.85751],[-122.56348,37.8228]]]}},{"type":"Feature","properties":{},"geometry":{"type":"Polygon","coordinates":[[[-4.92187,37.8228],[-4.74609,37.8228],[-4.74609,37.85751],[-4.92187,37.85751],[-4.92187,37.8228]]]}},{"type":"Feature","properties":{},"geometry":{"type":"Polygon","coordinates":[[[-122.3877,37.8922],[-121.9043,37.8922],[-121.9043,37.92687],[-122.3877,37.92687],[-122.3877,37.8922]]]}},{"type":"Feature","properties":{},"geometry":{"type":"Polygon","coordinates":[[[-122.3877,47.39835],[-121.9043,47.39835],[-121.9043,47.45781],[-122.3877,47.45781],[-122.3877,47.39835]]]}},{"type":"Feature","properties":{},"geometry":{"type":"Polygon","coordinates":[[[-121.77246,37.85751],[-121.55273,37.85751],[-121.55273,37.92687],[-121.77246,37.92687],[-121.77246,37.85751]]]}},{"type":"Feature","properties":{},"geometry":{"type":"Polygon","coordinates":[[[-121.33301,37.85751],[-121.20117,37.85751],[-121.20117,37.92687],[-121.33301,37.92687],[-121.33301,37.85751]]]}},{"type":"Feature","properties":{},"geometry":{"type":"Polygon","coordinates":[[[-121.33301,38.06539],[-121.20117,38.06539],[-121.20117,38.20366],[-121.33301,38.20366],[-121.33301,38.06539]]]}},{"type":"Feature","properties":{},"geometry":{"type":"Polygon","coordinates":[[[-4.83398,37.8922],[-4.6582,37.8922],[-4.6582,37.92687],[-4.83398,37.92687],[-4.83398,37.8922]]]}},{"type":"Feature","properties":{},"geometry":{"type":"Polygon","coordinates":[[[-122.43164,37.92687],[-122.21191,37.92687],[-122.21191,37.96152],[-122.43164,37.96152],[-122.43164,37.92687]]]}},{"type":"Feature","properties":{},"geometry":{"type":"Polygon","coordinates":[[[-122.43164,40.6473],[-122.21191,40.6473],[-122.21191,40.68064],[-122.43164,40.68064],[-122.43164,40.6473]]]}},{"type":"Feature","properties":{},"geometry":{"type":"Polygon","coordinates":[[[-122.16797,37.92687],[-121.9043,37.92687],[-121.9043,37.96152],[-122.16797,37.96152],[-122.16797,37.92687]]]}},{"type":"Feature","properties":{},"geometry":{"type":"Polygon","coordinates":[[[-121.86035,37.92687],[-121.59668,37.92687],[-121.59668,37.96152],[-121.86035,37.96152],[-121.86035,37.92687]]]}},{"type":"Feature","properties":{},"geometry":{"type":"Polygon","coordinates":[[[-121.37695,37.92687],[-121.20117,37.92687],[-121.20117,37.99616],[-121.37695,37.99616],[-121.37695,37.92687]]]}},{"type":"Feature","properties":{},"geometry":{"type":"Polygon","coordinates":[[[-121.37695,38.03079],[-121.20117,38.03079],[-121.20117,38.06539],[-121.37695,38.06539],[-121.37695,38.03079]]]}},{"type":"Feature","properties":{},"geometry":{"type":"Polygon","coordinates":[[[-1.14258,37.92687],[-1.09863,37.92687],[-1.09863,37.96152],[-1.14258,37.96152],[-1.14258,37.92687]]]}},{"type":"Feature","properties":{},"geometry":{"type":"Polygon","coordinates":[[[-122.3877,37.96152],[-122.21191,37.96152],[-122.21191,38.03079],[-122.3877,38.03079],[-122.3877,37.96152]]]}},{"type":"Feature","properties":{},"geometry":{"type":"Polygon","coordinates":[[[-122.3877,40.34654],[-122.21191,40.34654],[-122.21191,40.4135],[-122.3877,40.4135],[-122.3877,40.34654]]]}},{"type":"Feature","properties":{},"geometry":{"type":"Polygon","coordinates":[[[-122.3877,48.98022],[-122.21191,48.98022],[-122.21191,49.00905],[-122.3877,49.00905],[-122.3877,48.98022]]]}},{"type":"Feature","properties":{},"geometry":{"type":"Polygon","coordinates":[[[-122.16797,37.96152],[-121.59668,37.96152],[-121.59668,38.03079],[-122.16797,38.03079],[-122.16797,37.96152]]]}},{"type":"Feature","properties":{},"geometry":{"type":"Polygon","coordinates":[[[-120.01465,37.96152],[-118.87207,37.96152],[-118.87207,38.03079],[-120.01465,38.03079],[-120.01465,37.96152]]]}},{"type":"Feature","properties":{},"geometry":{"type":"Polygon","coordinates":[[[-1.18652,37.96152],[-1.05469,37.96152],[-1.05469,38.03079],[-1.18652,38.03079],[-1.18652,37.96152]]]}},{"type":"Feature","properties":{},"geometry":{"type":"Polygon","coordinates":[[[-121.37695,37.99616],[-121.24512,37.99616],[-121.24512,38.03079],[-121.37695,38.03079],[-121.37695,37.99616]]]}},{"type":"Feature","properties":{},"geometry":{"type":"Polygon","coordinates":[[[-122.51953,38.23818],[-122.3877,38.23818],[-122.3877,38.30718],[-122.51953,38.30718],[-122.51953,38.23818]]]}},{"type":"Feature","properties":{},"geometry":{"type":"Polygon","coordinates":[[[-122.21191,38.23818],[-121.86035,38.23818],[-121.86035,38.30718],[-122.21191,38.30718],[-122.21191,38.23818]]]}},{"type":"Feature","properties":{},"geometry":{"type":"Polygon","coordinates":[[[-120.01465,38.03079],[-118.95996,38.03079],[-118.95996,39.02772],[-120.01465,39.02772],[-120.01465,38.03079]]]}},{"type":"Feature","properties":{},"geometry":{"type":"Polygon","coordinates":[[[-85.86914,38.23818],[-85.42969,38.23818],[-85.42969,38.34166],[-85.86914,38.34166],[-85.86914,38.23818]]]}},{"type":"Feature","properties":{},"geometry":{"type":"Polygon","coordinates":[[[-0.61523,38.27269],[-0.4834,38.27269],[-0.4834,38.30718],[-0.61523,38.30718],[-0.61523,38.27269]]]}},{"type":"Feature","properties":{},"geometry":{"type":"Polygon","coordinates":[[[-122.56348,38.30718],[-122.3877,38.30718],[-122.3877,38.34166],[-122.56348,38.34166],[-122.56348,38.30718]]]}},{"type":"Feature","properties":{},"geometry":{"type":"Polygon","coordinates":[[[-122.08008,38.30718],[-121.9043,38.30718],[-121.9043,38.34166],[-122.08008,38.34166],[-122.08008,38.30718]]]}},{"type":"Feature","properties":{},"geometry":{"type":"Polygon","coordinates":[[[-121.55273,38.30718],[-121.4209,38.30718],[-121.4209,38.34166],[-121.55273,38.34166],[-121.55273,38.30718]]]}},{"type":"Feature","properties":{},"geometry":{"type":"Polygon","coordinates":[[[-121.37695,38.30718],[-121.28906,38.30718],[-121.28906,38.34166],[-121.37695,38.34166],[-121.37695,38.30718]]]}},{"type":"Feature","properties":{},"geometry":{"type":"Polygon","coordinates":[[[-0.61523,38.30718],[-0.43945,38.30718],[-0.43945,38.34166],[-0.61523,38.34166],[-0.61523,38.30718]]]}},{"type":"Feature","properties":{},"geometry":{"type":"Polygon","coordinates":[[[-122.56348,38.34166],[-122.47559,38.34166],[-122.47559,38.37612],[-122.56348,38.37612],[-122.56348,38.34166]]]}},{"type":"Feature","properties":{},"geometry":{"type":"Polygon","coordinates":[[[-122.03613,38.34166],[-121.9043,38.34166],[-121.9043,38.44498],[-122.03613,38.44498],[-122.03613,38.34166]]]}},{"type":"Feature","properties":{},"geometry":{"type":"Polygon","coordinates":[[[-121.55273,38.34166],[-121.28906,38.34166],[-121.28906,38.41056],[-121.55273,38.41056],[-121.55273,38.34166]]]}},{"type":"Feature","properties":{},"geometry":{"type":"Polygon","coordinates":[[[-85.51758,38.34166],[-85.47363,38.34166],[-85.47363,38.37612],[-85.51758,38.37612],[-85.51758,38.34166]]]}},{"type":"Feature","properties":{},"geometry":{"type":"Polygon","coordinates":[[[-0.61523,38.34166],[-0.39551,38.34166],[-0.39551,38.37612],[-0.61523,38.37612],[-0.61523,38.34166]]]}},{"type":"Feature","properties":{},"geometry":{"type":"Polygon","coordinates":[[[-122.60742,38.37612],[-122.47559,38.37612],[-122.47559,38.41056],[-122.60742,38.41056],[-122.60742,38.37612]]]}},{"type":"Feature","properties":{},"geometry":{"type":"Polygon","coordinates":[[[-90.43945,38.37612],[-90.30762,38.37612],[-90.30762,38.41056],[-90.43945,38.41056],[-90.43945,38.37612]]]}},{"type":"Feature","properties":{},"geometry":{"type":"Polygon","coordinates":[[[-77.60742,38.37612],[-77.2998,38.37612],[-77.2998,38.44498],[-77.60742,38.44498],[-77.60742,38.37612]]]}},{"type":"Feature","properties":{},"geometry":{"type":"Polygon","coordinates":[[[-0.57129,38.37612],[-0.39551,38.37612],[-0.39551,38.41056],[-0.57129,38.41056],[-0.57129,38.37612]]]}},{"type":"Feature","properties":{},"geometry":{"type":"Polygon","coordinates":[[[-122.65137,38.41056],[-122.47559,38.41056],[-122.47559,38.44498],[-122.65137,38.44498],[-122.65137,38.41056]]]}},{"type":"Feature","properties":{},"geometry":{"type":"Polygon","coordinates":[[[-121.64062,38.41056],[-121.24512,38.41056],[-121.24512,38.47939],[-121.64062,38.47939],[-121.64062,38.41056]]]}},{"type":"Feature","properties":{},"geometry":{"type":"Polygon","coordinates":[[[-90.43945,38.41056],[-90.26367,38.41056],[-90.26367,38.44498],[-90.43945,38.44498],[-90.43945,38.41056]]]}},{"type":"Feature","properties":{},"geometry":{"type":"Polygon","coordinates":[[[-0.43945,38.41056],[-0.35156,38.41056],[-0.35156,38.44498],[-0.43945,38.44498],[-0.43945,38.41056]]]}},{"type":"Feature","properties":{},"geometry":{"type":"Polygon","coordinates":[[[-0.43945,39.36828],[-0.35156,39.36828],[-0.35156,39.40224],[-0.43945,39.40224],[-0.43945,39.36828]]]}},{"type":"Feature","properties":{},"geometry":{"type":"Polygon","coordinates":[[[-122.65137,38.44498],[-122.56348,38.44498],[-122.56348,38.47939],[-122.65137,38.47939],[-122.65137,38.44498]]]}},{"type":"Feature","properties":{},"geometry":{"type":"Polygon","coordinates":[[[-90.4834,38.44498],[-90.26367,38.44498],[-90.26367,38.47939],[-90.4834,38.47939],[-90.4834,38.44498]]]}},{"type":"Feature","properties":{},"geometry":{"type":"Polygon","coordinates":[[[-77.60742,38.44498],[-76.86035,38.44498],[-76.86035,38.51379],[-77.60742,38.51379],[-77.60742,38.44498]]]}},{"type":"Feature","properties":{},"geometry":{"type":"Polygon","coordinates":[[[-122.34375,37.85751],[-121.94824,37.85751],[-121.94824,37.8922],[-122.34375,37.8922],[-122.34375,37.85751]]]}},{"type":"Feature","properties":{},"geometry":{"type":"Polygon","coordinates":[[[-4.92187,37.85751],[-4.6582,37.85751],[-4.6582,37.8922],[-4.92187,37.8922],[-4.92187,37.85751]]]}},{"type":"Feature","properties":{},"geometry":{"type":"Polygon","coordinates":[[[-122.2998,38.03079],[-121.81641,38.03079],[-121.81641,38.06539],[-122.2998,38.06539],[-122.2998,38.03079]]]}},{"type":"Feature","properties":{},"geometry":{"type":"Polygon","coordinates":[[[-121.72852,38.03079],[-121.59668,38.03079],[-121.59668,38.06539],[-121.72852,38.06539],[-121.72852,38.03079]]]}},{"type":"Feature","properties":{},"geometry":{"type":"Polygon","coordinates":[[[-85.7373,38.03079],[-85.64941,38.03079],[-85.64941,38.06539],[-85.7373,38.06539],[-85.7373,38.03079]]]}},{"type":"Feature","properties":{},"geometry":{"type":"Polygon","coordinates":[[[-1.18652,38.03079],[-1.09863,38.03079],[-1.09863,38.06539],[-1.18652,38.06539],[-1.18652,38.03079]]]}},{"type":"Feature","properties":{},"geometry":{"type":"Polygon","coordinates":[[[-122.2998,38.06539],[-122.08008,38.06539],[-122.08008,38.09998],[-122.2998,38.09998],[-122.2998,38.06539]]]}},{"type":"Feature","properties":{},"geometry":{"type":"Polygon","coordinates":[[[-122.2998,38.13456],[-122.08008,38.13456],[-122.08008,38.16911],[-122.2998,38.16911],[-122.2998,38.13456]]]}},{"type":"Feature","properties":{},"geometry":{"type":"Polygon","coordinates":[[[-85.91309,38.06539],[-85.78125,38.06539],[-85.78125,38.09998],[-85.91309,38.09998],[-85.91309,38.06539]]]}},{"type":"Feature","properties":{},"geometry":{"type":"Polygon","coordinates":[[[-85.7373,38.06539],[-85.60547,38.06539],[-85.60547,38.09998],[-85.7373,38.09998],[-85.7373,38.06539]]]}},{"type":"Feature","properties":{},"geometry":{"type":"Polygon","coordinates":[[[-122.2998,38.09998],[-122.16797,38.09998],[-122.16797,38.13456],[-122.2998,38.13456],[-122.2998,38.09998]]]}},{"type":"Feature","properties":{},"geometry":{"type":"Polygon","coordinates":[[[-85.91309,38.09998],[-85.51758,38.09998],[-85.51758,38.16911],[-85.91309,38.16911],[-85.91309,38.09998]]]}},{"type":"Feature","properties":{},"geometry":{"type":"Polygon","coordinates":[[[-122.2998,38.16911],[-122.21191,38.16911],[-122.21191,38.20366],[-122.2998,38.20366],[-122.2998,38.16911]]]}},{"type":"Feature","properties":{},"geometry":{"type":"Polygon","coordinates":[[[-122.16797,38.16911],[-122.08008,38.16911],[-122.08008,38.20366],[-122.16797,38.20366],[-122.16797,38.16911]]]}},{"type":"Feature","properties":{},"geometry":{"type":"Polygon","coordinates":[[[-85.91309,38.16911],[-85.47363,38.16911],[-85.47363,38.20366],[-85.91309,38.20366],[-85.91309,38.16911]]]}},{"type":"Feature","properties":{},"geometry":{"type":"Polygon","coordinates":[[[-122.21191,38.20366],[-121.94824,38.20366],[-121.94824,38.23818],[-122.21191,38.23818],[-122.21191,38.20366]]]}},{"type":"Feature","properties":{},"geometry":{"type":"Polygon","coordinates":[[[-85.91309,38.20366],[-85.42969,38.20366],[-85.42969,38.23818],[-85.91309,38.23818],[-85.91309,38.20366]]]}},{"type":"Feature","properties":{},"geometry":{"type":"Polygon","coordinates":[[[-121.86035,38.47939],[-121.28906,38.47939],[-121.28906,38.54817],[-121.86035,38.54817],[-121.86035,38.47939]]]}},{"type":"Feature","properties":{},"geometry":{"type":"Polygon","coordinates":[[[-90.52734,38.47939],[-90.26367,38.47939],[-90.26367,38.51379],[-90.52734,38.51379],[-90.52734,38.47939]]]}},{"type":"Feature","properties":{},"geometry":{"type":"Polygon","coordinates":[[[-9.09668,38.47939],[-8.9209,38.47939],[-8.9209,38.51379],[-9.09668,38.51379],[-9.09668,38.47939]]]}},{"type":"Feature","properties":{},"geometry":{"type":"Polygon","coordinates":[[[-9.09668,38.92523],[-8.9209,38.92523],[-8.9209,38.99357],[-9.09668,38.99357],[-9.09668,38.92523]]]}},{"type":"Feature","properties":{},"geometry":{"type":"Polygon","coordinates":[[[-92.24121,38.51379],[-92.10937,38.51379],[-92.10937,38.54817],[-92.24121,38.54817],[-92.24121,38.51379]]]}},{"type":"Feature","properties":{},"geometry":{"type":"Polygon","coordinates":[[[-90.57129,38.51379],[-90.13184,38.51379],[-90.13184,38.54817],[-90.57129,38.54817],[-90.57129,38.51379]]]}},{"type":"Feature","properties":{},"geometry":{"type":"Polygon","coordinates":[[[-77.60742,38.51379],[-76.77246,38.51379],[-76.77246,38.54817],[-77.60742,38.54817],[-77.60742,38.51379]]]}},{"type":"Feature","properties":{},"geometry":{"type":"Polygon","coordinates":[[[-9.22852,38.51379],[-9.14062,38.51379],[-9.14062,38.58253],[-9.22852,38.58253],[-9.22852,38.51379]]]}},{"type":"Feature","properties":{},"geometry":{"type":"Polygon","coordinates":[[[-9.09668,38.51379],[-8.87695,38.51379],[-8.87695,38.58253],[-9.09668,38.58253],[-9.09668,38.51379]]]}},{"type":"Feature","properties":{},"geometry":{"type":"Polygon","coordinates":[[[-121.86035,38.54817],[-121.24512,38.54817],[-121.24512,38.61687],[-121.86035,38.61687],[-121.86035,38.54817]]]}},{"type":"Feature","properties":{},"geometry":{"type":"Polygon","coordinates":[[[-92.3291,38.54817],[-92.10937,38.54817],[-92.10937,38.58253],[-92.3291,38.58253],[-92.3291,38.54817]]]}},{"type":"Feature","properties":{},"geometry":{"type":"Polygon","coordinates":[[[-90.65918,38.54817],[-90.04395,38.54817],[-90.04395,38.61687],[-90.65918,38.61687],[-90.65918,38.54817]]]}},{"type":"Feature","properties":{},"geometry":{"type":"Polygon","coordinates":[[[-77.43164,38.54817],[-76.77246,38.54817],[-76.77246,38.58253],[-77.43164,38.58253],[-77.43164,38.54817]]]}},{"type":"Feature","properties":{},"geometry":{"type":"Polygon","coordinates":[[[-92.3291,38.58253],[-92.15332,38.58253],[-92.15332,38.61687],[-92.3291,38.61687],[-92.3291,38.58253]]]}},{"type":"Feature","properties":{},"geometry":{"type":"Polygon","coordinates":[[[-77.56348,38.58253],[-76.77246,38.58253],[-76.77246,38.61687],[-77.56348,38.61687],[-77.56348,38.58253]]]}},{"type":"Feature","properties":{},"geometry":{"type":"Polygon","coordinates":[[[-76.68457,38.58253],[-76.46484,38.58253],[-76.46484,38.61687],[-76.68457,38.61687],[-76.68457,38.58253]]]}},{"type":"Feature","properties":{},"geometry":{"type":"Polygon","coordinates":[[[-9.27246,38.58253],[-8.87695,38.58253],[-8.87695,38.6512],[-9.27246,38.6512],[-9.27246,38.58253]]]}},{"type":"Feature","properties":{},"geometry":{"type":"Polygon","coordinates":[[[-121.86035,38.61687],[-121.11328,38.61687],[-121.11328,38.68551],[-121.86035,38.68551],[-121.86035,38.61687]]]}},{"type":"Feature","properties":{},"geometry":{"type":"Polygon","coordinates":[[[-104.76562,38.61687],[-104.63379,38.61687],[-104.63379,38.6512],[-104.76562,38.6512],[-104.76562,38.61687]]]}},{"type":"Feature","properties":{},"geometry":{"type":"Polygon","coordinates":[[[-90.70312,38.61687],[-90.04395,38.61687],[-90.04395,38.68551],[-90.70312,38.68551],[-90.70312,38.61687]]]}},{"type":"Feature","properties":{},"geometry":{"type":"Polygon","coordinates":[[[-77.56348,38.61687],[-76.46484,38.61687],[-76.46484,38.6512],[-77.56348,38.6512],[-77.56348,38.61687]]]}},{"type":"Feature","properties":{},"geometry":{"type":"Polygon","coordinates":[[[-104.80957,38.6512],[-104.58984,38.6512],[-104.58984,38.68551],[-104.80957,38.68551],[-104.80957,38.6512]]]}},{"type":"Feature","properties":{},"geometry":{"type":"Polygon","coordinates":[[[-77.87109,38.6512],[-76.46484,38.6512],[-76.46484,38.78835],[-77.87109,38.78835],[-77.87109,38.6512]]]}},{"type":"Feature","properties":{},"geometry":{"type":"Polygon","coordinates":[[[-9.49219,38.6512],[-8.87695,38.6512],[-8.87695,38.68551],[-9.49219,38.68551],[-9.49219,38.6512]]]}},{"type":"Feature","properties":{},"geometry":{"type":"Polygon","coordinates":[[[-121.86035,38.68551],[-121.15723,38.68551],[-121.15723,38.7198],[-121.86035,38.7198],[-121.86035,38.68551]]]}},{"type":"Feature","properties":{},"geometry":{"type":"Polygon","coordinates":[[[-104.89746,38.68551],[-104.5459,38.68551],[-104.5459,38.78835],[-104.89746,38.78835],[-104.89746,38.68551]]]}},{"type":"Feature","properties":{},"geometry":{"type":"Polygon","coordinates":[[[-90.74707,38.68551],[-90.04395,38.68551],[-90.04395,38.7198],[-90.74707,38.7198],[-90.74707,38.68551]]]}},{"type":"Feature","properties":{},"geometry":{"type":"Polygon","coordinates":[[[-9.53613,38.68551],[-9.27246,38.68551],[-9.27246,38.78835],[-9.53613,38.78835],[-9.53613,38.68551]]]}},{"type":"Feature","properties":{},"geometry":{"type":"Polygon","coordinates":[[[-9.22852,38.68551],[-8.87695,38.68551],[-8.87695,38.78835],[-9.22852,38.78835],[-9.22852,38.68551]]]}},{"type":"Feature","properties":{},"geometry":{"type":"Polygon","coordinates":[[[-121.86035,38.7198],[-121.20117,38.7198],[-121.20117,38.75408],[-121.86035,38.75408],[-121.86035,38.7198]]]}},{"type":"Feature","properties":{},"geometry":{"type":"Polygon","coordinates":[[[-90.79102,38.7198],[-90.04395,38.7198],[-90.04395,38.75408],[-90.79102,38.75408],[-90.79102,38.7198]]]}},{"type":"Feature","properties":{},"geometry":{"type":"Polygon","coordinates":[[[-121.55273,38.75408],[-121.20117,38.75408],[-121.20117,38.78835],[-121.55273,38.78835],[-121.55273,38.75408]]]}},{"type":"Feature","properties":{},"geometry":{"type":"Polygon","coordinates":[[[-90.79102,38.75408],[-90.17578,38.75408],[-90.17578,38.82259],[-90.79102,38.82259],[-90.79102,38.75408]]]}},{"type":"Feature","properties":{},"geometry":{"type":"Polygon","coordinates":[[[-121.50879,38.78835],[-121.24512,38.78835],[-121.24512,38.82259],[-121.50879,38.82259],[-121.50879,38.78835]]]}},{"type":"Feature","properties":{},"geometry":{"type":"Polygon","coordinates":[[[-104.94141,38.78835],[-104.5459,38.78835],[-104.5459,38.82259],[-104.94141,38.82259],[-104.94141,38.78835]]]}},{"type":"Feature","properties":{},"geometry":{"type":"Polygon","coordinates":[[[-77.87109,38.78835],[-76.28906,38.78835],[-76.28906,38.82259],[-77.87109,38.82259],[-77.87109,38.78835]]]}},{"type":"Feature","properties":{},"geometry":{"type":"Polygon","coordinates":[[[-9.44824,38.78835],[-9.27246,38.78835],[-9.27246,38.85682],[-9.44824,38.85682],[-9.44824,38.78835]]]}},{"type":"Feature","properties":{},"geometry":{"type":"Polygon","coordinates":[[[-9.22852,38.78835],[-9.00879,38.78835],[-9.00879,38.85682],[-9.22852,38.85682],[-9.22852,38.78835]]]}},{"type":"Feature","properties":{},"geometry":{"type":"Polygon","coordinates":[[[-104.98535,38.82259],[-104.50195,38.82259],[-104.50195,38.89103],[-104.98535,38.89103],[-104.98535,38.82259]]]}},{"type":"Feature","properties":{},"geometry":{"type":"Polygon","coordinates":[[[-104.98535,39.06185],[-104.50195,39.06185],[-104.50195,39.13006],[-104.98535,39.13006],[-104.98535,39.06185]]]}},{"type":"Feature","properties":{},"geometry":{"type":"Polygon","coordinates":[[[-94.87793,38.82259],[-94.57031,38.82259],[-94.57031,38.89103],[-94.87793,38.89103],[-94.87793,38.82259]]]}},{"type":"Feature","properties":{},"geometry":{"type":"Polygon","coordinates":[[[-92.41699,38.82259],[-92.3291,38.82259],[-92.3291,38.85682],[-92.41699,38.85682],[-92.41699,38.82259]]]}},{"type":"Feature","properties":{},"geometry":{"type":"Polygon","coordinates":[[[-90.52734,38.82259],[-90.43945,38.82259],[-90.43945,38.85682],[-90.52734,38.85682],[-90.52734,38.82259]]]}},{"type":"Feature","properties":{},"geometry":{"type":"Polygon","coordinates":[[[-90.39551,38.82259],[-90.21973,38.82259],[-90.21973,38.85682],[-90.39551,38.85682],[-90.39551,38.82259]]]}},{"type":"Feature","properties":{},"geometry":{"type":"Polygon","coordinates":[[[-84.72656,38.82259],[-84.55078,38.82259],[-84.55078,38.85682],[-84.72656,38.85682],[-84.72656,38.82259]]]}},{"type":"Feature","properties":{},"geometry":{"type":"Polygon","coordinates":[[[-77.73926,38.82259],[-76.28906,38.82259],[-76.28906,38.85682],[-77.73926,38.85682],[-77.73926,38.82259]]]}},{"type":"Feature","properties":{},"geometry":{"type":"Polygon","coordinates":[[[-92.46094,38.85682],[-92.24121,38.85682],[-92.24121,38.89103],[-92.46094,38.89103],[-92.46094,38.85682]]]}},{"type":"Feature","properties":{},"geometry":{"type":"Polygon","coordinates":[[[-84.72656,38.85682],[-84.46289,38.85682],[-84.46289,38.92523],[-84.72656,38.92523],[-84.72656,38.85682]]]}},{"type":"Feature","properties":{},"geometry":{"type":"Polygon","coordinates":[[[-84.72656,39.43619],[-84.46289,39.43619],[-84.46289,39.50404],[-84.72656,39.50404],[-84.72656,39.43619]]]}},{"type":"Feature","properties":{},"geometry":{"type":"Polygon","coordinates":[[[-77.73926,38.85682],[-76.24512,38.85682],[-76.24512,38.89103],[-77.73926,38.89103],[-77.73926,38.85682]]]}},{"type":"Feature","properties":{},"geometry":{"type":"Polygon","coordinates":[[[-9.22852,38.85682],[-8.96484,38.85682],[-8.96484,38.89103],[-9.22852,38.89103],[-9.22852,38.85682]]]}},{"type":"Feature","properties":{},"geometry":{"type":"Polygon","coordinates":[[[-104.94141,38.89103],[-104.50195,38.89103],[-104.50195,39.06185],[-104.94141,39.06185],[-104.94141,38.89103]]]}},{"type":"Feature","properties":{},"geometry":{"type":"Polygon","coordinates":[[[-94.87793,38.89103],[-94.52637,38.89103],[-94.52637,38.95941],[-94.87793,38.95941],[-94.87793,38.89103]]]}},{"type":"Feature","properties":{},"geometry":{"type":"Polygon","coordinates":[[[-77.65137,38.89103],[-76.15723,38.89103],[-76.15723,39.02772],[-77.65137,39.02772],[-77.65137,38.89103]]]}},{"type":"Feature","properties":{},"geometry":{"type":"Polygon","coordinates":[[[-9.18457,38.89103],[-8.96484,38.89103],[-8.96484,38.92523],[-9.18457,38.92523],[-9.18457,38.89103]]]}},{"type":"Feature","properties":{},"geometry":{"type":"Polygon","coordinates":[[[-92.46094,38.92523],[-92.15332,38.92523],[-92.15332,38.99357],[-92.46094,38.99357],[-92.46094,38.92523]]]}},{"type":"Feature","properties":{},"geometry":{"type":"Polygon","coordinates":[[[-84.81445,38.92523],[-84.46289,38.92523],[-84.46289,38.99357],[-84.81445,38.99357],[-84.81445,38.92523]]]}},{"type":"Feature","properties":{},"geometry":{"type":"Polygon","coordinates":[[[-95.71289,38.95941],[-95.625,38.95941],[-95.625,38.99357],[-95.71289,38.99357],[-95.71289,38.95941]]]}},{"type":"Feature","properties":{},"geometry":{"type":"Polygon","coordinates":[[[-94.87793,38.95941],[-94.48242,38.95941],[-94.48242,38.99357],[-94.87793,38.99357],[-94.87793,38.95941]]]}},{"type":"Feature","properties":{},"geometry":{"type":"Polygon","coordinates":[[[-94.87793,38.99357],[-94.43848,38.99357],[-94.43848,39.06185],[-94.87793,39.06185],[-94.87793,38.99357]]]}},{"type":"Feature","properties":{},"geometry":{"type":"Polygon","coordinates":[[[-84.81445,38.99357],[-84.375,38.99357],[-84.375,39.02772],[-84.81445,39.02772],[-84.81445,38.99357]]]}},{"type":"Feature","properties":{},"geometry":{"type":"Polygon","coordinates":[[[-84.33105,38.99357],[-84.28711,38.99357],[-84.28711,39.02772],[-84.33105,39.02772],[-84.33105,38.99357]]]}},{"type":"Feature","properties":{},"geometry":{"type":"Polygon","coordinates":[[[-9.05273,38.99357],[-8.9209,38.99357],[-8.9209,39.09596],[-9.05273,39.09596],[-9.05273,38.99357]]]}},{"type":"Feature","properties":{},"geometry":{"type":"Polygon","coordinates":[[[-123.22266,39.09596],[-123.13477,39.09596],[-123.13477,39.13006],[-123.22266,39.13006],[-123.22266,39.09596]]]}},{"type":"Feature","properties":{},"geometry":{"type":"Polygon","coordinates":[[[-121.72852,39.09596],[-121.46484,39.09596],[-121.46484,39.16414],[-121.72852,39.16414],[-121.72852,39.09596]]]}},{"type":"Feature","properties":{},"geometry":{"type":"Polygon","coordinates":[[[-119.79492,39.09596],[-119.75098,39.09596],[-119.75098,39.13006],[-119.79492,39.13006],[-119.79492,39.09596]]]}},{"type":"Feature","properties":{},"geometry":{"type":"Polygon","coordinates":[[[-94.92187,39.06185],[-94.43848,39.06185],[-94.43848,39.16414],[-94.92187,39.16414],[-94.92187,39.06185]]]}},{"type":"Feature","properties":{},"geometry":{"type":"Polygon","coordinates":[[[-84.94629,39.09596],[-84.19922,39.09596],[-84.19922,39.26628],[-84.94629,39.26628],[-84.94629,39.09596]]]}},{"type":"Feature","properties":{},"geometry":{"type":"Polygon","coordinates":[[[-77.73926,39.06185],[-76.37695,39.06185],[-76.37695,39.19821],[-77.73926,39.19821],[-77.73926,39.06185]]]}},{"type":"Feature","properties":{},"geometry":{"type":"Polygon","coordinates":[[[-75.58594,39.09596],[-75.41016,39.09596],[-75.41016,39.16414],[-75.58594,39.16414],[-75.58594,39.09596]]]}},{"type":"Feature","properties":{},"geometry":{"type":"Polygon","coordinates":[[[-123.2666,39.13006],[-123.13477,39.13006],[-123.13477,39.3003],[-123.2666,39.3003],[-123.2666,39.13006]]]}},{"type":"Feature","properties":{},"geometry":{"type":"Polygon","coordinates":[[[-104.98535,39.13006],[-104.58984,39.13006],[-104.58984,39.16414],[-104.98535,39.16414],[-104.98535,39.13006]]]}},{"type":"Feature","properties":{},"geometry":{"type":"Polygon","coordinates":[[[-119.79492,39.16414],[-119.66309,39.16414],[-119.66309,39.19821],[-119.79492,39.19821],[-119.79492,39.16414]]]}},{"type":"Feature","properties":{},"geometry":{"type":"Polygon","coordinates":[[[-94.79004,39.16414],[-94.43848,39.16414],[-94.43848,39.19821],[-94.79004,39.19821],[-94.79004,39.16414]]]}},{"type":"Feature","properties":{},"geometry":{"type":"Polygon","coordinates":[[[-75.62988,39.16414],[-75.4541,39.16414],[-75.4541,39.19821],[-75.62988,39.19821],[-75.62988,39.16414]]]}},{"type":"Feature","properties":{},"geometry":{"type":"Polygon","coordinates":[[[-94.79004,39.19821],[-94.35059,39.19821],[-94.35059,39.23225],[-94.79004,39.23225],[-94.79004,39.19821]]]}},{"type":"Feature","properties":{},"geometry":{"type":"Polygon","coordinates":[[[-77.51953,39.19821],[-76.4209,39.19821],[-76.4209,39.23225],[-77.51953,39.23225],[-77.51953,39.19821]]]}},{"type":"Feature","properties":{},"geometry":{"type":"Polygon","coordinates":[[[-75.62988,39.19821],[-75.49805,39.19821],[-75.49805,39.23225],[-75.62988,39.23225],[-75.62988,39.19821]]]}},{"type":"Feature","properties":{},"geometry":{"type":"Polygon","coordinates":[[[-119.75098,39.36828],[-119.70703,39.36828],[-119.70703,39.40224],[-119.75098,39.40224],[-119.75098,39.36828]]]}},{"type":"Feature","properties":{},"geometry":{"type":"Polygon","coordinates":[[[-104.98535,39.3003],[-104.63379,39.3003],[-104.63379,39.47013],[-104.98535,39.47013],[-104.98535,39.3003]]]}},{"type":"Feature","properties":{},"geometry":{"type":"Polygon","coordinates":[[[-84.72656,39.3003],[-84.19922,39.3003],[-84.19922,39.40224],[-84.72656,39.40224],[-84.72656,39.3003]]]}},{"type":"Feature","properties":{},"geometry":{"type":"Polygon","coordinates":[[[-77.60742,39.36828],[-76.99219,39.36828],[-76.99219,39.40224],[-77.60742,39.40224],[-77.60742,39.36828]]]}},{"type":"Feature","properties":{},"geometry":{"type":"Polygon","coordinates":[[[-76.86035,39.36828],[-76.4209,39.36828],[-76.4209,39.43619],[-76.86035,39.43619],[-76.86035,39.36828]]]}},{"type":"Feature","properties":{},"geometry":{"type":"Polygon","coordinates":[[[-86.17676,39.40224],[-86.08887,39.40224],[-86.08887,39.43619],[-86.17676,39.43619],[-86.17676,39.40224]]]}},{"type":"Feature","properties":{},"geometry":{"type":"Polygon","coordinates":[[[-86.17676,40.38003],[-86.08887,40.38003],[-86.08887,40.4135],[-86.17676,40.4135],[-86.17676,40.38003]]]}},{"type":"Feature","properties":{},"geometry":{"type":"Polygon","coordinates":[[[-86.17676,40.5138],[-86.08887,40.5138],[-86.08887,40.5472],[-86.17676,40.5472],[-86.17676,40.5138]]]}},{"type":"Feature","properties":{},"geometry":{"type":"Polygon","coordinates":[[[-84.72656,39.40224],[-84.41895,39.40224],[-84.41895,39.43619],[-84.72656,39.43619],[-84.72656,39.40224]]]}},{"type":"Feature","properties":{},"geometry":{"type":"Polygon","coordinates":[[[-77.60742,39.40224],[-77.16797,39.40224],[-77.16797,39.47013],[-77.60742,39.47013],[-77.60742,39.40224]]]}},{"type":"Feature","properties":{},"geometry":{"type":"Polygon","coordinates":[[[-0.52734,39.40224],[-0.26367,39.40224],[-0.26367,39.47013],[-0.52734,39.47013],[-0.52734,39.40224]]]}},{"type":"Feature","properties":{},"geometry":{"type":"Polygon","coordinates":[[[-86.48437,39.43619],[-86.08887,39.43619],[-86.08887,39.57182],[-86.48437,39.57182],[-86.48437,39.43619]]]}},{"type":"Feature","properties":{},"geometry":{"type":"Polygon","coordinates":[[[-76.86035,39.43619],[-76.72852,39.43619],[-76.72852,39.47013],[-76.86035,39.47013],[-76.86035,39.43619]]]}},{"type":"Feature","properties":{},"geometry":{"type":"Polygon","coordinates":[[[-76.68457,39.43619],[-76.55273,39.43619],[-76.55273,39.47013],[-76.68457,39.47013],[-76.68457,39.43619]]]}},{"type":"Feature","properties":{},"geometry":{"type":"Polygon","coordinates":[[[-119.92676,39.47013],[-119.70703,39.47013],[-119.70703,39.50404],[-119.92676,39.50404],[-119.92676,39.47013]]]}},{"type":"Feature","properties":{},"geometry":{"type":"Polygon","coordinates":[[[-105.0293,39.47013],[-104.63379,39.47013],[-104.63379,39.50404],[-105.0293,39.50404],[-105.0293,39.47013]]]}},{"type":"Feature","properties":{},"geometry":{"type":"Polygon","coordinates":[[[-77.60742,39.47013],[-77.25586,39.47013],[-77.25586,39.50404],[-77.60742,39.50404],[-77.60742,39.47013]]]}},{"type":"Feature","properties":{},"geometry":{"type":"Polygon","coordinates":[[[-76.68457,39.47013],[-76.59668,39.47013],[-76.59668,39.50404],[-76.68457,39.50404],[-76.68457,39.47013]]]}},{"type":"Feature","properties":{},"geometry":{"type":"Polygon","coordinates":[[[-0.52734,39.47013],[-0.30762,39.47013],[-0.30762,39.53794],[-0.52734,39.53794],[-0.52734,39.47013]]]}},{"type":"Feature","properties":{},"geometry":{"type":"Polygon","coordinates":[[[-119.92676,39.50404],[-119.66309,39.50404],[-119.66309,39.53794],[-119.92676,39.53794],[-119.92676,39.50404]]]}},{"type":"Feature","properties":{},"geometry":{"type":"Polygon","coordinates":[[[-105.07324,39.50404],[-104.63379,39.50404],[-104.63379,39.53794],[-105.07324,39.53794],[-105.07324,39.50404]]]}},{"type":"Feature","properties":{},"geometry":{"type":"Polygon","coordinates":[[[-84.55078,39.50404],[-84.46289,39.50404],[-84.46289,39.53794],[-84.55078,39.53794],[-84.55078,39.50404]]]}},{"type":"Feature","properties":{},"geometry":{"type":"Polygon","coordinates":[[[-77.43164,39.50404],[-77.25586,39.50404],[-77.25586,39.53794],[-77.43164,39.53794],[-77.43164,39.50404]]]}},{"type":"Feature","properties":{},"geometry":{"type":"Polygon","coordinates":[[[-119.88281,39.53794],[-119.66309,39.53794],[-119.66309,39.57182],[-119.88281,39.57182],[-119.88281,39.53794]]]}},{"type":"Feature","properties":{},"geometry":{"type":"Polygon","coordinates":[[[-105.20508,39.53794],[-104.63379,39.53794],[-104.63379,39.63954],[-105.20508,39.63954],[-105.20508,39.53794]]]}},{"type":"Feature","properties":{},"geometry":{"type":"Polygon","coordinates":[[[-105.20508,39.84229],[-104.63379,39.84229],[-104.63379,39.94344],[-105.20508,39.94344],[-105.20508,39.84229]]]}},{"type":"Feature","properties":{},"geometry":{"type":"Polygon","coordinates":[[[-77.3877,39.53794],[-77.25586,39.53794],[-77.25586,39.60569],[-77.3877,39.60569],[-77.3877,39.53794]]]}},{"type":"Feature","properties":{},"geometry":{"type":"Polygon","coordinates":[[[-0.52734,39.53794],[-0.43945,39.53794],[-0.43945,39.57182],[-0.52734,39.57182],[-0.52734,39.53794]]]}},{"type":"Feature","properties":{},"geometry":{"type":"Polygon","coordinates":[[[-86.48437,39.57182],[-86.04492,39.57182],[-86.04492,39.60569],[-86.48437,39.60569],[-86.48437,39.57182]]]}},{"type":"Feature","properties":{},"geometry":{"type":"Polygon","coordinates":[[[-84.28711,39.57182],[-84.06738,39.57182],[-84.06738,39.60569],[-84.28711,39.60569],[-84.28711,39.57182]]]}},{"type":"Feature","properties":{},"geometry":{"type":"Polygon","coordinates":[[[-75.80566,39.57182],[-75.62988,39.57182],[-75.62988,39.60569],[-75.80566,39.60569],[-75.80566,39.57182]]]}},{"type":"Feature","properties":{},"geometry":{"type":"Polygon","coordinates":[[[-75.58594,39.57182],[-75.4541,39.57182],[-75.4541,39.60569],[-75.58594,39.60569],[-75.58594,39.57182]]]}},{"type":"Feature","properties":{},"geometry":{"type":"Polygon","coordinates":[[[-121.59668,39.02772],[-121.50879,39.02772],[-121.50879,39.06185],[-121.59668,39.06185],[-121.59668,39.02772]]]}},{"type":"Feature","properties":{},"geometry":{"type":"Polygon","coordinates":[[[-92.37305,39.02772],[-92.19727,39.02772],[-92.19727,39.06185],[-92.37305,39.06185],[-92.37305,39.02772]]]}},{"type":"Feature","properties":{},"geometry":{"type":"Polygon","coordinates":[[[-77.65137,39.02772],[-76.24512,39.02772],[-76.24512,39.06185],[-77.65137,39.06185],[-77.65137,39.02772]]]}},{"type":"Feature","properties":{},"geometry":{"type":"Polygon","coordinates":[[[-121.68457,39.06185],[-121.50879,39.06185],[-121.50879,39.09596],[-121.68457,39.09596],[-121.68457,39.06185]]]}},{"type":"Feature","properties":{},"geometry":{"type":"Polygon","coordinates":[[[-84.90234,39.06185],[-84.15527,39.06185],[-84.15527,39.09596],[-84.90234,39.09596],[-84.90234,39.06185]]]}},{"type":"Feature","properties":{},"geometry":{"type":"Polygon","coordinates":[[[-75.58594,39.06185],[-75.49805,39.06185],[-75.49805,39.09596],[-75.58594,39.09596],[-75.58594,39.06185]]]}},{"type":"Feature","properties":{},"geometry":{"type":"Polygon","coordinates":[[[-123.2666,39.3003],[-123.17871,39.3003],[-123.17871,39.3343],[-123.2666,39.3343],[-123.2666,39.3003]]]}},{"type":"Feature","properties":{},"geometry":{"type":"Polygon","coordinates":[[[-77.60742,39.3003],[-76.37695,39.3003],[-76.37695,39.36828],[-77.60742,39.36828],[-77.60742,39.3003]]]}},{"type":"Feature","properties":{},"geometry":{"type":"Polygon","coordinates":[[[-86.48437,39.60569],[-86.00098,39.60569],[-86.00098,39.67337],[-86.48437,39.67337],[-86.48437,39.60569]]]}},{"type":"Feature","properties":{},"geometry":{"type":"Polygon","coordinates":[[[-84.33105,39.60569],[-84.02344,39.60569],[-84.02344,39.63954],[-84.33105,39.63954],[-84.33105,39.60569]]]}},{"type":"Feature","properties":{},"geometry":{"type":"Polygon","coordinates":[[[-75.84961,39.60569],[-75.4541,39.60569],[-75.4541,39.67337],[-75.84961,39.67337],[-75.84961,39.60569]]]}},{"type":"Feature","properties":{},"geometry":{"type":"Polygon","coordinates":[[[-75.84961,45.52174],[-75.4541,45.52174],[-75.4541,45.55253],[-75.84961,45.55253],[-75.84961,45.52174]]]}},{"type":"Feature","properties":{},"geometry":{"type":"Polygon","coordinates":[[[-105.24902,39.63954],[-104.63379,39.63954],[-104.63379,39.84229],[-105.24902,39.84229],[-105.24902,39.63954]]]}},{"type":"Feature","properties":{},"geometry":{"type":"Polygon","coordinates":[[[-84.33105,39.63954],[-83.8916,39.63954],[-83.8916,39.67337],[-84.33105,39.67337],[-84.33105,39.63954]]]}},{"type":"Feature","properties":{},"geometry":{"type":"Polygon","coordinates":[[[-75.14648,39.63954],[-74.92676,39.63954],[-74.92676,39.70719],[-75.14648,39.70719],[-75.14648,39.63954]]]}},{"type":"Feature","properties":{},"geometry":{"type":"Polygon","coordinates":[[[-86.57227,39.67337],[-86.00098,39.67337],[-86.00098,39.70719],[-86.57227,39.70719],[-86.57227,39.67337]]]}},{"type":"Feature","properties":{},"geometry":{"type":"Polygon","coordinates":[[[-84.28711,39.67337],[-83.84766,39.67337],[-83.84766,39.70719],[-84.28711,39.70719],[-84.28711,39.67337]]]}},{"type":"Feature","properties":{},"geometry":{"type":"Polygon","coordinates":[[[-75.80566,39.67337],[-75.41016,39.67337],[-75.41016,39.70719],[-75.80566,39.70719],[-75.80566,39.67337]]]}},{"type":"Feature","properties":{},"geometry":{"type":"Polygon","coordinates":[[[-86.61621,39.70719],[-86.00098,39.70719],[-86.00098,39.74099],[-86.61621,39.74099],[-86.61621,39.70719]]]}},{"type":"Feature","properties":{},"geometry":{"type":"Polygon","coordinates":[[[-84.28711,39.70719],[-83.8916,39.70719],[-83.8916,39.74099],[-84.28711,39.74099],[-84.28711,39.70719]]]}},{"type":"Feature","properties":{},"geometry":{"type":"Polygon","coordinates":[[[-75.80566,39.70719],[-75.36621,39.70719],[-75.36621,39.74099],[-75.80566,39.74099],[-75.80566,39.70719]]]}},{"type":"Feature","properties":{},"geometry":{"type":"Polygon","coordinates":[[[-75.19043,39.70719],[-74.92676,39.70719],[-74.92676,39.74099],[-75.19043,39.74099],[-75.19043,39.70719]]]}},{"type":"Feature","properties":{},"geometry":{"type":"Polygon","coordinates":[[[-89.64844,39.74099],[-89.56055,39.74099],[-89.56055,39.77477],[-89.64844,39.77477],[-89.64844,39.74099]]]}},{"type":"Feature","properties":{},"geometry":{"type":"Polygon","coordinates":[[[-86.61621,39.74099],[-85.91309,39.74099],[-85.91309,39.80854],[-86.61621,39.80854],[-86.61621,39.74099]]]}},{"type":"Feature","properties":{},"geometry":{"type":"Polygon","coordinates":[[[-84.33105,39.74099],[-83.97949,39.74099],[-83.97949,39.84229],[-84.33105,39.84229],[-84.33105,39.74099]]]}},{"type":"Feature","properties":{},"geometry":{"type":"Polygon","coordinates":[[[-83.14453,39.74099],[-82.74902,39.74099],[-82.74902,39.80854],[-83.14453,39.80854],[-83.14453,39.74099]]]}},{"type":"Feature","properties":{},"geometry":{"type":"Polygon","coordinates":[[[-75.76172,39.74099],[-75.32227,39.74099],[-75.32227,39.77477],[-75.76172,39.77477],[-75.76172,39.74099]]]}},{"type":"Feature","properties":{},"geometry":{"type":"Polygon","coordinates":[[[-75.19043,39.74099],[-74.88281,39.74099],[-74.88281,39.77477],[-75.19043,39.77477],[-75.19043,39.74099]]]}},{"type":"Feature","properties":{},"geometry":{"type":"Polygon","coordinates":[[[-89.69238,39.77477],[-89.56055,39.77477],[-89.56055,39.87602],[-89.69238,39.87602],[-89.69238,39.77477]]]}},{"type":"Feature","properties":{},"geometry":{"type":"Polygon","coordinates":[[[-75.71777,39.77477],[-74.88281,39.77477],[-74.88281,39.80854],[-75.71777,39.80854],[-75.71777,39.77477]]]}},{"type":"Feature","properties":{},"geometry":{"type":"Polygon","coordinates":[[[-121.94824,39.80854],[-121.81641,39.80854],[-121.81641,39.84229],[-121.94824,39.84229],[-121.94824,39.80854]]]}},{"type":"Feature","properties":{},"geometry":{"type":"Polygon","coordinates":[[[-86.52832,39.80854],[-85.91309,39.80854],[-85.91309,39.94344],[-86.52832,39.94344],[-86.52832,39.80854]]]}},{"type":"Feature","properties":{},"geometry":{"type":"Polygon","coordinates":[[[-83.23242,39.80854],[-82.66113,39.80854],[-82.66113,39.87602],[-83.23242,39.87602],[-83.23242,39.80854]]]}},{"type":"Feature","properties":{},"geometry":{"type":"Polygon","coordinates":[[[-75.58594,39.80854],[-74.88281,39.80854],[-74.88281,39.87602],[-75.58594,39.87602],[-75.58594,39.80854]]]}},{"type":"Feature","properties":{},"geometry":{"type":"Polygon","coordinates":[[[-74.22363,39.84229],[-74.0918,39.84229],[-74.0918,39.87602],[-74.22363,39.87602],[-74.22363,39.84229]]]}},{"type":"Feature","properties":{},"geometry":{"type":"Polygon","coordinates":[[[-84.33105,39.87602],[-84.15527,39.87602],[-84.15527,39.90974],[-84.33105,39.90974],[-84.33105,39.87602]]]}},{"type":"Feature","properties":{},"geometry":{"type":"Polygon","coordinates":[[[-83.32031,39.87602],[-82.66113,39.87602],[-82.66113,39.90974],[-83.32031,39.90974],[-83.32031,39.87602]]]}},{"type":"Feature","properties":{},"geometry":{"type":"Polygon","coordinates":[[[-75.62988,39.87602],[-74.83887,39.87602],[-74.83887,39.90974],[-75.62988,39.90974],[-75.62988,39.87602]]]}},{"type":"Feature","properties":{},"geometry":{"type":"Polygon","coordinates":[[[-74.26758,39.87602],[-74.04785,39.87602],[-74.04785,39.90974],[-74.26758,39.90974],[-74.26758,39.87602]]]}},{"type":"Feature","properties":{},"geometry":{"type":"Polygon","coordinates":[[[-94.79004,39.23225],[-94.39453,39.23225],[-94.39453,39.26628],[-94.79004,39.26628],[-94.79004,39.23225]]]}},{"type":"Feature","properties":{},"geometry":{"type":"Polygon","coordinates":[[[-77.34375,39.23225],[-76.4209,39.23225],[-76.4209,39.26628],[-77.34375,39.26628],[-77.34375,39.23225]]]}},{"type":"Feature","properties":{},"geometry":{"type":"Polygon","coordinates":[[[-94.52637,39.26628],[-94.39453,39.26628],[-94.39453,39.3003],[-94.52637,39.3003],[-94.52637,39.26628]]]}},{"type":"Feature","properties":{},"geometry":{"type":"Polygon","coordinates":[[[-84.8584,39.26628],[-84.19922,39.26628],[-84.19922,39.3003],[-84.8584,39.3003],[-84.8584,39.26628]]]}},{"type":"Feature","properties":{},"geometry":{"type":"Polygon","coordinates":[[[-84.8584,42.61779],[-84.19922,42.61779],[-84.19922,42.65012],[-84.8584,42.65012],[-84.8584,42.61779]]]}},{"type":"Feature","properties":{},"geometry":{"type":"Polygon","coordinates":[[[-77.34375,39.26628],[-76.37695,39.26628],[-76.37695,39.3003],[-77.34375,39.3003],[-77.34375,39.26628]]]}},{"type":"Feature","properties":{},"geometry":{"type":"Polygon","coordinates":[[[-83.18848,40.34654],[-83.0127,40.34654],[-83.0127,40.38003],[-83.18848,40.38003],[-83.18848,40.34654]]]}},{"type":"Feature","properties":{},"geometry":{"type":"Polygon","coordinates":[[[-80.15625,40.34654],[-79.67285,40.34654],[-79.67285,40.38003],[-80.15625,40.38003],[-80.15625,40.34654]]]}},{"type":"Feature","properties":{},"geometry":{"type":"Polygon","coordinates":[[[-80.15625,40.58058],[-79.67285,40.58058],[-79.67285,40.6473],[-80.15625,40.6473],[-80.15625,40.58058]]]}},{"type":"Feature","properties":{},"geometry":{"type":"Polygon","coordinates":[[[-75.36621,40.34654],[-75.14648,40.34654],[-75.14648,40.38003],[-75.36621,40.38003],[-75.36621,40.34654]]]}},{"type":"Feature","properties":{},"geometry":{"type":"Polygon","coordinates":[[[-74.61914,40.34654],[-73.91602,40.34654],[-73.91602,40.44695],[-74.61914,40.44695],[-74.61914,40.34654]]]}},{"type":"Feature","properties":{},"geometry":{"type":"Polygon","coordinates":[[[-4.08691,40.24599],[-3.51562,40.24599],[-3.51562,40.4135],[-4.08691,40.4135],[-4.08691,40.24599]]]}},{"type":"Feature","properties":{},"geometry":{"type":"Polygon","coordinates":[[[-80.2002,40.38003],[-79.62891,40.38003],[-79.62891,40.4135],[-80.2002,40.4135],[-80.2002,40.38003]]]}},{"type":"Feature","properties":{},"geometry":{"type":"Polygon","coordinates":[[[-75.32227,40.38003],[-75.19043,40.38003],[-75.19043,40.4135],[-75.32227,40.4135],[-75.32227,40.38003]]]}},{"type":"Feature","properties":{},"geometry":{"type":"Polygon","coordinates":[[[-122.47559,40.4135],[-122.16797,40.4135],[-122.16797,40.44695],[-122.47559,40.44695],[-122.47559,40.4135]]]}},{"type":"Feature","properties":{},"geometry":{"type":"Polygon","coordinates":[[[-122.47559,40.48038],[-122.16797,40.48038],[-122.16797,40.5138],[-122.47559,40.5138],[-122.47559,40.48038]]]}},{"type":"Feature","properties":{},"geometry":{"type":"Polygon","coordinates":[[[-86.26465,40.4135],[-86.04492,40.4135],[-86.04492,40.5138],[-86.26465,40.5138],[-86.26465,40.4135]]]}},{"type":"Feature","properties":{},"geometry":{"type":"Polygon","coordinates":[[[-80.24414,40.4135],[-79.62891,40.4135],[-79.62891,40.44695],[-80.24414,40.44695],[-80.24414,40.4135]]]}},{"type":"Feature","properties":{},"geometry":{"type":"Polygon","coordinates":[[[-4.04297,40.4135],[-3.51562,40.4135],[-3.51562,40.48038],[-4.04297,40.48038],[-4.04297,40.4135]]]}},{"type":"Feature","properties":{},"geometry":{"type":"Polygon","coordinates":[[[-122.47559,40.44695],[-122.21191,40.44695],[-122.21191,40.48038],[-122.47559,40.48038],[-122.47559,40.44695]]]}},{"type":"Feature","properties":{},"geometry":{"type":"Polygon","coordinates":[[[-122.47559,47.07012],[-122.21191,47.07012],[-122.21191,47.10004],[-122.47559,47.10004],[-122.47559,47.07012]]]}},{"type":"Feature","properties":{},"geometry":{"type":"Polygon","coordinates":[[[-112.06055,40.44695],[-111.84082,40.44695],[-111.84082,40.48038],[-112.06055,40.48038],[-112.06055,40.44695]]]}},{"type":"Feature","properties":{},"geometry":{"type":"Polygon","coordinates":[[[-112.06055,40.78054],[-111.84082,40.78054],[-111.84082,40.81381],[-112.06055,40.81381],[-112.06055,40.78054]]]}},{"type":"Feature","properties":{},"geometry":{"type":"Polygon","coordinates":[[[-80.28809,40.44695],[-79.62891,40.44695],[-79.62891,40.48038],[-80.28809,40.48038],[-80.28809,40.44695]]]}},{"type":"Feature","properties":{},"geometry":{"type":"Polygon","coordinates":[[[-75.67383,40.44695],[-75.27832,40.44695],[-75.27832,40.48038],[-75.67383,40.48038],[-75.67383,40.44695]]]}},{"type":"Feature","properties":{},"geometry":{"type":"Polygon","coordinates":[[[-74.70703,40.44695],[-73.91602,40.44695],[-73.91602,40.48038],[-74.70703,40.48038],[-74.70703,40.44695]]]}},{"type":"Feature","properties":{},"geometry":{"type":"Polygon","coordinates":[[[-112.10449,40.48038],[-111.79687,40.48038],[-111.79687,40.5138],[-112.10449,40.5138],[-112.10449,40.48038]]]}},{"type":"Feature","properties":{},"geometry":{"type":"Polygon","coordinates":[[[-112.10449,40.6473],[-111.79687,40.6473],[-111.79687,40.68064],[-112.10449,40.68064],[-112.10449,40.6473]]]}},{"type":"Feature","properties":{},"geometry":{"type":"Polygon","coordinates":[[[-80.28809,40.48038],[-79.67285,40.48038],[-79.67285,40.5138],[-80.28809,40.5138],[-80.28809,40.48038]]]}},{"type":"Feature","properties":{},"geometry":{"type":"Polygon","coordinates":[[[-80.28809,40.5472],[-79.67285,40.5472],[-79.67285,40.58058],[-80.28809,40.58058],[-80.28809,40.5472]]]}},{"type":"Feature","properties":{},"geometry":{"type":"Polygon","coordinates":[[[-75.76172,40.48038],[-75.27832,40.48038],[-75.27832,40.5472],[-75.76172,40.5472],[-75.76172,40.48038]]]}},{"type":"Feature","properties":{},"geometry":{"type":"Polygon","coordinates":[[[-74.66309,40.48038],[-73.95996,40.48038],[-73.95996,40.5138],[-74.66309,40.5138],[-74.66309,40.48038]]]}},{"type":"Feature","properties":{},"geometry":{"type":"Polygon","coordinates":[[[-4.04297,40.48038],[-3.55957,40.48038],[-3.55957,40.5138],[-4.04297,40.5138],[-4.04297,40.48038]]]}},{"type":"Feature","properties":{},"geometry":{"type":"Polygon","coordinates":[[[-122.51953,40.5138],[-122.16797,40.5138],[-122.16797,40.61395],[-122.51953,40.61395],[-122.51953,40.5138]]]}},{"type":"Feature","properties":{},"geometry":{"type":"Polygon","coordinates":[[[-112.06055,40.5138],[-111.79687,40.5138],[-111.79687,40.6473],[-112.06055,40.6473],[-112.06055,40.5138]]]}},{"type":"Feature","properties":{},"geometry":{"type":"Polygon","coordinates":[[[-112.06055,40.74726],[-111.79687,40.74726],[-111.79687,40.78054],[-112.06055,40.78054],[-112.06055,40.74726]]]}},{"type":"Feature","properties":{},"geometry":{"type":"Polygon","coordinates":[[[-80.28809,40.5138],[-79.7168,40.5138],[-79.7168,40.5472],[-80.28809,40.5472],[-80.28809,40.5138]]]}},{"type":"Feature","properties":{},"geometry":{"type":"Polygon","coordinates":[[[-74.66309,40.5138],[-74.04785,40.5138],[-74.04785,40.5472],[-74.66309,40.5472],[-74.66309,40.5138]]]}},{"type":"Feature","properties":{},"geometry":{"type":"Polygon","coordinates":[[[-74.00391,40.5138],[-73.82812,40.5138],[-73.82812,40.5472],[-74.00391,40.5472],[-74.00391,40.5138]]]}},{"type":"Feature","properties":{},"geometry":{"type":"Polygon","coordinates":[[[-74.00391,45.36758],[-73.82812,45.36758],[-73.82812,45.39845],[-74.00391,45.39845],[-74.00391,45.36758]]]}},{"type":"Feature","properties":{},"geometry":{"type":"Polygon","coordinates":[[[-86.13281,40.5472],[-86.08887,40.5472],[-86.08887,40.58058],[-86.13281,40.58058],[-86.13281,40.5472]]]}},{"type":"Feature","properties":{},"geometry":{"type":"Polygon","coordinates":[[[-75.76172,40.5472],[-75.23437,40.5472],[-75.23437,40.58058],[-75.76172,40.58058],[-75.76172,40.5472]]]}},{"type":"Feature","properties":{},"geometry":{"type":"Polygon","coordinates":[[[-74.66309,40.5472],[-73.43262,40.5472],[-73.43262,40.58058],[-74.66309,40.58058],[-74.66309,40.5472]]]}},{"type":"Feature","properties":{},"geometry":{"type":"Polygon","coordinates":[[[-75.76172,40.58058],[-75.14648,40.58058],[-75.14648,40.61395],[-75.76172,40.61395],[-75.76172,40.58058]]]}},{"type":"Feature","properties":{},"geometry":{"type":"Polygon","coordinates":[[[-74.66309,40.58058],[-73.25684,40.58058],[-73.25684,40.61395],[-74.66309,40.61395],[-74.66309,40.58058]]]}},{"type":"Feature","properties":{},"geometry":{"type":"Polygon","coordinates":[[[-122.51953,40.61395],[-122.21191,40.61395],[-122.21191,40.6473],[-122.51953,40.6473],[-122.51953,40.61395]]]}},{"type":"Feature","properties":{},"geometry":{"type":"Polygon","coordinates":[[[-75.71777,40.61395],[-75.01465,40.61395],[-75.01465,40.74726],[-75.71777,40.74726],[-75.71777,40.61395]]]}},{"type":"Feature","properties":{},"geometry":{"type":"Polygon","coordinates":[[[-74.61914,40.61395],[-73.25684,40.61395],[-73.25684,40.78054],[-74.61914,40.78054],[-74.61914,40.61395]]]}},{"type":"Feature","properties":{},"geometry":{"type":"Polygon","coordinates":[[[-80.15625,40.6473],[-79.93652,40.6473],[-79.93652,40.68064],[-80.15625,40.68064],[-80.15625,40.6473]]]}},{"type":"Feature","properties":{},"geometry":{"type":"Polygon","coordinates":[[[-122.43164,40.68064],[-122.2998,40.68064],[-122.2998,40.71396],[-122.43164,40.71396],[-122.43164,40.68064]]]}},{"type":"Feature","properties":{},"geometry":{"type":"Polygon","coordinates":[[[-112.14844,40.68064],[-111.79687,40.68064],[-111.79687,40.74726],[-112.14844,40.74726],[-112.14844,40.68064]]]}},{"type":"Feature","properties":{},"geometry":{"type":"Polygon","coordinates":[[[-96.72363,40.71396],[-96.5918,40.71396],[-96.5918,40.78054],[-96.72363,40.78054],[-96.72363,40.71396]]]}},{"type":"Feature","properties":{},"geometry":{"type":"Polygon","coordinates":[[[-80.15625,40.71396],[-80.02441,40.71396],[-80.02441,40.74726],[-80.15625,40.74726],[-80.15625,40.71396]]]}},{"type":"Feature","properties":{},"geometry":{"type":"Polygon","coordinates":[[[-96.76758,40.78054],[-96.5918,40.78054],[-96.5918,40.81381],[-96.76758,40.81381],[-96.76758,40.78054]]]}},{"type":"Feature","properties":{},"geometry":{"type":"Polygon","coordinates":[[[-74.61914,40.78054],[-73.69629,40.78054],[-73.69629,40.91351],[-74.61914,40.91351],[-74.61914,40.78054]]]}},{"type":"Feature","properties":{},"geometry":{"type":"Polygon","coordinates":[[[-111.97266,40.81381],[-111.92871,40.81381],[-111.92871,40.84706],[-111.97266,40.84706],[-111.97266,40.81381]]]}},{"type":"Feature","properties":{},"geometry":{"type":"Polygon","coordinates":[[[-96.81152,40.81381],[-96.5918,40.81381],[-96.5918,40.88029],[-96.81152,40.88029],[-96.81152,40.81381]]]}},{"type":"Feature","properties":{},"geometry":{"type":"Polygon","coordinates":[[[-72.77344,40.81381],[-72.37793,40.81381],[-72.37793,40.84706],[-72.77344,40.84706],[-72.77344,40.81381]]]}},{"type":"Feature","properties":{},"geometry":{"type":"Polygon","coordinates":[[[-105.33691,40.04444],[-105.0293,40.04444],[-105.0293,40.07807],[-105.33691,40.07807],[-105.33691,40.04444]]]}},{"type":"Feature","properties":{},"geometry":{"type":"Polygon","coordinates":[[[-88.28613,40.04444],[-88.24219,40.04444],[-88.24219,40.07807],[-88.28613,40.07807],[-88.28613,40.04444]]]}},{"type":"Feature","properties":{},"geometry":{"type":"Polygon","coordinates":[[[-86.2207,40.04444],[-85.95703,40.04444],[-85.95703,40.07807],[-86.2207,40.07807],[-86.2207,40.04444]]]}},{"type":"Feature","properties":{},"geometry":{"type":"Polygon","coordinates":[[[-83.27637,40.01079],[-82.57324,40.01079],[-82.57324,40.07807],[-83.27637,40.07807],[-83.27637,40.01079]]]}},{"type":"Feature","properties":{},"geometry":{"type":"Polygon","coordinates":[[[-75.71777,40.04444],[-74.79492,40.04444],[-74.79492,40.07807],[-75.71777,40.07807],[-75.71777,40.04444]]]}},{"type":"Feature","properties":{},"geometry":{"type":"Polygon","coordinates":[[[-74.39941,40.01079],[-74.00391,40.01079],[-74.00391,40.14529],[-74.39941,40.14529],[-74.39941,40.01079]]]}},{"type":"Feature","properties":{},"geometry":{"type":"Polygon","coordinates":[[[-105.24902,40.07807],[-105.07324,40.07807],[-105.07324,40.11169],[-105.24902,40.11169],[-105.24902,40.07807]]]}},{"type":"Feature","properties":{},"geometry":{"type":"Polygon","coordinates":[[[-88.33008,40.07807],[-88.1543,40.07807],[-88.1543,40.14529],[-88.33008,40.14529],[-88.33008,40.07807]]]}},{"type":"Feature","properties":{},"geometry":{"type":"Polygon","coordinates":[[[-86.2207,40.07807],[-86.00098,40.07807],[-86.00098,40.11169],[-86.2207,40.11169],[-86.2207,40.07807]]]}},{"type":"Feature","properties":{},"geometry":{"type":"Polygon","coordinates":[[[-83.27637,40.07807],[-82.66113,40.07807],[-82.66113,40.11169],[-83.27637,40.11169],[-83.27637,40.07807]]]}},{"type":"Feature","properties":{},"geometry":{"type":"Polygon","coordinates":[[[-75.71777,40.07807],[-74.75098,40.07807],[-74.75098,40.11169],[-75.71777,40.11169],[-75.71777,40.07807]]]}},{"type":"Feature","properties":{},"geometry":{"type":"Polygon","coordinates":[[[-105.24902,40.11169],[-105.0293,40.11169],[-105.0293,40.14529],[-105.24902,40.14529],[-105.24902,40.11169]]]}},{"type":"Feature","properties":{},"geometry":{"type":"Polygon","coordinates":[[[-83.27637,40.11169],[-82.70508,40.11169],[-82.70508,40.14529],[-83.27637,40.14529],[-83.27637,40.11169]]]}},{"type":"Feature","properties":{},"geometry":{"type":"Polygon","coordinates":[[[-75.71777,40.11169],[-74.66309,40.11169],[-74.66309,40.17887],[-75.71777,40.17887],[-75.71777,40.11169]]]}},{"type":"Feature","properties":{},"geometry":{"type":"Polygon","coordinates":[[[-8.52539,40.11169],[-8.30566,40.11169],[-8.30566,40.27953],[-8.52539,40.27953],[-8.52539,40.11169]]]}},{"type":"Feature","properties":{},"geometry":{"type":"Polygon","coordinates":[[[-105.20508,40.14529],[-105.0293,40.14529],[-105.0293,40.24599],[-105.20508,40.24599],[-105.20508,40.14529]]]}},{"type":"Feature","properties":{},"geometry":{"type":"Polygon","coordinates":[[[-88.33008,40.14529],[-88.19824,40.14529],[-88.19824,40.17887],[-88.33008,40.17887],[-88.33008,40.14529]]]}},{"type":"Feature","properties":{},"geometry":{"type":"Polygon","coordinates":[[[-83.27637,40.14529],[-82.74902,40.14529],[-82.74902,40.17887],[-83.27637,40.17887],[-83.27637,40.14529]]]}},{"type":"Feature","properties":{},"geometry":{"type":"Polygon","coordinates":[[[-74.35547,40.14529],[-74.00391,40.14529],[-74.00391,40.17887],[-74.35547,40.17887],[-74.35547,40.14529]]]}},{"type":"Feature","properties":{},"geometry":{"type":"Polygon","coordinates":[[[-72.77344,40.84706],[-72.29004,40.84706],[-72.29004,40.88029],[-72.77344,40.88029],[-72.77344,40.84706]]]}},{"type":"Feature","properties":{},"geometry":{"type":"Polygon","coordinates":[[[-96.72363,40.88029],[-96.67969,40.88029],[-96.67969,40.91351],[-96.72363,40.91351],[-96.72363,40.88029]]]}},{"type":"Feature","properties":{},"geometry":{"type":"Polygon","coordinates":[[[-72.77344,40.88029],[-72.20215,40.88029],[-72.20215,40.91351],[-72.77344,40.91351],[-72.77344,40.88029]]]}},{"type":"Feature","properties":{},"geometry":{"type":"Polygon","coordinates":[[[-85.3418,40.94671],[-85.03418,40.94671],[-85.03418,40.9799],[-85.3418,40.9799],[-85.3418,40.94671]]]}},{"type":"Feature","properties":{},"geometry":{"type":"Polygon","coordinates":[[[-74.61914,40.91351],[-73.65234,40.91351],[-73.65234,40.9799],[-74.61914,40.9799],[-74.61914,40.91351]]]}},{"type":"Feature","properties":{},"geometry":{"type":"Polygon","coordinates":[[[-72.77344,40.94671],[-72.02637,40.94671],[-72.02637,40.9799],[-72.77344,40.9799],[-72.77344,40.94671]]]}},{"type":"Feature","properties":{},"geometry":{"type":"Polygon","coordinates":[[[-84.28711,39.90974],[-84.15527,39.90974],[-84.15527,39.94344],[-84.28711,39.94344],[-84.28711,39.90974]]]}},{"type":"Feature","properties":{},"geometry":{"type":"Polygon","coordinates":[[[-83.32031,39.90974],[-82.57324,39.90974],[-82.57324,40.01079],[-83.32031,40.01079],[-83.32031,39.90974]]]}},{"type":"Feature","properties":{},"geometry":{"type":"Polygon","coordinates":[[[-75.67383,39.90974],[-74.79492,39.90974],[-74.79492,39.94344],[-75.67383,39.94344],[-75.67383,39.90974]]]}},{"type":"Feature","properties":{},"geometry":{"type":"Polygon","coordinates":[[[-74.31152,39.90974],[-74.04785,39.90974],[-74.04785,39.97712],[-74.31152,39.97712],[-74.31152,39.90974]]]}},{"type":"Feature","properties":{},"geometry":{"type":"Polygon","coordinates":[[[-105.33691,39.94344],[-104.63379,39.94344],[-104.63379,40.04444],[-105.33691,40.04444],[-105.33691,39.94344]]]}},{"type":"Feature","properties":{},"geometry":{"type":"Polygon","coordinates":[[[-86.44043,39.94344],[-85.91309,39.94344],[-85.91309,40.04444],[-86.44043,40.04444],[-86.44043,39.94344]]]}},{"type":"Feature","properties":{},"geometry":{"type":"Polygon","coordinates":[[[-75.71777,39.94344],[-74.70703,39.94344],[-74.70703,39.97712],[-75.71777,39.97712],[-75.71777,39.94344]]]}},{"type":"Feature","properties":{},"geometry":{"type":"Polygon","coordinates":[[[-75.76172,39.97712],[-74.70703,39.97712],[-74.70703,40.01079],[-75.76172,40.01079],[-75.76172,39.97712]]]}},{"type":"Feature","properties":{},"geometry":{"type":"Polygon","coordinates":[[[-74.35547,39.97712],[-74.04785,39.97712],[-74.04785,40.01079],[-74.35547,40.01079],[-74.35547,39.97712]]]}},{"type":"Feature","properties":{},"geometry":{"type":"Polygon","coordinates":[[[-75.76172,40.01079],[-74.75098,40.01079],[-74.75098,40.04444],[-75.76172,40.04444],[-75.76172,40.01079]]]}},{"type":"Feature","properties":{},"geometry":{"type":"Polygon","coordinates":[[[-83.27637,40.17887],[-82.79297,40.17887],[-82.79297,40.21244],[-83.27637,40.21244],[-83.27637,40.17887]]]}},{"type":"Feature","properties":{},"geometry":{"type":"Polygon","coordinates":[[[-76.81641,40.17887],[-76.72852,40.17887],[-76.72852,40.21244],[-76.81641,40.21244],[-76.81641,40.17887]]]}},{"type":"Feature","properties":{},"geometry":{"type":"Polygon","coordinates":[[[-75.71777,40.17887],[-74.61914,40.17887],[-74.61914,40.24599],[-75.71777,40.24599],[-75.71777,40.17887]]]}},{"type":"Feature","properties":{},"geometry":{"type":"Polygon","coordinates":[[[-74.35547,40.17887],[-73.95996,40.17887],[-73.95996,40.21244],[-74.35547,40.21244],[-74.35547,40.17887]]]}},{"type":"Feature","properties":{},"geometry":{"type":"Polygon","coordinates":[[[-74.35547,40.31304],[-73.95996,40.31304],[-73.95996,40.34654],[-74.35547,40.34654],[-74.35547,40.31304]]]}},{"type":"Feature","properties":{},"geometry":{"type":"Polygon","coordinates":[[[-83.23242,40.21244],[-82.79297,40.21244],[-82.79297,40.27953],[-83.23242,40.27953],[-83.23242,40.21244]]]}},{"type":"Feature","properties":{},"geometry":{"type":"Polygon","coordinates":[[[-76.9043,40.21244],[-76.72852,40.21244],[-76.72852,40.24599],[-76.9043,40.24599],[-76.9043,40.21244]]]}},{"type":"Feature","properties":{},"geometry":{"type":"Polygon","coordinates":[[[-74.39941,40.21244],[-73.95996,40.21244],[-73.95996,40.31304],[-74.39941,40.31304],[-74.39941,40.21244]]]}},{"type":"Feature","properties":{},"geometry":{"type":"Polygon","coordinates":[[[-3.7793,40.21244],[-3.69141,40.21244],[-3.69141,40.24599],[-3.7793,40.24599],[-3.7793,40.21244]]]}},{"type":"Feature","properties":{},"geometry":{"type":"Polygon","coordinates":[[[-76.9043,40.24599],[-76.77246,40.24599],[-76.77246,40.27953],[-76.9043,40.27953],[-76.9043,40.24599]]]}},{"type":"Feature","properties":{},"geometry":{"type":"Polygon","coordinates":[[[-75.71777,40.24599],[-75.05859,40.24599],[-75.05859,40.27953],[-75.71777,40.27953],[-75.71777,40.24599]]]}},{"type":"Feature","properties":{},"geometry":{"type":"Polygon","coordinates":[[[-74.88281,40.24599],[-74.61914,40.24599],[-74.61914,40.27953],[-74.88281,40.27953],[-74.88281,40.24599]]]}},{"type":"Feature","properties":{},"geometry":{"type":"Polygon","coordinates":[[[-83.18848,40.27953],[-82.88086,40.27953],[-82.88086,40.31304],[-83.18848,40.31304],[-83.18848,40.27953]]]}},{"type":"Feature","properties":{},"geometry":{"type":"Polygon","coordinates":[[[-80.15625,40.27953],[-79.62891,40.27953],[-79.62891,40.34654],[-80.15625,40.34654],[-80.15625,40.27953]]]}},{"type":"Feature","properties":{},"geometry":{"type":"Polygon","coordinates":[[[-76.94824,40.27953],[-76.77246,40.27953],[-76.77246,40.31304],[-76.94824,40.31304],[-76.94824,40.27953]]]}},{"type":"Feature","properties":{},"geometry":{"type":"Polygon","coordinates":[[[-75.67383,40.27953],[-75.62988,40.27953],[-75.62988,40.31304],[-75.67383,40.31304],[-75.67383,40.27953]]]}},{"type":"Feature","properties":{},"geometry":{"type":"Polygon","coordinates":[[[-75.41016,40.27953],[-75.05859,40.27953],[-75.05859,40.31304],[-75.41016,40.31304],[-75.41016,40.27953]]]}},{"type":"Feature","properties":{},"geometry":{"type":"Polygon","coordinates":[[[-74.83887,40.27953],[-74.66309,40.27953],[-74.66309,40.31304],[-74.83887,40.31304],[-74.83887,40.27953]]]}},{"type":"Feature","properties":{},"geometry":{"type":"Polygon","coordinates":[[[-8.52539,40.27953],[-8.34961,40.27953],[-8.34961,40.31304],[-8.52539,40.31304],[-8.52539,40.27953]]]}},{"type":"Feature","properties":{},"geometry":{"type":"Polygon","coordinates":[[[-83.18848,40.31304],[-82.96875,40.31304],[-82.96875,40.34654],[-83.18848,40.34654],[-83.18848,40.31304]]]}},{"type":"Feature","properties":{},"geometry":{"type":"Polygon","coordinates":[[[-76.94824,40.31304],[-76.72852,40.31304],[-76.72852,40.34654],[-76.94824,40.34654],[-76.94824,40.31304]]]}},{"type":"Feature","properties":{},"geometry":{"type":"Polygon","coordinates":[[[-75.36621,40.31304],[-75.10254,40.31304],[-75.10254,40.34654],[-75.36621,40.34654],[-75.36621,40.31304]]]}},{"type":"Feature","properties":{},"geometry":{"type":"Polygon","coordinates":[[[-72.77344,40.91351],[-72.11426,40.91351],[-72.11426,40.94671],[-72.77344,40.94671],[-72.77344,40.91351]]]}},{"type":"Feature","properties":{},"geometry":{"type":"Polygon","coordinates":[[[-104.89746,41.07935],[-104.76562,41.07935],[-104.76562,41.11247],[-104.89746,41.11247],[-104.89746,41.07935]]]}},{"type":"Feature","properties":{},"geometry":{"type":"Polygon","coordinates":[[[-87.97852,41.07935],[-87.75879,41.07935],[-87.75879,41.14557],[-87.97852,41.14557],[-87.97852,41.07935]]]}},{"type":"Feature","properties":{},"geometry":{"type":"Polygon","coordinates":[[[-87.97852,42.1634],[-87.75879,42.1634],[-87.75879,42.22852],[-87.97852,42.22852],[-87.97852,42.1634]]]}},{"type":"Feature","properties":{},"geometry":{"type":"Polygon","coordinates":[[[-85.38574,41.04622],[-84.94629,41.04622],[-84.94629,41.11247],[-85.38574,41.11247],[-85.38574,41.04622]]]}},{"type":"Feature","properties":{},"geometry":{"type":"Polygon","coordinates":[[[-74.00391,41.07935],[-73.30078,41.07935],[-73.30078,41.11247],[-74.00391,41.11247],[-74.00391,41.07935]]]}},{"type":"Feature","properties":{},"geometry":{"type":"Polygon","coordinates":[[[-72.50977,41.07935],[-71.80664,41.07935],[-71.80664,41.11247],[-72.50977,41.11247],[-72.50977,41.07935]]]}},{"type":"Feature","properties":{},"geometry":{"type":"Polygon","coordinates":[[[-8.74512,41.07935],[-8.4375,41.07935],[-8.4375,41.17865],[-8.74512,41.17865],[-8.74512,41.07935]]]}},{"type":"Feature","properties":{},"geometry":{"type":"Polygon","coordinates":[[[-104.89746,41.11247],[-104.72168,41.11247],[-104.72168,41.17865],[-104.89746,41.17865],[-104.89746,41.11247]]]}},{"type":"Feature","properties":{},"geometry":{"type":"Polygon","coordinates":[[[-96.19629,41.11247],[-95.84473,41.11247],[-95.84473,41.14557],[-96.19629,41.14557],[-96.19629,41.11247]]]}},{"type":"Feature","properties":{},"geometry":{"type":"Polygon","coordinates":[[[-96.19629,41.31082],[-95.84473,41.31082],[-95.84473,41.34382],[-96.19629,41.34382],[-96.19629,41.31082]]]}},{"type":"Feature","properties":{},"geometry":{"type":"Polygon","coordinates":[[[-85.25391,41.11247],[-84.94629,41.11247],[-84.94629,41.17865],[-85.25391,41.17865],[-85.25391,41.11247]]]}},{"type":"Feature","properties":{},"geometry":{"type":"Polygon","coordinates":[[[-74.00391,41.11247],[-73.69629,41.11247],[-73.69629,41.14557],[-74.00391,41.14557],[-74.00391,41.11247]]]}},{"type":"Feature","properties":{},"geometry":{"type":"Polygon","coordinates":[[[-73.56445,41.11247],[-73.21289,41.11247],[-73.21289,41.14557],[-73.56445,41.14557],[-73.56445,41.11247]]]}},{"type":"Feature","properties":{},"geometry":{"type":"Polygon","coordinates":[[[-72.42187,41.11247],[-72.07031,41.11247],[-72.07031,41.14557],[-72.42187,41.14557],[-72.42187,41.11247]]]}},{"type":"Feature","properties":{},"geometry":{"type":"Polygon","coordinates":[[[-96.24023,41.14557],[-95.84473,41.14557],[-95.84473,41.17865],[-96.24023,41.17865],[-96.24023,41.14557]]]}},{"type":"Feature","properties":{},"geometry":{"type":"Polygon","coordinates":[[[-73.95996,41.14557],[-73.74023,41.14557],[-73.74023,41.17865],[-73.95996,41.17865],[-73.95996,41.14557]]]}},{"type":"Feature","properties":{},"geometry":{"type":"Polygon","coordinates":[[[-73.43262,41.14557],[-73.08105,41.14557],[-73.08105,41.17865],[-73.43262,41.17865],[-73.43262,41.14557]]]}},{"type":"Feature","properties":{},"geometry":{"type":"Polygon","coordinates":[[[-72.42187,41.14557],[-72.11426,41.14557],[-72.11426,41.17865],[-72.42187,41.17865],[-72.42187,41.14557]]]}},{"type":"Feature","properties":{},"geometry":{"type":"Polygon","coordinates":[[[-93.73535,41.50858],[-93.55957,41.50858],[-93.55957,41.54148],[-93.73535,41.54148],[-93.73535,41.50858]]]}},{"type":"Feature","properties":{},"geometry":{"type":"Polygon","coordinates":[[[-90.65918,41.47566],[-90.39551,41.47566],[-90.39551,41.57436],[-90.65918,41.57436],[-90.65918,41.47566]]]}},{"type":"Feature","properties":{},"geometry":{"type":"Polygon","coordinates":[[[-85.86914,41.50858],[-85.7373,41.50858],[-85.7373,41.54148],[-85.86914,41.54148],[-85.86914,41.50858]]]}},{"type":"Feature","properties":{},"geometry":{"type":"Polygon","coordinates":[[[-83.71582,41.50858],[-83.58398,41.50858],[-83.58398,41.54148],[-83.71582,41.54148],[-83.71582,41.50858]]]}},{"type":"Feature","properties":{},"geometry":{"type":"Polygon","coordinates":[[[-82.08984,41.50858],[-81.95801,41.50858],[-81.95801,41.54148],[-82.08984,41.54148],[-82.08984,41.50858]]]}},{"type":"Feature","properties":{},"geometry":{"type":"Polygon","coordinates":[[[-81.73828,41.50858],[-81.43066,41.50858],[-81.43066,41.54148],[-81.73828,41.54148],[-81.73828,41.50858]]]}},{"type":"Feature","properties":{},"geometry":{"type":"Polygon","coordinates":[[[-72.94922,41.50858],[-72.90527,41.50858],[-72.90527,41.54148],[-72.94922,41.54148],[-72.94922,41.50858]]]}},{"type":"Feature","properties":{},"geometry":{"type":"Polygon","coordinates":[[[-71.58691,41.44273],[-71.19141,41.44273],[-71.19141,41.60723],[-71.58691,41.60723],[-71.58691,41.44273]]]}},{"type":"Feature","properties":{},"geometry":{"type":"Polygon","coordinates":[[[-93.82324,41.54148],[-93.55957,41.54148],[-93.55957,41.57436],[-93.82324,41.57436],[-93.82324,41.54148]]]}},{"type":"Feature","properties":{},"geometry":{"type":"Polygon","coordinates":[[[-93.82324,41.60723],[-93.55957,41.60723],[-93.55957,41.64008],[-93.82324,41.64008],[-93.82324,41.60723]]]}},{"type":"Feature","properties":{},"geometry":{"type":"Polygon","coordinates":[[[-86.74805,41.54148],[-86.7041,41.54148],[-86.7041,41.57436],[-86.74805,41.57436],[-86.74805,41.54148]]]}},{"type":"Feature","properties":{},"geometry":{"type":"Polygon","coordinates":[[[-85.91309,41.54148],[-85.7373,41.54148],[-85.7373,41.57436],[-85.91309,41.57436],[-85.91309,41.54148]]]}},{"type":"Feature","properties":{},"geometry":{"type":"Polygon","coordinates":[[[-83.75977,41.54148],[-83.45215,41.54148],[-83.45215,41.70573],[-83.75977,41.70573],[-83.75977,41.54148]]]}},{"type":"Feature","properties":{},"geometry":{"type":"Polygon","coordinates":[[[-81.65039,41.54148],[-81.43066,41.54148],[-81.43066,41.57436],[-81.65039,41.57436],[-81.65039,41.54148]]]}},{"type":"Feature","properties":{},"geometry":{"type":"Polygon","coordinates":[[[-93.82324,41.57436],[-93.51562,41.57436],[-93.51562,41.60723],[-93.82324,41.60723],[-93.82324,41.57436]]]}},{"type":"Feature","properties":{},"geometry":{"type":"Polygon","coordinates":[[[-90.65918,41.57436],[-90.43945,41.57436],[-90.43945,41.60723],[-90.65918,41.60723],[-90.65918,41.57436]]]}},{"type":"Feature","properties":{},"geometry":{"type":"Polygon","coordinates":[[[-86.79199,41.57436],[-86.61621,41.57436],[-86.61621,41.60723],[-86.79199,41.60723],[-86.79199,41.57436]]]}},{"type":"Feature","properties":{},"geometry":{"type":"Polygon","coordinates":[[[-86.30859,41.57436],[-86.17676,41.57436],[-86.17676,41.60723],[-86.30859,41.60723],[-86.30859,41.57436]]]}},{"type":"Feature","properties":{},"geometry":{"type":"Polygon","coordinates":[[[-86.30859,41.80408],[-86.17676,41.80408],[-86.17676,41.86956],[-86.30859,41.86956],[-86.30859,41.80408]]]}},{"type":"Feature","properties":{},"geometry":{"type":"Polygon","coordinates":[[[-85.95703,41.57436],[-85.78125,41.57436],[-85.78125,41.60723],[-85.95703,41.60723],[-85.95703,41.57436]]]}},{"type":"Feature","properties":{},"geometry":{"type":"Polygon","coordinates":[[[-86.39648,41.60723],[-85.78125,41.60723],[-85.78125,41.64008],[-86.39648,41.64008],[-86.39648,41.60723]]]}},{"type":"Feature","properties":{},"geometry":{"type":"Polygon","coordinates":[[[-86.39648,41.73853],[-85.78125,41.73853],[-85.78125,41.77131],[-86.39648,41.77131],[-86.39648,41.73853]]]}},{"type":"Feature","properties":{},"geometry":{"type":"Polygon","coordinates":[[[-71.6748,41.60723],[-71.19141,41.60723],[-71.19141,42.00033],[-71.6748,42.00033],[-71.6748,41.60723]]]}},{"type":"Feature","properties":{},"geometry":{"type":"Polygon","coordinates":[[[-70.7959,41.60723],[-70.70801,41.60723],[-70.70801,41.64008],[-70.7959,41.64008],[-70.7959,41.60723]]]}},{"type":"Feature","properties":{},"geometry":{"type":"Polygon","coordinates":[[[-93.7793,41.64008],[-93.55957,41.64008],[-93.55957,41.67291],[-93.7793,41.67291],[-93.7793,41.64008]]]}},{"type":"Feature","properties":{},"geometry":{"type":"Polygon","coordinates":[[[-86.96777,41.64008],[-86.66016,41.64008],[-86.66016,41.67291],[-86.96777,41.67291],[-86.96777,41.64008]]]}},{"type":"Feature","properties":{},"geometry":{"type":"Polygon","coordinates":[[[-86.44043,41.64008],[-85.78125,41.64008],[-85.78125,41.73853],[-86.44043,41.73853],[-86.44043,41.64008]]]}},{"type":"Feature","properties":{},"geometry":{"type":"Polygon","coordinates":[[[-81.51855,41.64008],[-81.29883,41.64008],[-81.29883,41.67291],[-81.51855,41.67291],[-81.51855,41.64008]]]}},{"type":"Feature","properties":{},"geometry":{"type":"Polygon","coordinates":[[[-70.7959,41.64008],[-70.66406,41.64008],[-70.66406,41.80408],[-70.7959,41.80408],[-70.7959,41.64008]]]}},{"type":"Feature","properties":{},"geometry":{"type":"Polygon","coordinates":[[[-86.96777,41.67291],[-86.7041,41.67291],[-86.7041,41.70573],[-86.96777,41.70573],[-86.96777,41.67291]]]}},{"type":"Feature","properties":{},"geometry":{"type":"Polygon","coordinates":[[[-81.47461,41.67291],[-81.29883,41.67291],[-81.29883,41.70573],[-81.47461,41.70573],[-81.47461,41.67291]]]}},{"type":"Feature","properties":{},"geometry":{"type":"Polygon","coordinates":[[[-86.96777,41.70573],[-86.74805,41.70573],[-86.74805,41.73853],[-86.96777,41.73853],[-86.96777,41.70573]]]}},{"type":"Feature","properties":{},"geometry":{"type":"Polygon","coordinates":[[[-83.75977,41.70573],[-83.4082,41.70573],[-83.4082,41.73853],[-83.75977,41.73853],[-83.75977,41.70573]]]}},{"type":"Feature","properties":{},"geometry":{"type":"Polygon","coordinates":[[[-87.93457,41.73853],[-87.49512,41.73853],[-87.49512,41.77131],[-87.93457,41.77131],[-87.93457,41.73853]]]}},{"type":"Feature","properties":{},"geometry":{"type":"Polygon","coordinates":[[[-86.87988,41.73853],[-86.74805,41.73853],[-86.74805,41.77131],[-86.87988,41.77131],[-86.87988,41.73853]]]}},{"type":"Feature","properties":{},"geometry":{"type":"Polygon","coordinates":[[[-83.67187,41.73853],[-83.4082,41.73853],[-83.4082,41.77131],[-83.67187,41.77131],[-83.67187,41.73853]]]}},{"type":"Feature","properties":{},"geometry":{"type":"Polygon","coordinates":[[[-87.93457,41.77131],[-87.53906,41.77131],[-87.53906,41.80408],[-87.93457,41.80408],[-87.93457,41.77131]]]}},{"type":"Feature","properties":{},"geometry":{"type":"Polygon","coordinates":[[[-86.83594,41.77131],[-86.74805,41.77131],[-86.74805,41.80408],[-86.83594,41.80408],[-86.83594,41.77131]]]}},{"type":"Feature","properties":{},"geometry":{"type":"Polygon","coordinates":[[[-86.35254,41.77131],[-86.00098,41.77131],[-86.00098,41.80408],[-86.35254,41.80408],[-86.35254,41.77131]]]}},{"type":"Feature","properties":{},"geometry":{"type":"Polygon","coordinates":[[[-85.95703,41.77131],[-85.91309,41.77131],[-85.91309,41.80408],[-85.95703,41.80408],[-85.95703,41.77131]]]}},{"type":"Feature","properties":{},"geometry":{"type":"Polygon","coordinates":[[[-88.5498,41.80408],[-87.53906,41.80408],[-87.53906,41.83683],[-88.5498,41.83683],[-88.5498,41.80408]]]}},{"type":"Feature","properties":{},"geometry":{"type":"Polygon","coordinates":[[[-86.13281,41.80408],[-86.04492,41.80408],[-86.04492,41.83683],[-86.13281,41.83683],[-86.13281,41.80408]]]}},{"type":"Feature","properties":{},"geometry":{"type":"Polygon","coordinates":[[[-70.7959,41.80408],[-70.48828,41.80408],[-70.48828,41.96766],[-70.7959,41.96766],[-70.7959,41.80408]]]}},{"type":"Feature","properties":{},"geometry":{"type":"Polygon","coordinates":[[[-88.59375,41.83683],[-87.53906,41.83683],[-87.53906,41.93498],[-88.59375,41.93498],[-88.59375,41.83683]]]}},{"type":"Feature","properties":{},"geometry":{"type":"Polygon","coordinates":[[[-88.59375,42.00033],[-87.62695,42.00033],[-87.62695,42.09822],[-88.59375,42.09822],[-88.59375,42.00033]]]}},{"type":"Feature","properties":{},"geometry":{"type":"Polygon","coordinates":[[[-83.32031,42.00033],[-83.14453,42.00033],[-83.14453,42.03297],[-83.32031,42.03297],[-83.32031,42.00033]]]}},{"type":"Feature","properties":{},"geometry":{"type":"Polygon","coordinates":[[[-72.68555,41.96766],[-72.50977,41.96766],[-72.50977,42.03297],[-72.68555,42.03297],[-72.68555,41.96766]]]}},{"type":"Feature","properties":{},"geometry":{"type":"Polygon","coordinates":[[[-71.6748,42.00033],[-70.53223,42.00033],[-70.53223,42.03297],[-71.6748,42.03297],[-71.6748,42.00033]]]}},{"type":"Feature","properties":{},"geometry":{"type":"Polygon","coordinates":[[[-90.61523,41.44273],[-90.39551,41.44273],[-90.39551,41.47566],[-90.61523,41.47566],[-90.61523,41.44273]]]}},{"type":"Feature","properties":{},"geometry":{"type":"Polygon","coordinates":[[[-82.26562,41.44273],[-81.43066,41.44273],[-81.43066,41.47566],[-82.26562,41.47566],[-82.26562,41.44273]]]}},{"type":"Feature","properties":{},"geometry":{"type":"Polygon","coordinates":[[[-73.08105,41.40978],[-72.77344,41.40978],[-72.77344,41.50858],[-73.08105,41.50858],[-73.08105,41.40978]]]}},{"type":"Feature","properties":{},"geometry":{"type":"Polygon","coordinates":[[[-93.69141,41.47566],[-93.55957,41.47566],[-93.55957,41.50858],[-93.69141,41.50858],[-93.69141,41.47566]]]}},{"type":"Feature","properties":{},"geometry":{"type":"Polygon","coordinates":[[[-82.22168,41.47566],[-81.43066,41.47566],[-81.43066,41.50858],[-82.22168,41.50858],[-82.22168,41.47566]]]}},{"type":"Feature","properties":{},"geometry":{"type":"Polygon","coordinates":[[[-96.24023,41.17865],[-95.80078,41.17865],[-95.80078,41.21172],[-96.24023,41.21172],[-96.24023,41.17865]]]}},{"type":"Feature","properties":{},"geometry":{"type":"Polygon","coordinates":[[[-96.24023,41.27781],[-95.80078,41.27781],[-95.80078,41.31082],[-96.24023,41.31082],[-96.24023,41.27781]]]}},{"type":"Feature","properties":{},"geometry":{"type":"Polygon","coordinates":[[[-85.25391,41.17865],[-84.99023,41.17865],[-84.99023,41.21172],[-85.25391,41.21172],[-85.25391,41.17865]]]}},{"type":"Feature","properties":{},"geometry":{"type":"Polygon","coordinates":[[[-73.95996,41.17865],[-73.82812,41.17865],[-73.82812,41.21172],[-73.95996,41.21172],[-73.95996,41.17865]]]}},{"type":"Feature","properties":{},"geometry":{"type":"Polygon","coordinates":[[[-73.95996,45.73686],[-73.82812,45.73686],[-73.82812,45.76752],[-73.95996,45.76752],[-73.95996,45.73686]]]}},{"type":"Feature","properties":{},"geometry":{"type":"Polygon","coordinates":[[[-73.34473,41.17865],[-72.99316,41.17865],[-72.99316,41.21172],[-73.34473,41.21172],[-73.34473,41.17865]]]}},{"type":"Feature","properties":{},"geometry":{"type":"Polygon","coordinates":[[[-72.29004,41.17865],[-72.07031,41.17865],[-72.07031,41.21172],[-72.29004,41.21172],[-72.29004,41.17865]]]}},{"type":"Feature","properties":{},"geometry":{"type":"Polygon","coordinates":[[[-8.78906,41.17865],[-8.4375,41.17865],[-8.4375,41.31082],[-8.78906,41.31082],[-8.78906,41.17865]]]}},{"type":"Feature","properties":{},"geometry":{"type":"Polygon","coordinates":[[[-96.24023,41.21172],[-95.75684,41.21172],[-95.75684,41.27781],[-96.24023,41.27781],[-96.24023,41.21172]]]}},{"type":"Feature","properties":{},"geometry":{"type":"Polygon","coordinates":[[[-85.25391,41.21172],[-85.03418,41.21172],[-85.03418,41.24477],[-85.25391,41.24477],[-85.25391,41.21172]]]}},{"type":"Feature","properties":{},"geometry":{"type":"Polygon","coordinates":[[[-73.30078,41.21172],[-72.94922,41.21172],[-72.94922,41.24477],[-73.30078,41.24477],[-73.30078,41.21172]]]}},{"type":"Feature","properties":{},"geometry":{"type":"Polygon","coordinates":[[[-72.90527,41.21172],[-72.81738,41.21172],[-72.81738,41.24477],[-72.90527,41.24477],[-72.90527,41.21172]]]}},{"type":"Feature","properties":{},"geometry":{"type":"Polygon","coordinates":[[[-72.1582,41.21172],[-72.07031,41.21172],[-72.07031,41.24477],[-72.1582,41.24477],[-72.1582,41.21172]]]}},{"type":"Feature","properties":{},"geometry":{"type":"Polygon","coordinates":[[[-85.20996,41.24477],[-85.07812,41.24477],[-85.07812,41.27781],[-85.20996,41.27781],[-85.20996,41.24477]]]}},{"type":"Feature","properties":{},"geometry":{"type":"Polygon","coordinates":[[[-81.91406,41.24477],[-81.73828,41.24477],[-81.73828,41.27781],[-81.91406,41.27781],[-81.91406,41.24477]]]}},{"type":"Feature","properties":{},"geometry":{"type":"Polygon","coordinates":[[[-73.30078,41.24477],[-72.72949,41.24477],[-72.72949,41.31082],[-73.30078,41.31082],[-73.30078,41.24477]]]}},{"type":"Feature","properties":{},"geometry":{"type":"Polygon","coordinates":[[[-81.91406,41.27781],[-81.60645,41.27781],[-81.60645,41.31082],[-81.91406,41.31082],[-81.91406,41.27781]]]}},{"type":"Feature","properties":{},"geometry":{"type":"Polygon","coordinates":[[[-82.17773,41.31082],[-82.0459,41.31082],[-82.0459,41.34382],[-82.17773,41.34382],[-82.17773,41.31082]]]}},{"type":"Feature","properties":{},"geometry":{"type":"Polygon","coordinates":[[[-73.25684,41.31082],[-72.72949,41.31082],[-72.72949,41.34382],[-73.25684,41.34382],[-73.25684,41.31082]]]}},{"type":"Feature","properties":{},"geometry":{"type":"Polygon","coordinates":[[[-71.54297,41.31082],[-71.45508,41.31082],[-71.45508,41.34382],[-71.54297,41.34382],[-71.54297,41.31082]]]}},{"type":"Feature","properties":{},"geometry":{"type":"Polygon","coordinates":[[[-96.06445,41.34382],[-95.93262,41.34382],[-95.93262,41.37681],[-96.06445,41.37681],[-96.06445,41.34382]]]}},{"type":"Feature","properties":{},"geometry":{"type":"Polygon","coordinates":[[[-82.17773,41.34382],[-81.34277,41.34382],[-81.34277,41.37681],[-82.17773,41.37681],[-82.17773,41.34382]]]}},{"type":"Feature","properties":{},"geometry":{"type":"Polygon","coordinates":[[[-73.125,41.34382],[-72.77344,41.34382],[-72.77344,41.40978],[-73.125,41.40978],[-73.125,41.34382]]]}},{"type":"Feature","properties":{},"geometry":{"type":"Polygon","coordinates":[[[-71.58691,41.34382],[-71.41113,41.34382],[-71.41113,41.40978],[-71.58691,41.40978],[-71.58691,41.34382]]]}},{"type":"Feature","properties":{},"geometry":{"type":"Polygon","coordinates":[[[-85.38574,40.9799],[-84.99023,40.9799],[-84.99023,41.04622],[-85.38574,41.04622],[-85.38574,40.9799]]]}},{"type":"Feature","properties":{},"geometry":{"type":"Polygon","coordinates":[[[-74.61914,40.9799],[-73.52051,40.9799],[-73.52051,41.01307],[-74.61914,41.01307],[-74.61914,40.9799]]]}},{"type":"Feature","properties":{},"geometry":{"type":"Polygon","coordinates":[[[-72.77344,40.9799],[-71.93848,40.9799],[-71.93848,41.01307],[-72.77344,41.01307],[-72.77344,40.9799]]]}},{"type":"Feature","properties":{},"geometry":{"type":"Polygon","coordinates":[[[-8.70117,40.9799],[-8.48145,40.9799],[-8.48145,41.01307],[-8.70117,41.01307],[-8.70117,40.9799]]]}},{"type":"Feature","properties":{},"geometry":{"type":"Polygon","coordinates":[[[-73.95996,41.01307],[-73.43262,41.01307],[-73.43262,41.04622],[-73.95996,41.04622],[-73.95996,41.01307]]]}},{"type":"Feature","properties":{},"geometry":{"type":"Polygon","coordinates":[[[-72.6416,41.01307],[-71.85059,41.01307],[-71.85059,41.04622],[-72.6416,41.04622],[-72.6416,41.01307]]]}},{"type":"Feature","properties":{},"geometry":{"type":"Polygon","coordinates":[[[-8.70117,41.01307],[-8.4375,41.01307],[-8.4375,41.07935],[-8.70117,41.07935],[-8.70117,41.01307]]]}},{"type":"Feature","properties":{},"geometry":{"type":"Polygon","coordinates":[[[-87.89062,41.04622],[-87.75879,41.04622],[-87.75879,41.07935],[-87.89062,41.07935],[-87.89062,41.04622]]]}},{"type":"Feature","properties":{},"geometry":{"type":"Polygon","coordinates":[[[-73.95996,41.04622],[-73.38867,41.04622],[-73.38867,41.07935],[-73.95996,41.07935],[-73.95996,41.04622]]]}},{"type":"Feature","properties":{},"geometry":{"type":"Polygon","coordinates":[[[-72.59766,41.04622],[-71.80664,41.04622],[-71.80664,41.07935],[-72.59766,41.07935],[-72.59766,41.04622]]]}},{"type":"Feature","properties":{},"geometry":{"type":"Polygon","coordinates":[[[-72.6416,41.86956],[-72.59766,41.86956],[-72.59766,41.90228],[-72.6416,41.90228],[-72.6416,41.86956]]]}},{"type":"Feature","properties":{},"geometry":{"type":"Polygon","coordinates":[[[-72.72949,41.90228],[-72.55371,41.90228],[-72.55371,41.96766],[-72.72949,41.96766],[-72.72949,41.90228]]]}},{"type":"Feature","properties":{},"geometry":{"type":"Polygon","coordinates":[[[-88.59375,41.93498],[-87.58301,41.93498],[-87.58301,42.00033],[-88.59375,42.00033],[-88.59375,41.93498]]]}},{"type":"Feature","properties":{},"geometry":{"type":"Polygon","coordinates":[[[-71.01562,41.93498],[-70.92773,41.93498],[-70.92773,41.96766],[-71.01562,41.96766],[-71.01562,41.93498]]]}},{"type":"Feature","properties":{},"geometry":{"type":"Polygon","coordinates":[[[-71.05957,41.96766],[-70.53223,41.96766],[-70.53223,42.00033],[-71.05957,42.00033],[-71.05957,41.96766]]]}},{"type":"Feature","properties":{},"geometry":{"type":"Polygon","coordinates":[[[-82.30957,41.37681],[-81.38672,41.37681],[-81.38672,41.44273],[-82.30957,41.44273],[-82.30957,41.37681]]]}},{"type":"Feature","properties":{},"geometry":{"type":"Polygon","coordinates":[[[-71.58691,41.40978],[-71.23535,41.40978],[-71.23535,41.44273],[-71.58691,41.44273],[-71.58691,41.40978]]]}},{"type":"Feature","properties":{},"geometry":{"type":"Polygon","coordinates":[[[-83.4082,42.03297],[-83.10059,42.03297],[-83.10059,42.06561],[-83.4082,42.06561],[-83.4082,42.03297]]]}},{"type":"Feature","properties":{},"geometry":{"type":"Polygon","coordinates":[[[-72.6416,42.03297],[-72.50977,42.03297],[-72.50977,42.06561],[-72.6416,42.06561],[-72.6416,42.03297]]]}},{"type":"Feature","properties":{},"geometry":{"type":"Polygon","coordinates":[[[-71.2793,42.03297],[-70.53223,42.03297],[-70.53223,42.06561],[-71.2793,42.06561],[-71.2793,42.03297]]]}},{"type":"Feature","properties":{},"geometry":{"type":"Polygon","coordinates":[[[-83.4082,42.06561],[-83.05664,42.06561],[-83.05664,42.13082],[-83.4082,42.13082],[-83.4082,42.06561]]]}},{"type":"Feature","properties":{},"geometry":{"type":"Polygon","coordinates":[[[-72.68555,42.06561],[-72.46582,42.06561],[-72.46582,42.09822],[-72.68555,42.09822],[-72.68555,42.06561]]]}},{"type":"Feature","properties":{},"geometry":{"type":"Polygon","coordinates":[[[-72.68555,42.13082],[-72.46582,42.13082],[-72.46582,42.1634],[-72.68555,42.1634],[-72.68555,42.13082]]]}},{"type":"Feature","properties":{},"geometry":{"type":"Polygon","coordinates":[[[-71.2793,42.06561],[-70.57617,42.06561],[-70.57617,42.09822],[-71.2793,42.09822],[-71.2793,42.06561]]]}},{"type":"Feature","properties":{},"geometry":{"type":"Polygon","coordinates":[[[-88.59375,42.09822],[-87.6709,42.09822],[-87.6709,42.1634],[-88.59375,42.1634],[-88.59375,42.09822]]]}},{"type":"Feature","properties":{},"geometry":{"type":"Polygon","coordinates":[[[-72.6416,42.09822],[-72.46582,42.09822],[-72.46582,42.13082],[-72.6416,42.13082],[-72.6416,42.09822]]]}},{"type":"Feature","properties":{},"geometry":{"type":"Polygon","coordinates":[[[-71.2793,42.09822],[-70.62012,42.09822],[-70.62012,42.1634],[-71.2793,42.1634],[-71.2793,42.09822]]]}},{"type":"Feature","properties":{},"geometry":{"type":"Polygon","coordinates":[[[-8.87695,42.09822],[-8.74512,42.09822],[-8.74512,42.1634],[-8.87695,42.1634],[-8.87695,42.09822]]]}},{"type":"Feature","properties":{},"geometry":{"type":"Polygon","coordinates":[[[-83.45215,42.13082],[-83.05664,42.13082],[-83.05664,42.1634],[-83.45215,42.1634],[-83.45215,42.13082]]]}},{"type":"Feature","properties":{},"geometry":{"type":"Polygon","coordinates":[[[-83.58398,42.1634],[-83.10059,42.1634],[-83.10059,42.19597],[-83.58398,42.19597],[-83.58398,42.1634]]]}},{"type":"Feature","properties":{},"geometry":{"type":"Polygon","coordinates":[[[-72.68555,42.1634],[-72.55371,42.1634],[-72.55371,42.19597],[-72.68555,42.19597],[-72.68555,42.1634]]]}},{"type":"Feature","properties":{},"geometry":{"type":"Polygon","coordinates":[[[-71.89453,42.1634],[-70.66406,42.1634],[-70.66406,42.22852],[-71.89453,42.22852],[-71.89453,42.1634]]]}},{"type":"Feature","properties":{},"geometry":{"type":"Polygon","coordinates":[[[-8.83301,42.1634],[-8.74512,42.1634],[-8.74512,42.19597],[-8.83301,42.19597],[-8.83301,42.1634]]]}},{"type":"Feature","properties":{},"geometry":{"type":"Polygon","coordinates":[[[-83.80371,42.19597],[-83.75977,42.19597],[-83.75977,42.22852],[-83.80371,42.22852],[-83.80371,42.19597]]]}},{"type":"Feature","properties":{},"geometry":{"type":"Polygon","coordinates":[[[-83.71582,42.19597],[-82.9248,42.19597],[-82.9248,42.22852],[-83.71582,42.22852],[-83.71582,42.19597]]]}},{"type":"Feature","properties":{},"geometry":{"type":"Polygon","coordinates":[[[-8.83301,42.19597],[-8.65723,42.19597],[-8.65723,42.22852],[-8.83301,42.22852],[-8.83301,42.19597]]]}},{"type":"Feature","properties":{},"geometry":{"type":"Polygon","coordinates":[[[-88.02246,42.84375],[-87.80273,42.84375],[-87.80273,42.87596],[-88.02246,42.87596],[-88.02246,42.84375]]]}},{"type":"Feature","properties":{},"geometry":{"type":"Polygon","coordinates":[[[-84.68262,42.84375],[-84.375,42.84375],[-84.375,42.87596],[-84.68262,42.87596],[-84.68262,42.84375]]]}},{"type":"Feature","properties":{},"geometry":{"type":"Polygon","coordinates":[[[-78.96973,42.74701],[-78.79395,42.74701],[-78.79395,42.94034],[-78.96973,42.94034],[-78.96973,42.74701]]]}},{"type":"Feature","properties":{},"geometry":{"type":"Polygon","coordinates":[[[-71.32324,42.71473],[-70.92773,42.71473],[-70.92773,42.94034],[-71.32324,42.94034],[-71.32324,42.71473]]]}},{"type":"Feature","properties":{},"geometry":{"type":"Polygon","coordinates":[[[-1.71387,42.74701],[-1.58203,42.74701],[-1.58203,42.77928],[-1.71387,42.77928],[-1.71387,42.74701]]]}},{"type":"Feature","properties":{},"geometry":{"type":"Polygon","coordinates":[[[-1.71387,42.84375],[-1.58203,42.84375],[-1.58203,42.87596],[-1.71387,42.87596],[-1.71387,42.84375]]]}},{"type":"Feature","properties":{},"geometry":{"type":"Polygon","coordinates":[[[-1.71387,48.13677],[-1.58203,48.13677],[-1.58203,48.16609],[-1.71387,48.16609],[-1.71387,48.13677]]]}},{"type":"Feature","properties":{},"geometry":{"type":"Polygon","coordinates":[[[-88.19824,42.87596],[-87.80273,42.87596],[-87.80273,42.9725],[-88.19824,42.9725],[-88.19824,42.87596]]]}},{"type":"Feature","properties":{},"geometry":{"type":"Polygon","coordinates":[[[-84.63867,42.87596],[-84.46289,42.87596],[-84.46289,42.90816],[-84.63867,42.90816],[-84.63867,42.87596]]]}},{"type":"Feature","properties":{},"geometry":{"type":"Polygon","coordinates":[[[-81.34277,42.90816],[-81.16699,42.90816],[-81.16699,42.94034],[-81.34277,42.94034],[-81.34277,42.90816]]]}},{"type":"Feature","properties":{},"geometry":{"type":"Polygon","coordinates":[[[-71.32324,42.94034],[-71.05957,42.94034],[-71.05957,43.10098],[-71.32324,43.10098],[-71.32324,42.94034]]]}},{"type":"Feature","properties":{},"geometry":{"type":"Polygon","coordinates":[[[-88.33008,42.9725],[-87.84668,42.9725],[-87.84668,43.06889],[-88.33008,43.06889],[-88.33008,42.9725]]]}},{"type":"Feature","properties":{},"geometry":{"type":"Polygon","coordinates":[[[-89.56055,43.00465],[-89.34082,43.00465],[-89.34082,43.03678],[-89.56055,43.03678],[-89.56055,43.00465]]]}},{"type":"Feature","properties":{},"geometry":{"type":"Polygon","coordinates":[[[-76.20117,43.00465],[-76.02539,43.00465],[-76.02539,43.06889],[-76.20117,43.06889],[-76.20117,43.00465]]]}},{"type":"Feature","properties":{},"geometry":{"type":"Polygon","coordinates":[[[-89.56055,43.03678],[-89.25293,43.03678],[-89.25293,43.10098],[-89.56055,43.10098],[-89.56055,43.03678]]]}},{"type":"Feature","properties":{},"geometry":{"type":"Polygon","coordinates":[[[-79.2334,43.03678],[-78.79395,43.03678],[-78.79395,43.06889],[-79.2334,43.06889],[-79.2334,43.03678]]]}},{"type":"Feature","properties":{},"geometry":{"type":"Polygon","coordinates":[[[-71.80664,42.55308],[-71.6748,42.55308],[-71.6748,42.58544],[-71.80664,42.58544],[-71.80664,42.55308]]]}},{"type":"Feature","properties":{},"geometry":{"type":"Polygon","coordinates":[[[-71.63086,42.55308],[-70.70801,42.55308],[-70.70801,42.58544],[-71.63086,42.58544],[-71.63086,42.55308]]]}},{"type":"Feature","properties":{},"geometry":{"type":"Polygon","coordinates":[[[-71.49902,42.58544],[-70.75195,42.58544],[-70.75195,42.61779],[-71.49902,42.61779],[-71.49902,42.58544]]]}},{"type":"Feature","properties":{},"geometry":{"type":"Polygon","coordinates":[[[-89.12109,42.61779],[-88.94531,42.61779],[-88.94531,42.65012],[-89.12109,42.65012],[-89.12109,42.61779]]]}},{"type":"Feature","properties":{},"geometry":{"type":"Polygon","coordinates":[[[-79.14551,42.61779],[-78.79395,42.61779],[-78.79395,42.68244],[-79.14551,42.68244],[-79.14551,42.61779]]]}},{"type":"Feature","properties":{},"geometry":{"type":"Polygon","coordinates":[[[-71.45508,42.61779],[-70.75195,42.61779],[-70.75195,42.68244],[-71.45508,42.68244],[-71.45508,42.61779]]]}},{"type":"Feature","properties":{},"geometry":{"type":"Polygon","coordinates":[[[-89.12109,42.65012],[-88.90137,42.65012],[-88.90137,42.71473],[-89.12109,42.71473],[-89.12109,42.65012]]]}},{"type":"Feature","properties":{},"geometry":{"type":"Polygon","coordinates":[[[-84.81445,42.65012],[-84.19922,42.65012],[-84.19922,42.74701],[-84.81445,42.74701],[-84.81445,42.65012]]]}},{"type":"Feature","properties":{},"geometry":{"type":"Polygon","coordinates":[[[-79.10156,42.68244],[-78.79395,42.68244],[-78.79395,42.74701],[-79.10156,42.74701],[-79.10156,42.68244]]]}},{"type":"Feature","properties":{},"geometry":{"type":"Polygon","coordinates":[[[-71.45508,42.68244],[-70.83984,42.68244],[-70.83984,42.71473],[-71.45508,42.71473],[-71.45508,42.68244]]]}},{"type":"Feature","properties":{},"geometry":{"type":"Polygon","coordinates":[[[-89.07715,42.71473],[-88.90137,42.71473],[-88.90137,42.77928],[-89.07715,42.77928],[-89.07715,42.71473]]]}},{"type":"Feature","properties":{},"geometry":{"type":"Polygon","coordinates":[[[-1.66992,42.71473],[-1.62598,42.71473],[-1.62598,42.74701],[-1.66992,42.74701],[-1.66992,42.71473]]]}},{"type":"Feature","properties":{},"geometry":{"type":"Polygon","coordinates":[[[-84.81445,42.74701],[-84.24316,42.74701],[-84.24316,42.81152],[-84.81445,42.81152],[-84.81445,42.74701]]]}},{"type":"Feature","properties":{},"geometry":{"type":"Polygon","coordinates":[[[-88.98926,42.77928],[-88.90137,42.77928],[-88.90137,42.81152],[-88.98926,42.81152],[-88.98926,42.77928]]]}},{"type":"Feature","properties":{},"geometry":{"type":"Polygon","coordinates":[[[-1.75781,42.77928],[-1.53809,42.77928],[-1.53809,42.84375],[-1.75781,42.84375],[-1.75781,42.77928]]]}},{"type":"Feature","properties":{},"geometry":{"type":"Polygon","coordinates":[[[-1.75781,48.10743],[-1.53809,48.10743],[-1.53809,48.13677],[-1.75781,48.13677],[-1.75781,48.10743]]]}},{"type":"Feature","properties":{},"geometry":{"type":"Polygon","coordinates":[[[-83.80371,42.22852],[-82.9248,42.22852],[-82.9248,42.26105],[-83.80371,42.26105],[-83.80371,42.22852]]]}},{"type":"Feature","properties":{},"geometry":{"type":"Polygon","coordinates":[[[-71.93848,42.22852],[-70.70801,42.22852],[-70.70801,42.29356],[-71.93848,42.29356],[-71.93848,42.22852]]]}},{"type":"Feature","properties":{},"geometry":{"type":"Polygon","coordinates":[[[-8.78906,42.22852],[-8.65723,42.22852],[-8.65723,42.26105],[-8.78906,42.26105],[-8.78906,42.22852]]]}},{"type":"Feature","properties":{},"geometry":{"type":"Polygon","coordinates":[[[-83.84766,42.26105],[-82.79297,42.26105],[-82.79297,42.29356],[-83.84766,42.29356],[-83.84766,42.26105]]]}},{"type":"Feature","properties":{},"geometry":{"type":"Polygon","coordinates":[[[-8.74512,42.26105],[-8.65723,42.26105],[-8.65723,42.29356],[-8.74512,42.29356],[-8.74512,42.26105]]]}},{"type":"Feature","properties":{},"geometry":{"type":"Polygon","coordinates":[[[-83.80371,42.29356],[-82.79297,42.29356],[-82.79297,42.32606],[-83.80371,42.32606],[-83.80371,42.29356]]]}},{"type":"Feature","properties":{},"geometry":{"type":"Polygon","coordinates":[[[-71.93848,42.29356],[-70.83984,42.29356],[-70.83984,42.32606],[-71.93848,42.32606],[-71.93848,42.29356]]]}},{"type":"Feature","properties":{},"geometry":{"type":"Polygon","coordinates":[[[-83.71582,42.32606],[-82.83691,42.32606],[-82.83691,42.35854],[-83.71582,42.35854],[-83.71582,42.32606]]]}},{"type":"Feature","properties":{},"geometry":{"type":"Polygon","coordinates":[[[-71.93848,42.32606],[-70.88379,42.32606],[-70.88379,42.35854],[-71.93848,42.35854],[-71.93848,42.32606]]]}},{"type":"Feature","properties":{},"geometry":{"type":"Polygon","coordinates":[[[-83.58398,42.35854],[-82.83691,42.35854],[-82.83691,42.5207],[-83.58398,42.5207],[-83.58398,42.35854]]]}},{"type":"Feature","properties":{},"geometry":{"type":"Polygon","coordinates":[[[-71.89453,42.35854],[-70.92773,42.35854],[-70.92773,42.39101],[-71.89453,42.39101],[-71.89453,42.35854]]]}},{"type":"Feature","properties":{},"geometry":{"type":"Polygon","coordinates":[[[-71.80664,42.39101],[-70.88379,42.39101],[-70.88379,42.45589],[-71.80664,42.45589],[-71.80664,42.39101]]]}},{"type":"Feature","properties":{},"geometry":{"type":"Polygon","coordinates":[[[-71.80664,42.45589],[-70.7959,42.45589],[-70.7959,42.55308],[-71.80664,42.55308],[-71.80664,42.45589]]]}},{"type":"Feature","properties":{},"geometry":{"type":"Polygon","coordinates":[[[-83.14453,42.5207],[-83.10059,42.5207],[-83.10059,42.55308],[-83.14453,42.55308],[-83.14453,42.5207]]]}},{"type":"Feature","properties":{},"geometry":{"type":"Polygon","coordinates":[[[-83.05664,42.5207],[-82.83691,42.5207],[-82.83691,42.55308],[-83.05664,42.55308],[-83.05664,42.5207]]]}},{"type":"Feature","properties":{},"geometry":{"type":"Polygon","coordinates":[[[-84.72656,42.81152],[-84.28711,42.81152],[-84.28711,42.84375],[-84.72656,42.84375],[-84.72656,42.81152]]]}},{"type":"Feature","properties":{},"geometry":{"type":"Polygon","coordinates":[[[-116.63086,43.42101],[-116.45508,43.42101],[-116.45508,43.45292],[-116.63086,43.45292],[-116.63086,43.42101]]]}},{"type":"Feature","properties":{},"geometry":{"type":"Polygon","coordinates":[[[-3.33984,43.42101],[-3.2959,43.42101],[-3.2959,43.45292],[-3.33984,43.45292],[-3.33984,43.42101]]]}},{"type":"Feature","properties":{},"geometry":{"type":"Polygon","coordinates":[[[-3.03223,43.42101],[-2.85645,43.42101],[-2.85645,43.45292],[-3.03223,43.45292],[-3.03223,43.42101]]]}},{"type":"Feature","properties":{},"geometry":{"type":"Polygon","coordinates":[[[-116.6748,43.45292],[-116.23535,43.45292],[-116.23535,43.48481],[-116.6748,43.48481],[-116.6748,43.45292]]]}},{"type":"Feature","properties":{},"geometry":{"type":"Polygon","coordinates":[[[-116.85059,43.48481],[-116.05957,43.48481],[-116.05957,43.51669],[-116.85059,43.51669],[-116.85059,43.48481]]]}},{"type":"Feature","properties":{},"geometry":{"type":"Polygon","coordinates":[[[-116.89453,43.51669],[-116.05957,43.51669],[-116.05957,43.54855],[-116.89453,43.54855],[-116.89453,43.51669]]]}},{"type":"Feature","properties":{},"geometry":{"type":"Polygon","coordinates":[[[-116.98242,43.54855],[-116.05957,43.54855],[-116.05957,43.61222],[-116.98242,43.61222],[-116.98242,43.54855]]]}},{"type":"Feature","properties":{},"geometry":{"type":"Polygon","coordinates":[[[-80.02441,43.58039],[-79.27734,43.58039],[-79.27734,43.61222],[-80.02441,43.61222],[-80.02441,43.58039]]]}},{"type":"Feature","properties":{},"geometry":{"type":"Polygon","coordinates":[[[-116.98242,43.61222],[-116.10352,43.61222],[-116.10352,43.64403],[-116.98242,43.64403],[-116.98242,43.61222]]]}},{"type":"Feature","properties":{},"geometry":{"type":"Polygon","coordinates":[[[-80.02441,43.61222],[-79.2334,43.61222],[-79.2334,43.64403],[-80.02441,43.64403],[-80.02441,43.61222]]]}},{"type":"Feature","properties":{},"geometry":{"type":"Polygon","coordinates":[[[-70.40039,43.61222],[-70.18066,43.61222],[-70.18066,43.67582],[-70.40039,43.67582],[-70.40039,43.61222]]]}},{"type":"Feature","properties":{},"geometry":{"type":"Polygon","coordinates":[[[-116.98242,43.64403],[-116.14746,43.64403],[-116.14746,43.67582],[-116.98242,43.67582],[-116.98242,43.64403]]]}},{"type":"Feature","properties":{},"geometry":{"type":"Polygon","coordinates":[[[-87.80273,43.64403],[-87.6709,43.64403],[-87.6709,43.70759],[-87.80273,43.70759],[-87.80273,43.64403]]]}},{"type":"Feature","properties":{},"geometry":{"type":"Polygon","coordinates":[[[-79.98047,43.64403],[-79.18945,43.64403],[-79.18945,43.70759],[-79.98047,43.70759],[-79.98047,43.64403]]]}},{"type":"Feature","properties":{},"geometry":{"type":"Polygon","coordinates":[[[-116.98242,43.67582],[-116.19141,43.67582],[-116.19141,43.70759],[-116.98242,43.70759],[-116.98242,43.67582]]]}},{"type":"Feature","properties":{},"geometry":{"type":"Polygon","coordinates":[[[-70.40039,43.67582],[-70.22461,43.67582],[-70.22461,43.70759],[-70.40039,43.70759],[-70.40039,43.67582]]]}},{"type":"Feature","properties":{},"geometry":{"type":"Polygon","coordinates":[[[-116.98242,43.70759],[-116.23535,43.70759],[-116.23535,43.73935],[-116.98242,43.73935],[-116.98242,43.70759]]]}},{"type":"Feature","properties":{},"geometry":{"type":"Polygon","coordinates":[[[-88.5498,43.70759],[-88.33008,43.70759],[-88.33008,43.83453],[-88.5498,43.83453],[-88.5498,43.70759]]]}},{"type":"Feature","properties":{},"geometry":{"type":"Polygon","coordinates":[[[-87.89062,43.70759],[-87.6709,43.70759],[-87.6709,43.77109],[-87.89062,43.77109],[-87.89062,43.70759]]]}},{"type":"Feature","properties":{},"geometry":{"type":"Polygon","coordinates":[[[-70.35645,43.70759],[-70.26855,43.70759],[-70.26855,43.73935],[-70.35645,43.73935],[-70.35645,43.70759]]]}},{"type":"Feature","properties":{},"geometry":{"type":"Polygon","coordinates":[[[-116.98242,43.73935],[-116.2793,43.73935],[-116.2793,43.77109],[-116.98242,43.77109],[-116.98242,43.73935]]]}},{"type":"Feature","properties":{},"geometry":{"type":"Polygon","coordinates":[[[-116.98242,43.77109],[-116.54297,43.77109],[-116.54297,43.80282],[-116.98242,43.80282],[-116.98242,43.77109]]]}},{"type":"Feature","properties":{},"geometry":{"type":"Polygon","coordinates":[[[-87.84668,43.77109],[-87.6709,43.77109],[-87.6709,43.80282],[-87.84668,43.80282],[-87.84668,43.77109]]]}},{"type":"Feature","properties":{},"geometry":{"type":"Polygon","coordinates":[[[-116.98242,43.80282],[-116.6748,43.80282],[-116.6748,43.83453],[-116.98242,43.83453],[-116.98242,43.80282]]]}},{"type":"Feature","properties":{},"geometry":{"type":"Polygon","coordinates":[[[-87.84668,43.80282],[-87.71484,43.80282],[-87.71484,43.83453],[-87.84668,43.83453],[-87.84668,43.80282]]]}},{"type":"Feature","properties":{},"geometry":{"type":"Polygon","coordinates":[[[-88.28613,43.06889],[-87.84668,43.06889],[-87.84668,43.10098],[-88.28613,43.10098],[-88.28613,43.06889]]]}},{"type":"Feature","properties":{},"geometry":{"type":"Polygon","coordinates":[[[-79.27734,43.06889],[-78.79395,43.06889],[-78.79395,43.10098],[-79.27734,43.10098],[-79.27734,43.06889]]]}},{"type":"Feature","properties":{},"geometry":{"type":"Polygon","coordinates":[[[-76.24512,43.06889],[-76.02539,43.06889],[-76.02539,43.10098],[-76.24512,43.10098],[-76.24512,43.06889]]]}},{"type":"Feature","properties":{},"geometry":{"type":"Polygon","coordinates":[[[-89.56055,43.10098],[-89.47266,43.10098],[-89.47266,43.13306],[-89.56055,43.13306],[-89.56055,43.10098]]]}},{"type":"Feature","properties":{},"geometry":{"type":"Polygon","coordinates":[[[-88.1543,43.10098],[-87.84668,43.10098],[-87.84668,43.19717],[-88.1543,43.19717],[-88.1543,43.10098]]]}},{"type":"Feature","properties":{},"geometry":{"type":"Polygon","coordinates":[[[-79.32129,43.10098],[-78.79395,43.10098],[-78.79395,43.19717],[-79.32129,43.19717],[-79.32129,43.10098]]]}},{"type":"Feature","properties":{},"geometry":{"type":"Polygon","coordinates":[[[-76.24512,43.10098],[-76.06934,43.10098],[-76.06934,43.13306],[-76.24512,43.13306],[-76.24512,43.10098]]]}},{"type":"Feature","properties":{},"geometry":{"type":"Polygon","coordinates":[[[-3.12012,43.13306],[-2.85645,43.13306],[-2.85645,43.16512],[-3.12012,43.16512],[-3.12012,43.13306]]]}},{"type":"Feature","properties":{},"geometry":{"type":"Polygon","coordinates":[[[-3.12012,43.38908],[-2.85645,43.38908],[-2.85645,43.42101],[-3.12012,43.42101],[-3.12012,43.38908]]]}},{"type":"Feature","properties":{},"geometry":{"type":"Polygon","coordinates":[[[-111.09375,43.96119],[-109.99512,43.96119],[-109.99512,44.02442],[-111.09375,44.02442],[-111.09375,43.96119]]]}},{"type":"Feature","properties":{},"geometry":{"type":"Polygon","coordinates":[[[-111.09375,44.15068],[-109.99512,44.15068],[-109.99512,44.1822],[-111.09375,44.1822],[-111.09375,44.15068]]]}},{"type":"Feature","properties":{},"geometry":{"type":"Polygon","coordinates":[[[-88.6377,43.96119],[-88.50586,43.96119],[-88.50586,43.99281],[-88.6377,43.99281],[-88.6377,43.96119]]]}},{"type":"Feature","properties":{},"geometry":{"type":"Polygon","coordinates":[[[-88.68164,43.99281],[-88.50586,43.99281],[-88.50586,44.02442],[-88.68164,44.02442],[-88.68164,43.99281]]]}},{"type":"Feature","properties":{},"geometry":{"type":"Polygon","coordinates":[[[-111.09375,44.02442],[-109.95117,44.02442],[-109.95117,44.15068],[-111.09375,44.15068],[-111.09375,44.02442]]]}},{"type":"Feature","properties":{},"geometry":{"type":"Polygon","coordinates":[[[-111.09375,44.1822],[-109.95117,44.1822],[-109.95117,44.2452],[-111.09375,44.2452],[-111.09375,44.1822]]]}},{"type":"Feature","properties":{},"geometry":{"type":"Polygon","coordinates":[[[-88.68164,44.02442],[-88.46191,44.02442],[-88.46191,44.05601],[-88.68164,44.05601],[-88.68164,44.02442]]]}},{"type":"Feature","properties":{},"geometry":{"type":"Polygon","coordinates":[[[-88.68164,44.05601],[-88.6377,44.05601],[-88.6377,44.08759],[-88.68164,44.08759],[-88.68164,44.05601]]]}},{"type":"Feature","properties":{},"geometry":{"type":"Polygon","coordinates":[[[-88.59375,44.05601],[-88.50586,44.05601],[-88.50586,44.08759],[-88.59375,44.08759],[-88.59375,44.05601]]]}},{"type":"Feature","properties":{},"geometry":{"type":"Polygon","coordinates":[[[-80.06836,43.16512],[-79.76074,43.16512],[-79.76074,43.19717],[-80.06836,43.19717],[-80.06836,43.16512]]]}},{"type":"Feature","properties":{},"geometry":{"type":"Polygon","coordinates":[[[-71.58691,43.16512],[-71.45508,43.16512],[-71.45508,43.26121],[-71.58691,43.26121],[-71.58691,43.16512]]]}},{"type":"Feature","properties":{},"geometry":{"type":"Polygon","coordinates":[[[-3.20801,43.16512],[-2.85645,43.16512],[-2.85645,43.26121],[-3.20801,43.26121],[-3.20801,43.16512]]]}},{"type":"Feature","properties":{},"geometry":{"type":"Polygon","coordinates":[[[-88.1543,43.19717],[-87.89062,43.19717],[-87.89062,43.2292],[-88.1543,43.2292],[-88.1543,43.19717]]]}},{"type":"Feature","properties":{},"geometry":{"type":"Polygon","coordinates":[[[-88.1543,44.43378],[-87.89062,44.43378],[-87.89062,44.55916],[-88.1543,44.55916],[-88.1543,44.43378]]]}},{"type":"Feature","properties":{},"geometry":{"type":"Polygon","coordinates":[[[-80.02441,43.19717],[-79.62891,43.19717],[-79.62891,43.26121],[-80.02441,43.26121],[-80.02441,43.19717]]]}},{"type":"Feature","properties":{},"geometry":{"type":"Polygon","coordinates":[[[-79.32129,43.19717],[-79.14551,43.19717],[-79.14551,43.2292],[-79.32129,43.2292],[-79.32129,43.19717]]]}},{"type":"Feature","properties":{},"geometry":{"type":"Polygon","coordinates":[[[-79.10156,43.19717],[-78.92578,43.19717],[-78.92578,43.2292],[-79.10156,43.2292],[-79.10156,43.19717]]]}},{"type":"Feature","properties":{},"geometry":{"type":"Polygon","coordinates":[[[-88.11035,43.2292],[-88.06641,43.2292],[-88.06641,43.26121],[-88.11035,43.26121],[-88.11035,43.2292]]]}},{"type":"Feature","properties":{},"geometry":{"type":"Polygon","coordinates":[[[-88.02246,43.2292],[-87.89062,43.2292],[-87.89062,43.26121],[-88.02246,43.26121],[-88.02246,43.2292]]]}},{"type":"Feature","properties":{},"geometry":{"type":"Polygon","coordinates":[[[-79.27734,43.2292],[-79.14551,43.2292],[-79.14551,43.2932],[-79.27734,43.2932],[-79.27734,43.2292]]]}},{"type":"Feature","properties":{},"geometry":{"type":"Polygon","coordinates":[[[-79.05762,43.2292],[-78.92578,43.2292],[-78.92578,43.2932],[-79.05762,43.2932],[-79.05762,43.2292]]]}},{"type":"Feature","properties":{},"geometry":{"type":"Polygon","coordinates":[[[-80.02441,43.26121],[-79.76074,43.26121],[-79.76074,43.2932],[-80.02441,43.2932],[-80.02441,43.26121]]]}},{"type":"Feature","properties":{},"geometry":{"type":"Polygon","coordinates":[[[-3.25195,43.26121],[-2.85645,43.26121],[-2.85645,43.32518],[-3.25195,43.32518],[-3.25195,43.26121]]]}},{"type":"Feature","properties":{},"geometry":{"type":"Polygon","coordinates":[[[-79.93652,43.2932],[-79.76074,43.2932],[-79.76074,43.32518],[-79.93652,43.32518],[-79.93652,43.2932]]]}},{"type":"Feature","properties":{},"geometry":{"type":"Polygon","coordinates":[[[-79.05762,43.2932],[-78.96973,43.2932],[-78.96973,43.32518],[-79.05762,43.32518],[-79.05762,43.2932]]]}},{"type":"Feature","properties":{},"geometry":{"type":"Polygon","coordinates":[[[-79.93652,43.32518],[-79.7168,43.32518],[-79.7168,43.35714],[-79.93652,43.35714],[-79.93652,43.32518]]]}},{"type":"Feature","properties":{},"geometry":{"type":"Polygon","coordinates":[[[-3.33984,43.32518],[-2.85645,43.32518],[-2.85645,43.38908],[-3.33984,43.38908],[-3.33984,43.32518]]]}},{"type":"Feature","properties":{},"geometry":{"type":"Polygon","coordinates":[[[-79.89258,43.35714],[-79.7168,43.35714],[-79.7168,43.38908],[-79.89258,43.38908],[-79.89258,43.35714]]]}},{"type":"Feature","properties":{},"geometry":{"type":"Polygon","coordinates":[[[-79.84863,43.38908],[-79.7168,43.38908],[-79.7168,43.42101],[-79.84863,43.42101],[-79.84863,43.38908]]]}},{"type":"Feature","properties":{},"geometry":{"type":"Polygon","coordinates":[[[-3.33984,43.38908],[-3.16406,43.38908],[-3.16406,43.42101],[-3.33984,43.42101],[-3.33984,43.38908]]]}},{"type":"Feature","properties":{},"geometry":{"type":"Polygon","coordinates":[[[-88.59375,43.92955],[-88.46191,43.92955],[-88.46191,43.96119],[-88.59375,43.96119],[-88.59375,43.92955]]]}},{"type":"Feature","properties":{},"geometry":{"type":"Polygon","coordinates":[[[-88.59375,44.08759],[-88.46191,44.08759],[-88.46191,44.11914],[-88.59375,44.11914],[-88.59375,44.08759]]]}},{"type":"Feature","properties":{},"geometry":{"type":"Polygon","coordinates":[[[-122.87109,44.77794],[-122.73926,44.77794],[-122.73926,44.80912],[-122.87109,44.80912],[-122.87109,44.77794]]]}},{"type":"Feature","properties":{},"geometry":{"type":"Polygon","coordinates":[[[-122.87109,47.18971],[-122.73926,47.18971],[-122.73926,47.24941],[-122.87109,47.24941],[-122.87109,47.18971]]]}},{"type":"Feature","properties":{},"geometry":{"type":"Polygon","coordinates":[[[-111.0498,44.2452],[-109.95117,44.2452],[-109.95117,45.02695],[-111.0498,45.02695],[-111.0498,44.2452]]]}},{"type":"Feature","properties":{},"geometry":{"type":"Polygon","coordinates":[[[-63.76465,44.74673],[-63.58887,44.74673],[-63.58887,44.80912],[-63.76465,44.80912],[-63.76465,44.74673]]]}},{"type":"Feature","properties":{},"geometry":{"type":"Polygon","coordinates":[[[-0.70312,44.77794],[-0.4834,44.77794],[-0.4834,44.87144],[-0.70312,44.87144],[-0.70312,44.77794]]]}},{"type":"Feature","properties":{},"geometry":{"type":"Polygon","coordinates":[[[-123.09082,44.80912],[-122.73926,44.80912],[-122.73926,44.84029],[-123.09082,44.84029],[-123.09082,44.80912]]]}},{"type":"Feature","properties":{},"geometry":{"type":"Polygon","coordinates":[[[-93.55957,44.80912],[-92.94434,44.80912],[-92.94434,44.84029],[-93.55957,44.84029],[-93.55957,44.80912]]]}},{"type":"Feature","properties":{},"geometry":{"type":"Polygon","coordinates":[[[-93.55957,45.02695],[-92.94434,45.02695],[-92.94434,45.058],[-93.55957,45.058],[-93.55957,45.02695]]]}},{"type":"Feature","properties":{},"geometry":{"type":"Polygon","coordinates":[[[-63.76465,44.80912],[-63.63281,44.80912],[-63.63281,44.84029],[-63.76465,44.84029],[-63.76465,44.80912]]]}},{"type":"Feature","properties":{},"geometry":{"type":"Polygon","coordinates":[[[-123.13477,44.84029],[-122.73926,44.84029],[-122.73926,44.87144],[-123.13477,44.87144],[-123.13477,44.84029]]]}},{"type":"Feature","properties":{},"geometry":{"type":"Polygon","coordinates":[[[-93.60352,44.84029],[-92.90039,44.84029],[-92.90039,44.87144],[-93.60352,44.87144],[-93.60352,44.84029]]]}},{"type":"Feature","properties":{},"geometry":{"type":"Polygon","coordinates":[[[-123.13477,44.87144],[-122.82715,44.87144],[-122.82715,44.90258],[-123.13477,44.90258],[-123.13477,44.87144]]]}},{"type":"Feature","properties":{},"geometry":{"type":"Polygon","coordinates":[[[-93.60352,44.87144],[-92.85645,44.87144],[-92.85645,44.9337],[-93.60352,44.9337],[-93.60352,44.87144]]]}},{"type":"Feature","properties":{},"geometry":{"type":"Polygon","coordinates":[[[-0.65918,44.87144],[-0.4834,44.87144],[-0.4834,44.90258],[-0.65918,44.90258],[-0.65918,44.87144]]]}},{"type":"Feature","properties":{},"geometry":{"type":"Polygon","coordinates":[[[-123.17871,44.90258],[-122.87109,44.90258],[-122.87109,44.9648],[-123.17871,44.9648],[-123.17871,44.90258]]]}},{"type":"Feature","properties":{},"geometry":{"type":"Polygon","coordinates":[[[-0.61523,44.90258],[-0.52734,44.90258],[-0.52734,44.9337],[-0.61523,44.9337],[-0.61523,44.90258]]]}},{"type":"Feature","properties":{},"geometry":{"type":"Polygon","coordinates":[[[-93.55957,44.9337],[-92.85645,44.9337],[-92.85645,44.9648],[-93.55957,44.9648],[-93.55957,44.9337]]]}},{"type":"Feature","properties":{},"geometry":{"type":"Polygon","coordinates":[[[-123.17871,44.9648],[-122.91504,44.9648],[-122.91504,44.99588],[-123.17871,44.99588],[-123.17871,44.9648]]]}},{"type":"Feature","properties":{},"geometry":{"type":"Polygon","coordinates":[[[-122.08008,44.9648],[-120.9375,44.9648],[-120.9375,46.04274],[-122.08008,46.04274],[-122.08008,44.9648]]]}},{"type":"Feature","properties":{},"geometry":{"type":"Polygon","coordinates":[[[-122.08008,46.43786],[-120.9375,46.43786],[-120.9375,46.55886],[-122.08008,46.55886],[-122.08008,46.43786]]]}},{"type":"Feature","properties":{},"geometry":{"type":"Polygon","coordinates":[[[-122.08008,46.70974],[-120.9375,46.70974],[-120.9375,46.76997],[-122.08008,46.76997],[-122.08008,46.70974]]]}},{"type":"Feature","properties":{},"geometry":{"type":"Polygon","coordinates":[[[-122.08008,46.86019],[-120.9375,46.86019],[-120.9375,47.04018],[-122.08008,47.04018],[-122.08008,46.86019]]]}},{"type":"Feature","properties":{},"geometry":{"type":"Polygon","coordinates":[[[-93.55957,44.9648],[-92.90039,44.9648],[-92.90039,45.02695],[-93.55957,45.02695],[-93.55957,44.9648]]]}},{"type":"Feature","properties":{},"geometry":{"type":"Polygon","coordinates":[[[-123.09082,44.99588],[-122.91504,44.99588],[-122.91504,45.02695],[-123.09082,45.02695],[-123.09082,44.99588]]]}},{"type":"Feature","properties":{},"geometry":{"type":"Polygon","coordinates":[[[-123.04687,45.02695],[-122.95898,45.02695],[-122.95898,45.058],[-123.04687,45.058],[-123.04687,45.02695]]]}},{"type":"Feature","properties":{},"geometry":{"type":"Polygon","coordinates":[[[-88.59375,44.1822],[-88.28613,44.1822],[-88.28613,44.21371],[-88.59375,44.21371],[-88.59375,44.1822]]]}},{"type":"Feature","properties":{},"geometry":{"type":"Polygon","coordinates":[[[-76.72852,44.1822],[-76.37695,44.1822],[-76.37695,44.21371],[-76.72852,44.21371],[-76.72852,44.1822]]]}},{"type":"Feature","properties":{},"geometry":{"type":"Polygon","coordinates":[[[-88.59375,44.21371],[-88.24219,44.21371],[-88.24219,44.2452],[-88.59375,44.2452],[-88.59375,44.21371]]]}},{"type":"Feature","properties":{},"geometry":{"type":"Polygon","coordinates":[[[-76.72852,44.21371],[-76.33301,44.21371],[-76.33301,44.2452],[-76.72852,44.2452],[-76.72852,44.21371]]]}},{"type":"Feature","properties":{},"geometry":{"type":"Polygon","coordinates":[[[-88.59375,44.2452],[-88.19824,44.2452],[-88.19824,44.33957],[-88.59375,44.33957],[-88.59375,44.2452]]]}},{"type":"Feature","properties":{},"geometry":{"type":"Polygon","coordinates":[[[-76.68457,44.2452],[-76.33301,44.2452],[-76.33301,44.27667],[-76.68457,44.27667],[-76.68457,44.2452]]]}},{"type":"Feature","properties":{},"geometry":{"type":"Polygon","coordinates":[[[-76.68457,44.27667],[-76.37695,44.27667],[-76.37695,44.30813],[-76.68457,44.30813],[-76.68457,44.27667]]]}},{"type":"Feature","properties":{},"geometry":{"type":"Polygon","coordinates":[[[-69.8291,44.27667],[-69.74121,44.27667],[-69.74121,44.30813],[-69.8291,44.30813],[-69.8291,44.27667]]]}},{"type":"Feature","properties":{},"geometry":{"type":"Polygon","coordinates":[[[-69.8291,44.33957],[-69.74121,44.33957],[-69.74121,44.37099],[-69.8291,44.37099],[-69.8291,44.33957]]]}},{"type":"Feature","properties":{},"geometry":{"type":"Polygon","coordinates":[[[-88.59375,44.11914],[-88.41797,44.11914],[-88.41797,44.1822],[-88.59375,44.1822],[-88.59375,44.11914]]]}},{"type":"Feature","properties":{},"geometry":{"type":"Polygon","coordinates":[[[-69.8291,44.30813],[-69.69727,44.30813],[-69.69727,44.33957],[-69.8291,44.33957],[-69.8291,44.30813]]]}},{"type":"Feature","properties":{},"geometry":{"type":"Polygon","coordinates":[[[-100.41504,44.33957],[-100.23926,44.33957],[-100.23926,44.40239],[-100.41504,44.40239],[-100.41504,44.33957]]]}},{"type":"Feature","properties":{},"geometry":{"type":"Polygon","coordinates":[[[-88.1543,44.37099],[-88.02246,44.37099],[-88.02246,44.40239],[-88.1543,44.40239],[-88.1543,44.37099]]]}},{"type":"Feature","properties":{},"geometry":{"type":"Polygon","coordinates":[[[-69.8291,44.37099],[-69.78516,44.37099],[-69.78516,44.40239],[-69.8291,44.40239],[-69.8291,44.37099]]]}},{"type":"Feature","properties":{},"geometry":{"type":"Polygon","coordinates":[[[-100.32715,44.40239],[-100.2832,44.40239],[-100.2832,44.43378],[-100.32715,44.43378],[-100.32715,44.40239]]]}},{"type":"Feature","properties":{},"geometry":{"type":"Polygon","coordinates":[[[-88.1543,44.40239],[-87.93457,44.40239],[-87.93457,44.43378],[-88.1543,44.43378],[-88.1543,44.40239]]]}},{"type":"Feature","properties":{},"geometry":{"type":"Polygon","coordinates":[[[-88.1543,44.55916],[-87.97852,44.55916],[-87.97852,44.62175],[-88.1543,44.62175],[-88.1543,44.55916]]]}},{"type":"Feature","properties":{},"geometry":{"type":"Polygon","coordinates":[[[-63.67676,44.55916],[-63.41309,44.55916],[-63.41309,44.59047],[-63.67676,44.59047],[-63.67676,44.55916]]]}},{"type":"Feature","properties":{},"geometry":{"type":"Polygon","coordinates":[[[-1.23047,44.55916],[-1.14258,44.55916],[-1.14258,44.59047],[-1.23047,44.59047],[-1.23047,44.55916]]]}},{"type":"Feature","properties":{},"geometry":{"type":"Polygon","coordinates":[[[-1.09863,44.55916],[-1.05469,44.55916],[-1.05469,44.59047],[-1.09863,44.59047],[-1.09863,44.55916]]]}},{"type":"Feature","properties":{},"geometry":{"type":"Polygon","coordinates":[[[-63.7207,44.59047],[-63.41309,44.59047],[-63.41309,44.68428],[-63.7207,44.68428],[-63.7207,44.59047]]]}},{"type":"Feature","properties":{},"geometry":{"type":"Polygon","coordinates":[[[-1.31836,44.59047],[-0.9668,44.59047],[-0.9668,44.68428],[-1.31836,44.68428],[-1.31836,44.59047]]]}},{"type":"Feature","properties":{},"geometry":{"type":"Polygon","coordinates":[[[-1.31836,50.81982],[-0.9668,50.81982],[-0.9668,50.84757],[-1.31836,50.84757],[-1.31836,50.81982]]]}},{"type":"Feature","properties":{},"geometry":{"type":"Polygon","coordinates":[[[-63.76465,44.68428],[-63.41309,44.68428],[-63.41309,44.71551],[-63.76465,44.71551],[-63.76465,44.68428]]]}},{"type":"Feature","properties":{},"geometry":{"type":"Polygon","coordinates":[[[-1.27441,44.68428],[-1.18652,44.68428],[-1.18652,44.71551],[-1.27441,44.71551],[-1.27441,44.68428]]]}},{"type":"Feature","properties":{},"geometry":{"type":"Polygon","coordinates":[[[-63.76465,44.71551],[-63.45703,44.71551],[-63.45703,44.74673],[-63.76465,44.74673],[-63.76465,44.71551]]]}},{"type":"Feature","properties":{},"geometry":{"type":"Polygon","coordinates":[[[-0.57129,44.74673],[-0.52734,44.74673],[-0.52734,44.77794],[-0.57129,44.77794],[-0.57129,44.74673]]]}},{"type":"Feature","properties":{},"geometry":{"type":"Polygon","coordinates":[[[-75.98145,45.18204],[-75.80566,45.18204],[-75.80566,45.213],[-75.98145,45.213],[-75.98145,45.18204]]]}},{"type":"Feature","properties":{},"geometry":{"type":"Polygon","coordinates":[[[-75.98145,45.213],[-75.62988,45.213],[-75.62988,45.27489],[-75.98145,45.27489],[-75.98145,45.213]]]}},{"type":"Feature","properties":{},"geometry":{"type":"Polygon","coordinates":[[[-122.91504,45.24395],[-122.69531,45.24395],[-122.69531,45.27489],[-122.91504,45.27489],[-122.91504,45.24395]]]}},{"type":"Feature","properties":{},"geometry":{"type":"Polygon","coordinates":[[[-122.91504,45.27489],[-122.60742,45.27489],[-122.60742,45.3058],[-122.91504,45.3058],[-122.91504,45.27489]]]}},{"type":"Feature","properties":{},"geometry":{"type":"Polygon","coordinates":[[[-75.98145,45.27489],[-75.54199,45.27489],[-75.54199,45.36758],[-75.98145,45.36758],[-75.98145,45.27489]]]}},{"type":"Feature","properties":{},"geometry":{"type":"Polygon","coordinates":[[[-123.00293,45.3058],[-122.56348,45.3058],[-122.56348,45.3367],[-123.00293,45.3367],[-123.00293,45.3058]]]}},{"type":"Feature","properties":{},"geometry":{"type":"Polygon","coordinates":[[[-72.02637,45.3058],[-71.93848,45.3058],[-71.93848,45.3367],[-72.02637,45.3367],[-72.02637,45.3058]]]}},{"type":"Feature","properties":{},"geometry":{"type":"Polygon","coordinates":[[[-123.09082,45.3367],[-122.56348,45.3367],[-122.56348,45.36758],[-123.09082,45.36758],[-123.09082,45.3367]]]}},{"type":"Feature","properties":{},"geometry":{"type":"Polygon","coordinates":[[[-73.65234,45.3367],[-73.43262,45.3367],[-73.43262,45.36758],[-73.65234,45.36758],[-73.65234,45.3367]]]}},{"type":"Feature","properties":{},"geometry":{"type":"Polygon","coordinates":[[[-72.07031,45.3367],[-71.80664,45.3367],[-71.80664,45.36758],[-72.07031,45.36758],[-72.07031,45.3367]]]}},{"type":"Feature","properties":{},"geometry":{"type":"Polygon","coordinates":[[[-123.09082,45.36758],[-122.47559,45.36758],[-122.47559,45.4293],[-123.09082,45.4293],[-123.09082,45.36758]]]}},{"type":"Feature","properties":{},"geometry":{"type":"Polygon","coordinates":[[[-75.98145,45.36758],[-75.4541,45.36758],[-75.4541,45.39845],[-75.98145,45.39845],[-75.98145,45.36758]]]}},{"type":"Feature","properties":{},"geometry":{"type":"Polygon","coordinates":[[[-73.74023,45.36758],[-73.43262,45.36758],[-73.43262,45.39845],[-73.74023,45.39845],[-73.74023,45.36758]]]}},{"type":"Feature","properties":{},"geometry":{"type":"Polygon","coordinates":[[[-72.07031,45.36758],[-71.7627,45.36758],[-71.7627,45.4293],[-72.07031,45.4293],[-72.07031,45.36758]]]}},{"type":"Feature","properties":{},"geometry":{"type":"Polygon","coordinates":[[[-75.9375,45.39845],[-75.41016,45.39845],[-75.41016,45.46013],[-75.9375,45.46013],[-75.9375,45.39845]]]}},{"type":"Feature","properties":{},"geometry":{"type":"Polygon","coordinates":[[[-74.04785,45.39845],[-73.38867,45.39845],[-73.38867,45.4293],[-74.04785,45.4293],[-74.04785,45.39845]]]}},{"type":"Feature","properties":{},"geometry":{"type":"Polygon","coordinates":[[[-123.17871,45.4293],[-122.47559,45.4293],[-122.47559,45.46013],[-123.17871,45.46013],[-123.17871,45.4293]]]}},{"type":"Feature","properties":{},"geometry":{"type":"Polygon","coordinates":[[[-74.04785,45.4293],[-73.34473,45.4293],[-73.34473,45.55253],[-74.04785,45.55253],[-74.04785,45.4293]]]}},{"type":"Feature","properties":{},"geometry":{"type":"Polygon","coordinates":[[[-72.02637,45.4293],[-71.7627,45.4293],[-71.7627,45.46013],[-72.02637,45.46013],[-72.02637,45.4293]]]}},{"type":"Feature","properties":{},"geometry":{"type":"Polygon","coordinates":[[[-123.17871,45.46013],[-122.34375,45.46013],[-122.34375,45.58329],[-123.17871,45.58329],[-123.17871,45.46013]]]}},{"type":"Feature","properties":{},"geometry":{"type":"Polygon","coordinates":[[[-75.84961,45.46013],[-75.41016,45.46013],[-75.41016,45.52174],[-75.84961,45.52174],[-75.84961,45.46013]]]}},{"type":"Feature","properties":{},"geometry":{"type":"Polygon","coordinates":[[[-74.00391,45.55253],[-73.34473,45.55253],[-73.34473,45.73686],[-74.00391,45.73686],[-74.00391,45.55253]]]}},{"type":"Feature","properties":{},"geometry":{"type":"Polygon","coordinates":[[[-123.17871,45.58329],[-122.3877,45.58329],[-122.3877,45.61404],[-123.17871,45.61404],[-123.17871,45.58329]]]}},{"type":"Feature","properties":{},"geometry":{"type":"Polygon","coordinates":[[[-122.87109,45.61404],[-122.3877,45.61404],[-122.3877,45.64477],[-122.87109,45.64477],[-122.87109,45.61404]]]}},{"type":"Feature","properties":{},"geometry":{"type":"Polygon","coordinates":[[[-122.87109,45.64477],[-122.47559,45.64477],[-122.47559,45.67548],[-122.87109,45.67548],[-122.87109,45.64477]]]}},{"type":"Feature","properties":{},"geometry":{"type":"Polygon","coordinates":[[[-122.7832,45.67548],[-122.47559,45.67548],[-122.47559,45.70618],[-122.7832,45.70618],[-122.7832,45.67548]]]}},{"type":"Feature","properties":{},"geometry":{"type":"Polygon","coordinates":[[[-122.7832,45.70618],[-122.51953,45.70618],[-122.51953,45.73686],[-122.7832,45.73686],[-122.7832,45.70618]]]}},{"type":"Feature","properties":{},"geometry":{"type":"Polygon","coordinates":[[[-122.7832,45.73686],[-122.60742,45.73686],[-122.60742,45.76752],[-122.7832,45.76752],[-122.7832,45.73686]]]}},{"type":"Feature","properties":{},"geometry":{"type":"Polygon","coordinates":[[[-73.74023,45.73686],[-73.34473,45.73686],[-73.34473,45.76752],[-73.74023,45.76752],[-73.74023,45.73686]]]}},{"type":"Feature","properties":{},"geometry":{"type":"Polygon","coordinates":[[[-122.73926,45.76752],[-122.60742,45.76752],[-122.60742,45.8288],[-122.73926,45.8288],[-122.73926,45.76752]]]}},{"type":"Feature","properties":{},"geometry":{"type":"Polygon","coordinates":[[[-73.69629,45.76752],[-73.34473,45.76752],[-73.34473,45.79817],[-73.69629,45.79817],[-73.69629,45.76752]]]}},{"type":"Feature","properties":{},"geometry":{"type":"Polygon","coordinates":[[[-73.47656,45.79817],[-73.38867,45.79817],[-73.38867,45.8288],[-73.47656,45.8288],[-73.47656,45.79817]]]}},{"type":"Feature","properties":{},"geometry":{"type":"Polygon","coordinates":[[[-122.03613,46.04274],[-120.98145,46.04274],[-120.98145,46.37725],[-122.03613,46.37725],[-122.03613,46.04274]]]}},{"type":"Feature","properties":{},"geometry":{"type":"Polygon","coordinates":[[[-122.03613,46.55886],[-120.98145,46.55886],[-120.98145,46.64944],[-122.03613,46.64944],[-122.03613,46.55886]]]}},{"type":"Feature","properties":{},"geometry":{"type":"Polygon","coordinates":[[[-123.04687,46.89023],[-122.73926,46.89023],[-122.73926,47.12995],[-123.04687,47.12995],[-123.04687,46.89023]]]}},{"type":"Feature","properties":{},"geometry":{"type":"Polygon","coordinates":[[[-96.94336,46.89023],[-96.63574,46.89023],[-96.63574,46.92026],[-96.94336,46.92026],[-96.94336,46.89023]]]}},{"type":"Feature","properties":{},"geometry":{"type":"Polygon","coordinates":[[[-96.94336,46.92026],[-96.72363,46.92026],[-96.72363,46.95026],[-96.94336,46.95026],[-96.94336,46.92026]]]}},{"type":"Feature","properties":{},"geometry":{"type":"Polygon","coordinates":[[[-96.85547,46.95026],[-96.72363,46.95026],[-96.72363,46.98025],[-96.85547,46.98025],[-96.85547,46.95026]]]}},{"type":"Feature","properties":{},"geometry":{"type":"Polygon","coordinates":[[[-122.3877,47.01023],[-122.34375,47.01023],[-122.34375,47.04018],[-122.3877,47.04018],[-122.3877,47.01023]]]}},{"type":"Feature","properties":{},"geometry":{"type":"Polygon","coordinates":[[[-100.85449,46.73986],[-100.72266,46.73986],[-100.72266,46.76997],[-100.85449,46.76997],[-100.85449,46.73986]]]}},{"type":"Feature","properties":{},"geometry":{"type":"Polygon","coordinates":[[[-100.85449,46.86019],[-100.72266,46.86019],[-100.72266,46.89023],[-100.85449,46.89023],[-100.85449,46.86019]]]}},{"type":"Feature","properties":{},"geometry":{"type":"Polygon","coordinates":[[[-96.94336,46.73986],[-96.85547,46.73986],[-96.85547,46.76997],[-96.94336,46.76997],[-96.94336,46.73986]]]}},{"type":"Feature","properties":{},"geometry":{"type":"Polygon","coordinates":[[[-122.03613,46.37725],[-120.9375,46.37725],[-120.9375,46.43786],[-122.03613,46.43786],[-122.03613,46.37725]]]}},{"type":"Feature","properties":{},"geometry":{"type":"Polygon","coordinates":[[[-122.03613,46.64944],[-120.9375,46.64944],[-120.9375,46.70974],[-122.03613,46.70974],[-122.03613,46.64944]]]}},{"type":"Feature","properties":{},"geometry":{"type":"Polygon","coordinates":[[[-122.03613,46.76997],[-120.9375,46.76997],[-120.9375,46.86019],[-122.03613,46.86019],[-122.03613,46.76997]]]}},{"type":"Feature","properties":{},"geometry":{"type":"Polygon","coordinates":[[[-100.89844,46.76997],[-100.72266,46.76997],[-100.72266,46.80006],[-100.89844,46.80006],[-100.89844,46.76997]]]}},{"type":"Feature","properties":{},"geometry":{"type":"Polygon","coordinates":[[[-96.94336,46.76997],[-96.76758,46.76997],[-96.76758,46.80006],[-96.94336,46.80006],[-96.94336,46.76997]]]}},{"type":"Feature","properties":{},"geometry":{"type":"Polygon","coordinates":[[[-71.2793,46.76997],[-71.19141,46.76997],[-71.19141,46.83013],[-71.2793,46.83013],[-71.2793,46.76997]]]}},{"type":"Feature","properties":{},"geometry":{"type":"Polygon","coordinates":[[[-100.94238,46.80006],[-100.67871,46.80006],[-100.67871,46.86019],[-100.94238,46.86019],[-100.94238,46.80006]]]}},{"type":"Feature","properties":{},"geometry":{"type":"Polygon","coordinates":[[[-96.94336,46.80006],[-96.67969,46.80006],[-96.67969,46.86019],[-96.94336,46.86019],[-96.94336,46.80006]]]}},{"type":"Feature","properties":{},"geometry":{"type":"Polygon","coordinates":[[[-96.9873,46.86019],[-96.63574,46.86019],[-96.63574,46.89023],[-96.9873,46.89023],[-96.9873,46.86019]]]}},{"type":"Feature","properties":{},"geometry":{"type":"Polygon","coordinates":[[[-122.43164,47.04018],[-122.25586,47.04018],[-122.25586,47.07012],[-122.43164,47.07012],[-122.43164,47.04018]]]}},{"type":"Feature","properties":{},"geometry":{"type":"Polygon","coordinates":[[[-1.58203,47.07012],[-1.4502,47.07012],[-1.4502,47.10004],[-1.58203,47.10004],[-1.58203,47.07012]]]}},{"type":"Feature","properties":{},"geometry":{"type":"Polygon","coordinates":[[[-122.56348,47.10004],[-122.21191,47.10004],[-122.21191,47.12995],[-122.56348,47.12995],[-122.56348,47.10004]]]}},{"type":"Feature","properties":{},"geometry":{"type":"Polygon","coordinates":[[[-1.75781,47.10004],[-1.4502,47.10004],[-1.4502,47.12995],[-1.75781,47.12995],[-1.75781,47.10004]]]}},{"type":"Feature","properties":{},"geometry":{"type":"Polygon","coordinates":[[[-123.00293,47.12995],[-122.73926,47.12995],[-122.73926,47.15984],[-123.00293,47.15984],[-123.00293,47.12995]]]}},{"type":"Feature","properties":{},"geometry":{"type":"Polygon","coordinates":[[[-122.65137,47.12995],[-122.21191,47.12995],[-122.21191,47.15984],[-122.65137,47.15984],[-122.65137,47.12995]]]}},{"type":"Feature","properties":{},"geometry":{"type":"Polygon","coordinates":[[[-1.75781,47.12995],[-1.3623,47.12995],[-1.3623,47.15984],[-1.75781,47.15984],[-1.75781,47.12995]]]}},{"type":"Feature","properties":{},"geometry":{"type":"Polygon","coordinates":[[[-1.75781,47.27923],[-1.3623,47.27923],[-1.3623,47.33882],[-1.75781,47.33882],[-1.75781,47.27923]]]}},{"type":"Feature","properties":{},"geometry":{"type":"Polygon","coordinates":[[[-122.91504,47.15984],[-122.73926,47.15984],[-122.73926,47.18971],[-122.91504,47.18971],[-122.91504,47.15984]]]}},{"type":"Feature","properties":{},"geometry":{"type":"Polygon","coordinates":[[[-122.65137,47.15984],[-122.16797,47.15984],[-122.16797,47.18971],[-122.65137,47.18971],[-122.65137,47.15984]]]}},{"type":"Feature","properties":{},"geometry":{"type":"Polygon","coordinates":[[[-1.80176,47.15984],[-1.3623,47.15984],[-1.3623,47.27923],[-1.80176,47.27923],[-1.80176,47.15984]]]}},{"type":"Feature","properties":{},"geometry":{"type":"Polygon","coordinates":[[[-122.60742,47.18971],[-122.16797,47.18971],[-122.16797,47.27923],[-122.60742,47.27923],[-122.60742,47.18971]]]}},{"type":"Feature","properties":{},"geometry":{"type":"Polygon","coordinates":[[[-122.60742,47.27923],[-121.99219,47.27923],[-121.99219,47.30903],[-122.60742,47.30903],[-122.60742,47.27923]]]}},{"type":"Feature","properties":{},"geometry":{"type":"Polygon","coordinates":[[[-122.60742,47.30903],[-121.94824,47.30903],[-121.94824,47.33882],[-122.60742,47.33882],[-122.60742,47.30903]]]}},{"type":"Feature","properties":{},"geometry":{"type":"Polygon","coordinates":[[[-122.3877,47.33882],[-121.99219,47.33882],[-121.99219,47.36859],[-122.3877,47.36859],[-122.3877,47.33882]]]}},{"type":"Feature","properties":{},"geometry":{"type":"Polygon","coordinates":[[[-1.66992,47.33882],[-1.4502,47.33882],[-1.4502,47.36859],[-1.66992,47.36859],[-1.66992,47.33882]]]}},{"type":"Feature","properties":{},"geometry":{"type":"Polygon","coordinates":[[[-1.66992,55.15377],[-1.4502,55.15377],[-1.4502,55.22902],[-1.66992,55.22902],[-1.66992,55.15377]]]}},{"type":"Feature","properties":{},"geometry":{"type":"Polygon","coordinates":[[[-121.81641,47.39835],[-121.72852,47.39835],[-121.72852,47.42809],[-121.81641,47.42809],[-121.81641,47.39835]]]}},{"type":"Feature","properties":{},"geometry":{"type":"Polygon","coordinates":[[[-0.74707,47.39835],[-0.30762,47.39835],[-0.30762,47.5172],[-0.74707,47.5172],[-0.74707,47.39835]]]}},{"type":"Feature","properties":{},"geometry":{"type":"Polygon","coordinates":[[[-121.81641,47.42809],[-121.64062,47.42809],[-121.64062,47.45781],[-121.81641,47.45781],[-121.81641,47.42809]]]}},{"type":"Feature","properties":{},"geometry":{"type":"Polygon","coordinates":[[[-122.3877,47.45781],[-121.64062,47.45781],[-121.64062,47.48751],[-122.3877,47.48751],[-122.3877,47.45781]]]}},{"type":"Feature","properties":{},"geometry":{"type":"Polygon","coordinates":[[[-122.43164,47.48751],[-121.64062,47.48751],[-121.64062,47.5172],[-122.43164,47.5172],[-122.43164,47.48751]]]}},{"type":"Feature","properties":{},"geometry":{"type":"Polygon","coordinates":[[[-122.43164,47.5172],[-121.68457,47.5172],[-121.68457,47.54687],[-122.43164,47.54687],[-122.43164,47.5172]]]}},{"type":"Feature","properties":{},"geometry":{"type":"Polygon","coordinates":[[[-0.74707,47.5172],[-0.35156,47.5172],[-0.35156,47.54687],[-0.74707,47.54687],[-0.74707,47.5172]]]}},{"type":"Feature","properties":{},"geometry":{"type":"Polygon","coordinates":[[[-122.47559,47.54687],[-121.68457,47.54687],[-121.68457,47.57653],[-122.47559,47.57653],[-122.47559,47.54687]]]}},{"type":"Feature","properties":{},"geometry":{"type":"Polygon","coordinates":[[[-0.70312,47.36859],[-0.35156,47.36859],[-0.35156,47.39835],[-0.70312,47.39835],[-0.70312,47.36859]]]}},{"type":"Feature","properties":{},"geometry":{"type":"Polygon","coordinates":[[[-0.70312,47.54687],[-0.35156,47.54687],[-0.35156,47.57653],[-0.70312,47.57653],[-0.70312,47.54687]]]}},{"type":"Feature","properties":{},"geometry":{"type":"Polygon","coordinates":[[[-122.47559,47.57653],[-121.81641,47.57653],[-121.81641,47.60616],[-122.47559,47.60616],[-122.47559,47.57653]]]}},{"type":"Feature","properties":{},"geometry":{"type":"Polygon","coordinates":[[[-122.47559,47.60616],[-121.77246,47.60616],[-121.77246,47.72454],[-122.47559,47.72454],[-122.47559,47.60616]]]}},{"type":"Feature","properties":{},"geometry":{"type":"Polygon","coordinates":[[[-122.43164,47.72454],[-121.81641,47.72454],[-121.81641,47.78363],[-122.43164,47.78363],[-122.43164,47.72454]]]}},{"type":"Feature","properties":{},"geometry":{"type":"Polygon","coordinates":[[[-122.43164,47.78363],[-121.86035,47.78363],[-121.86035,47.81315],[-122.43164,47.81315],[-122.43164,47.78363]]]}},{"type":"Feature","properties":{},"geometry":{"type":"Polygon","coordinates":[[[-122.43164,47.81315],[-122.03613,47.81315],[-122.03613,47.87214],[-122.43164,47.87214],[-122.43164,47.81315]]]}},{"type":"Feature","properties":{},"geometry":{"type":"Polygon","coordinates":[[[-119.35547,46.10371],[-118.91602,46.10371],[-118.91602,46.13417],[-119.35547,46.13417],[-119.35547,46.10371]]]}},{"type":"Feature","properties":{},"geometry":{"type":"Polygon","coordinates":[[[-119.39941,46.13417],[-118.91602,46.13417],[-118.91602,46.16461],[-119.39941,46.16461],[-119.39941,46.13417]]]}},{"type":"Feature","properties":{},"geometry":{"type":"Polygon","coordinates":[[[-119.44336,46.16461],[-118.91602,46.16461],[-118.91602,46.28622],[-119.44336,46.28622],[-119.44336,46.16461]]]}},{"type":"Feature","properties":{},"geometry":{"type":"Polygon","coordinates":[[[-119.44336,46.28622],[-119.00391,46.28622],[-119.00391,46.34693],[-119.44336,46.34693],[-119.44336,46.28622]]]}},{"type":"Feature","properties":{},"geometry":{"type":"Polygon","coordinates":[[[-119.44336,46.34693],[-119.17969,46.34693],[-119.17969,46.40756],[-119.44336,46.40756],[-119.44336,46.34693]]]}},{"type":"Feature","properties":{},"geometry":{"type":"Polygon","coordinates":[[[-123.57422,48.37085],[-123.2666,48.37085],[-123.2666,48.4292],[-123.57422,48.4292],[-123.57422,48.37085]]]}},{"type":"Feature","properties":{},"geometry":{"type":"Polygon","coordinates":[[[-123.57422,48.48749],[-123.2666,48.48749],[-123.2666,48.5166],[-123.57422,48.5166],[-123.57422,48.48749]]]}},{"type":"Feature","properties":{},"geometry":{"type":"Polygon","coordinates":[[[-113.81836,47.9605],[-113.24707,47.9605],[-113.24707,49.03787],[-113.81836,49.03787],[-113.81836,47.9605]]]}},{"type":"Feature","properties":{},"geometry":{"type":"Polygon","coordinates":[[[-123.57422,48.4292],[-123.22266,48.4292],[-123.22266,48.45835],[-123.57422,48.45835],[-123.57422,48.4292]]]}},{"type":"Feature","properties":{},"geometry":{"type":"Polygon","coordinates":[[[-123.61816,48.45835],[-123.22266,48.45835],[-123.22266,48.48749],[-123.61816,48.48749],[-123.61816,48.45835]]]}},{"type":"Feature","properties":{},"geometry":{"type":"Polygon","coordinates":[[[-123.53027,48.5166],[-123.31055,48.5166],[-123.31055,48.60386],[-123.53027,48.60386],[-123.53027,48.5166]]]}},{"type":"Feature","properties":{},"geometry":{"type":"Polygon","coordinates":[[[-1.62598,48.54571],[-1.40625,48.54571],[-1.40625,48.66194],[-1.62598,48.66194],[-1.62598,48.54571]]]}},{"type":"Feature","properties":{},"geometry":{"type":"Polygon","coordinates":[[[-123.48633,48.60386],[-123.31055,48.60386],[-123.31055,48.63291],[-123.48633,48.63291],[-123.48633,48.60386]]]}},{"type":"Feature","properties":{},"geometry":{"type":"Polygon","coordinates":[[[-122.65137,48.60386],[-122.51953,48.60386],[-122.51953,48.63291],[-122.65137,48.63291],[-122.65137,48.60386]]]}},{"type":"Feature","properties":{},"geometry":{"type":"Polygon","coordinates":[[[-123.48633,48.63291],[-123.35449,48.63291],[-123.35449,48.69096],[-123.48633,48.69096],[-123.48633,48.63291]]]}},{"type":"Feature","properties":{},"geometry":{"type":"Polygon","coordinates":[[[-122.69531,48.63291],[-122.34375,48.63291],[-122.34375,48.66194],[-122.69531,48.66194],[-122.69531,48.63291]]]}},{"type":"Feature","properties":{},"geometry":{"type":"Polygon","coordinates":[[[-122.69531,48.77791],[-122.34375,48.77791],[-122.34375,48.86471],[-122.69531,48.86471],[-122.69531,48.77791]]]}},{"type":"Feature","properties":{},"geometry":{"type":"Polygon","coordinates":[[[-122.73926,48.66194],[-122.34375,48.66194],[-122.34375,48.69096],[-122.73926,48.69096],[-122.73926,48.66194]]]}},{"type":"Feature","properties":{},"geometry":{"type":"Polygon","coordinates":[[[-1.58203,48.66194],[-1.40625,48.66194],[-1.40625,48.69096],[-1.58203,48.69096],[-1.58203,48.66194]]]}},{"type":"Feature","properties":{},"geometry":{"type":"Polygon","coordinates":[[[-123.44238,48.69096],[-123.35449,48.69096],[-123.35449,48.71996],[-123.44238,48.71996],[-123.44238,48.69096]]]}},{"type":"Feature","properties":{},"geometry":{"type":"Polygon","coordinates":[[[-122.7832,48.69096],[-122.34375,48.69096],[-122.34375,48.77791],[-122.7832,48.77791],[-122.7832,48.69096]]]}},{"type":"Feature","properties":{},"geometry":{"type":"Polygon","coordinates":[[[-122.69531,48.86471],[-122.47559,48.86471],[-122.47559,48.95137],[-122.69531,48.95137],[-122.69531,48.86471]]]}},{"type":"Feature","properties":{},"geometry":{"type":"Polygon","coordinates":[[[-122.25586,47.9605],[-122.03613,47.9605],[-122.03613,48.04871],[-122.25586,48.04871],[-122.25586,47.9605]]]}},{"type":"Feature","properties":{},"geometry":{"type":"Polygon","coordinates":[[[-122.34375,47.36859],[-121.99219,47.36859],[-121.99219,47.39835],[-122.34375,47.39835],[-122.34375,47.36859]]]}},{"type":"Feature","properties":{},"geometry":{"type":"Polygon","coordinates":[[[-122.34375,47.87214],[-122.03613,47.87214],[-122.03613,47.9605],[-122.34375,47.9605],[-122.34375,47.87214]]]}},{"type":"Feature","properties":{},"geometry":{"type":"Polygon","coordinates":[[[-122.21191,48.04871],[-122.08008,48.04871],[-122.08008,48.10743],[-122.21191,48.10743],[-122.21191,48.04871]]]}},{"type":"Feature","properties":{},"geometry":{"type":"Polygon","coordinates":[[[-1.75781,48.04871],[-1.66992,48.04871],[-1.66992,48.07808],[-1.75781,48.07808],[-1.75781,48.04871]]]}},{"type":"Feature","properties":{},"geometry":{"type":"Polygon","coordinates":[[[-1.75781,48.07808],[-1.58203,48.07808],[-1.58203,48.10743],[-1.75781,48.10743],[-1.75781,48.07808]]]}},{"type":"Feature","properties":{},"geometry":{"type":"Polygon","coordinates":[[[-122.91504,48.98022],[-122.82715,48.98022],[-122.82715,49.00905],[-122.91504,49.00905],[-122.91504,48.98022]]]}},{"type":"Feature","properties":{},"geometry":{"type":"Polygon","coordinates":[[[-122.95898,49.00905],[-122.82715,49.00905],[-122.82715,49.09545],[-122.95898,49.09545],[-122.95898,49.00905]]]}},{"type":"Feature","properties":{},"geometry":{"type":"Polygon","coordinates":[[[-122.43164,49.00905],[-122.16797,49.00905],[-122.16797,49.09545],[-122.43164,49.09545],[-122.43164,49.00905]]]}},{"type":"Feature","properties":{},"geometry":{"type":"Polygon","coordinates":[[[-123.2666,49.09545],[-122.82715,49.09545],[-122.82715,49.21042],[-123.2666,49.21042],[-123.2666,49.09545]]]}},{"type":"Feature","properties":{},"geometry":{"type":"Polygon","coordinates":[[[-122.34375,49.09545],[-122.16797,49.09545],[-122.16797,49.12422],[-122.34375,49.12422],[-122.34375,49.09545]]]}},{"type":"Feature","properties":{},"geometry":{"type":"Polygon","coordinates":[[[-123.31055,49.21042],[-122.82715,49.21042],[-122.82715,49.2678],[-123.31055,49.2678],[-123.31055,49.21042]]]}},{"type":"Feature","properties":{},"geometry":{"type":"Polygon","coordinates":[[[-123.31055,49.29647],[-122.82715,49.29647],[-122.82715,49.32512],[-123.31055,49.32512],[-123.31055,49.29647]]]}},{"type":"Feature","properties":{},"geometry":{"type":"Polygon","coordinates":[[[-123.31055,49.2678],[-122.7832,49.2678],[-122.7832,49.29647],[-123.31055,49.29647],[-123.31055,49.2678]]]}},{"type":"Feature","properties":{},"geometry":{"type":"Polygon","coordinates":[[[-0.92285,49.29647],[-0.74707,49.29647],[-0.74707,49.32512],[-0.92285,49.32512],[-0.92285,49.29647]]]}},{"type":"Feature","properties":{},"geometry":{"type":"Polygon","coordinates":[[[-123.13477,49.32512],[-123.09082,49.32512],[-123.09082,49.35376],[-123.13477,49.35376],[-123.13477,49.32512]]]}},{"type":"Feature","properties":{},"geometry":{"type":"Polygon","coordinates":[[[-1.01074,49.32512],[-0.74707,49.32512],[-0.74707,49.38237],[-1.01074,49.38237],[-1.01074,49.32512]]]}},{"type":"Feature","properties":{},"geometry":{"type":"Polygon","coordinates":[[[-97.25098,49.75288],[-97.11914,49.75288],[-97.11914,49.78126],[-97.25098,49.78126],[-97.25098,49.75288]]]}},{"type":"Feature","properties":{},"geometry":{"type":"Polygon","coordinates":[[[-97.25098,49.78126],[-97.03125,49.78126],[-97.03125,49.83798],[-97.25098,49.83798],[-97.25098,49.78126]]]}},{"type":"Feature","properties":{},"geometry":{"type":"Polygon","coordinates":[[[-1.01074,49.38237],[-0.83496,49.38237],[-0.83496,49.41097],[-1.01074,49.41097],[-1.01074,49.38237]]]}},{"type":"Feature","properties":{},"geometry":{"type":"Polygon","coordinates":[[[-0.9668,49.41097],[-0.87891,49.41097],[-0.87891,49.43956],[-0.9668,49.43956],[-0.9668,49.41097]]]}},{"type":"Feature","properties":{},"geometry":{"type":"Polygon","coordinates":[[[-97.33887,49.86632],[-96.94336,49.86632],[-96.94336,49.92294],[-97.33887,49.92294],[-97.33887,49.86632]]]}},{"type":"Feature","properties":{},"geometry":{"type":"Polygon","coordinates":[[[-97.29492,49.92294],[-97.03125,49.92294],[-97.03125,49.97949],[-97.29492,49.97949],[-97.29492,49.92294]]]}},{"type":"Feature","properties":{},"geometry":{"type":"Polygon","coordinates":[[[-104.72168,50.3735],[-104.45801,50.3735],[-104.45801,50.42952],[-104.72168,50.42952],[-104.72168,50.3735]]]}},{"type":"Feature","properties":{},"geometry":{"type":"Polygon","coordinates":[[[-104.76562,50.42952],[-104.45801,50.42952],[-104.45801,50.48547],[-104.76562,50.48547],[-104.76562,50.42952]]]}},{"type":"Feature","properties":{},"geometry":{"type":"Polygon","coordinates":[[[-104.76562,50.48547],[-104.50195,50.48547],[-104.50195,50.51343],[-104.76562,50.51343],[-104.76562,50.48547]]]}},{"type":"Feature","properties":{},"geometry":{"type":"Polygon","coordinates":[[[-104.72168,50.51343],[-104.5459,50.51343],[-104.5459,50.54136],[-104.72168,50.54136],[-104.72168,50.51343]]]}},{"type":"Feature","properties":{},"geometry":{"type":"Polygon","coordinates":[[[-3.47168,51.34434],[-3.25195,51.34434],[-3.25195,51.37178],[-3.47168,51.37178],[-3.47168,51.34434]]]}},{"type":"Feature","properties":{},"geometry":{"type":"Polygon","coordinates":[[[-0.61523,51.31688],[-0.13184,51.31688],[-0.13184,51.37178],[-0.61523,51.37178],[-0.61523,51.31688]]]}},{"type":"Feature","properties":{},"geometry":{"type":"Polygon","coordinates":[[[-3.47168,51.37178],[-3.12012,51.37178],[-3.12012,51.42661],[-3.47168,51.42661],[-3.47168,51.37178]]]}},{"type":"Feature","properties":{},"geometry":{"type":"Polygon","coordinates":[[[-2.68066,51.37178],[-2.41699,51.37178],[-2.41699,51.42661],[-2.68066,51.42661],[-2.68066,51.37178]]]}},{"type":"Feature","properties":{},"geometry":{"type":"Polygon","coordinates":[[[-0.65918,51.37178],[-0.13184,51.37178],[-0.13184,51.39921],[-0.65918,51.39921],[-0.65918,51.37178]]]}},{"type":"Feature","properties":{},"geometry":{"type":"Polygon","coordinates":[[[-0.70312,51.39921],[0,51.39921],[0,51.45401],[-0.70312,51.45401],[-0.70312,51.39921]]]}},{"type":"Feature","properties":{},"geometry":{"type":"Polygon","coordinates":[[[-0.70312,51.59072],[0,51.59072],[0,51.61802],[-0.70312,51.61802],[-0.70312,51.59072]]]}},{"type":"Feature","properties":{},"geometry":{"type":"Polygon","coordinates":[[[-3.33984,51.42661],[-3.07617,51.42661],[-3.07617,51.48138],[-3.33984,51.48138],[-3.33984,51.42661]]]}},{"type":"Feature","properties":{},"geometry":{"type":"Polygon","coordinates":[[[-2.85645,51.42661],[-2.41699,51.42661],[-2.41699,51.50874],[-2.85645,51.50874],[-2.85645,51.42661]]]}},{"type":"Feature","properties":{},"geometry":{"type":"Polygon","coordinates":[[[-0.74707,51.45401],[0,51.45401],[0,51.59072],[-0.74707,51.59072],[-0.74707,51.45401]]]}},{"type":"Feature","properties":{},"geometry":{"type":"Polygon","coordinates":[[[-3.33984,51.48138],[-2.98828,51.48138],[-2.98828,51.50874],[-3.33984,51.50874],[-3.33984,51.48138]]]}},{"type":"Feature","properties":{},"geometry":{"type":"Polygon","coordinates":[[[-3.33984,51.50874],[-2.41699,51.50874],[-2.41699,51.53609],[-3.33984,51.53609],[-3.33984,51.50874]]]}},{"type":"Feature","properties":{},"geometry":{"type":"Polygon","coordinates":[[[-3.2959,51.53609],[-2.76855,51.53609],[-2.76855,51.59072],[-3.2959,51.59072],[-3.2959,51.53609]]]}},{"type":"Feature","properties":{},"geometry":{"type":"Polygon","coordinates":[[[-2.72461,51.53609],[-2.41699,51.53609],[-2.41699,51.59072],[-2.72461,51.59072],[-2.72461,51.53609]]]}},{"type":"Feature","properties":{},"geometry":{"type":"Polygon","coordinates":[[[-3.16406,51.59072],[-2.76855,51.59072],[-2.76855,51.61802],[-3.16406,51.61802],[-3.16406,51.59072]]]}},{"type":"Feature","properties":{},"geometry":{"type":"Polygon","coordinates":[[[-114.21387,50.87531],[-113.8623,50.87531],[-113.8623,50.9861],[-114.21387,50.9861],[-114.21387,50.87531]]]}},{"type":"Feature","properties":{},"geometry":{"type":"Polygon","coordinates":[[[-114.21387,51.17934],[-113.8623,51.17934],[-113.8623,51.20688],[-114.21387,51.20688],[-114.21387,51.17934]]]}},{"type":"Feature","properties":{},"geometry":{"type":"Polygon","coordinates":[[[-1.53809,50.87531],[-1.23047,50.87531],[-1.23047,50.90303],[-1.53809,50.90303],[-1.53809,50.87531]]]}},{"type":"Feature","properties":{},"geometry":{"type":"Polygon","coordinates":[[[-0.4834,50.87531],[-0.35156,50.87531],[-0.35156,50.90303],[-0.4834,50.90303],[-0.4834,50.87531]]]}},{"type":"Feature","properties":{},"geometry":{"type":"Polygon","coordinates":[[[-0.26367,50.87531],[-0.04395,50.87531],[-0.04395,50.90303],[-0.26367,50.90303],[-0.26367,50.87531]]]}},{"type":"Feature","properties":{},"geometry":{"type":"Polygon","coordinates":[[[-1.53809,50.90303],[-1.27441,50.90303],[-1.27441,50.93074],[-1.53809,50.93074],[-1.53809,50.90303]]]}},{"type":"Feature","properties":{},"geometry":{"type":"Polygon","coordinates":[[[-1.53809,50.93074],[-1.31836,50.93074],[-1.31836,50.95843],[-1.53809,50.95843],[-1.53809,50.93074]]]}},{"type":"Feature","properties":{},"geometry":{"type":"Polygon","coordinates":[[[-114.03809,50.79205],[-113.9502,50.79205],[-113.9502,50.81982],[-114.03809,50.81982],[-114.03809,50.79205]]]}},{"type":"Feature","properties":{},"geometry":{"type":"Polygon","coordinates":[[[-1.27441,50.79205],[-1.01074,50.79205],[-1.01074,50.81982],[-1.27441,50.81982],[-1.27441,50.79205]]]}},{"type":"Feature","properties":{},"geometry":{"type":"Polygon","coordinates":[[[-0.61523,50.79205],[0,50.79205],[0,50.87531],[-0.61523,50.87531],[-0.61523,50.79205]]]}},{"type":"Feature","properties":{},"geometry":{"type":"Polygon","coordinates":[[[-114.08203,50.81982],[-113.90625,50.81982],[-113.90625,50.84757],[-114.08203,50.84757],[-114.08203,50.81982]]]}},{"type":"Feature","properties":{},"geometry":{"type":"Polygon","coordinates":[[[-114.16992,50.84757],[-113.90625,50.84757],[-113.90625,50.87531],[-114.16992,50.87531],[-114.16992,50.84757]]]}},{"type":"Feature","properties":{},"geometry":{"type":"Polygon","coordinates":[[[-1.3623,50.84757],[-0.92285,50.84757],[-0.92285,50.87531],[-1.3623,50.87531],[-1.3623,50.84757]]]}},{"type":"Feature","properties":{},"geometry":{"type":"Polygon","coordinates":[[[-1.40625,50.95843],[-1.31836,50.95843],[-1.31836,50.9861],[-1.40625,50.9861],[-1.40625,50.95843]]]}},{"type":"Feature","properties":{},"geometry":{"type":"Polygon","coordinates":[[[-114.30176,50.9861],[-113.8623,50.9861],[-113.8623,51.17934],[-114.30176,51.17934],[-114.30176,50.9861]]]}},{"type":"Feature","properties":{},"geometry":{"type":"Polygon","coordinates":[[[-8.34961,51.75424],[-8.08594,51.75424],[-8.08594,51.78144],[-8.34961,51.78144],[-8.34961,51.75424]]]}},{"type":"Feature","properties":{},"geometry":{"type":"Polygon","coordinates":[[[-1.31836,51.75424],[-1.16455,51.75424],[-1.16455,51.78144],[-1.31836,51.78144],[-1.31836,51.75424]]]}},{"type":"Feature","properties":{},"geometry":{"type":"Polygon","coordinates":[[[-8.48145,51.78144],[-8.08594,51.78144],[-8.08594,51.83578],[-8.48145,51.83578],[-8.48145,51.78144]]]}},{"type":"Feature","properties":{},"geometry":{"type":"Polygon","coordinates":[[[-1.31836,51.78144],[-1.18652,51.78144],[-1.18652,51.79503],[-1.31836,51.79503],[-1.31836,51.78144]]]}},{"type":"Feature","properties":{},"geometry":{"type":"Polygon","coordinates":[[[-1.29639,51.79503],[-1.23047,51.79503],[-1.23047,51.80861],[-1.29639,51.80861],[-1.29639,51.79503]]]}},{"type":"Feature","properties":{},"geometry":{"type":"Polygon","coordinates":[[[-8.70117,51.83578],[-8.08594,51.83578],[-8.08594,51.94426],[-8.70117,51.94426],[-8.70117,51.83578]]]}},{"type":"Feature","properties":{},"geometry":{"type":"Polygon","coordinates":[[[-8.65723,51.94426],[-8.17383,51.94426],[-8.17383,51.97135],[-8.65723,51.97135],[-8.65723,51.94426]]]}},{"type":"Feature","properties":{},"geometry":{"type":"Polygon","coordinates":[[[-1.2085,51.6998],[-1.18652,51.6998],[-1.18652,51.71342],[-1.2085,51.71342],[-1.2085,51.6998]]]}},{"type":"Feature","properties":{},"geometry":{"type":"Polygon","coordinates":[[[-1.23047,51.71342],[-1.16455,51.71342],[-1.16455,51.72703],[-1.23047,51.72703],[-1.23047,51.71342]]]}},{"type":"Feature","properties":{},"geometry":{"type":"Polygon","coordinates":[[[-1.25244,51.72703],[-1.16455,51.72703],[-1.16455,51.74064],[-1.25244,51.74064],[-1.25244,51.72703]]]}},{"type":"Feature","properties":{},"geometry":{"type":"Polygon","coordinates":[[[-1.29639,51.74064],[-1.16455,51.74064],[-1.16455,51.75424],[-1.29639,51.75424],[-1.29639,51.74064]]]}},{"type":"Feature","properties":{},"geometry":{"type":"Polygon","coordinates":[[[-3.16406,51.61802],[-2.85645,51.61802],[-2.85645,51.64529],[-3.16406,51.64529],[-3.16406,51.61802]]]}},{"type":"Feature","properties":{},"geometry":{"type":"Polygon","coordinates":[[[-3.07617,51.64529],[-2.90039,51.64529],[-2.90039,51.67256],[-3.07617,51.67256],[-3.07617,51.64529]]]}},{"type":"Feature","properties":{},"geometry":{"type":"Polygon","coordinates":[[[-9.53613,52.9089],[-9.31641,52.9089],[-9.31641,52.96188],[-9.53613,52.96188],[-9.53613,52.9089]]]}},{"type":"Feature","properties":{},"geometry":{"type":"Polygon","coordinates":[[[-9.49219,52.96188],[-9.31641,52.96188],[-9.31641,53.01478],[-9.49219,53.01478],[-9.49219,52.96188]]]}},{"type":"Feature","properties":{},"geometry":{"type":"Polygon","coordinates":[[[-9.44824,53.01478],[-9.31641,53.01478],[-9.31641,53.04121],[-9.44824,53.04121],[-9.44824,53.01478]]]}},{"type":"Feature","properties":{},"geometry":{"type":"Polygon","coordinates":[[[-113.59863,53.51418],[-113.4668,53.51418],[-113.4668,53.54031],[-113.59863,53.54031],[-113.59863,53.51418]]]}},{"type":"Feature","properties":{},"geometry":{"type":"Polygon","coordinates":[[[-3.12012,53.46189],[-2.8125,53.46189],[-2.8125,53.54031],[-3.12012,53.54031],[-3.12012,53.46189]]]}},{"type":"Feature","properties":{},"geometry":{"type":"Polygon","coordinates":[[[-2.3291,53.40953],[-2.10937,53.40953],[-2.10937,53.56641],[-2.3291,53.56641],[-2.3291,53.40953]]]}},{"type":"Feature","properties":{},"geometry":{"type":"Polygon","coordinates":[[[-113.59863,53.54031],[-113.42285,53.54031],[-113.42285,53.5925],[-113.59863,53.5925],[-113.59863,53.54031]]]}},{"type":"Feature","properties":{},"geometry":{"type":"Polygon","coordinates":[[[-3.03223,53.54031],[-2.8125,53.54031],[-2.8125,53.5925],[-3.03223,53.5925],[-3.03223,53.54031]]]}},{"type":"Feature","properties":{},"geometry":{"type":"Polygon","coordinates":[[[-6.19629,53.14677],[-6.02051,53.14677],[-6.02051,53.19945],[-6.19629,53.19945],[-6.19629,53.14677]]]}},{"type":"Feature","properties":{},"geometry":{"type":"Polygon","coordinates":[[[-6.24023,53.19945],[-6.02051,53.19945],[-6.02051,53.22577],[-6.24023,53.22577],[-6.24023,53.19945]]]}},{"type":"Feature","properties":{},"geometry":{"type":"Polygon","coordinates":[[[-6.54785,53.22577],[-6.02051,53.22577],[-6.02051,53.27835],[-6.54785,53.27835],[-6.54785,53.22577]]]}},{"type":"Feature","properties":{},"geometry":{"type":"Polygon","coordinates":[[[-6.54785,53.43572],[-6.02051,53.43572],[-6.02051,53.46189],[-6.54785,53.46189],[-6.54785,53.43572]]]}},{"type":"Feature","properties":{},"geometry":{"type":"Polygon","coordinates":[[[-6.63574,53.27835],[-6.02051,53.27835],[-6.02051,53.33087],[-6.63574,53.33087],[-6.63574,53.27835]]]}},{"type":"Feature","properties":{},"geometry":{"type":"Polygon","coordinates":[[[-1.88965,54.90188],[-1.40625,54.90188],[-1.40625,54.92714],[-1.88965,54.92714],[-1.88965,54.90188]]]}},{"type":"Feature","properties":{},"geometry":{"type":"Polygon","coordinates":[[[-1.93359,53.87844],[-1.40625,53.87844],[-1.40625,53.90434],[-1.93359,53.90434],[-1.93359,53.87844]]]}},{"type":"Feature","properties":{},"geometry":{"type":"Polygon","coordinates":[[[-1.93359,54.92714],[-1.40625,54.92714],[-1.40625,55.02802],[-1.93359,55.02802],[-1.93359,54.92714]]]}},{"type":"Feature","properties":{},"geometry":{"type":"Polygon","coordinates":[[[-1.23047,50.76426],[-1.01074,50.76426],[-1.01074,50.79205],[-1.23047,50.79205],[-1.23047,50.76426]]]}},{"type":"Feature","properties":{},"geometry":{"type":"Polygon","coordinates":[[[-0.61523,50.76426],[-0.30762,50.76426],[-0.30762,50.79205],[-0.61523,50.79205],[-0.61523,50.76426]]]}},{"type":"Feature","properties":{},"geometry":{"type":"Polygon","coordinates":[[[-0.13184,50.76426],[0,50.76426],[0,50.79205],[-0.13184,50.79205],[-0.13184,50.76426]]]}},{"type":"Feature","properties":{},"geometry":{"type":"Polygon","coordinates":[[[-1.93359,53.74871],[-1.27441,53.74871],[-1.27441,53.8266],[-1.93359,53.8266],[-1.93359,53.74871]]]}},{"type":"Feature","properties":{},"geometry":{"type":"Polygon","coordinates":[[[-1.93359,53.8266],[-1.3623,53.8266],[-1.3623,53.87844],[-1.93359,53.87844],[-1.93359,53.8266]]]}},{"type":"Feature","properties":{},"geometry":{"type":"Polygon","coordinates":[[[-3.99902,55.67758],[-3.91113,55.67758],[-3.91113,55.70236],[-3.99902,55.70236],[-3.99902,55.67758]]]}},{"type":"Feature","properties":{},"geometry":{"type":"Polygon","coordinates":[[[-4.30664,55.70236],[-4.08691,55.70236],[-4.08691,55.72711],[-4.30664,55.72711],[-4.30664,55.70236]]]}},{"type":"Feature","properties":{},"geometry":{"type":"Polygon","coordinates":[[[-4.04297,55.70236],[-3.82324,55.70236],[-3.82324,55.72711],[-4.04297,55.72711],[-4.04297,55.70236]]]}},{"type":"Feature","properties":{},"geometry":{"type":"Polygon","coordinates":[[[-4.48242,55.72711],[-3.82324,55.72711],[-3.82324,55.77657],[-4.48242,55.77657],[-4.48242,55.72711]]]}},{"type":"Feature","properties":{},"geometry":{"type":"Polygon","coordinates":[[[-1.8457,55.02802],[-1.40625,55.02802],[-1.40625,55.07837],[-1.8457,55.07837],[-1.8457,55.02802]]]}},{"type":"Feature","properties":{},"geometry":{"type":"Polygon","coordinates":[[[-1.80176,55.07837],[-1.40625,55.07837],[-1.40625,55.10352],[-1.80176,55.10352],[-1.80176,55.07837]]]}},{"type":"Feature","properties":{},"geometry":{"type":"Polygon","coordinates":[[[-1.66992,55.10352],[-1.40625,55.10352],[-1.40625,55.15377],[-1.66992,55.15377],[-1.66992,55.10352]]]}},{"type":"Feature","properties":{},"geometry":{"type":"Polygon","coordinates":[[[-106.61133,52.02546],[-106.56738,52.02546],[-106.56738,52.05249],[-106.61133,52.05249],[-106.61133,52.02546]]]}},{"type":"Feature","properties":{},"geometry":{"type":"Polygon","coordinates":[[[-106.83105,52.07951],[-106.47949,52.07951],[-106.47949,52.1874],[-106.83105,52.1874],[-106.83105,52.07951]]]}},{"type":"Feature","properties":{},"geometry":{"type":"Polygon","coordinates":[[[-106.69922,52.21434],[-106.56738,52.21434],[-106.56738,52.24126],[-106.69922,52.24126],[-106.69922,52.21434]]]}},{"type":"Feature","properties":{},"geometry":{"type":"Polygon","coordinates":[[[132.49512,34.12545],[132.62695,34.12545],[132.62695,34.16182],[132.49512,34.16182],[132.49512,34.12545]]]}},{"type":"Feature","properties":{},"geometry":{"type":"Polygon","coordinates":[[[135.08789,34.12545],[135.35156,34.12545],[135.35156,34.19817],[135.08789,34.19817],[135.08789,34.12545]]]}},{"type":"Feature","properties":{},"geometry":{"type":"Polygon","coordinates":[[[132.49512,34.16182],[132.71484,34.16182],[132.71484,34.19817],[132.49512,34.19817],[132.49512,34.16182]]]}},{"type":"Feature","properties":{},"geometry":{"type":"Polygon","coordinates":[[[132.23145,34.19817],[132.36328,34.19817],[132.36328,34.23451],[132.23145,34.23451],[132.23145,34.19817]]]}},{"type":"Feature","properties":{},"geometry":{"type":"Polygon","coordinates":[[[132.45117,34.19817],[132.71484,34.19817],[132.71484,34.30714],[132.45117,34.30714],[132.45117,34.19817]]]}},{"type":"Feature","properties":{},"geometry":{"type":"Polygon","coordinates":[[[135.04395,34.19817],[135.39551,34.19817],[135.39551,34.23451],[135.04395,34.23451],[135.04395,34.19817]]]}},{"type":"Feature","properties":{},"geometry":{"type":"Polygon","coordinates":[[[132.1875,34.23451],[132.40723,34.23451],[132.40723,34.30714],[132.1875,34.30714],[132.1875,34.23451]]]}},{"type":"Feature","properties":{},"geometry":{"type":"Polygon","coordinates":[[[134.95605,34.23451],[135.39551,34.23451],[135.39551,34.27084],[134.95605,34.27084],[134.95605,34.23451]]]}},{"type":"Feature","properties":{},"geometry":{"type":"Polygon","coordinates":[[[133.98926,34.27084],[134.12109,34.27084],[134.12109,34.30714],[133.98926,34.30714],[133.98926,34.27084]]]}},{"type":"Feature","properties":{},"geometry":{"type":"Polygon","coordinates":[[[134.95605,34.27084],[135.43945,34.27084],[135.43945,34.30714],[134.95605,34.30714],[134.95605,34.27084]]]}},{"type":"Feature","properties":{},"geometry":{"type":"Polygon","coordinates":[[[-4.57031,55.77657],[-3.82324,55.77657],[-3.82324,55.80128],[-4.57031,55.80128],[-4.57031,55.77657]]]}},{"type":"Feature","properties":{},"geometry":{"type":"Polygon","coordinates":[[[-4.61426,55.80128],[-3.82324,55.80128],[-3.82324,55.82597],[-4.61426,55.82597],[-4.61426,55.80128]]]}},{"type":"Feature","properties":{},"geometry":{"type":"Polygon","coordinates":[[[-4.6582,55.82597],[-3.82324,55.82597],[-3.82324,55.85065],[-4.6582,55.85065],[-4.6582,55.82597]]]}},{"type":"Feature","properties":{},"geometry":{"type":"Polygon","coordinates":[[[-4.6582,55.85065],[-3.86719,55.85065],[-3.86719,55.89996],[-4.6582,55.89996],[-4.6582,55.85065]]]}},{"type":"Feature","properties":{},"geometry":{"type":"Polygon","coordinates":[[[-3.38379,55.85065],[-3.25195,55.85065],[-3.25195,55.87531],[-3.38379,55.87531],[-3.38379,55.85065]]]}},{"type":"Feature","properties":{},"geometry":{"type":"Polygon","coordinates":[[[-3.42773,55.87531],[-2.98828,55.87531],[-2.98828,55.89996],[-3.42773,55.89996],[-3.42773,55.87531]]]}},{"type":"Feature","properties":{},"geometry":{"type":"Polygon","coordinates":[[[-4.57031,55.89996],[-3.86719,55.89996],[-3.86719,55.92459],[-4.57031,55.92459],[-4.57031,55.89996]]]}},{"type":"Feature","properties":{},"geometry":{"type":"Polygon","coordinates":[[[-3.47168,55.89996],[-2.94434,55.89996],[-2.94434,55.9738],[-3.47168,55.9738],[-3.47168,55.89996]]]}},{"type":"Feature","properties":{},"geometry":{"type":"Polygon","coordinates":[[[-4.57031,55.92459],[-3.99902,55.92459],[-3.99902,55.9492],[-4.57031,55.9492],[-4.57031,55.92459]]]}},{"type":"Feature","properties":{},"geometry":{"type":"Polygon","coordinates":[[[-4.57031,55.9492],[-4.04297,55.9492],[-4.04297,55.9738],[-4.57031,55.9738],[-4.57031,55.9492]]]}},{"type":"Feature","properties":{},"geometry":{"type":"Polygon","coordinates":[[[-4.39453,55.9738],[-4.21875,55.9738],[-4.21875,55.99838],[-4.39453,55.99838],[-4.39453,55.9738]]]}},{"type":"Feature","properties":{},"geometry":{"type":"Polygon","coordinates":[[[-3.47168,55.9738],[-3.03223,55.9738],[-3.03223,55.99838],[-3.47168,55.99838],[-3.47168,55.9738]]]}},{"type":"Feature","properties":{},"geometry":{"type":"Polygon","coordinates":[[[-3.38379,55.99838],[-3.12012,55.99838],[-3.12012,56.02295],[-3.38379,56.02295],[-3.38379,55.99838]]]}},{"type":"Feature","properties":{},"geometry":{"type":"Polygon","coordinates":[[[-6.67969,53.33087],[-5.97656,53.33087],[-5.97656,53.43572],[-6.67969,53.43572],[-6.67969,53.33087]]]}},{"type":"Feature","properties":{},"geometry":{"type":"Polygon","coordinates":[[[-3.20801,53.33087],[-2.8125,53.33087],[-2.8125,53.35711],[-3.20801,53.35711],[-3.20801,53.33087]]]}},{"type":"Feature","properties":{},"geometry":{"type":"Polygon","coordinates":[[[-3.20801,53.40953],[-2.8125,53.40953],[-2.8125,53.43572],[-3.20801,53.43572],[-3.20801,53.40953]]]}},{"type":"Feature","properties":{},"geometry":{"type":"Polygon","coordinates":[[[-3.16406,53.43572],[-2.8125,53.43572],[-2.8125,53.46189],[-3.16406,53.46189],[-3.16406,53.43572]]]}},{"type":"Feature","properties":{},"geometry":{"type":"Polygon","coordinates":[[[-6.54785,53.46189],[-6.06445,53.46189],[-6.06445,53.48805],[-6.54785,53.48805],[-6.54785,53.46189]]]}},{"type":"Feature","properties":{},"geometry":{"type":"Polygon","coordinates":[[[-6.32812,53.48805],[-6.15234,53.48805],[-6.15234,53.51418],[-6.32812,53.51418],[-6.32812,53.48805]]]}},{"type":"Feature","properties":{},"geometry":{"type":"Polygon","coordinates":[[[-1.8457,53.90434],[-1.53809,53.90434],[-1.53809,53.93022],[-1.8457,53.93022],[-1.8457,53.90434]]]}},{"type":"Feature","properties":{},"geometry":{"type":"Polygon","coordinates":[[[-1.8457,53.93022],[-1.62598,53.93022],[-1.62598,53.95609],[-1.8457,53.95609],[-1.8457,53.93022]]]}},{"type":"Feature","properties":{},"geometry":{"type":"Polygon","coordinates":[[[132.1875,34.30714],[132.71484,34.30714],[132.71484,34.34344],[132.1875,34.34344],[132.1875,34.30714]]]}},{"type":"Feature","properties":{},"geometry":{"type":"Polygon","coordinates":[[[133.98926,34.30714],[134.16504,34.30714],[134.16504,34.37971],[133.98926,34.37971],[133.98926,34.30714]]]}},{"type":"Feature","properties":{},"geometry":{"type":"Polygon","coordinates":[[[134.95605,34.30714],[135.52734,34.30714],[135.52734,34.34344],[134.95605,34.34344],[134.95605,34.30714]]]}},{"type":"Feature","properties":{},"geometry":{"type":"Polygon","coordinates":[[[132.1875,34.34344],[132.6709,34.34344],[132.6709,34.45222],[132.1875,34.45222],[132.1875,34.34344]]]}},{"type":"Feature","properties":{},"geometry":{"type":"Polygon","coordinates":[[[135.08789,34.34344],[135.65918,34.34344],[135.65918,34.37971],[135.08789,34.37971],[135.08789,34.34344]]]}},{"type":"Feature","properties":{},"geometry":{"type":"Polygon","coordinates":[[[134.07715,34.37971],[134.12109,34.37971],[134.12109,34.41597],[134.07715,34.41597],[134.07715,34.37971]]]}},{"type":"Feature","properties":{},"geometry":{"type":"Polygon","coordinates":[[[135.17578,34.37971],[135.65918,34.37971],[135.65918,34.48845],[135.17578,34.48845],[135.17578,34.37971]]]}},{"type":"Feature","properties":{},"geometry":{"type":"Polygon","coordinates":[[[132.23145,34.45222],[132.6709,34.45222],[132.6709,34.48845],[132.23145,34.48845],[132.23145,34.45222]]]}},{"type":"Feature","properties":{},"geometry":{"type":"Polygon","coordinates":[[[132.27539,34.48845],[132.62695,34.48845],[132.62695,34.52466],[132.27539,34.52466],[132.27539,34.48845]]]}},{"type":"Feature","properties":{},"geometry":{"type":"Polygon","coordinates":[[[135.30762,34.48845],[135.65918,34.48845],[135.65918,34.59704],[135.30762,34.59704],[135.30762,34.48845]]]}},{"type":"Feature","properties":{},"geometry":{"type":"Polygon","coordinates":[[[132.31934,34.52466],[132.62695,34.52466],[132.62695,34.56086],[132.31934,34.56086],[132.31934,34.52466]]]}},{"type":"Feature","properties":{},"geometry":{"type":"Polygon","coordinates":[[[132.36328,34.56086],[132.62695,34.56086],[132.62695,34.59704],[132.36328,34.59704],[132.36328,34.56086]]]}},{"type":"Feature","properties":{},"geometry":{"type":"Polygon","coordinates":[[[134.47266,34.01624],[134.60449,34.01624],[134.60449,34.12545],[134.47266,34.12545],[134.47266,34.01624]]]}},{"type":"Feature","properties":{},"geometry":{"type":"Polygon","coordinates":[[[135.13184,34.08906],[135.26367,34.08906],[135.26367,34.12545],[135.13184,34.12545],[135.13184,34.08906]]]}},{"type":"Feature","properties":{},"geometry":{"type":"Polygon","coordinates":[[[139.1748,35.46067],[139.83398,35.46067],[139.83398,35.49646],[139.1748,35.49646],[139.1748,35.46067]]]}},{"type":"Feature","properties":{},"geometry":{"type":"Polygon","coordinates":[[[140.00977,35.2815],[140.22949,35.2815],[140.22949,35.56798],[140.00977,35.56798],[140.00977,35.2815]]]}},{"type":"Feature","properties":{},"geometry":{"type":"Polygon","coordinates":[[[139.21875,35.49646],[139.87793,35.49646],[139.87793,35.56798],[139.21875,35.56798],[139.21875,35.49646]]]}},{"type":"Feature","properties":{},"geometry":{"type":"Polygon","coordinates":[[[140.36133,35.53223],[140.53711,35.53223],[140.53711,35.56798],[140.36133,35.56798],[140.36133,35.53223]]]}},{"type":"Feature","properties":{},"geometry":{"type":"Polygon","coordinates":[[[139.21875,35.56798],[139.96582,35.56798],[139.96582,35.60372],[139.21875,35.60372],[139.21875,35.56798]]]}},{"type":"Feature","properties":{},"geometry":{"type":"Polygon","coordinates":[[[140.00977,35.56798],[140.53711,35.56798],[140.53711,35.60372],[140.00977,35.60372],[140.00977,35.56798]]]}},{"type":"Feature","properties":{},"geometry":{"type":"Polygon","coordinates":[[[139.21875,35.60372],[140.49316,35.60372],[140.49316,35.63944],[139.21875,35.63944],[139.21875,35.60372]]]}},{"type":"Feature","properties":{},"geometry":{"type":"Polygon","coordinates":[[[139.21875,35.71084],[140.49316,35.71084],[140.49316,35.78217],[139.21875,35.78217],[139.21875,35.71084]]]}},{"type":"Feature","properties":{},"geometry":{"type":"Polygon","coordinates":[[[139.21875,35.63944],[140.44922,35.63944],[140.44922,35.71084],[139.21875,35.71084],[139.21875,35.63944]]]}},{"type":"Feature","properties":{},"geometry":{"type":"Polygon","coordinates":[[[140.66895,35.63944],[140.93262,35.63944],[140.93262,35.67515],[140.66895,35.67515],[140.66895,35.63944]]]}},{"type":"Feature","properties":{},"geometry":{"type":"Polygon","coordinates":[[[140.625,35.67515],[140.93262,35.67515],[140.93262,35.74651],[140.625,35.74651],[140.625,35.67515]]]}},{"type":"Feature","properties":{},"geometry":{"type":"Polygon","coordinates":[[[140.58105,35.74651],[140.93262,35.74651],[140.93262,35.81781],[140.58105,35.81781],[140.58105,35.74651]]]}},{"type":"Feature","properties":{},"geometry":{"type":"Polygon","coordinates":[[[139.21875,35.78217],[140.53711,35.78217],[140.53711,35.81781],[139.21875,35.81781],[139.21875,35.78217]]]}},{"type":"Feature","properties":{},"geometry":{"type":"Polygon","coordinates":[[[139.21875,35.81781],[140.1416,35.81781],[140.1416,36.03133],[139.21875,36.03133],[139.21875,35.81781]]]}},{"type":"Feature","properties":{},"geometry":{"type":"Polygon","coordinates":[[[140.18555,35.81781],[140.88867,35.81781],[140.88867,35.85344],[140.18555,35.85344],[140.18555,35.81781]]]}},{"type":"Feature","properties":{},"geometry":{"type":"Polygon","coordinates":[[[140.18555,35.85344],[140.84473,35.85344],[140.84473,35.92464],[140.18555,35.92464],[140.18555,35.85344]]]}},{"type":"Feature","properties":{},"geometry":{"type":"Polygon","coordinates":[[[140.18555,35.92464],[140.27344,35.92464],[140.27344,35.96022],[140.18555,35.96022],[140.18555,35.92464]]]}},{"type":"Feature","properties":{},"geometry":{"type":"Polygon","coordinates":[[[140.53711,35.92464],[140.80078,35.92464],[140.80078,35.96022],[140.53711,35.96022],[140.53711,35.92464]]]}},{"type":"Feature","properties":{},"geometry":{"type":"Polygon","coordinates":[[[140.49316,35.96022],[140.80078,35.96022],[140.80078,36.03133],[140.49316,36.03133],[140.49316,35.96022]]]}},{"type":"Feature","properties":{},"geometry":{"type":"Polygon","coordinates":[[[139.1748,36.03133],[140.1416,36.03133],[140.1416,36.06686],[139.1748,36.06686],[139.1748,36.03133]]]}},{"type":"Feature","properties":{},"geometry":{"type":"Polygon","coordinates":[[[140.49316,36.03133],[140.71289,36.03133],[140.71289,36.10238],[140.49316,36.10238],[140.49316,36.03133]]]}},{"type":"Feature","properties":{},"geometry":{"type":"Polygon","coordinates":[[[139.13086,36.06686],[139.96582,36.06686],[139.96582,36.13787],[139.13086,36.13787],[139.13086,36.06686]]]}},{"type":"Feature","properties":{},"geometry":{"type":"Polygon","coordinates":[[[140.49316,36.10238],[140.66895,36.10238],[140.66895,36.13787],[140.49316,36.13787],[140.49316,36.10238]]]}},{"type":"Feature","properties":{},"geometry":{"type":"Polygon","coordinates":[[[139.04297,36.13787],[139.96582,36.13787],[139.96582,36.17336],[139.04297,36.17336],[139.04297,36.13787]]]}},{"type":"Feature","properties":{},"geometry":{"type":"Polygon","coordinates":[[[138.91113,36.17336],[139.96582,36.17336],[139.96582,36.24427],[138.91113,36.24427],[138.91113,36.17336]]]}},{"type":"Feature","properties":{},"geometry":{"type":"Polygon","coordinates":[[[138.91113,36.24427],[139.48242,36.24427],[139.48242,36.27971],[138.91113,36.27971],[138.91113,36.24427]]]}},{"type":"Feature","properties":{},"geometry":{"type":"Polygon","coordinates":[[[139.08691,36.27971],[139.48242,36.27971],[139.48242,36.49197],[139.08691,36.49197],[139.08691,36.27971]]]}},{"type":"Feature","properties":{},"geometry":{"type":"Polygon","coordinates":[[[139.08691,36.49197],[139.21875,36.49197],[139.21875,36.52729],[139.08691,36.52729],[139.08691,36.49197]]]}},{"type":"Feature","properties":{},"geometry":{"type":"Polygon","coordinates":[[[139.83398,36.49197],[139.92187,36.49197],[139.92187,36.52729],[139.83398,36.52729],[139.83398,36.49197]]]}},{"type":"Feature","properties":{},"geometry":{"type":"Polygon","coordinates":[[[139.83398,36.52729],[139.96582,36.52729],[139.96582,36.59789],[139.83398,36.59789],[139.83398,36.52729]]]}},{"type":"Feature","properties":{},"geometry":{"type":"Polygon","coordinates":[[[-3.25195,53.35711],[-2.8125,53.35711],[-2.8125,53.40953],[-3.25195,53.40953],[-3.25195,53.35711]]]}},{"type":"Feature","properties":{},"geometry":{"type":"Polygon","coordinates":[[[136.01074,35.20972],[136.3623,35.20972],[136.3623,35.24562],[136.01074,35.24562],[136.01074,35.20972]]]}},{"type":"Feature","properties":{},"geometry":{"type":"Polygon","coordinates":[[[139.08691,35.20972],[139.2627,35.20972],[139.2627,35.24562],[139.08691,35.24562],[139.08691,35.20972]]]}},{"type":"Feature","properties":{},"geometry":{"type":"Polygon","coordinates":[[[139.52637,35.17381],[139.79004,35.17381],[139.79004,35.24562],[139.52637,35.24562],[139.52637,35.17381]]]}},{"type":"Feature","properties":{},"geometry":{"type":"Polygon","coordinates":[[[136.09863,35.24562],[136.3623,35.24562],[136.3623,35.2815],[136.09863,35.2815],[136.09863,35.24562]]]}},{"type":"Feature","properties":{},"geometry":{"type":"Polygon","coordinates":[[[138.99902,35.24562],[139.39453,35.24562],[139.39453,35.2815],[138.99902,35.2815],[138.99902,35.24562]]]}},{"type":"Feature","properties":{},"geometry":{"type":"Polygon","coordinates":[[[139.43848,35.24562],[139.79004,35.24562],[139.79004,35.2815],[139.43848,35.2815],[139.43848,35.24562]]]}},{"type":"Feature","properties":{},"geometry":{"type":"Polygon","coordinates":[[[136.18652,35.2815],[136.3623,35.2815],[136.3623,35.31737],[136.18652,35.31737],[136.18652,35.2815]]]}},{"type":"Feature","properties":{},"geometry":{"type":"Polygon","coordinates":[[[138.99902,35.2815],[139.79004,35.2815],[139.79004,35.31737],[138.99902,35.31737],[138.99902,35.2815]]]}},{"type":"Feature","properties":{},"geometry":{"type":"Polygon","coordinates":[[[136.23047,35.31737],[136.3623,35.31737],[136.3623,35.35322],[136.23047,35.35322],[136.23047,35.31737]]]}},{"type":"Feature","properties":{},"geometry":{"type":"Polygon","coordinates":[[[139.04297,35.31737],[139.79004,35.31737],[139.79004,35.42487],[139.04297,35.42487],[139.04297,35.31737]]]}},{"type":"Feature","properties":{},"geometry":{"type":"Polygon","coordinates":[[[139.13086,35.42487],[139.83398,35.42487],[139.83398,35.46067],[139.13086,35.46067],[139.13086,35.42487]]]}},{"type":"Feature","properties":{},"geometry":{"type":"Polygon","coordinates":[[[14.98535,37.43997],[15.11719,37.43997],[15.11719,37.50973],[14.98535,37.50973],[14.98535,37.43997]]]}},{"type":"Feature","properties":{},"geometry":{"type":"Polygon","coordinates":[[[14.94141,37.50973],[15.16113,37.50973],[15.16113,37.54458],[14.94141,37.54458],[14.94141,37.50973]]]}},{"type":"Feature","properties":{},"geometry":{"type":"Polygon","coordinates":[[[15.0293,37.54458],[15.16113,37.54458],[15.16113,37.57941],[15.0293,37.57941],[15.0293,37.54458]]]}},{"type":"Feature","properties":{},"geometry":{"type":"Polygon","coordinates":[[[139.87793,36.59789],[139.92187,36.59789],[139.92187,36.63316],[139.87793,36.63316],[139.87793,36.59789]]]}},{"type":"Feature","properties":{},"geometry":{"type":"Polygon","coordinates":[[[14.94141,40.38003],[15.07324,40.38003],[15.07324,40.48038],[14.94141,40.48038],[14.94141,40.38003]]]}},{"type":"Feature","properties":{},"geometry":{"type":"Polygon","coordinates":[[[14.41406,40.68064],[14.50195,40.68064],[14.50195,40.71396],[14.41406,40.71396],[14.41406,40.68064]]]}},{"type":"Feature","properties":{},"geometry":{"type":"Polygon","coordinates":[[[13.93066,40.71396],[14.0625,40.71396],[14.0625,40.74726],[13.93066,40.74726],[13.93066,40.71396]]]}},{"type":"Feature","properties":{},"geometry":{"type":"Polygon","coordinates":[[[14.37012,40.71396],[14.63379,40.71396],[14.63379,40.74726],[14.37012,40.74726],[14.37012,40.71396]]]}},{"type":"Feature","properties":{},"geometry":{"type":"Polygon","coordinates":[[[13.93066,40.74726],[14.23828,40.74726],[14.23828,40.78054],[13.93066,40.78054],[13.93066,40.74726]]]}},{"type":"Feature","properties":{},"geometry":{"type":"Polygon","coordinates":[[[14.32617,40.74726],[14.67773,40.74726],[14.67773,40.78054],[14.32617,40.78054],[14.32617,40.74726]]]}},{"type":"Feature","properties":{},"geometry":{"type":"Polygon","coordinates":[[[13.97461,40.78054],[14.67773,40.78054],[14.67773,40.81381],[13.97461,40.81381],[13.97461,40.78054]]]}},{"type":"Feature","properties":{},"geometry":{"type":"Polygon","coordinates":[[[13.97461,40.81381],[14.41406,40.81381],[14.41406,40.84706],[13.97461,40.84706],[13.97461,40.81381]]]}},{"type":"Feature","properties":{},"geometry":{"type":"Polygon","coordinates":[[[14.45801,40.81381],[14.63379,40.81381],[14.63379,40.84706],[14.45801,40.84706],[14.45801,40.81381]]]}},{"type":"Feature","properties":{},"geometry":{"type":"Polygon","coordinates":[[[13.97461,40.84706],[14.58984,40.84706],[14.58984,40.88029],[13.97461,40.88029],[13.97461,40.84706]]]}},{"type":"Feature","properties":{},"geometry":{"type":"Polygon","coordinates":[[[13.97461,40.88029],[14.5459,40.88029],[14.5459,40.91351],[13.97461,40.91351],[13.97461,40.88029]]]}},{"type":"Feature","properties":{},"geometry":{"type":"Polygon","coordinates":[[[13.93066,40.91351],[14.5459,40.91351],[14.5459,40.94671],[13.93066,40.94671],[13.93066,40.91351]]]}},{"type":"Feature","properties":{},"geometry":{"type":"Polygon","coordinates":[[[16.875,40.91351],[17.00684,40.91351],[17.00684,40.94671],[16.875,40.94671],[16.875,40.91351]]]}},{"type":"Feature","properties":{},"geometry":{"type":"Polygon","coordinates":[[[13.93066,40.94671],[14.50195,40.94671],[14.50195,40.9799],[13.93066,40.9799],[13.93066,40.94671]]]}},{"type":"Feature","properties":{},"geometry":{"type":"Polygon","coordinates":[[[16.61133,40.94671],[17.00684,40.94671],[17.00684,40.9799],[16.61133,40.9799],[16.61133,40.94671]]]}},{"type":"Feature","properties":{},"geometry":{"type":"Polygon","coordinates":[[[16.61133,41.11247],[17.00684,41.11247],[17.00684,41.14557],[16.61133,41.14557],[16.61133,41.11247]]]}},{"type":"Feature","properties":{},"geometry":{"type":"Polygon","coordinates":[[[13.31543,38.06539],[13.44727,38.06539],[13.44727,38.09998],[13.31543,38.09998],[13.31543,38.06539]]]}},{"type":"Feature","properties":{},"geometry":{"type":"Polygon","coordinates":[[[13.27148,38.09998],[13.44727,38.09998],[13.44727,38.13456],[13.27148,38.13456],[13.27148,38.09998]]]}},{"type":"Feature","properties":{},"geometry":{"type":"Polygon","coordinates":[[[13.27148,38.13456],[13.40332,38.13456],[13.40332,38.16911],[13.27148,38.16911],[13.27148,38.13456]]]}},{"type":"Feature","properties":{},"geometry":{"type":"Polygon","coordinates":[[[13.27148,38.16911],[13.35937,38.16911],[13.35937,38.23818],[13.27148,38.23818],[13.27148,38.16911]]]}},{"type":"Feature","properties":{},"geometry":{"type":"Polygon","coordinates":[[[140.84473,38.20366],[140.93262,38.20366],[140.93262,38.23818],[140.84473,38.23818],[140.84473,38.20366]]]}},{"type":"Feature","properties":{},"geometry":{"type":"Polygon","coordinates":[[[135.04395,34.59704],[135.65918,34.59704],[135.65918,34.88593],[135.04395,34.88593],[135.04395,34.59704]]]}},{"type":"Feature","properties":{},"geometry":{"type":"Polygon","coordinates":[[[135.08789,34.88593],[136.14258,34.88593],[136.14258,34.92197],[135.08789,34.92197],[135.08789,34.88593]]]}},{"type":"Feature","properties":{},"geometry":{"type":"Polygon","coordinates":[[[135.21973,34.92197],[136.18652,34.92197],[136.18652,34.958],[135.21973,34.958],[135.21973,34.92197]]]}},{"type":"Feature","properties":{},"geometry":{"type":"Polygon","coordinates":[[[135.26367,34.958],[135.35156,34.958],[135.35156,34.994],[135.26367,34.994],[135.26367,34.958]]]}},{"type":"Feature","properties":{},"geometry":{"type":"Polygon","coordinates":[[[135.61523,34.958],[136.18652,34.958],[136.18652,35.03],[135.61523,35.03],[135.61523,34.958]]]}},{"type":"Feature","properties":{},"geometry":{"type":"Polygon","coordinates":[[[135.61523,35.03],[136.23047,35.03],[136.23047,35.06597],[135.61523,35.06597],[135.61523,35.03]]]}},{"type":"Feature","properties":{},"geometry":{"type":"Polygon","coordinates":[[[135.61523,35.06597],[136.27441,35.06597],[136.27441,35.10193],[135.61523,35.10193],[135.61523,35.06597]]]}},{"type":"Feature","properties":{},"geometry":{"type":"Polygon","coordinates":[[[135.70312,35.10193],[136.27441,35.10193],[136.27441,35.13788],[135.70312,35.13788],[135.70312,35.10193]]]}},{"type":"Feature","properties":{},"geometry":{"type":"Polygon","coordinates":[[[139.57031,35.10193],[139.74609,35.10193],[139.74609,35.13788],[139.57031,35.13788],[139.57031,35.10193]]]}},{"type":"Feature","properties":{},"geometry":{"type":"Polygon","coordinates":[[[135.74707,35.13788],[136.31836,35.13788],[136.31836,35.17381],[135.74707,35.17381],[135.74707,35.13788]]]}},{"type":"Feature","properties":{},"geometry":{"type":"Polygon","coordinates":[[[139.52637,35.13788],[139.74609,35.13788],[139.74609,35.17381],[139.52637,35.17381],[139.52637,35.13788]]]}},{"type":"Feature","properties":{},"geometry":{"type":"Polygon","coordinates":[[[135.83496,35.17381],[135.9668,35.17381],[135.9668,35.20972],[135.83496,35.20972],[135.83496,35.17381]]]}},{"type":"Feature","properties":{},"geometry":{"type":"Polygon","coordinates":[[[136.01074,35.17381],[136.31836,35.17381],[136.31836,35.20972],[136.01074,35.20972],[136.01074,35.17381]]]}},{"type":"Feature","properties":{},"geometry":{"type":"Polygon","coordinates":[[[140.80078,38.23818],[140.93262,38.23818],[140.93262,38.30718],[140.80078,38.30718],[140.80078,38.23818]]]}},{"type":"Feature","properties":{},"geometry":{"type":"Polygon","coordinates":[[[13.88672,40.9799],[14.45801,40.9799],[14.45801,41.01307],[13.88672,41.01307],[13.88672,40.9799]]]}},{"type":"Feature","properties":{},"geometry":{"type":"Polygon","coordinates":[[[16.61133,40.9799],[17.09473,40.9799],[17.09473,41.01307],[16.61133,41.01307],[16.61133,40.9799]]]}},{"type":"Feature","properties":{},"geometry":{"type":"Polygon","coordinates":[[[13.88672,41.01307],[14.32617,41.01307],[14.32617,41.04622],[13.88672,41.04622],[13.88672,41.01307]]]}},{"type":"Feature","properties":{},"geometry":{"type":"Polygon","coordinates":[[[16.61133,41.01307],[17.13867,41.01307],[17.13867,41.11247],[16.61133,41.11247],[16.61133,41.01307]]]}},{"type":"Feature","properties":{},"geometry":{"type":"Polygon","coordinates":[[[13.88672,41.04622],[14.01855,41.04622],[14.01855,41.07935],[13.88672,41.07935],[13.88672,41.04622]]]}},{"type":"Feature","properties":{},"geometry":{"type":"Polygon","coordinates":[[[1.88965,41.60723],[2.28516,41.60723],[2.28516,41.64008],[1.88965,41.64008],[1.88965,41.60723]]]}},{"type":"Feature","properties":{},"geometry":{"type":"Polygon","coordinates":[[[12.6123,41.60723],[12.74414,41.60723],[12.74414,41.64008],[12.6123,41.64008],[12.6123,41.60723]]]}},{"type":"Feature","properties":{},"geometry":{"type":"Polygon","coordinates":[[[2.02148,41.64008],[2.28516,41.64008],[2.28516,41.67291],[2.02148,41.67291],[2.02148,41.64008]]]}},{"type":"Feature","properties":{},"geometry":{"type":"Polygon","coordinates":[[[12.56836,41.64008],[12.74414,41.64008],[12.74414,41.67291],[12.56836,41.67291],[12.56836,41.64008]]]}},{"type":"Feature","properties":{},"geometry":{"type":"Polygon","coordinates":[[[2.15332,41.67291],[2.28516,41.67291],[2.28516,41.70573],[2.15332,41.70573],[2.15332,41.67291]]]}},{"type":"Feature","properties":{},"geometry":{"type":"Polygon","coordinates":[[[12.26074,41.67291],[12.78809,41.67291],[12.78809,41.70573],[12.26074,41.70573],[12.26074,41.67291]]]}},{"type":"Feature","properties":{},"geometry":{"type":"Polygon","coordinates":[[[12.17285,41.70573],[12.78809,41.70573],[12.78809,41.80408],[12.17285,41.80408],[12.17285,41.70573]]]}},{"type":"Feature","properties":{},"geometry":{"type":"Polygon","coordinates":[[[12.17285,41.90228],[12.78809,41.90228],[12.78809,41.93498],[12.17285,41.93498],[12.17285,41.90228]]]}},{"type":"Feature","properties":{},"geometry":{"type":"Polygon","coordinates":[[[8.70117,41.80408],[8.83301,41.80408],[8.83301,41.83683],[8.70117,41.83683],[8.70117,41.80408]]]}},{"type":"Feature","properties":{},"geometry":{"type":"Polygon","coordinates":[[[12.12891,41.80408],[12.78809,41.80408],[12.78809,41.90228],[12.12891,41.90228],[12.12891,41.80408]]]}},{"type":"Feature","properties":{},"geometry":{"type":"Polygon","coordinates":[[[8.52539,41.83683],[8.65723,41.83683],[8.65723,41.86956],[8.52539,41.86956],[8.52539,41.83683]]]}},{"type":"Feature","properties":{},"geometry":{"type":"Polygon","coordinates":[[[8.70117,41.83683],[8.87695,41.83683],[8.87695,41.86956],[8.70117,41.86956],[8.70117,41.83683]]]}},{"type":"Feature","properties":{},"geometry":{"type":"Polygon","coordinates":[[[8.70117,42.4883],[8.87695,42.4883],[8.87695,42.5207],[8.70117,42.5207],[8.70117,42.4883]]]}},{"type":"Feature","properties":{},"geometry":{"type":"Polygon","coordinates":[[[8.52539,41.86956],[8.9209,41.86956],[8.9209,41.90228],[8.52539,41.90228],[8.52539,41.86956]]]}},{"type":"Feature","properties":{},"geometry":{"type":"Polygon","coordinates":[[[8.56934,41.90228],[8.9209,41.90228],[8.9209,41.96766],[8.56934,41.96766],[8.56934,41.90228]]]}},{"type":"Feature","properties":{},"geometry":{"type":"Polygon","coordinates":[[[12.2168,41.93498],[12.78809,41.93498],[12.78809,41.96766],[12.2168,41.96766],[12.2168,41.93498]]]}},{"type":"Feature","properties":{},"geometry":{"type":"Polygon","coordinates":[[[8.70117,41.96766],[8.96484,41.96766],[8.96484,42.00033],[8.70117,42.00033],[8.70117,41.96766]]]}},{"type":"Feature","properties":{},"geometry":{"type":"Polygon","coordinates":[[[12.26074,41.96766],[12.7002,41.96766],[12.7002,42.00033],[12.26074,42.00033],[12.26074,41.96766]]]}},{"type":"Feature","properties":{},"geometry":{"type":"Polygon","coordinates":[[[8.74512,42.00033],[8.96484,42.00033],[8.96484,42.03297],[8.74512,42.03297],[8.74512,42.00033]]]}},{"type":"Feature","properties":{},"geometry":{"type":"Polygon","coordinates":[[[12.30469,42.00033],[12.7002,42.00033],[12.7002,42.06561],[12.30469,42.06561],[12.30469,42.00033]]]}},{"type":"Feature","properties":{},"geometry":{"type":"Polygon","coordinates":[[[8.87695,42.03297],[8.9209,42.03297],[8.9209,42.06561],[8.87695,42.06561],[8.87695,42.03297]]]}},{"type":"Feature","properties":{},"geometry":{"type":"Polygon","coordinates":[[[8.87695,49.86632],[8.9209,49.86632],[8.9209,49.89463],[8.87695,49.89463],[8.87695,49.86632]]]}},{"type":"Feature","properties":{},"geometry":{"type":"Polygon","coordinates":[[[3.03223,42.4883],[3.20801,42.4883],[3.20801,42.5207],[3.03223,42.5207],[3.03223,42.4883]]]}},{"type":"Feature","properties":{},"geometry":{"type":"Polygon","coordinates":[[[3.03223,42.5207],[3.16406,42.5207],[3.16406,42.55308],[3.03223,42.55308],[3.03223,42.5207]]]}},{"type":"Feature","properties":{},"geometry":{"type":"Polygon","coordinates":[[[8.65723,42.5207],[8.87695,42.5207],[8.87695,42.61779],[8.65723,42.61779],[8.65723,42.5207]]]}},{"type":"Feature","properties":{},"geometry":{"type":"Polygon","coordinates":[[[18.06152,42.58544],[18.19336,42.58544],[18.19336,42.61779],[18.06152,42.61779],[18.06152,42.58544]]]}},{"type":"Feature","properties":{},"geometry":{"type":"Polygon","coordinates":[[[8.78906,42.61779],[8.83301,42.61779],[8.83301,42.65012],[8.78906,42.65012],[8.78906,42.61779]]]}},{"type":"Feature","properties":{},"geometry":{"type":"Polygon","coordinates":[[[17.97363,42.61779],[18.19336,42.61779],[18.19336,42.68244],[17.97363,42.68244],[17.97363,42.61779]]]}},{"type":"Feature","properties":{},"geometry":{"type":"Polygon","coordinates":[[[17.97363,59.04055],[18.19336,59.04055],[18.19336,59.06315],[17.97363,59.06315],[17.97363,59.04055]]]}},{"type":"Feature","properties":{},"geometry":{"type":"Polygon","coordinates":[[[12.52441,42.06561],[12.7002,42.06561],[12.7002,42.09822],[12.52441,42.09822],[12.52441,42.06561]]]}},{"type":"Feature","properties":{},"geometry":{"type":"Polygon","coordinates":[[[12.2168,42.94034],[12.48047,42.94034],[12.48047,42.9725],[12.2168,42.9725],[12.2168,42.94034]]]}},{"type":"Feature","properties":{},"geometry":{"type":"Polygon","coordinates":[[[141.19629,42.94034],[141.5918,42.94034],[141.5918,42.9725],[141.19629,42.9725],[141.19629,42.94034]]]}},{"type":"Feature","properties":{},"geometry":{"type":"Polygon","coordinates":[[[12.17285,42.9725],[12.7002,42.9725],[12.7002,43.06889],[12.17285,43.06889],[12.17285,42.9725]]]}},{"type":"Feature","properties":{},"geometry":{"type":"Polygon","coordinates":[[[141.1084,42.9725],[141.5918,42.9725],[141.5918,43.00465],[141.1084,43.00465],[141.1084,42.9725]]]}},{"type":"Feature","properties":{},"geometry":{"type":"Polygon","coordinates":[[[141.1084,43.00465],[141.63574,43.00465],[141.63574,43.10098],[141.1084,43.10098],[141.1084,43.00465]]]}},{"type":"Feature","properties":{},"geometry":{"type":"Polygon","coordinates":[[[16.61133,41.14557],[16.91895,41.14557],[16.91895,41.17865],[16.61133,41.17865],[16.61133,41.14557]]]}},{"type":"Feature","properties":{},"geometry":{"type":"Polygon","coordinates":[[[141.28418,42.84375],[141.45996,42.84375],[141.45996,42.87596],[141.28418,42.87596],[141.28418,42.84375]]]}},{"type":"Feature","properties":{},"geometry":{"type":"Polygon","coordinates":[[[141.19629,42.87596],[141.50391,42.87596],[141.50391,42.90816],[141.19629,42.90816],[141.19629,42.87596]]]}},{"type":"Feature","properties":{},"geometry":{"type":"Polygon","coordinates":[[[141.19629,42.90816],[141.54785,42.90816],[141.54785,42.94034],[141.19629,42.94034],[141.19629,42.90816]]]}},{"type":"Feature","properties":{},"geometry":{"type":"Polygon","coordinates":[[[1.75781,41.17865],[1.88965,41.17865],[1.88965,41.21172],[1.75781,41.21172],[1.75781,41.17865]]]}},{"type":"Feature","properties":{},"geometry":{"type":"Polygon","coordinates":[[[16.61133,41.17865],[16.78711,41.17865],[16.78711,41.21172],[16.61133,41.21172],[16.61133,41.17865]]]}},{"type":"Feature","properties":{},"geometry":{"type":"Polygon","coordinates":[[[1.75781,41.21172],[2.06543,41.21172],[2.06543,41.24477],[1.75781,41.24477],[1.75781,41.21172]]]}},{"type":"Feature","properties":{},"geometry":{"type":"Polygon","coordinates":[[[1.75781,41.24477],[2.19727,41.24477],[2.19727,41.27781],[1.75781,41.27781],[1.75781,41.24477]]]}},{"type":"Feature","properties":{},"geometry":{"type":"Polygon","coordinates":[[[1.75781,41.27781],[2.24121,41.27781],[2.24121,41.34382],[1.75781,41.34382],[1.75781,41.27781]]]}},{"type":"Feature","properties":{},"geometry":{"type":"Polygon","coordinates":[[[1.75781,41.34382],[2.28516,41.34382],[2.28516,41.44273],[1.75781,41.44273],[1.75781,41.34382]]]}},{"type":"Feature","properties":{},"geometry":{"type":"Polygon","coordinates":[[[1.71387,41.44273],[2.28516,41.44273],[2.28516,41.54148],[1.71387,41.54148],[1.71387,41.44273]]]}},{"type":"Feature","properties":{},"geometry":{"type":"Polygon","coordinates":[[[1.80176,41.54148],[2.28516,41.54148],[2.28516,41.57436],[1.80176,41.57436],[1.80176,41.54148]]]}},{"type":"Feature","properties":{},"geometry":{"type":"Polygon","coordinates":[[[1.8457,41.57436],[2.28516,41.57436],[2.28516,41.60723],[1.8457,41.60723],[1.8457,41.57436]]]}},{"type":"Feature","properties":{},"geometry":{"type":"Polygon","coordinates":[[[2.24121,43.13306],[2.46094,43.13306],[2.46094,43.2932],[2.24121,43.2932],[2.24121,43.13306]]]}},{"type":"Feature","properties":{},"geometry":{"type":"Polygon","coordinates":[[[12.12891,43.10098],[12.65625,43.10098],[12.65625,43.16512],[12.12891,43.16512],[12.12891,43.10098]]]}},{"type":"Feature","properties":{},"geometry":{"type":"Polygon","coordinates":[[[140.88867,43.13306],[141.63574,43.13306],[141.63574,43.16512],[140.88867,43.16512],[140.88867,43.13306]]]}},{"type":"Feature","properties":{},"geometry":{"type":"Polygon","coordinates":[[[12.17285,43.16512],[12.6123,43.16512],[12.6123,43.19717],[12.17285,43.19717],[12.17285,43.16512]]]}},{"type":"Feature","properties":{},"geometry":{"type":"Polygon","coordinates":[[[140.84473,43.16512],[141.5918,43.16512],[141.5918,43.19717],[140.84473,43.19717],[140.84473,43.16512]]]}},{"type":"Feature","properties":{},"geometry":{"type":"Polygon","coordinates":[[[12.17285,43.19717],[12.52441,43.19717],[12.52441,43.2292],[12.17285,43.2292],[12.17285,43.19717]]]}},{"type":"Feature","properties":{},"geometry":{"type":"Polygon","coordinates":[[[12.17285,51.20688],[12.52441,51.20688],[12.52441,51.23441],[12.17285,51.23441],[12.17285,51.20688]]]}},{"type":"Feature","properties":{},"geometry":{"type":"Polygon","coordinates":[[[140.84473,43.19717],[141.50391,43.19717],[141.50391,43.2292],[140.84473,43.2292],[140.84473,43.19717]]]}},{"type":"Feature","properties":{},"geometry":{"type":"Polygon","coordinates":[[[5.27344,43.2292],[5.31738,43.2292],[5.31738,43.26121],[5.27344,43.26121],[5.27344,43.2292]]]}},{"type":"Feature","properties":{},"geometry":{"type":"Polygon","coordinates":[[[5.36133,43.2292],[5.44922,43.2292],[5.44922,43.26121],[5.36133,43.26121],[5.36133,43.2292]]]}},{"type":"Feature","properties":{},"geometry":{"type":"Polygon","coordinates":[[[6.50391,43.2292],[6.72363,43.2292],[6.72363,43.2932],[6.50391,43.2932],[6.50391,43.2292]]]}},{"type":"Feature","properties":{},"geometry":{"type":"Polygon","coordinates":[[[140.84473,43.2292],[141.1084,43.2292],[141.1084,43.26121],[140.84473,43.26121],[140.84473,43.2292]]]}},{"type":"Feature","properties":{},"geometry":{"type":"Polygon","coordinates":[[[141.19629,43.2292],[141.45996,43.2292],[141.45996,43.26121],[141.19629,43.26121],[141.19629,43.2292]]]}},{"type":"Feature","properties":{},"geometry":{"type":"Polygon","coordinates":[[[5.27344,43.26121],[5.44922,43.26121],[5.44922,43.2932],[5.27344,43.2932],[5.27344,43.26121]]]}},{"type":"Feature","properties":{},"geometry":{"type":"Polygon","coordinates":[[[140.97656,43.26121],[141.06445,43.26121],[141.06445,43.2932],[140.97656,43.2932],[140.97656,43.26121]]]}},{"type":"Feature","properties":{},"geometry":{"type":"Polygon","coordinates":[[[141.24023,43.26121],[141.41602,43.26121],[141.41602,43.2932],[141.24023,43.2932],[141.24023,43.26121]]]}},{"type":"Feature","properties":{},"geometry":{"type":"Polygon","coordinates":[[[3.07617,42.45589],[3.16406,42.45589],[3.16406,42.4883],[3.07617,42.4883],[3.07617,42.45589]]]}},{"type":"Feature","properties":{},"geometry":{"type":"Polygon","coordinates":[[[18.01758,42.68244],[18.19336,42.68244],[18.19336,42.71473],[18.01758,42.71473],[18.01758,42.68244]]]}},{"type":"Feature","properties":{},"geometry":{"type":"Polygon","coordinates":[[[3.86719,43.48481],[3.91113,43.48481],[3.91113,43.51669],[3.86719,43.51669],[3.86719,43.48481]]]}},{"type":"Feature","properties":{},"geometry":{"type":"Polygon","coordinates":[[[5.40527,43.48481],[5.49316,43.48481],[5.49316,43.51669],[5.40527,43.51669],[5.40527,43.48481]]]}},{"type":"Feature","properties":{},"geometry":{"type":"Polygon","coordinates":[[[13.18359,43.48481],[13.62305,43.48481],[13.62305,43.61222],[13.18359,43.61222],[13.18359,43.48481]]]}},{"type":"Feature","properties":{},"geometry":{"type":"Polygon","coordinates":[[[16.12793,43.45292],[16.65527,43.45292],[16.65527,43.51669],[16.12793,43.51669],[16.12793,43.45292]]]}},{"type":"Feature","properties":{},"geometry":{"type":"Polygon","coordinates":[[[16.12793,48.13677],[16.65527,48.13677],[16.65527,48.19539],[16.12793,48.19539],[16.12793,48.13677]]]}},{"type":"Feature","properties":{},"geometry":{"type":"Polygon","coordinates":[[[3.86719,43.51669],[4.04297,43.51669],[4.04297,43.54855],[3.86719,43.54855],[3.86719,43.51669]]]}},{"type":"Feature","properties":{},"geometry":{"type":"Polygon","coordinates":[[[5.36133,43.51669],[5.49316,43.51669],[5.49316,43.58039],[5.36133,43.58039],[5.36133,43.51669]]]}},{"type":"Feature","properties":{},"geometry":{"type":"Polygon","coordinates":[[[16.12793,43.51669],[16.61133,43.51669],[16.61133,43.54855],[16.12793,43.54855],[16.12793,43.51669]]]}},{"type":"Feature","properties":{},"geometry":{"type":"Polygon","coordinates":[[[16.12793,48.07808],[16.61133,48.07808],[16.61133,48.13677],[16.12793,48.13677],[16.12793,48.07808]]]}},{"type":"Feature","properties":{},"geometry":{"type":"Polygon","coordinates":[[[3.82324,43.54855],[4.04297,43.54855],[4.04297,43.58039],[3.82324,43.58039],[3.82324,43.54855]]]}},{"type":"Feature","properties":{},"geometry":{"type":"Polygon","coordinates":[[[16.17187,43.54855],[16.61133,43.54855],[16.61133,43.58039],[16.17187,43.58039],[16.17187,43.54855]]]}},{"type":"Feature","properties":{},"geometry":{"type":"Polygon","coordinates":[[[16.17187,48.22467],[16.61133,48.22467],[16.61133,48.31243],[16.17187,48.31243],[16.17187,48.22467]]]}},{"type":"Feature","properties":{},"geometry":{"type":"Polygon","coordinates":[[[3.7793,43.58039],[3.99902,43.58039],[3.99902,43.61222],[3.7793,43.61222],[3.7793,43.58039]]]}},{"type":"Feature","properties":{},"geometry":{"type":"Polygon","coordinates":[[[16.25977,43.58039],[16.52344,43.58039],[16.52344,43.61222],[16.25977,43.61222],[16.25977,43.58039]]]}},{"type":"Feature","properties":{},"geometry":{"type":"Polygon","coordinates":[[[3.7793,43.61222],[3.95508,43.61222],[3.95508,43.67582],[3.7793,43.67582],[3.7793,43.61222]]]}},{"type":"Feature","properties":{},"geometry":{"type":"Polygon","coordinates":[[[7.16309,43.61222],[7.25098,43.61222],[7.25098,43.64403],[7.16309,43.64403],[7.16309,43.61222]]]}},{"type":"Feature","properties":{},"geometry":{"type":"Polygon","coordinates":[[[13.18359,43.61222],[13.5791,43.61222],[13.5791,43.64403],[13.18359,43.64403],[13.18359,43.61222]]]}},{"type":"Feature","properties":{},"geometry":{"type":"Polygon","coordinates":[[[7.16309,43.64403],[7.38281,43.64403],[7.38281,43.67582],[7.16309,43.67582],[7.16309,43.64403]]]}},{"type":"Feature","properties":{},"geometry":{"type":"Polygon","coordinates":[[[13.18359,43.64403],[13.53516,43.64403],[13.53516,43.67582],[13.18359,43.67582],[13.18359,43.64403]]]}},{"type":"Feature","properties":{},"geometry":{"type":"Polygon","coordinates":[[[2.94434,44.02442],[3.07617,44.02442],[3.07617,44.05601],[2.94434,44.05601],[2.94434,44.02442]]]}},{"type":"Feature","properties":{},"geometry":{"type":"Polygon","coordinates":[[[4.79004,44.02442],[4.87793,44.02442],[4.87793,44.08759],[4.79004,44.08759],[4.79004,44.02442]]]}},{"type":"Feature","properties":{},"geometry":{"type":"Polygon","coordinates":[[[2.90039,44.05601],[3.16406,44.05601],[3.16406,44.11914],[2.90039,44.11914],[2.90039,44.05601]]]}},{"type":"Feature","properties":{},"geometry":{"type":"Polygon","coordinates":[[[4.35059,43.70759],[4.48242,43.70759],[4.48242,43.77109],[4.35059,43.77109],[4.35059,43.70759]]]}},{"type":"Feature","properties":{},"geometry":{"type":"Polygon","coordinates":[[[7.16309,43.70759],[7.51465,43.70759],[7.51465,43.73935],[7.16309,43.73935],[7.16309,43.70759]]]}},{"type":"Feature","properties":{},"geometry":{"type":"Polygon","coordinates":[[[11.16211,43.70759],[11.29395,43.70759],[11.29395,43.73935],[11.16211,43.73935],[11.16211,43.70759]]]}},{"type":"Feature","properties":{},"geometry":{"type":"Polygon","coordinates":[[[7.16309,43.73935],[7.55859,43.73935],[7.55859,43.77109],[7.16309,43.77109],[7.16309,43.73935]]]}},{"type":"Feature","properties":{},"geometry":{"type":"Polygon","coordinates":[[[11.11816,43.73935],[11.33789,43.73935],[11.33789,43.77109],[11.11816,43.77109],[11.11816,43.73935]]]}},{"type":"Feature","properties":{},"geometry":{"type":"Polygon","coordinates":[[[18.28125,43.73935],[18.41309,43.73935],[18.41309,43.77109],[18.28125,43.77109],[18.28125,43.73935]]]}},{"type":"Feature","properties":{},"geometry":{"type":"Polygon","coordinates":[[[18.28125,57.68066],[18.41309,57.68066],[18.41309,57.70415],[18.28125,57.70415],[18.28125,57.68066]]]}},{"type":"Feature","properties":{},"geometry":{"type":"Polygon","coordinates":[[[4.2627,43.77109],[4.52637,43.77109],[4.52637,43.89789],[4.2627,43.89789],[4.2627,43.77109]]]}},{"type":"Feature","properties":{},"geometry":{"type":"Polygon","coordinates":[[[7.16309,43.77109],[7.60254,43.77109],[7.60254,43.80282],[7.16309,43.80282],[7.16309,43.77109]]]}},{"type":"Feature","properties":{},"geometry":{"type":"Polygon","coordinates":[[[11.07422,43.77109],[11.33789,43.77109],[11.33789,43.83453],[11.07422,43.83453],[11.07422,43.77109]]]}},{"type":"Feature","properties":{},"geometry":{"type":"Polygon","coordinates":[[[18.2373,43.77109],[18.41309,43.77109],[18.41309,43.80282],[18.2373,43.80282],[18.2373,43.77109]]]}},{"type":"Feature","properties":{},"geometry":{"type":"Polygon","coordinates":[[[7.16309,43.80282],[7.33887,43.80282],[7.33887,43.83453],[7.16309,43.83453],[7.16309,43.80282]]]}},{"type":"Feature","properties":{},"geometry":{"type":"Polygon","coordinates":[[[7.38281,43.80282],[7.55859,43.80282],[7.55859,43.83453],[7.38281,43.83453],[7.38281,43.80282]]]}},{"type":"Feature","properties":{},"geometry":{"type":"Polygon","coordinates":[[[18.19336,43.80282],[18.50098,43.80282],[18.50098,43.89789],[18.19336,43.89789],[18.19336,43.80282]]]}},{"type":"Feature","properties":{},"geometry":{"type":"Polygon","coordinates":[[[11.03027,43.83453],[11.25,43.83453],[11.25,43.86622],[11.03027,43.86622],[11.03027,43.83453]]]}},{"type":"Feature","properties":{},"geometry":{"type":"Polygon","coordinates":[[[11.03027,43.86622],[11.16211,43.86622],[11.16211,43.89789],[11.03027,43.89789],[11.03027,43.86622]]]}},{"type":"Feature","properties":{},"geometry":{"type":"Polygon","coordinates":[[[4.2627,43.89789],[4.61426,43.89789],[4.61426,43.92955],[4.2627,43.92955],[4.2627,43.89789]]]}},{"type":"Feature","properties":{},"geometry":{"type":"Polygon","coordinates":[[[11.07422,43.89789],[11.11816,43.89789],[11.11816,43.92955],[11.07422,43.92955],[11.07422,43.89789]]]}},{"type":"Feature","properties":{},"geometry":{"type":"Polygon","coordinates":[[[18.2373,43.89789],[18.45703,43.89789],[18.45703,43.92955],[18.2373,43.92955],[18.2373,43.89789]]]}},{"type":"Feature","properties":{},"geometry":{"type":"Polygon","coordinates":[[[5.31738,43.2932],[5.44922,43.2932],[5.44922,43.35714],[5.31738,43.35714],[5.31738,43.2932]]]}},{"type":"Feature","properties":{},"geometry":{"type":"Polygon","coordinates":[[[4.48242,43.92955],[4.61426,43.92955],[4.61426,43.99281],[4.48242,43.99281],[4.48242,43.92955]]]}},{"type":"Feature","properties":{},"geometry":{"type":"Polygon","coordinates":[[[4.48242,50.93074],[4.61426,50.93074],[4.61426,50.95843],[4.48242,50.95843],[4.48242,50.93074]]]}},{"type":"Feature","properties":{},"geometry":{"type":"Polygon","coordinates":[[[4.48242,43.99281],[4.57031,43.99281],[4.57031,44.02442],[4.48242,44.02442],[4.48242,43.99281]]]}},{"type":"Feature","properties":{},"geometry":{"type":"Polygon","coordinates":[[[4.48242,44.27667],[4.57031,44.27667],[4.57031,44.30813],[4.48242,44.30813],[4.48242,44.27667]]]}},{"type":"Feature","properties":{},"geometry":{"type":"Polygon","coordinates":[[[12.17285,43.06889],[12.65625,43.06889],[12.65625,43.10098],[12.17285,43.10098],[12.17285,43.06889]]]}},{"type":"Feature","properties":{},"geometry":{"type":"Polygon","coordinates":[[[140.93262,43.10098],[141.63574,43.10098],[141.63574,43.13306],[140.93262,43.13306],[140.93262,43.10098]]]}},{"type":"Feature","properties":{},"geometry":{"type":"Polygon","coordinates":[[[7.16309,43.67582],[7.4707,43.67582],[7.4707,43.70759],[7.16309,43.70759],[7.16309,43.67582]]]}},{"type":"Feature","properties":{},"geometry":{"type":"Polygon","coordinates":[[[13.22754,43.67582],[13.35937,43.67582],[13.35937,43.70759],[13.22754,43.70759],[13.22754,43.67582]]]}},{"type":"Feature","properties":{},"geometry":{"type":"Polygon","coordinates":[[[13.44727,43.42101],[13.5791,43.42101],[13.5791,43.45292],[13.44727,43.45292],[13.44727,43.42101]]]}},{"type":"Feature","properties":{},"geometry":{"type":"Polygon","coordinates":[[[16.17187,43.42101],[16.25977,43.42101],[16.25977,43.45292],[16.17187,43.45292],[16.17187,43.42101]]]}},{"type":"Feature","properties":{},"geometry":{"type":"Polygon","coordinates":[[[16.52344,43.42101],[16.61133,43.42101],[16.61133,43.45292],[16.52344,43.45292],[16.52344,43.42101]]]}},{"type":"Feature","properties":{},"geometry":{"type":"Polygon","coordinates":[[[13.40332,43.45292],[13.62305,43.45292],[13.62305,43.48481],[13.40332,43.48481],[13.40332,43.45292]]]}},{"type":"Feature","properties":{},"geometry":{"type":"Polygon","coordinates":[[[7.4707,44.87144],[7.69043,44.87144],[7.69043,45.02695],[7.4707,45.02695],[7.4707,44.87144]]]}},{"type":"Feature","properties":{},"geometry":{"type":"Polygon","coordinates":[[[7.4707,45.24395],[7.69043,45.24395],[7.69043,45.3058],[7.4707,45.3058],[7.4707,45.24395]]]}},{"type":"Feature","properties":{},"geometry":{"type":"Polygon","coordinates":[[[10.19531,44.77794],[10.50293,44.77794],[10.50293,44.90258],[10.19531,44.90258],[10.19531,44.77794]]]}},{"type":"Feature","properties":{},"geometry":{"type":"Polygon","coordinates":[[[17.18262,44.87144],[17.31445,44.87144],[17.31445,44.90258],[17.18262,44.90258],[17.18262,44.87144]]]}},{"type":"Feature","properties":{},"geometry":{"type":"Polygon","coordinates":[[[7.4707,45.02695],[7.73437,45.02695],[7.73437,45.058],[7.4707,45.058],[7.4707,45.02695]]]}},{"type":"Feature","properties":{},"geometry":{"type":"Polygon","coordinates":[[[7.4707,45.058],[7.77832,45.058],[7.77832,45.08904],[7.4707,45.08904],[7.4707,45.058]]]}},{"type":"Feature","properties":{},"geometry":{"type":"Polygon","coordinates":[[[7.4707,51.89005],[7.77832,51.89005],[7.77832,51.99841],[7.4707,51.99841],[7.4707,51.89005]]]}},{"type":"Feature","properties":{},"geometry":{"type":"Polygon","coordinates":[[[10.19531,44.68428],[10.45898,44.68428],[10.45898,44.77794],[10.19531,44.77794],[10.19531,44.68428]]]}},{"type":"Feature","properties":{},"geometry":{"type":"Polygon","coordinates":[[[17.27051,44.68428],[17.40234,44.68428],[17.40234,44.71551],[17.27051,44.71551],[17.27051,44.68428]]]}},{"type":"Feature","properties":{},"geometry":{"type":"Polygon","coordinates":[[[17.09473,44.71551],[17.40234,44.71551],[17.40234,44.74673],[17.09473,44.74673],[17.09473,44.71551]]]}},{"type":"Feature","properties":{},"geometry":{"type":"Polygon","coordinates":[[[17.09473,44.74673],[17.3584,44.74673],[17.3584,44.77794],[17.09473,44.77794],[17.09473,44.74673]]]}},{"type":"Feature","properties":{},"geometry":{"type":"Polygon","coordinates":[[[17.09473,44.77794],[17.31445,44.77794],[17.31445,44.80912],[17.09473,44.80912],[17.09473,44.77794]]]}},{"type":"Feature","properties":{},"geometry":{"type":"Polygon","coordinates":[[[17.13867,44.80912],[17.27051,44.80912],[17.27051,44.84029],[17.13867,44.84029],[17.13867,44.80912]]]}},{"type":"Feature","properties":{},"geometry":{"type":"Polygon","coordinates":[[[17.13867,44.84029],[17.31445,44.84029],[17.31445,44.87144],[17.13867,44.87144],[17.13867,44.84029]]]}},{"type":"Feature","properties":{},"geometry":{"type":"Polygon","coordinates":[[[2.94434,44.11914],[3.16406,44.11914],[3.16406,44.15068],[2.94434,44.15068],[2.94434,44.11914]]]}},{"type":"Feature","properties":{},"geometry":{"type":"Polygon","coordinates":[[[2.94434,50.56928],[3.16406,50.56928],[3.16406,50.59719],[2.94434,50.59719],[2.94434,50.56928]]]}},{"type":"Feature","properties":{},"geometry":{"type":"Polygon","coordinates":[[[4.39453,44.30813],[4.61426,44.30813],[4.61426,44.33957],[4.39453,44.33957],[4.39453,44.30813]]]}},{"type":"Feature","properties":{},"geometry":{"type":"Polygon","coordinates":[[[4.35059,44.33957],[4.61426,44.33957],[4.61426,44.37099],[4.35059,44.37099],[4.35059,44.33957]]]}},{"type":"Feature","properties":{},"geometry":{"type":"Polygon","coordinates":[[[4.35059,44.37099],[4.52637,44.37099],[4.52637,44.40239],[4.35059,44.40239],[4.35059,44.37099]]]}},{"type":"Feature","properties":{},"geometry":{"type":"Polygon","coordinates":[[[4.39453,44.40239],[4.43848,44.40239],[4.43848,44.43378],[4.39453,44.43378],[4.39453,44.40239]]]}},{"type":"Feature","properties":{},"geometry":{"type":"Polygon","coordinates":[[[1.14258,45.73686],[1.40625,45.73686],[1.40625,45.92059],[1.14258,45.92059],[1.14258,45.73686]]]}},{"type":"Feature","properties":{},"geometry":{"type":"Polygon","coordinates":[[[6.02051,45.8288],[6.15234,45.8288],[6.15234,45.85941],[6.02051,45.85941],[6.02051,45.8288]]]}},{"type":"Feature","properties":{},"geometry":{"type":"Polygon","coordinates":[[[15.77637,45.76752],[16.21582,45.76752],[16.21582,45.85941],[15.77637,45.85941],[15.77637,45.76752]]]}},{"type":"Feature","properties":{},"geometry":{"type":"Polygon","coordinates":[[[6.02051,45.85941],[6.19629,45.85941],[6.19629,45.89001],[6.02051,45.89001],[6.02051,45.85941]]]}},{"type":"Feature","properties":{},"geometry":{"type":"Polygon","coordinates":[[[6.02051,50.73646],[6.19629,50.73646],[6.19629,50.81982],[6.02051,50.81982],[6.02051,50.73646]]]}},{"type":"Feature","properties":{},"geometry":{"type":"Polygon","coordinates":[[[15.82031,45.85941],[16.21582,45.85941],[16.21582,45.89001],[15.82031,45.89001],[15.82031,45.85941]]]}},{"type":"Feature","properties":{},"geometry":{"type":"Polygon","coordinates":[[[6.02051,45.89001],[6.24023,45.89001],[6.24023,45.9817],[6.02051,45.9817],[6.02051,45.89001]]]}},{"type":"Feature","properties":{},"geometry":{"type":"Polygon","coordinates":[[[15.95215,45.89001],[16.12793,45.89001],[16.12793,45.92059],[15.95215,45.92059],[15.95215,45.89001]]]}},{"type":"Feature","properties":{},"geometry":{"type":"Polygon","coordinates":[[[1.23047,45.92059],[1.3623,45.92059],[1.3623,45.95115],[1.23047,45.95115],[1.23047,45.92059]]]}},{"type":"Feature","properties":{},"geometry":{"type":"Polygon","coordinates":[[[6.06445,45.9817],[6.24023,45.9817],[6.24023,46.01222],[6.06445,46.01222],[6.06445,45.9817]]]}},{"type":"Feature","properties":{},"geometry":{"type":"Polygon","coordinates":[[[6.06445,49.52521],[6.24023,49.52521],[6.24023,49.58223],[6.06445,49.58223],[6.06445,49.52521]]]}},{"type":"Feature","properties":{},"geometry":{"type":"Polygon","coordinates":[[[14.41406,45.9817],[14.63379,45.9817],[14.63379,46.01222],[14.41406,46.01222],[14.41406,45.9817]]]}},{"type":"Feature","properties":{},"geometry":{"type":"Polygon","coordinates":[[[14.41406,46.10371],[14.63379,46.10371],[14.63379,46.13417],[14.41406,46.13417],[14.41406,46.10371]]]}},{"type":"Feature","properties":{},"geometry":{"type":"Polygon","coordinates":[[[15.77637,45.73686],[16.17187,45.73686],[16.17187,45.76752],[15.77637,45.76752],[15.77637,45.73686]]]}},{"type":"Feature","properties":{},"geometry":{"type":"Polygon","coordinates":[[[7.4707,45.08904],[7.82227,45.08904],[7.82227,45.12005],[7.4707,45.12005],[7.4707,45.08904]]]}},{"type":"Feature","properties":{},"geometry":{"type":"Polygon","coordinates":[[[7.4707,45.12005],[7.86621,45.12005],[7.86621,45.15105],[7.4707,45.15105],[7.4707,45.12005]]]}},{"type":"Feature","properties":{},"geometry":{"type":"Polygon","coordinates":[[[12.17285,45.12005],[12.39258,45.12005],[12.39258,45.18204],[12.17285,45.18204],[12.17285,45.12005]]]}},{"type":"Feature","properties":{},"geometry":{"type":"Polygon","coordinates":[[[7.4707,45.15105],[7.91016,45.15105],[7.91016,45.24395],[7.4707,45.24395],[7.4707,45.15105]]]}},{"type":"Feature","properties":{},"geometry":{"type":"Polygon","coordinates":[[[9.09668,45.15105],[9.22852,45.15105],[9.22852,45.18204],[9.09668,45.18204],[9.09668,45.15105]]]}},{"type":"Feature","properties":{},"geometry":{"type":"Polygon","coordinates":[[[9.09668,47.66539],[9.22852,47.66539],[9.22852,47.69497],[9.09668,47.69497],[9.09668,47.66539]]]}},{"type":"Feature","properties":{},"geometry":{"type":"Polygon","coordinates":[[[9.05273,45.18204],[9.22852,45.18204],[9.22852,45.24395],[9.05273,45.24395],[9.05273,45.18204]]]}},{"type":"Feature","properties":{},"geometry":{"type":"Polygon","coordinates":[[[12.12891,45.18204],[12.39258,45.18204],[12.39258,45.3058],[12.12891,45.3058],[12.12891,45.18204]]]}},{"type":"Feature","properties":{},"geometry":{"type":"Polygon","coordinates":[[[9.05273,45.3058],[9.27246,45.3058],[9.27246,45.3367],[9.05273,45.3367],[9.05273,45.3058]]]}},{"type":"Feature","properties":{},"geometry":{"type":"Polygon","coordinates":[[[11.7334,45.3058],[12.39258,45.3058],[12.39258,45.36758],[11.7334,45.36758],[11.7334,45.3058]]]}},{"type":"Feature","properties":{},"geometry":{"type":"Polygon","coordinates":[[[8.96484,45.3367],[9.27246,45.3367],[9.27246,45.67548],[8.96484,45.67548],[8.96484,45.3367]]]}},{"type":"Feature","properties":{},"geometry":{"type":"Polygon","coordinates":[[[10.85449,45.36758],[11.03027,45.36758],[11.03027,45.4293],[10.85449,45.4293],[10.85449,45.36758]]]}},{"type":"Feature","properties":{},"geometry":{"type":"Polygon","coordinates":[[[11.7334,45.36758],[12.43652,45.36758],[12.43652,45.55253],[11.7334,45.55253],[11.7334,45.36758]]]}},{"type":"Feature","properties":{},"geometry":{"type":"Polygon","coordinates":[[[10.89844,45.4293],[11.03027,45.4293],[11.03027,45.46013],[10.89844,45.46013],[10.89844,45.4293]]]}},{"type":"Feature","properties":{},"geometry":{"type":"Polygon","coordinates":[[[11.95312,45.55253],[12.43652,45.55253],[12.43652,45.61404],[11.95312,45.61404],[11.95312,45.55253]]]}},{"type":"Feature","properties":{},"geometry":{"type":"Polygon","coordinates":[[[11.7334,45.61404],[11.86523,45.61404],[11.86523,45.67548],[11.7334,45.67548],[11.7334,45.61404]]]}},{"type":"Feature","properties":{},"geometry":{"type":"Polygon","coordinates":[[[12.26074,45.61404],[12.43652,45.61404],[12.43652,45.64477],[12.26074,45.64477],[12.26074,45.61404]]]}},{"type":"Feature","properties":{},"geometry":{"type":"Polygon","coordinates":[[[14.37012,46.01222],[14.67773,46.01222],[14.67773,46.10371],[14.37012,46.10371],[14.37012,46.01222]]]}},{"type":"Feature","properties":{},"geometry":{"type":"Polygon","coordinates":[[[5.97656,46.10371],[6.37207,46.10371],[6.37207,46.37725],[5.97656,46.37725],[5.97656,46.10371]]]}},{"type":"Feature","properties":{},"geometry":{"type":"Polygon","coordinates":[[[14.45801,46.13417],[14.58984,46.13417],[14.58984,46.16461],[14.45801,46.16461],[14.45801,46.13417]]]}},{"type":"Feature","properties":{},"geometry":{"type":"Polygon","coordinates":[[[6.02051,46.37725],[6.37207,46.37725],[6.37207,46.40756],[6.02051,46.40756],[6.02051,46.37725]]]}},{"type":"Feature","properties":{},"geometry":{"type":"Polygon","coordinates":[[[6.06445,46.40756],[6.28418,46.40756],[6.28418,46.43786],[6.06445,46.43786],[6.06445,46.40756]]]}},{"type":"Feature","properties":{},"geometry":{"type":"Polygon","coordinates":[[[7.42676,46.83013],[7.55859,46.83013],[7.55859,46.86019],[7.42676,46.86019],[7.42676,46.83013]]]}},{"type":"Feature","properties":{},"geometry":{"type":"Polygon","coordinates":[[[7.29492,46.86019],[7.64648,46.86019],[7.64648,46.98025],[7.29492,46.98025],[7.29492,46.86019]]]}},{"type":"Feature","properties":{},"geometry":{"type":"Polygon","coordinates":[[[15.38086,46.86019],[15.55664,46.86019],[15.55664,46.92026],[15.38086,46.92026],[15.38086,46.86019]]]}},{"type":"Feature","properties":{},"geometry":{"type":"Polygon","coordinates":[[[15.33691,46.92026],[15.55664,46.92026],[15.55664,46.95026],[15.33691,46.95026],[15.33691,46.92026]]]}},{"type":"Feature","properties":{},"geometry":{"type":"Polygon","coordinates":[[[15.33691,46.95026],[15.60059,46.95026],[15.60059,47.07012],[15.33691,47.07012],[15.33691,46.95026]]]}},{"type":"Feature","properties":{},"geometry":{"type":"Polygon","coordinates":[[[7.29492,46.98025],[7.60254,46.98025],[7.60254,47.01023],[7.29492,47.01023],[7.29492,46.98025]]]}},{"type":"Feature","properties":{},"geometry":{"type":"Polygon","coordinates":[[[7.29492,47.01023],[7.55859,47.01023],[7.55859,47.04018],[7.29492,47.04018],[7.29492,47.01023]]]}},{"type":"Feature","properties":{},"geometry":{"type":"Polygon","coordinates":[[[15.60059,46.46813],[15.73242,46.46813],[15.73242,46.49839],[15.60059,46.49839],[15.60059,46.46813]]]}},{"type":"Feature","properties":{},"geometry":{"type":"Polygon","coordinates":[[[15.55664,46.49839],[15.77637,46.49839],[15.77637,46.52863],[15.55664,46.52863],[15.55664,46.49839]]]}},{"type":"Feature","properties":{},"geometry":{"type":"Polygon","coordinates":[[[15.55664,58.30949],[15.77637,58.30949],[15.77637,58.33257],[15.55664,58.33257],[15.55664,58.30949]]]}},{"type":"Feature","properties":{},"geometry":{"type":"Polygon","coordinates":[[[15.5127,46.52863],[15.77637,46.52863],[15.77637,46.58907],[15.5127,46.58907],[15.5127,46.52863]]]}},{"type":"Feature","properties":{},"geometry":{"type":"Polygon","coordinates":[[[15.5127,58.33257],[15.77637,58.33257],[15.77637,58.35563],[15.5127,58.35563],[15.5127,58.33257]]]}},{"type":"Feature","properties":{},"geometry":{"type":"Polygon","coordinates":[[[15.55664,46.58907],[15.73242,46.58907],[15.73242,46.61926],[15.55664,46.61926],[15.55664,46.58907]]]}},{"type":"Feature","properties":{},"geometry":{"type":"Polygon","coordinates":[[[11.38184,44.43378],[11.42578,44.43378],[11.42578,44.46515],[11.38184,44.46515],[11.38184,44.43378]]]}},{"type":"Feature","properties":{},"geometry":{"type":"Polygon","coordinates":[[[11.25,44.46515],[11.42578,44.46515],[11.42578,44.52784],[11.25,44.52784],[11.25,44.46515]]]}},{"type":"Feature","properties":{},"geometry":{"type":"Polygon","coordinates":[[[11.25,44.52784],[11.38184,44.52784],[11.38184,44.55916],[11.25,44.55916],[11.25,44.52784]]]}},{"type":"Feature","properties":{},"geometry":{"type":"Polygon","coordinates":[[[1.01074,47.27923],[1.14258,47.27923],[1.14258,47.36859],[1.01074,47.36859],[1.01074,47.27923]]]}},{"type":"Feature","properties":{},"geometry":{"type":"Polygon","coordinates":[[[1.01074,49.38237],[1.14258,49.38237],[1.14258,49.43956],[1.01074,49.43956],[1.01074,49.38237]]]}},{"type":"Feature","properties":{},"geometry":{"type":"Polygon","coordinates":[[[18.94043,47.27923],[19.46777,47.27923],[19.46777,47.30903],[18.94043,47.30903],[18.94043,47.27923]]]}},{"type":"Feature","properties":{},"geometry":{"type":"Polygon","coordinates":[[[18.94043,47.60616],[19.46777,47.60616],[19.46777,47.66539],[18.94043,47.66539],[18.94043,47.60616]]]}},{"type":"Feature","properties":{},"geometry":{"type":"Polygon","coordinates":[[[8.48145,47.30903],[8.56934,47.30903],[8.56934,47.33882],[8.48145,47.33882],[8.48145,47.30903]]]}},{"type":"Feature","properties":{},"geometry":{"type":"Polygon","coordinates":[[[18.94043,47.30903],[19.51172,47.30903],[19.51172,47.33882],[18.94043,47.33882],[18.94043,47.30903]]]}},{"type":"Feature","properties":{},"geometry":{"type":"Polygon","coordinates":[[[18.94043,47.48751],[19.51172,47.48751],[19.51172,47.5172],[18.94043,47.5172],[18.94043,47.48751]]]}},{"type":"Feature","properties":{},"geometry":{"type":"Polygon","coordinates":[[[18.94043,47.54687],[19.51172,47.54687],[19.51172,47.60616],[18.94043,47.60616],[18.94043,47.54687]]]}},{"type":"Feature","properties":{},"geometry":{"type":"Polygon","coordinates":[[[8.21777,47.33882],[8.83301,47.33882],[8.83301,47.42809],[8.21777,47.42809],[8.21777,47.33882]]]}},{"type":"Feature","properties":{},"geometry":{"type":"Polygon","coordinates":[[[18.80859,47.33882],[19.51172,47.33882],[19.51172,47.39835],[18.80859,47.39835],[18.80859,47.33882]]]}},{"type":"Feature","properties":{},"geometry":{"type":"Polygon","coordinates":[[[18.85254,47.39835],[19.51172,47.39835],[19.51172,47.45781],[18.85254,47.45781],[18.85254,47.39835]]]}},{"type":"Feature","properties":{},"geometry":{"type":"Polygon","coordinates":[[[8.12988,47.42809],[8.78906,47.42809],[8.78906,47.45781],[8.12988,47.45781],[8.12988,47.42809]]]}},{"type":"Feature","properties":{},"geometry":{"type":"Polygon","coordinates":[[[8.12988,47.45781],[8.74512,47.45781],[8.74512,47.5172],[8.12988,47.5172],[8.12988,47.45781]]]}},{"type":"Feature","properties":{},"geometry":{"type":"Polygon","coordinates":[[[18.89648,47.45781],[19.51172,47.45781],[19.51172,47.48751],[18.89648,47.48751],[18.89648,47.45781]]]}},{"type":"Feature","properties":{},"geometry":{"type":"Polygon","coordinates":[[[7.58057,47.50236],[7.60254,47.50236],[7.60254,47.5172],[7.58057,47.5172],[7.58057,47.50236]]]}},{"type":"Feature","properties":{},"geometry":{"type":"Polygon","coordinates":[[[7.55859,47.5172],[7.62451,47.5172],[7.62451,47.53204],[7.55859,47.53204],[7.55859,47.5172]]]}},{"type":"Feature","properties":{},"geometry":{"type":"Polygon","coordinates":[[[8.12988,47.5172],[8.70117,47.5172],[8.70117,47.54687],[8.12988,47.54687],[8.12988,47.5172]]]}},{"type":"Feature","properties":{},"geometry":{"type":"Polygon","coordinates":[[[18.98437,47.5172],[19.51172,47.5172],[19.51172,47.54687],[18.98437,47.54687],[18.98437,47.5172]]]}},{"type":"Feature","properties":{},"geometry":{"type":"Polygon","coordinates":[[[7.53662,47.53204],[7.64648,47.53204],[7.64648,47.54687],[7.53662,47.54687],[7.53662,47.53204]]]}},{"type":"Feature","properties":{},"geometry":{"type":"Polygon","coordinates":[[[1.49414,47.54687],[1.58203,47.54687],[1.58203,47.57653],[1.49414,47.57653],[1.49414,47.54687]]]}},{"type":"Feature","properties":{},"geometry":{"type":"Polygon","coordinates":[[[7.53662,47.54687],[7.66846,47.54687],[7.66846,47.5617],[7.53662,47.5617],[7.53662,47.54687]]]}},{"type":"Feature","properties":{},"geometry":{"type":"Polygon","coordinates":[[[8.12988,47.54687],[8.65723,47.54687],[8.65723,47.57653],[8.12988,47.57653],[8.12988,47.54687]]]}},{"type":"Feature","properties":{},"geometry":{"type":"Polygon","coordinates":[[[7.53662,47.5617],[7.7124,47.5617],[7.7124,47.57653],[7.53662,47.57653],[7.53662,47.5617]]]}},{"type":"Feature","properties":{},"geometry":{"type":"Polygon","coordinates":[[[1.4502,47.63578],[1.58203,47.63578],[1.58203,47.66539],[1.4502,47.66539],[1.4502,47.63578]]]}},{"type":"Feature","properties":{},"geometry":{"type":"Polygon","coordinates":[[[9.11865,47.65059],[9.22852,47.65059],[9.22852,47.66539],[9.11865,47.66539],[9.11865,47.65059]]]}},{"type":"Feature","properties":{},"geometry":{"type":"Polygon","coordinates":[[[13.05176,47.63578],[13.18359,47.63578],[13.18359,47.66539],[13.05176,47.66539],[13.05176,47.63578]]]}},{"type":"Feature","properties":{},"geometry":{"type":"Polygon","coordinates":[[[13.00781,47.66539],[13.18359,47.66539],[13.18359,47.72454],[13.00781,47.72454],[13.00781,47.66539]]]}},{"type":"Feature","properties":{},"geometry":{"type":"Polygon","coordinates":[[[18.98437,47.66539],[19.46777,47.66539],[19.46777,47.69497],[18.98437,47.69497],[18.98437,47.66539]]]}},{"type":"Feature","properties":{},"geometry":{"type":"Polygon","coordinates":[[[9.11865,47.69497],[9.20654,47.69497],[9.20654,47.70976],[9.11865,47.70976],[9.11865,47.69497]]]}},{"type":"Feature","properties":{},"geometry":{"type":"Polygon","coordinates":[[[18.98437,47.24941],[19.42383,47.24941],[19.42383,47.27923],[18.98437,47.27923],[18.98437,47.24941]]]}},{"type":"Feature","properties":{},"geometry":{"type":"Polygon","coordinates":[[[18.98437,47.69497],[19.42383,47.69497],[19.42383,47.72454],[18.98437,47.72454],[18.98437,47.69497]]]}},{"type":"Feature","properties":{},"geometry":{"type":"Polygon","coordinates":[[[9.09668,47.70976],[9.18457,47.70976],[9.18457,47.72454],[9.09668,47.72454],[9.09668,47.70976]]]}},{"type":"Feature","properties":{},"geometry":{"type":"Polygon","coordinates":[[[9.07471,47.72454],[9.18457,47.72454],[9.18457,47.73932],[9.07471,47.73932],[9.07471,47.72454]]]}},{"type":"Feature","properties":{},"geometry":{"type":"Polygon","coordinates":[[[12.87598,47.72454],[13.18359,47.72454],[13.18359,47.87214],[12.87598,47.87214],[12.87598,47.72454]]]}},{"type":"Feature","properties":{},"geometry":{"type":"Polygon","coordinates":[[[18.98437,47.21957],[19.37988,47.21957],[19.37988,47.24941],[18.98437,47.24941],[18.98437,47.21957]]]}},{"type":"Feature","properties":{},"geometry":{"type":"Polygon","coordinates":[[[18.98437,47.72454],[19.37988,47.72454],[19.37988,47.78363],[18.98437,47.78363],[18.98437,47.72454]]]}},{"type":"Feature","properties":{},"geometry":{"type":"Polygon","coordinates":[[[9.07471,47.73932],[9.1626,47.73932],[9.1626,47.7541],[9.07471,47.7541],[9.07471,47.73932]]]}},{"type":"Feature","properties":{},"geometry":{"type":"Polygon","coordinates":[[[9.07471,47.7541],[9.14062,47.7541],[9.14062,47.76887],[9.07471,47.76887],[9.07471,47.7541]]]}},{"type":"Feature","properties":{},"geometry":{"type":"Polygon","coordinates":[[[1.4502,47.57653],[1.62598,47.57653],[1.62598,47.63578],[1.4502,47.63578],[1.4502,47.57653]]]}},{"type":"Feature","properties":{},"geometry":{"type":"Polygon","coordinates":[[[7.53662,47.57653],[7.69043,47.57653],[7.69043,47.59135],[7.53662,47.59135],[7.53662,47.57653]]]}},{"type":"Feature","properties":{},"geometry":{"type":"Polygon","coordinates":[[[7.55859,47.59135],[7.7124,47.59135],[7.7124,47.60616],[7.55859,47.60616],[7.55859,47.59135]]]}},{"type":"Feature","properties":{},"geometry":{"type":"Polygon","coordinates":[[[7.66846,47.94579],[7.7124,47.94579],[7.7124,47.9605],[7.66846,47.9605],[7.66846,47.94579]]]}},{"type":"Feature","properties":{},"geometry":{"type":"Polygon","coordinates":[[[7.64648,47.9605],[7.73437,47.9605],[7.73437,47.97521],[7.64648,47.97521],[7.64648,47.9605]]]}},{"type":"Feature","properties":{},"geometry":{"type":"Polygon","coordinates":[[[7.75635,47.9605],[7.86621,47.9605],[7.86621,47.97521],[7.75635,47.97521],[7.75635,47.9605]]]}},{"type":"Feature","properties":{},"geometry":{"type":"Polygon","coordinates":[[[7.88818,47.9605],[7.93213,47.9605],[7.93213,47.97521],[7.88818,47.97521],[7.88818,47.9605]]]}},{"type":"Feature","properties":{},"geometry":{"type":"Polygon","coordinates":[[[7.66846,47.97521],[7.93213,47.97521],[7.93213,48.00463],[7.66846,48.00463],[7.66846,47.97521]]]}},{"type":"Feature","properties":{},"geometry":{"type":"Polygon","coordinates":[[[18.98437,47.78363],[19.33594,47.78363],[19.33594,47.81315],[18.98437,47.81315],[18.98437,47.78363]]]}},{"type":"Feature","properties":{},"geometry":{"type":"Polygon","coordinates":[[[18.98437,47.81315],[19.29199,47.81315],[19.29199,47.84266],[18.98437,47.84266],[18.98437,47.81315]]]}},{"type":"Feature","properties":{},"geometry":{"type":"Polygon","coordinates":[[[18.98437,47.18971],[19.24805,47.18971],[19.24805,47.21957],[18.98437,47.21957],[18.98437,47.18971]]]}},{"type":"Feature","properties":{},"geometry":{"type":"Polygon","coordinates":[[[18.98437,47.84266],[19.24805,47.84266],[19.24805,47.87214],[18.98437,47.87214],[18.98437,47.84266]]]}},{"type":"Feature","properties":{},"geometry":{"type":"Polygon","coordinates":[[[12.87598,47.87214],[13.13965,47.87214],[13.13965,47.90161],[12.87598,47.90161],[12.87598,47.87214]]]}},{"type":"Feature","properties":{},"geometry":{"type":"Polygon","coordinates":[[[12.96387,47.90161],[13.0957,47.90161],[13.0957,47.93107],[12.96387,47.93107],[12.96387,47.90161]]]}},{"type":"Feature","properties":{},"geometry":{"type":"Polygon","coordinates":[[[15.24902,47.07012],[15.60059,47.07012],[15.60059,47.10004],[15.24902,47.10004],[15.24902,47.07012]]]}},{"type":"Feature","properties":{},"geometry":{"type":"Polygon","coordinates":[[[15.24902,47.10004],[15.55664,47.10004],[15.55664,47.15984],[15.24902,47.15984],[15.24902,47.10004]]]}},{"type":"Feature","properties":{},"geometry":{"type":"Polygon","coordinates":[[[18.98437,47.12995],[19.07227,47.12995],[19.07227,47.15984],[18.98437,47.15984],[18.98437,47.12995]]]}},{"type":"Feature","properties":{},"geometry":{"type":"Polygon","coordinates":[[[15.29297,47.15984],[15.55664,47.15984],[15.55664,47.18971],[15.29297,47.18971],[15.29297,47.15984]]]}},{"type":"Feature","properties":{},"geometry":{"type":"Polygon","coordinates":[[[18.98437,47.15984],[19.16016,47.15984],[19.16016,47.18971],[18.98437,47.18971],[18.98437,47.15984]]]}},{"type":"Feature","properties":{},"geometry":{"type":"Polygon","coordinates":[[[11.33789,48.07808],[11.77734,48.07808],[11.77734,48.16609],[11.33789,48.16609],[11.33789,48.07808]]]}},{"type":"Feature","properties":{},"geometry":{"type":"Polygon","coordinates":[[[14.15039,48.13677],[14.32617,48.13677],[14.32617,48.16609],[14.15039,48.16609],[14.15039,48.13677]]]}},{"type":"Feature","properties":{},"geometry":{"type":"Polygon","coordinates":[[[11.38184,48.16609],[11.77734,48.16609],[11.77734,48.19539],[11.38184,48.19539],[11.38184,48.16609]]]}},{"type":"Feature","properties":{},"geometry":{"type":"Polygon","coordinates":[[[14.10645,48.16609],[14.41406,48.16609],[14.41406,48.19539],[14.10645,48.19539],[14.10645,48.16609]]]}},{"type":"Feature","properties":{},"geometry":{"type":"Polygon","coordinates":[[[10.72266,48.19539],[10.94238,48.19539],[10.94238,48.22467],[10.72266,48.22467],[10.72266,48.19539]]]}},{"type":"Feature","properties":{},"geometry":{"type":"Polygon","coordinates":[[[10.72266,59.7121],[10.94238,59.7121],[10.94238,59.84481],[10.72266,59.84481],[10.72266,59.7121]]]}},{"type":"Feature","properties":{},"geometry":{"type":"Polygon","coordinates":[[[11.42578,48.19539],[11.7334,48.19539],[11.7334,48.22467],[11.42578,48.22467],[11.42578,48.19539]]]}},{"type":"Feature","properties":{},"geometry":{"type":"Polygon","coordinates":[[[14.10645,48.19539],[14.45801,48.19539],[14.45801,48.28319],[14.10645,48.28319],[14.10645,48.19539]]]}},{"type":"Feature","properties":{},"geometry":{"type":"Polygon","coordinates":[[[16.17187,48.19539],[16.65527,48.19539],[16.65527,48.22467],[16.17187,48.22467],[16.17187,48.19539]]]}},{"type":"Feature","properties":{},"geometry":{"type":"Polygon","coordinates":[[[10.72266,48.22467],[10.98633,48.22467],[10.98633,48.25394],[10.72266,48.25394],[10.72266,48.22467]]]}},{"type":"Feature","properties":{},"geometry":{"type":"Polygon","coordinates":[[[11.38184,48.22467],[11.7334,48.22467],[11.7334,48.25394],[11.38184,48.25394],[11.38184,48.22467]]]}},{"type":"Feature","properties":{},"geometry":{"type":"Polygon","coordinates":[[[10.72266,48.25394],[11.03027,48.25394],[11.03027,48.31243],[10.72266,48.31243],[10.72266,48.25394]]]}},{"type":"Feature","properties":{},"geometry":{"type":"Polygon","coordinates":[[[11.38184,48.25394],[11.68945,48.25394],[11.68945,48.28319],[11.38184,48.28319],[11.38184,48.25394]]]}},{"type":"Feature","properties":{},"geometry":{"type":"Polygon","coordinates":[[[11.51367,48.28319],[11.60156,48.28319],[11.60156,48.31243],[11.51367,48.31243],[11.51367,48.28319]]]}},{"type":"Feature","properties":{},"geometry":{"type":"Polygon","coordinates":[[[14.15039,48.28319],[14.45801,48.28319],[14.45801,48.34165],[14.15039,48.34165],[14.15039,48.28319]]]}},{"type":"Feature","properties":{},"geometry":{"type":"Polygon","coordinates":[[[10.7666,48.31243],[11.07422,48.31243],[11.07422,48.40003],[10.7666,48.40003],[10.7666,48.31243]]]}},{"type":"Feature","properties":{},"geometry":{"type":"Polygon","coordinates":[[[16.17187,48.31243],[16.56738,48.31243],[16.56738,48.34165],[16.17187,48.34165],[16.17187,48.31243]]]}},{"type":"Feature","properties":{},"geometry":{"type":"Polygon","coordinates":[[[14.19434,48.34165],[14.41406,48.34165],[14.41406,48.37085],[14.19434,48.37085],[14.19434,48.34165]]]}},{"type":"Feature","properties":{},"geometry":{"type":"Polygon","coordinates":[[[16.21582,48.34165],[16.47949,48.34165],[16.47949,48.37085],[16.21582,48.37085],[16.21582,48.34165]]]}},{"type":"Feature","properties":{},"geometry":{"type":"Polygon","coordinates":[[[16.25977,48.37085],[16.3916,48.37085],[16.3916,48.40003],[16.25977,48.40003],[16.25977,48.37085]]]}},{"type":"Feature","properties":{},"geometry":{"type":"Polygon","coordinates":[[[10.7666,48.40003],[11.03027,48.40003],[11.03027,48.4292],[10.7666,48.4292],[10.7666,48.40003]]]}},{"type":"Feature","properties":{},"geometry":{"type":"Polygon","coordinates":[[[7.60254,48.4292],[7.91016,48.4292],[7.91016,48.45835],[7.60254,48.45835],[7.60254,48.4292]]]}},{"type":"Feature","properties":{},"geometry":{"type":"Polygon","coordinates":[[[7.60254,48.63291],[7.91016,48.63291],[7.91016,48.66194],[7.60254,48.66194],[7.60254,48.63291]]]}},{"type":"Feature","properties":{},"geometry":{"type":"Polygon","coordinates":[[[10.7666,48.4292],[10.98633,48.4292],[10.98633,48.45835],[10.7666,48.45835],[10.7666,48.4292]]]}},{"type":"Feature","properties":{},"geometry":{"type":"Polygon","coordinates":[[[7.51465,48.45835],[7.91016,48.45835],[7.91016,48.60386],[7.51465,48.60386],[7.51465,48.45835]]]}},{"type":"Feature","properties":{},"geometry":{"type":"Polygon","coordinates":[[[10.81055,48.45835],[10.98633,48.45835],[10.98633,48.48749],[10.81055,48.48749],[10.81055,48.45835]]]}},{"type":"Feature","properties":{},"geometry":{"type":"Polygon","coordinates":[[[10.81055,60.06484],[10.98633,60.06484],[10.98633,60.13056],[10.81055,60.13056],[10.81055,60.06484]]]}},{"type":"Feature","properties":{},"geometry":{"type":"Polygon","coordinates":[[[15.99609,45.67548],[16.12793,45.67548],[16.12793,45.70618],[15.99609,45.70618],[15.99609,45.67548]]]}},{"type":"Feature","properties":{},"geometry":{"type":"Polygon","coordinates":[[[15.86426,45.70618],[16.17187,45.70618],[16.17187,45.73686],[15.86426,45.73686],[15.86426,45.70618]]]}},{"type":"Feature","properties":{},"geometry":{"type":"Polygon","coordinates":[[[1.05469,49.35376],[1.14258,49.35376],[1.14258,49.38237],[1.05469,49.38237],[1.05469,49.35376]]]}},{"type":"Feature","properties":{},"geometry":{"type":"Polygon","coordinates":[[[1.05469,49.46812],[1.14258,49.46812],[1.14258,49.49667],[1.05469,49.49667],[1.05469,49.46812]]]}},{"type":"Feature","properties":{},"geometry":{"type":"Polygon","coordinates":[[[8.30566,49.35376],[8.74512,49.35376],[8.74512,49.58223],[8.30566,49.58223],[8.30566,49.35376]]]}},{"type":"Feature","properties":{},"geometry":{"type":"Polygon","coordinates":[[[10.98633,49.35376],[11.07422,49.35376],[11.07422,49.38237],[10.98633,49.38237],[10.98633,49.35376]]]}},{"type":"Feature","properties":{},"geometry":{"type":"Polygon","coordinates":[[[10.98633,49.52521],[11.07422,49.52521],[11.07422,49.55373],[10.98633,49.55373],[10.98633,49.52521]]]}},{"type":"Feature","properties":{},"geometry":{"type":"Polygon","coordinates":[[[10.98633,49.38237],[11.20605,49.38237],[11.20605,49.43956],[10.98633,49.43956],[10.98633,49.38237]]]}},{"type":"Feature","properties":{},"geometry":{"type":"Polygon","coordinates":[[[1.01074,49.43956],[1.18652,49.43956],[1.18652,49.46812],[1.01074,49.46812],[1.01074,49.43956]]]}},{"type":"Feature","properties":{},"geometry":{"type":"Polygon","coordinates":[[[10.94238,49.43956],[11.16211,49.43956],[11.16211,49.46812],[10.94238,49.46812],[10.94238,49.43956]]]}},{"type":"Feature","properties":{},"geometry":{"type":"Polygon","coordinates":[[[10.89844,49.46812],[11.16211,49.46812],[11.16211,49.49667],[10.89844,49.49667],[10.89844,49.46812]]]}},{"type":"Feature","properties":{},"geometry":{"type":"Polygon","coordinates":[[[11.55762,47.98992],[11.60156,47.98992],[11.60156,48.01932],[11.55762,48.01932],[11.55762,47.98992]]]}},{"type":"Feature","properties":{},"geometry":{"type":"Polygon","coordinates":[[[7.69043,48.00463],[7.88818,48.00463],[7.88818,48.03402],[7.69043,48.03402],[7.69043,48.00463]]]}},{"type":"Feature","properties":{},"geometry":{"type":"Polygon","coordinates":[[[11.46973,48.01932],[11.7334,48.01932],[11.7334,48.04871],[11.46973,48.04871],[11.46973,48.01932]]]}},{"type":"Feature","properties":{},"geometry":{"type":"Polygon","coordinates":[[[16.17187,48.01932],[16.43555,48.01932],[16.43555,48.04871],[16.17187,48.04871],[16.17187,48.01932]]]}},{"type":"Feature","properties":{},"geometry":{"type":"Polygon","coordinates":[[[7.69043,48.03402],[7.73437,48.03402],[7.73437,48.04871],[7.69043,48.04871],[7.69043,48.03402]]]}},{"type":"Feature","properties":{},"geometry":{"type":"Polygon","coordinates":[[[7.77832,48.03402],[7.86621,48.03402],[7.86621,48.0634],[7.77832,48.0634],[7.77832,48.03402]]]}},{"type":"Feature","properties":{},"geometry":{"type":"Polygon","coordinates":[[[11.42578,48.04871],[11.77734,48.04871],[11.77734,48.07808],[11.42578,48.07808],[11.42578,48.04871]]]}},{"type":"Feature","properties":{},"geometry":{"type":"Polygon","coordinates":[[[16.17187,48.04871],[16.47949,48.04871],[16.47949,48.07808],[16.17187,48.07808],[16.17187,48.04871]]]}},{"type":"Feature","properties":{},"geometry":{"type":"Polygon","coordinates":[[[7.80029,48.0634],[7.84424,48.0634],[7.84424,48.07808],[7.80029,48.07808],[7.80029,48.0634]]]}},{"type":"Feature","properties":{},"geometry":{"type":"Polygon","coordinates":[[[9.22852,48.54571],[9.49219,48.54571],[9.49219,48.60386],[9.22852,48.60386],[9.22852,48.54571]]]}},{"type":"Feature","properties":{},"geometry":{"type":"Polygon","coordinates":[[[7.55859,48.60386],[7.91016,48.60386],[7.91016,48.63291],[7.55859,48.63291],[7.55859,48.60386]]]}},{"type":"Feature","properties":{},"geometry":{"type":"Polygon","coordinates":[[[8.9209,48.60386],[9.53613,48.60386],[9.53613,48.63291],[8.9209,48.63291],[8.9209,48.60386]]]}},{"type":"Feature","properties":{},"geometry":{"type":"Polygon","coordinates":[[[8.9209,48.71996],[9.53613,48.71996],[9.53613,48.74895],[8.9209,48.74895],[8.9209,48.71996]]]}},{"type":"Feature","properties":{},"geometry":{"type":"Polygon","coordinates":[[[8.9209,48.86471],[9.53613,48.86471],[9.53613,48.89362],[8.9209,48.89362],[8.9209,48.86471]]]}},{"type":"Feature","properties":{},"geometry":{"type":"Polygon","coordinates":[[[21.09375,48.60386],[21.31348,48.60386],[21.31348,48.63291],[21.09375,48.63291],[21.09375,48.60386]]]}},{"type":"Feature","properties":{},"geometry":{"type":"Polygon","coordinates":[[[21.09375,48.77791],[21.31348,48.77791],[21.31348,48.80686],[21.09375,48.80686],[21.09375,48.77791]]]}},{"type":"Feature","properties":{},"geometry":{"type":"Polygon","coordinates":[[[8.87695,48.63291],[9.53613,48.63291],[9.53613,48.71996],[8.87695,48.71996],[8.87695,48.63291]]]}},{"type":"Feature","properties":{},"geometry":{"type":"Polygon","coordinates":[[[21.09375,48.63291],[21.40137,48.63291],[21.40137,48.69096],[21.09375,48.69096],[21.09375,48.63291]]]}},{"type":"Feature","properties":{},"geometry":{"type":"Polygon","coordinates":[[[7.60254,48.66194],[7.82227,48.66194],[7.82227,48.71996],[7.60254,48.71996],[7.60254,48.66194]]]}},{"type":"Feature","properties":{},"geometry":{"type":"Polygon","coordinates":[[[21.09375,48.69096],[21.35742,48.69096],[21.35742,48.77791],[21.09375,48.77791],[21.09375,48.69096]]]}},{"type":"Feature","properties":{},"geometry":{"type":"Polygon","coordinates":[[[8.26172,48.86471],[8.4375,48.86471],[8.4375,48.89362],[8.26172,48.89362],[8.26172,48.86471]]]}},{"type":"Feature","properties":{},"geometry":{"type":"Polygon","coordinates":[[[8.26172,48.89362],[8.48145,48.89362],[8.48145,48.9225],[8.26172,48.9225],[8.26172,48.89362]]]}},{"type":"Feature","properties":{},"geometry":{"type":"Polygon","coordinates":[[[9.00879,48.89362],[9.53613,48.89362],[9.53613,49.00905],[9.00879,49.00905],[9.00879,48.89362]]]}},{"type":"Feature","properties":{},"geometry":{"type":"Polygon","coordinates":[[[5.97656,49.58223],[6.24023,49.58223],[6.24023,49.66763],[5.97656,49.66763],[5.97656,49.58223]]]}},{"type":"Feature","properties":{},"geometry":{"type":"Polygon","coordinates":[[[13.35937,49.63918],[13.49121,49.63918],[13.49121,49.66763],[13.35937,49.66763],[13.35937,49.63918]]]}},{"type":"Feature","properties":{},"geometry":{"type":"Polygon","coordinates":[[[6.06445,49.66763],[6.19629,49.66763],[6.19629,49.72448],[6.06445,49.72448],[6.06445,49.66763]]]}},{"type":"Feature","properties":{},"geometry":{"type":"Polygon","coordinates":[[[13.22754,49.66763],[13.53516,49.66763],[13.53516,49.78126],[13.22754,49.78126],[13.22754,49.66763]]]}},{"type":"Feature","properties":{},"geometry":{"type":"Polygon","coordinates":[[[6.06445,49.72448],[6.15234,49.72448],[6.15234,49.75288],[6.06445,49.75288],[6.06445,49.72448]]]}},{"type":"Feature","properties":{},"geometry":{"type":"Polygon","coordinates":[[[8.9209,48.74895],[9.49219,48.74895],[9.49219,48.86471],[8.9209,48.86471],[8.9209,48.74895]]]}},{"type":"Feature","properties":{},"geometry":{"type":"Polygon","coordinates":[[[2.15332,49.78126],[2.46094,49.78126],[2.46094,49.80963],[2.15332,49.80963],[2.15332,49.78126]]]}},{"type":"Feature","properties":{},"geometry":{"type":"Polygon","coordinates":[[[8.48145,49.78126],[8.78906,49.78126],[8.78906,49.89463],[8.48145,49.89463],[8.48145,49.78126]]]}},{"type":"Feature","properties":{},"geometry":{"type":"Polygon","coordinates":[[[8.48145,53.14677],[8.78906,53.14677],[8.78906,53.22577],[8.48145,53.22577],[8.48145,53.14677]]]}},{"type":"Feature","properties":{},"geometry":{"type":"Polygon","coordinates":[[[13.27148,49.78126],[13.53516,49.78126],[13.53516,49.80963],[13.27148,49.80963],[13.27148,49.78126]]]}},{"type":"Feature","properties":{},"geometry":{"type":"Polygon","coordinates":[[[2.15332,49.80963],[2.59277,49.80963],[2.59277,49.83798],[2.15332,49.83798],[2.15332,49.80963]]]}},{"type":"Feature","properties":{},"geometry":{"type":"Polygon","coordinates":[[[13.31543,49.80963],[13.49121,49.80963],[13.49121,49.83798],[13.31543,49.83798],[13.31543,49.80963]]]}},{"type":"Feature","properties":{},"geometry":{"type":"Polygon","coordinates":[[[3.91113,49.1817],[4.1748,49.1817],[4.1748,49.21042],[3.91113,49.21042],[3.91113,49.1817]]]}},{"type":"Feature","properties":{},"geometry":{"type":"Polygon","coordinates":[[[16.43555,49.09545],[16.78711,49.09545],[16.78711,49.23912],[16.43555,49.23912],[16.43555,49.09545]]]}},{"type":"Feature","properties":{},"geometry":{"type":"Polygon","coordinates":[[[3.91113,49.21042],[4.21875,49.21042],[4.21875,49.32512],[3.91113,49.32512],[3.91113,49.21042]]]}},{"type":"Feature","properties":{},"geometry":{"type":"Polygon","coordinates":[[[8.61328,49.23912],[8.70117,49.23912],[8.70117,49.2678],[8.61328,49.2678],[8.61328,49.23912]]]}},{"type":"Feature","properties":{},"geometry":{"type":"Polygon","coordinates":[[[16.47949,49.23912],[16.78711,49.23912],[16.78711,49.2678],[16.47949,49.2678],[16.47949,49.23912]]]}},{"type":"Feature","properties":{},"geometry":{"type":"Polygon","coordinates":[[[8.52539,49.2678],[8.74512,49.2678],[8.74512,49.29647],[8.52539,49.29647],[8.52539,49.2678]]]}},{"type":"Feature","properties":{},"geometry":{"type":"Polygon","coordinates":[[[16.47949,49.2678],[16.74316,49.2678],[16.74316,49.29647],[16.47949,49.29647],[16.47949,49.2678]]]}},{"type":"Feature","properties":{},"geometry":{"type":"Polygon","coordinates":[[[8.48145,49.29647],[8.74512,49.29647],[8.74512,49.32512],[8.48145,49.32512],[8.48145,49.29647]]]}},{"type":"Feature","properties":{},"geometry":{"type":"Polygon","coordinates":[[[3.95508,49.32512],[4.1748,49.32512],[4.1748,49.35376],[3.95508,49.35376],[3.95508,49.32512]]]}},{"type":"Feature","properties":{},"geometry":{"type":"Polygon","coordinates":[[[8.34961,49.32512],[8.74512,49.32512],[8.74512,49.35376],[8.34961,49.35376],[8.34961,49.32512]]]}},{"type":"Feature","properties":{},"geometry":{"type":"Polygon","coordinates":[[[8.21777,49.06667],[8.61328,49.06667],[8.61328,49.09545],[8.21777,49.09545],[8.21777,49.06667]]]}},{"type":"Feature","properties":{},"geometry":{"type":"Polygon","coordinates":[[[16.43555,49.06667],[16.69922,49.06667],[16.69922,49.09545],[16.43555,49.09545],[16.43555,49.06667]]]}},{"type":"Feature","properties":{},"geometry":{"type":"Polygon","coordinates":[[[8.21777,49.09545],[8.56934,49.09545],[8.56934,49.12422],[8.21777,49.12422],[8.21777,49.09545]]]}},{"type":"Feature","properties":{},"geometry":{"type":"Polygon","coordinates":[[[8.21777,48.9225],[8.48145,48.9225],[8.48145,48.95137],[8.21777,48.95137],[8.21777,48.9225]]]}},{"type":"Feature","properties":{},"geometry":{"type":"Polygon","coordinates":[[[8.21777,49.12422],[8.48145,49.12422],[8.48145,49.15297],[8.21777,49.15297],[8.21777,49.12422]]]}},{"type":"Feature","properties":{},"geometry":{"type":"Polygon","coordinates":[[[10.94238,49.49667],[11.11816,49.49667],[11.11816,49.52521],[10.94238,49.52521],[10.94238,49.49667]]]}},{"type":"Feature","properties":{},"geometry":{"type":"Polygon","coordinates":[[[8.17383,48.95137],[8.61328,48.95137],[8.61328,49.06667],[8.17383,49.06667],[8.17383,48.95137]]]}},{"type":"Feature","properties":{},"geometry":{"type":"Polygon","coordinates":[[[9.05273,49.00905],[9.18457,49.00905],[9.18457,49.03787],[9.05273,49.03787],[9.05273,49.00905]]]}},{"type":"Feature","properties":{},"geometry":{"type":"Polygon","coordinates":[[[2.94434,50.59719],[3.20801,50.59719],[3.20801,50.65294],[2.94434,50.65294],[2.94434,50.59719]]]}},{"type":"Feature","properties":{},"geometry":{"type":"Polygon","coordinates":[[[4.21875,50.59719],[4.6582,50.59719],[4.6582,50.62507],[4.21875,50.62507],[4.21875,50.59719]]]}},{"type":"Feature","properties":{},"geometry":{"type":"Polygon","coordinates":[[[7.03125,50.59719],[7.29492,50.59719],[7.29492,50.65294],[7.03125,50.65294],[7.03125,50.59719]]]}},{"type":"Feature","properties":{},"geometry":{"type":"Polygon","coordinates":[[[4.13086,50.62507],[4.74609,50.62507],[4.74609,50.65294],[4.13086,50.65294],[4.13086,50.62507]]]}},{"type":"Feature","properties":{},"geometry":{"type":"Polygon","coordinates":[[[2.94434,50.65294],[3.25195,50.65294],[3.25195,50.6808],[2.94434,50.6808],[2.94434,50.65294]]]}},{"type":"Feature","properties":{},"geometry":{"type":"Polygon","coordinates":[[[4.08691,50.65294],[4.74609,50.65294],[4.74609,50.73646],[4.08691,50.73646],[4.08691,50.65294]]]}},{"type":"Feature","properties":{},"geometry":{"type":"Polygon","coordinates":[[[6.9873,50.65294],[7.29492,50.65294],[7.29492,50.6808],[6.9873,50.6808],[6.9873,50.65294]]]}},{"type":"Feature","properties":{},"geometry":{"type":"Polygon","coordinates":[[[3.03223,50.6808],[3.25195,50.6808],[3.25195,50.70863],[3.03223,50.70863],[3.03223,50.6808]]]}},{"type":"Feature","properties":{},"geometry":{"type":"Polygon","coordinates":[[[6.94336,50.6808],[7.29492,50.6808],[7.29492,50.70863],[6.94336,50.70863],[6.94336,50.6808]]]}},{"type":"Feature","properties":{},"geometry":{"type":"Polygon","coordinates":[[[3.12012,50.70863],[3.20801,50.70863],[3.20801,50.76426],[3.12012,50.76426],[3.12012,50.70863]]]}},{"type":"Feature","properties":{},"geometry":{"type":"Polygon","coordinates":[[[6.94336,50.70863],[7.33887,50.70863],[7.33887,50.73646],[6.94336,50.73646],[6.94336,50.70863]]]}},{"type":"Feature","properties":{},"geometry":{"type":"Polygon","coordinates":[[[2.98828,50.54136],[3.16406,50.54136],[3.16406,50.56928],[2.98828,50.56928],[2.98828,50.54136]]]}},{"type":"Feature","properties":{},"geometry":{"type":"Polygon","coordinates":[[[2.10937,49.83798],[2.59277,49.83798],[2.59277,49.89463],[2.10937,49.89463],[2.10937,49.83798]]]}},{"type":"Feature","properties":{},"geometry":{"type":"Polygon","coordinates":[[[2.06543,49.89463],[2.59277,49.89463],[2.59277,49.95122],[2.06543,49.95122],[2.06543,49.89463]]]}},{"type":"Feature","properties":{},"geometry":{"type":"Polygon","coordinates":[[[8.48145,49.89463],[8.96484,49.89463],[8.96484,50.03597],[8.48145,50.03597],[8.48145,49.89463]]]}},{"type":"Feature","properties":{},"geometry":{"type":"Polygon","coordinates":[[[8.48145,50.23315],[8.96484,50.23315],[8.96484,50.26125],[8.48145,50.26125],[8.48145,50.23315]]]}},{"type":"Feature","properties":{},"geometry":{"type":"Polygon","coordinates":[[[14.28223,49.92294],[14.50195,49.92294],[14.50195,49.95122],[14.28223,49.95122],[14.28223,49.92294]]]}},{"type":"Feature","properties":{},"geometry":{"type":"Polygon","coordinates":[[[2.06543,49.95122],[2.54883,49.95122],[2.54883,49.97949],[2.06543,49.97949],[2.06543,49.95122]]]}},{"type":"Feature","properties":{},"geometry":{"type":"Polygon","coordinates":[[[14.23828,49.95122],[14.72168,49.95122],[14.72168,49.97949],[14.23828,49.97949],[14.23828,49.95122]]]}},{"type":"Feature","properties":{},"geometry":{"type":"Polygon","coordinates":[[[2.15332,49.97949],[2.50488,49.97949],[2.50488,50.00774],[2.15332,50.00774],[2.15332,49.97949]]]}},{"type":"Feature","properties":{},"geometry":{"type":"Polygon","coordinates":[[[14.19434,49.97949],[14.76562,49.97949],[14.76562,50.00774],[14.19434,50.00774],[14.19434,49.97949]]]}},{"type":"Feature","properties":{},"geometry":{"type":"Polygon","coordinates":[[[2.24121,50.00774],[2.37305,50.00774],[2.37305,50.03597],[2.24121,50.03597],[2.24121,50.00774]]]}},{"type":"Feature","properties":{},"geometry":{"type":"Polygon","coordinates":[[[14.15039,50.00774],[14.80957,50.00774],[14.80957,50.14875],[14.15039,50.14875],[14.15039,50.00774]]]}},{"type":"Feature","properties":{},"geometry":{"type":"Polygon","coordinates":[[[8.48145,50.03597],[9.09668,50.03597],[9.09668,50.23315],[8.48145,50.23315],[8.48145,50.03597]]]}},{"type":"Feature","properties":{},"geometry":{"type":"Polygon","coordinates":[[[14.15039,50.14875],[14.76562,50.14875],[14.76562,50.1769],[14.15039,50.1769],[14.15039,50.14875]]]}},{"type":"Feature","properties":{},"geometry":{"type":"Polygon","coordinates":[[[14.23828,50.1769],[14.67773,50.1769],[14.67773,50.20503],[14.23828,50.20503],[14.23828,50.1769]]]}},{"type":"Feature","properties":{},"geometry":{"type":"Polygon","coordinates":[[[14.32617,50.20503],[14.58984,50.20503],[14.58984,50.23315],[14.32617,50.23315],[14.32617,50.20503]]]}},{"type":"Feature","properties":{},"geometry":{"type":"Polygon","coordinates":[[[8.48145,50.26125],[8.83301,50.26125],[8.83301,50.28934],[8.48145,50.28934],[8.48145,50.26125]]]}},{"type":"Feature","properties":{},"geometry":{"type":"Polygon","coordinates":[[[8.56934,50.28934],[8.83301,50.28934],[8.83301,50.31741],[8.56934,50.31741],[8.56934,50.28934]]]}},{"type":"Feature","properties":{},"geometry":{"type":"Polygon","coordinates":[[[0,50.76426],[0.04395,50.76426],[0.04395,50.87531],[0,50.87531],[0,50.76426]]]}},{"type":"Feature","properties":{},"geometry":{"type":"Polygon","coordinates":[[[4.08691,50.73646],[4.70215,50.73646],[4.70215,50.79205],[4.08691,50.79205],[4.08691,50.73646]]]}},{"type":"Feature","properties":{},"geometry":{"type":"Polygon","coordinates":[[[6.76758,50.76426],[7.38281,50.76426],[7.38281,50.81982],[6.76758,50.81982],[6.76758,50.76426]]]}},{"type":"Feature","properties":{},"geometry":{"type":"Polygon","coordinates":[[[4.08691,50.79205],[4.6582,50.79205],[4.6582,50.87531],[4.08691,50.87531],[4.08691,50.79205]]]}},{"type":"Feature","properties":{},"geometry":{"type":"Polygon","coordinates":[[[6.72363,50.81982],[7.33887,50.81982],[7.33887,50.84757],[6.72363,50.84757],[6.72363,50.81982]]]}},{"type":"Feature","properties":{},"geometry":{"type":"Polygon","coordinates":[[[6.67969,50.84757],[7.33887,50.84757],[7.33887,50.87531],[6.67969,50.87531],[6.67969,50.84757]]]}},{"type":"Feature","properties":{},"geometry":{"type":"Polygon","coordinates":[[[0,51.39921],[0.17578,51.39921],[0.17578,51.61802],[0,51.61802],[0,51.39921]]]}},{"type":"Feature","properties":{},"geometry":{"type":"Polygon","coordinates":[[[4.1748,51.39921],[4.35059,51.39921],[4.35059,51.42661],[4.1748,51.42661],[4.1748,51.39921]]]}},{"type":"Feature","properties":{},"geometry":{"type":"Polygon","coordinates":[[[4.1748,52.07951],[4.35059,52.07951],[4.35059,52.10651],[4.1748,52.10651],[4.1748,52.07951]]]}},{"type":"Feature","properties":{},"geometry":{"type":"Polygon","coordinates":[[[5.27344,51.39921],[5.625,51.39921],[5.625,51.48138],[5.27344,51.48138],[5.27344,51.39921]]]}},{"type":"Feature","properties":{},"geometry":{"type":"Polygon","coordinates":[[[6.63574,51.37178],[6.94336,51.37178],[6.94336,51.42661],[6.63574,51.42661],[6.63574,51.37178]]]}},{"type":"Feature","properties":{},"geometry":{"type":"Polygon","coordinates":[[[6.63574,51.50874],[6.94336,51.50874],[6.94336,51.56341],[6.63574,51.56341],[6.63574,51.50874]]]}},{"type":"Feature","properties":{},"geometry":{"type":"Polygon","coordinates":[[[7.42676,51.37178],[7.69043,51.37178],[7.69043,51.67256],[7.42676,51.67256],[7.42676,51.37178]]]}},{"type":"Feature","properties":{},"geometry":{"type":"Polygon","coordinates":[[[11.95312,51.39921],[12.04102,51.39921],[12.04102,51.42661],[11.95312,51.42661],[11.95312,51.39921]]]}},{"type":"Feature","properties":{},"geometry":{"type":"Polygon","coordinates":[[[12.17285,51.23441],[12.56836,51.23441],[12.56836,51.48138],[12.17285,51.48138],[12.17285,51.23441]]]}},{"type":"Feature","properties":{},"geometry":{"type":"Polygon","coordinates":[[[6.54785,51.42661],[6.94336,51.42661],[6.94336,51.50874],[6.54785,51.50874],[6.54785,51.42661]]]}},{"type":"Feature","properties":{},"geometry":{"type":"Polygon","coordinates":[[[11.86523,51.42661],[12.04102,51.42661],[12.04102,51.45401],[11.86523,51.45401],[11.86523,51.42661]]]}},{"type":"Feature","properties":{},"geometry":{"type":"Polygon","coordinates":[[[11.86523,51.48138],[12.04102,51.48138],[12.04102,51.53609],[11.86523,51.53609],[11.86523,51.48138]]]}},{"type":"Feature","properties":{},"geometry":{"type":"Polygon","coordinates":[[[11.82129,51.45401],[12.04102,51.45401],[12.04102,51.48138],[11.82129,51.48138],[11.82129,51.45401]]]}},{"type":"Feature","properties":{},"geometry":{"type":"Polygon","coordinates":[[[5.31738,51.37178],[5.625,51.37178],[5.625,51.39921],[5.31738,51.39921],[5.31738,51.37178]]]}},{"type":"Feature","properties":{},"geometry":{"type":"Polygon","coordinates":[[[5.31738,51.48138],[5.625,51.48138],[5.625,51.56341],[5.31738,51.56341],[5.31738,51.48138]]]}},{"type":"Feature","properties":{},"geometry":{"type":"Polygon","coordinates":[[[11.90918,51.53609],[11.99707,51.53609],[11.99707,51.56341],[11.90918,51.56341],[11.90918,51.53609]]]}},{"type":"Feature","properties":{},"geometry":{"type":"Polygon","coordinates":[[[6.67969,51.15179],[6.94336,51.15179],[6.94336,51.37178],[6.67969,51.37178],[6.67969,51.15179]]]}},{"type":"Feature","properties":{},"geometry":{"type":"Polygon","coordinates":[[[6.67969,51.56341],[6.94336,51.56341],[6.94336,51.61802],[6.67969,51.61802],[6.67969,51.56341]]]}},{"type":"Feature","properties":{},"geometry":{"type":"Polygon","coordinates":[[[6.81152,50.73646],[7.38281,50.73646],[7.38281,50.76426],[6.81152,50.76426],[6.81152,50.73646]]]}},{"type":"Feature","properties":{},"geometry":{"type":"Polygon","coordinates":[[[4.13086,50.87531],[4.6582,50.87531],[4.6582,50.90303],[4.13086,50.90303],[4.13086,50.87531]]]}},{"type":"Feature","properties":{},"geometry":{"type":"Polygon","coordinates":[[[4.13086,51.17934],[4.6582,51.17934],[4.6582,51.26191],[4.13086,51.26191],[4.13086,51.17934]]]}},{"type":"Feature","properties":{},"geometry":{"type":"Polygon","coordinates":[[[6.67969,50.87531],[7.29492,50.87531],[7.29492,51.01375],[6.67969,51.01375],[6.67969,50.87531]]]}},{"type":"Feature","properties":{},"geometry":{"type":"Polygon","coordinates":[[[3.60352,50.90303],[3.82324,50.90303],[3.82324,50.93074],[3.60352,50.93074],[3.60352,50.90303]]]}},{"type":"Feature","properties":{},"geometry":{"type":"Polygon","coordinates":[[[3.60352,51.09662],[3.82324,51.09662],[3.82324,51.23441],[3.60352,51.23441],[3.60352,51.09662]]]}},{"type":"Feature","properties":{},"geometry":{"type":"Polygon","coordinates":[[[4.13086,50.90303],[4.35059,50.90303],[4.35059,50.93074],[4.13086,50.93074],[4.13086,50.90303]]]}},{"type":"Feature","properties":{},"geometry":{"type":"Polygon","coordinates":[[[4.13086,52.05249],[4.35059,52.05249],[4.35059,52.07951],[4.13086,52.07951],[4.13086,52.05249]]]}},{"type":"Feature","properties":{},"geometry":{"type":"Polygon","coordinates":[[[3.55957,50.93074],[3.82324,50.93074],[3.82324,51.01375],[3.55957,51.01375],[3.55957,50.93074]]]}},{"type":"Feature","properties":{},"geometry":{"type":"Polygon","coordinates":[[[3.55957,51.06902],[3.82324,51.06902],[3.82324,51.09662],[3.55957,51.09662],[3.55957,51.06902]]]}},{"type":"Feature","properties":{},"geometry":{"type":"Polygon","coordinates":[[[13.5791,50.93074],[14.01855,50.93074],[14.01855,51.01375],[13.5791,51.01375],[13.5791,50.93074]]]}},{"type":"Feature","properties":{},"geometry":{"type":"Polygon","coordinates":[[[4.30664,50.95843],[4.70215,50.95843],[4.70215,50.9861],[4.30664,50.9861],[4.30664,50.95843]]]}},{"type":"Feature","properties":{},"geometry":{"type":"Polygon","coordinates":[[[4.2627,50.9861],[4.70215,50.9861],[4.70215,51.04139],[4.2627,51.04139],[4.2627,50.9861]]]}},{"type":"Feature","properties":{},"geometry":{"type":"Polygon","coordinates":[[[3.51562,51.01375],[3.82324,51.01375],[3.82324,51.06902],[3.51562,51.06902],[3.51562,51.01375]]]}},{"type":"Feature","properties":{},"geometry":{"type":"Polygon","coordinates":[[[6.67969,51.01375],[7.25098,51.01375],[7.25098,51.04139],[6.67969,51.04139],[6.67969,51.01375]]]}},{"type":"Feature","properties":{},"geometry":{"type":"Polygon","coordinates":[[[13.5791,51.01375],[13.97461,51.01375],[13.97461,51.06902],[13.5791,51.06902],[13.5791,51.01375]]]}},{"type":"Feature","properties":{},"geometry":{"type":"Polygon","coordinates":[[[4.21875,51.04139],[4.70215,51.04139],[4.70215,51.06902],[4.21875,51.06902],[4.21875,51.04139]]]}},{"type":"Feature","properties":{},"geometry":{"type":"Polygon","coordinates":[[[6.67969,51.04139],[7.20703,51.04139],[7.20703,51.06902],[6.67969,51.06902],[6.67969,51.04139]]]}},{"type":"Feature","properties":{},"geometry":{"type":"Polygon","coordinates":[[[3.07617,51.06902],[3.25195,51.06902],[3.25195,51.09662],[3.07617,51.09662],[3.07617,51.06902]]]}},{"type":"Feature","properties":{},"geometry":{"type":"Polygon","coordinates":[[[4.1748,51.06902],[4.70215,51.06902],[4.70215,51.15179],[4.1748,51.15179],[4.1748,51.06902]]]}},{"type":"Feature","properties":{},"geometry":{"type":"Polygon","coordinates":[[[6.67969,51.06902],[7.16309,51.06902],[7.16309,51.12421],[6.67969,51.12421],[6.67969,51.06902]]]}},{"type":"Feature","properties":{},"geometry":{"type":"Polygon","coordinates":[[[13.5791,51.06902],[13.93066,51.06902],[13.93066,51.09662],[13.5791,51.09662],[13.5791,51.06902]]]}},{"type":"Feature","properties":{},"geometry":{"type":"Polygon","coordinates":[[[3.07617,51.09662],[3.33984,51.09662],[3.33984,51.12421],[3.07617,51.12421],[3.07617,51.09662]]]}},{"type":"Feature","properties":{},"geometry":{"type":"Polygon","coordinates":[[[6.37207,51.09662],[6.45996,51.09662],[6.45996,51.12421],[6.37207,51.12421],[6.37207,51.09662]]]}},{"type":"Feature","properties":{},"geometry":{"type":"Polygon","coordinates":[[[13.5791,51.09662],[13.88672,51.09662],[13.88672,51.15179],[13.5791,51.15179],[13.5791,51.09662]]]}},{"type":"Feature","properties":{},"geometry":{"type":"Polygon","coordinates":[[[2.98828,51.12421],[3.38379,51.12421],[3.38379,51.15179],[2.98828,51.15179],[2.98828,51.12421]]]}},{"type":"Feature","properties":{},"geometry":{"type":"Polygon","coordinates":[[[2.98828,51.17934],[3.38379,51.17934],[3.38379,51.20688],[2.98828,51.20688],[2.98828,51.17934]]]}},{"type":"Feature","properties":{},"geometry":{"type":"Polygon","coordinates":[[[6.37207,51.12421],[6.50391,51.12421],[6.50391,51.15179],[6.37207,51.15179],[6.37207,51.12421]]]}},{"type":"Feature","properties":{},"geometry":{"type":"Polygon","coordinates":[[[6.37207,51.17934],[6.50391,51.17934],[6.50391,51.23441],[6.37207,51.23441],[6.37207,51.17934]]]}},{"type":"Feature","properties":{},"geometry":{"type":"Polygon","coordinates":[[[6.67969,51.12421],[7.11914,51.12421],[7.11914,51.15179],[6.67969,51.15179],[6.67969,51.12421]]]}},{"type":"Feature","properties":{},"geometry":{"type":"Polygon","coordinates":[[[2.98828,51.15179],[3.42773,51.15179],[3.42773,51.17934],[2.98828,51.17934],[2.98828,51.15179]]]}},{"type":"Feature","properties":{},"geometry":{"type":"Polygon","coordinates":[[[4.13086,51.15179],[4.70215,51.15179],[4.70215,51.17934],[4.13086,51.17934],[4.13086,51.15179]]]}},{"type":"Feature","properties":{},"geometry":{"type":"Polygon","coordinates":[[[6.37207,51.15179],[6.54785,51.15179],[6.54785,51.17934],[6.37207,51.17934],[6.37207,51.15179]]]}},{"type":"Feature","properties":{},"geometry":{"type":"Polygon","coordinates":[[[7.11914,51.15179],[7.14111,51.15179],[7.14111,51.16557],[7.11914,51.16557],[7.11914,51.15179]]]}},{"type":"Feature","properties":{},"geometry":{"type":"Polygon","coordinates":[[[13.62305,51.15179],[13.88672,51.15179],[13.88672,51.17934],[13.62305,51.17934],[13.62305,51.15179]]]}},{"type":"Feature","properties":{},"geometry":{"type":"Polygon","coordinates":[[[7.11914,51.16557],[7.16309,51.16557],[7.16309,51.17934],[7.11914,51.17934],[7.11914,51.16557]]]}},{"type":"Feature","properties":{},"geometry":{"type":"Polygon","coordinates":[[[7.09717,51.17934],[7.16309,51.17934],[7.16309,51.19312],[7.09717,51.19312],[7.09717,51.17934]]]}},{"type":"Feature","properties":{},"geometry":{"type":"Polygon","coordinates":[[[7.09717,51.19312],[7.18506,51.19312],[7.18506,51.20688],[7.09717,51.20688],[7.09717,51.19312]]]}},{"type":"Feature","properties":{},"geometry":{"type":"Polygon","coordinates":[[[7.09717,51.30315],[7.18506,51.30315],[7.18506,51.31688],[7.09717,51.31688],[7.09717,51.30315]]]}},{"type":"Feature","properties":{},"geometry":{"type":"Polygon","coordinates":[[[7.27295,51.19312],[7.31689,51.19312],[7.31689,51.20688],[7.27295,51.20688],[7.27295,51.19312]]]}},{"type":"Feature","properties":{},"geometry":{"type":"Polygon","coordinates":[[[3.03223,51.20688],[3.38379,51.20688],[3.38379,51.34434],[3.03223,51.34434],[3.03223,51.20688]]]}},{"type":"Feature","properties":{},"geometry":{"type":"Polygon","coordinates":[[[7.03125,51.20688],[7.229,51.20688],[7.229,51.22065],[7.03125,51.22065],[7.03125,51.20688]]]}},{"type":"Feature","properties":{},"geometry":{"type":"Polygon","coordinates":[[[7.25098,51.20688],[7.31689,51.20688],[7.31689,51.22065],[7.25098,51.22065],[7.25098,51.20688]]]}},{"type":"Feature","properties":{},"geometry":{"type":"Polygon","coordinates":[[[7.03125,51.22065],[7.31689,51.22065],[7.31689,51.23441],[7.03125,51.23441],[7.03125,51.22065]]]}},{"type":"Feature","properties":{},"geometry":{"type":"Polygon","coordinates":[[[3.69141,51.23441],[3.82324,51.23441],[3.82324,51.28941],[3.69141,51.28941],[3.69141,51.23441]]]}},{"type":"Feature","properties":{},"geometry":{"type":"Polygon","coordinates":[[[6.45996,51.23441],[6.50391,51.23441],[6.50391,51.26191],[6.45996,51.26191],[6.45996,51.23441]]]}},{"type":"Feature","properties":{},"geometry":{"type":"Polygon","coordinates":[[[7.00928,51.23441],[7.31689,51.23441],[7.31689,51.26191],[7.00928,51.26191],[7.00928,51.23441]]]}},{"type":"Feature","properties":{},"geometry":{"type":"Polygon","coordinates":[[[4.13086,51.26191],[4.61426,51.26191],[4.61426,51.34434],[4.13086,51.34434],[4.13086,51.26191]]]}},{"type":"Feature","properties":{},"geometry":{"type":"Polygon","coordinates":[[[7.05322,51.26191],[7.29492,51.26191],[7.29492,51.27566],[7.05322,51.27566],[7.05322,51.26191]]]}},{"type":"Feature","properties":{},"geometry":{"type":"Polygon","coordinates":[[[7.51465,51.26191],[7.55859,51.26191],[7.55859,51.28941],[7.51465,51.28941],[7.51465,51.26191]]]}},{"type":"Feature","properties":{},"geometry":{"type":"Polygon","coordinates":[[[7.0752,51.27566],[7.29492,51.27566],[7.29492,51.28941],[7.0752,51.28941],[7.0752,51.27566]]]}},{"type":"Feature","properties":{},"geometry":{"type":"Polygon","coordinates":[[[5.40527,51.28941],[5.58105,51.28941],[5.58105,51.31688],[5.40527,51.31688],[5.40527,51.28941]]]}},{"type":"Feature","properties":{},"geometry":{"type":"Polygon","coordinates":[[[7.0752,51.28941],[7.27295,51.28941],[7.27295,51.30315],[7.0752,51.30315],[7.0752,51.28941]]]}},{"type":"Feature","properties":{},"geometry":{"type":"Polygon","coordinates":[[[7.42676,51.28941],[7.60254,51.28941],[7.60254,51.37178],[7.42676,51.37178],[7.42676,51.28941]]]}},{"type":"Feature","properties":{},"geometry":{"type":"Polygon","coordinates":[[[7.20703,51.30315],[7.27295,51.30315],[7.27295,51.31688],[7.20703,51.31688],[7.20703,51.30315]]]}},{"type":"Feature","properties":{},"geometry":{"type":"Polygon","coordinates":[[[5.36133,51.31688],[5.625,51.31688],[5.625,51.37178],[5.36133,51.37178],[5.36133,51.31688]]]}},{"type":"Feature","properties":{},"geometry":{"type":"Polygon","coordinates":[[[7.25098,51.31688],[7.27295,51.31688],[7.27295,51.33061],[7.25098,51.33061],[7.25098,51.31688]]]}},{"type":"Feature","properties":{},"geometry":{"type":"Polygon","coordinates":[[[3.12012,51.34434],[3.38379,51.34434],[3.38379,51.39921],[3.12012,51.39921],[3.12012,51.34434]]]}},{"type":"Feature","properties":{},"geometry":{"type":"Polygon","coordinates":[[[4.1748,51.34434],[4.61426,51.34434],[4.61426,51.37178],[4.1748,51.37178],[4.1748,51.34434]]]}},{"type":"Feature","properties":{},"geometry":{"type":"Polygon","coordinates":[[[4.1748,51.37178],[4.57031,51.37178],[4.57031,51.39921],[4.1748,51.39921],[4.1748,51.37178]]]}},{"type":"Feature","properties":{},"geometry":{"type":"Polygon","coordinates":[[[0.10986,52.14697],[0.15381,52.14697],[0.15381,52.16045],[0.10986,52.16045],[0.10986,52.14697]]]}},{"type":"Feature","properties":{},"geometry":{"type":"Polygon","coordinates":[[[4.92187,52.13349],[5.18555,52.13349],[5.18555,52.16045],[4.92187,52.16045],[4.92187,52.13349]]]}},{"type":"Feature","properties":{},"geometry":{"type":"Polygon","coordinates":[[[11.55762,52.10651],[11.7334,52.10651],[11.7334,52.16045],[11.55762,52.16045],[11.55762,52.10651]]]}},{"type":"Feature","properties":{},"geometry":{"type":"Polygon","coordinates":[[[0.10986,52.16045],[0.19775,52.16045],[0.19775,52.1874],[0.10986,52.1874],[0.10986,52.16045]]]}},{"type":"Feature","properties":{},"geometry":{"type":"Polygon","coordinates":[[[11.55762,52.16045],[11.68945,52.16045],[11.68945,52.1874],[11.55762,52.1874],[11.55762,52.16045]]]}},{"type":"Feature","properties":{},"geometry":{"type":"Polygon","coordinates":[[[0.08789,52.1874],[0.19775,52.1874],[0.19775,52.24126],[0.08789,52.24126],[0.08789,52.1874]]]}},{"type":"Feature","properties":{},"geometry":{"type":"Polygon","coordinates":[[[4.52637,52.1874],[4.87793,52.1874],[4.87793,52.24126],[4.52637,52.24126],[4.52637,52.1874]]]}},{"type":"Feature","properties":{},"geometry":{"type":"Polygon","coordinates":[[[4.52637,52.53627],[4.87793,52.53627],[4.87793,52.563],[4.52637,52.563],[4.52637,52.53627]]]}},{"type":"Feature","properties":{},"geometry":{"type":"Polygon","coordinates":[[[10.41504,52.1874],[10.59082,52.1874],[10.59082,52.21434],[10.41504,52.21434],[10.41504,52.1874]]]}},{"type":"Feature","properties":{},"geometry":{"type":"Polygon","coordinates":[[[11.60156,52.1874],[11.68945,52.1874],[11.68945,52.21434],[11.60156,52.21434],[11.60156,52.1874]]]}},{"type":"Feature","properties":{},"geometry":{"type":"Polygon","coordinates":[[[10.41504,52.21434],[10.63477,52.21434],[10.63477,52.24126],[10.41504,52.24126],[10.41504,52.21434]]]}},{"type":"Feature","properties":{},"geometry":{"type":"Polygon","coordinates":[[[11.64551,52.21434],[11.68945,52.21434],[11.68945,52.24126],[11.64551,52.24126],[11.64551,52.21434]]]}},{"type":"Feature","properties":{},"geometry":{"type":"Polygon","coordinates":[[[0.15381,52.24126],[0.17578,52.24126],[0.17578,52.25471],[0.15381,52.25471],[0.15381,52.24126]]]}},{"type":"Feature","properties":{},"geometry":{"type":"Polygon","coordinates":[[[4.48242,52.24126],[5.05371,52.24126],[5.05371,52.45601],[4.48242,52.45601],[4.48242,52.24126]]]}},{"type":"Feature","properties":{},"geometry":{"type":"Polygon","coordinates":[[[9.66797,52.24126],[9.93164,52.24126],[9.93164,52.26816],[9.66797,52.26816],[9.66797,52.24126]]]}},{"type":"Feature","properties":{},"geometry":{"type":"Polygon","coordinates":[[[10.41504,52.24126],[10.67871,52.24126],[10.67871,52.29504],[10.41504,52.29504],[10.41504,52.24126]]]}},{"type":"Feature","properties":{},"geometry":{"type":"Polygon","coordinates":[[[13.18359,52.24126],[13.22754,52.24126],[13.22754,52.26816],[13.18359,52.26816],[13.18359,52.24126]]]}},{"type":"Feature","properties":{},"geometry":{"type":"Polygon","coordinates":[[[3.99902,51.83578],[4.2627,51.83578],[4.2627,51.86292],[3.99902,51.86292],[3.99902,51.83578]]]}},{"type":"Feature","properties":{},"geometry":{"type":"Polygon","coordinates":[[[7.55859,51.83578],[7.64648,51.83578],[7.64648,51.86292],[7.55859,51.86292],[7.55859,51.83578]]]}},{"type":"Feature","properties":{},"geometry":{"type":"Polygon","coordinates":[[[3.95508,51.86292],[4.61426,51.86292],[4.61426,51.91717],[3.95508,51.91717],[3.95508,51.86292]]]}},{"type":"Feature","properties":{},"geometry":{"type":"Polygon","coordinates":[[[7.51465,51.86292],[7.73437,51.86292],[7.73437,51.89005],[7.51465,51.89005],[7.51465,51.86292]]]}},{"type":"Feature","properties":{},"geometry":{"type":"Polygon","coordinates":[[[3.91113,51.91717],[4.61426,51.91717],[4.61426,51.99841],[3.91113,51.99841],[3.91113,51.91717]]]}},{"type":"Feature","properties":{},"geometry":{"type":"Polygon","coordinates":[[[5.09766,51.91717],[5.31738,51.91717],[5.31738,51.94426],[5.09766,51.94426],[5.09766,51.91717]]]}},{"type":"Feature","properties":{},"geometry":{"type":"Polygon","coordinates":[[[8.4375,51.91717],[8.65723,51.91717],[8.65723,51.94426],[8.4375,51.94426],[8.4375,51.91717]]]}},{"type":"Feature","properties":{},"geometry":{"type":"Polygon","coordinates":[[[4.96582,51.94426],[5.31738,51.94426],[5.31738,51.99841],[4.96582,51.99841],[4.96582,51.94426]]]}},{"type":"Feature","properties":{},"geometry":{"type":"Polygon","coordinates":[[[8.39355,51.94426],[8.70117,51.94426],[8.70117,51.97135],[8.39355,51.97135],[8.39355,51.94426]]]}},{"type":"Feature","properties":{},"geometry":{"type":"Polygon","coordinates":[[[8.34961,51.97135],[8.70117,51.97135],[8.70117,52.05249],[8.34961,52.05249],[8.34961,51.97135]]]}},{"type":"Feature","properties":{},"geometry":{"type":"Polygon","coordinates":[[[3.95508,51.99841],[4.35059,51.99841],[4.35059,52.02546],[3.95508,52.02546],[3.95508,51.99841]]]}},{"type":"Feature","properties":{},"geometry":{"type":"Polygon","coordinates":[[[4.96582,51.99841],[5.27344,51.99841],[5.27344,52.02546],[4.96582,52.02546],[4.96582,51.99841]]]}},{"type":"Feature","properties":{},"geometry":{"type":"Polygon","coordinates":[[[7.51465,51.99841],[7.77832,51.99841],[7.77832,52.02546],[7.51465,52.02546],[7.51465,51.99841]]]}},{"type":"Feature","properties":{},"geometry":{"type":"Polygon","coordinates":[[[4.08691,52.02546],[4.35059,52.02546],[4.35059,52.05249],[4.08691,52.05249],[4.08691,52.02546]]]}},{"type":"Feature","properties":{},"geometry":{"type":"Polygon","coordinates":[[[4.92187,52.02546],[5.27344,52.02546],[5.27344,52.05249],[4.92187,52.05249],[4.92187,52.02546]]]}},{"type":"Feature","properties":{},"geometry":{"type":"Polygon","coordinates":[[[4.92187,52.05249],[5.22949,52.05249],[5.22949,52.13349],[4.92187,52.13349],[4.92187,52.05249]]]}},{"type":"Feature","properties":{},"geometry":{"type":"Polygon","coordinates":[[[8.39355,52.05249],[8.65723,52.05249],[8.65723,52.07951],[8.39355,52.07951],[8.39355,52.05249]]]}},{"type":"Feature","properties":{},"geometry":{"type":"Polygon","coordinates":[[[11.51367,52.05249],[11.68945,52.05249],[11.68945,52.07951],[11.51367,52.07951],[11.51367,52.05249]]]}},{"type":"Feature","properties":{},"geometry":{"type":"Polygon","coordinates":[[[11.51367,52.07951],[11.7334,52.07951],[11.7334,52.10651],[11.51367,52.10651],[11.51367,52.07951]]]}},{"type":"Feature","properties":{},"geometry":{"type":"Polygon","coordinates":[[[9.62402,52.26816],[9.93164,52.26816],[9.93164,52.29504],[9.62402,52.29504],[9.62402,52.26816]]]}},{"type":"Feature","properties":{},"geometry":{"type":"Polygon","coordinates":[[[13.18359,52.26816],[13.71094,52.26816],[13.71094,52.32191],[13.18359,52.32191],[13.18359,52.26816]]]}},{"type":"Feature","properties":{},"geometry":{"type":"Polygon","coordinates":[[[13.18359,52.66972],[13.71094,52.66972],[13.71094,52.69636],[13.18359,52.69636],[13.18359,52.66972]]]}},{"type":"Feature","properties":{},"geometry":{"type":"Polygon","coordinates":[[[9.58008,52.29504],[9.93164,52.29504],[9.93164,52.32191],[9.58008,52.32191],[9.58008,52.29504]]]}},{"type":"Feature","properties":{},"geometry":{"type":"Polygon","coordinates":[[[10.37109,52.29504],[10.67871,52.29504],[10.67871,52.34876],[10.37109,52.34876],[10.37109,52.29504]]]}},{"type":"Feature","properties":{},"geometry":{"type":"Polygon","coordinates":[[[9.58008,52.32191],[9.97559,52.32191],[9.97559,52.34876],[9.58008,52.34876],[9.58008,52.32191]]]}},{"type":"Feature","properties":{},"geometry":{"type":"Polygon","coordinates":[[[9.58008,52.48278],[9.97559,52.48278],[9.97559,52.50953],[9.58008,52.50953],[9.58008,52.48278]]]}},{"type":"Feature","properties":{},"geometry":{"type":"Polygon","coordinates":[[[13.00781,52.32191],[13.75488,52.32191],[13.75488,52.34876],[13.00781,52.34876],[13.00781,52.32191]]]}},{"type":"Feature","properties":{},"geometry":{"type":"Polygon","coordinates":[[[9.53613,52.34876],[9.97559,52.34876],[9.97559,52.3756],[9.53613,52.3756],[9.53613,52.34876]]]}},{"type":"Feature","properties":{},"geometry":{"type":"Polygon","coordinates":[[[10.37109,52.34876],[10.63477,52.34876],[10.63477,52.3756],[10.37109,52.3756],[10.37109,52.34876]]]}},{"type":"Feature","properties":{},"geometry":{"type":"Polygon","coordinates":[[[12.96387,52.34876],[13.79883,52.34876],[13.79883,52.3756],[12.96387,52.3756],[12.96387,52.34876]]]}},{"type":"Feature","properties":{},"geometry":{"type":"Polygon","coordinates":[[[9.49219,52.3756],[9.97559,52.3756],[9.97559,52.40242],[9.49219,52.40242],[9.49219,52.3756]]]}},{"type":"Feature","properties":{},"geometry":{"type":"Polygon","coordinates":[[[9.49219,52.42922],[9.97559,52.42922],[9.97559,52.45601],[9.49219,52.45601],[9.49219,52.42922]]]}},{"type":"Feature","properties":{},"geometry":{"type":"Polygon","coordinates":[[[12.91992,52.3756],[13.79883,52.3756],[13.79883,52.42922],[12.91992,52.42922],[12.91992,52.3756]]]}},{"type":"Feature","properties":{},"geometry":{"type":"Polygon","coordinates":[[[9.49219,52.40242],[9.93164,52.40242],[9.93164,52.42922],[9.49219,52.42922],[9.49219,52.40242]]]}},{"type":"Feature","properties":{},"geometry":{"type":"Polygon","coordinates":[[[9.49219,52.45601],[9.93164,52.45601],[9.93164,52.48278],[9.49219,52.48278],[9.49219,52.45601]]]}},{"type":"Feature","properties":{},"geometry":{"type":"Polygon","coordinates":[[[12.91992,52.42922],[13.84277,52.42922],[13.84277,52.45601],[12.91992,52.45601],[12.91992,52.42922]]]}},{"type":"Feature","properties":{},"geometry":{"type":"Polygon","coordinates":[[[4.48242,52.45601],[4.92187,52.45601],[4.92187,52.50953],[4.48242,52.50953],[4.48242,52.45601]]]}},{"type":"Feature","properties":{},"geometry":{"type":"Polygon","coordinates":[[[12.96387,52.45601],[13.84277,52.45601],[13.84277,52.48278],[12.96387,52.48278],[12.96387,52.45601]]]}},{"type":"Feature","properties":{},"geometry":{"type":"Polygon","coordinates":[[[6.85547,51.61802],[6.94336,51.61802],[6.94336,51.64529],[6.85547,51.64529],[6.85547,51.61802]]]}},{"type":"Feature","properties":{},"geometry":{"type":"Polygon","coordinates":[[[4.04297,51.78144],[4.13086,51.78144],[4.13086,51.80861],[4.04297,51.80861],[4.04297,51.78144]]]}},{"type":"Feature","properties":{},"geometry":{"type":"Polygon","coordinates":[[[3.99902,51.80861],[4.21875,51.80861],[4.21875,51.83578],[3.99902,51.83578],[3.99902,51.80861]]]}},{"type":"Feature","properties":{},"geometry":{"type":"Polygon","coordinates":[[[12.91992,52.48278],[13.88672,52.48278],[13.88672,52.563],[12.91992,52.563],[12.91992,52.48278]]]}},{"type":"Feature","properties":{},"geometry":{"type":"Polygon","coordinates":[[[4.52637,52.50953],[4.92187,52.50953],[4.92187,52.53627],[4.52637,52.53627],[4.52637,52.50953]]]}},{"type":"Feature","properties":{},"geometry":{"type":"Polygon","coordinates":[[[9.7998,52.50953],[9.93164,52.50953],[9.93164,52.53627],[9.7998,52.53627],[9.7998,52.50953]]]}},{"type":"Feature","properties":{},"geometry":{"type":"Polygon","coordinates":[[[8.74512,52.96188],[8.83301,52.96188],[8.83301,52.98834],[8.74512,52.98834],[8.74512,52.96188]]]}},{"type":"Feature","properties":{},"geometry":{"type":"Polygon","coordinates":[[[8.56934,52.98834],[9.00879,52.98834],[9.00879,53.01478],[8.56934,53.01478],[8.56934,52.98834]]]}},{"type":"Feature","properties":{},"geometry":{"type":"Polygon","coordinates":[[[8.52539,53.01478],[9.00879,53.01478],[9.00879,53.12041],[8.52539,53.12041],[8.52539,53.01478]]]}},{"type":"Feature","properties":{},"geometry":{"type":"Polygon","coordinates":[[[8.52539,53.12041],[8.96484,53.12041],[8.96484,53.14677],[8.52539,53.14677],[8.52539,53.12041]]]}},{"type":"Feature","properties":{},"geometry":{"type":"Polygon","coordinates":[[[8.83301,53.14677],[8.96484,53.14677],[8.96484,53.17312],[8.83301,53.17312],[8.83301,53.14677]]]}},{"type":"Feature","properties":{},"geometry":{"type":"Polygon","coordinates":[[[8.87695,53.17312],[8.96484,53.17312],[8.96484,53.19945],[8.87695,53.19945],[8.87695,53.17312]]]}},{"type":"Feature","properties":{},"geometry":{"type":"Polygon","coordinates":[[[8.48145,53.22577],[8.65723,53.22577],[8.65723,53.25207],[8.48145,53.25207],[8.48145,53.22577]]]}},{"type":"Feature","properties":{},"geometry":{"type":"Polygon","coordinates":[[[12.91992,52.563],[13.71094,52.563],[13.71094,52.64306],[12.91992,52.64306],[12.91992,52.563]]]}},{"type":"Feature","properties":{},"geometry":{"type":"Polygon","coordinates":[[[13.13965,52.64306],[13.71094,52.64306],[13.71094,52.66972],[13.13965,52.66972],[13.13965,52.64306]]]}},{"type":"Feature","properties":{},"geometry":{"type":"Polygon","coordinates":[[[13.18359,52.69636],[13.66699,52.69636],[13.66699,52.72299],[13.18359,52.72299],[13.18359,52.69636]]]}},{"type":"Feature","properties":{},"geometry":{"type":"Polygon","coordinates":[[[13.49121,52.72299],[13.66699,52.72299],[13.66699,52.74959],[13.49121,52.74959],[13.49121,52.72299]]]}},{"type":"Feature","properties":{},"geometry":{"type":"Polygon","coordinates":[[[10.10742,54.21386],[10.19531,54.21386],[10.19531,54.23955],[10.10742,54.23955],[10.10742,54.21386]]]}},{"type":"Feature","properties":{},"geometry":{"type":"Polygon","coordinates":[[[10.01953,54.23955],[10.32715,54.23955],[10.32715,54.26522],[10.01953,54.26522],[10.01953,54.23955]]]}},{"type":"Feature","properties":{},"geometry":{"type":"Polygon","coordinates":[[[10.01953,54.34215],[10.32715,54.34215],[10.32715,54.39335],[10.01953,54.39335],[10.01953,54.34215]]]}},{"type":"Feature","properties":{},"geometry":{"type":"Polygon","coordinates":[[[10.01953,56.17002],[10.32715,56.17002],[10.32715,56.19448],[10.01953,56.19448],[10.01953,56.17002]]]}},{"type":"Feature","properties":{},"geometry":{"type":"Polygon","coordinates":[[[9.97559,54.26522],[10.32715,54.26522],[10.32715,54.34215],[9.97559,54.34215],[9.97559,54.26522]]]}},{"type":"Feature","properties":{},"geometry":{"type":"Polygon","coordinates":[[[10.06348,54.39335],[10.32715,54.39335],[10.32715,54.44449],[10.06348,54.44449],[10.06348,54.39335]]]}},{"type":"Feature","properties":{},"geometry":{"type":"Polygon","coordinates":[[[10.06348,56.19448],[10.32715,56.19448],[10.32715,56.21892],[10.06348,56.21892],[10.06348,56.19448]]]}},{"type":"Feature","properties":{},"geometry":{"type":"Polygon","coordinates":[[[10.06348,54.44449],[10.23926,54.44449],[10.23926,54.47004],[10.06348,54.47004],[10.06348,54.44449]]]}},{"type":"Feature","properties":{},"geometry":{"type":"Polygon","coordinates":[[[10.23926,55.30414],[10.50293,55.30414],[10.50293,55.40407],[10.23926,55.40407],[10.23926,55.30414]]]}},{"type":"Feature","properties":{},"geometry":{"type":"Polygon","coordinates":[[[12.04102,55.37911],[12.26074,55.37911],[12.26074,55.50375],[12.04102,55.50375],[12.04102,55.37911]]]}},{"type":"Feature","properties":{},"geometry":{"type":"Polygon","coordinates":[[[10.23926,55.40407],[10.54687,55.40407],[10.54687,55.45394],[10.23926,55.45394],[10.23926,55.40407]]]}},{"type":"Feature","properties":{},"geometry":{"type":"Polygon","coordinates":[[[10.23926,55.45394],[10.45898,55.45394],[10.45898,55.47885],[10.23926,55.47885],[10.23926,55.45394]]]}},{"type":"Feature","properties":{},"geometry":{"type":"Polygon","coordinates":[[[12.04102,55.50375],[12.30469,55.50375],[12.30469,55.5535],[12.04102,55.5535],[12.04102,55.50375]]]}},{"type":"Feature","properties":{},"geometry":{"type":"Polygon","coordinates":[[[12.83203,55.50375],[13.22754,55.50375],[13.22754,55.5535],[12.83203,55.5535],[12.83203,55.50375]]]}},{"type":"Feature","properties":{},"geometry":{"type":"Polygon","coordinates":[[[12.52441,55.52863],[12.65625,55.52863],[12.65625,55.5535],[12.52441,55.5535],[12.52441,55.52863]]]}},{"type":"Feature","properties":{},"geometry":{"type":"Polygon","coordinates":[[[11.95312,55.5535],[12.39258,55.5535],[12.39258,55.57834],[11.95312,55.57834],[11.95312,55.5535]]]}},{"type":"Feature","properties":{},"geometry":{"type":"Polygon","coordinates":[[[12.48047,55.5535],[13.22754,55.5535],[13.22754,55.57834],[12.48047,55.57834],[12.48047,55.5535]]]}},{"type":"Feature","properties":{},"geometry":{"type":"Polygon","coordinates":[[[11.95312,55.57834],[13.22754,55.57834],[13.22754,55.60318],[11.95312,55.60318],[11.95312,55.57834]]]}},{"type":"Feature","properties":{},"geometry":{"type":"Polygon","coordinates":[[[11.95312,55.60318],[12.83203,55.60318],[12.83203,55.67758],[11.95312,55.67758],[11.95312,55.60318]]]}},{"type":"Feature","properties":{},"geometry":{"type":"Polygon","coordinates":[[[12.87598,55.60318],[13.31543,55.60318],[13.31543,55.628],[12.87598,55.628],[12.87598,55.60318]]]}},{"type":"Feature","properties":{},"geometry":{"type":"Polygon","coordinates":[[[12.91992,55.628],[13.31543,55.628],[13.31543,55.6528],[12.91992,55.6528],[12.91992,55.628]]]}},{"type":"Feature","properties":{},"geometry":{"type":"Polygon","coordinates":[[[12.91992,55.70236],[13.31543,55.70236],[13.31543,55.72711],[12.91992,55.72711],[12.91992,55.70236]]]}},{"type":"Feature","properties":{},"geometry":{"type":"Polygon","coordinates":[[[12.96387,55.6528],[13.31543,55.6528],[13.31543,55.70236],[12.96387,55.70236],[12.96387,55.6528]]]}},{"type":"Feature","properties":{},"geometry":{"type":"Polygon","coordinates":[[[12.04102,55.67758],[12.83203,55.67758],[12.83203,55.70236],[12.04102,55.70236],[12.04102,55.67758]]]}},{"type":"Feature","properties":{},"geometry":{"type":"Polygon","coordinates":[[[12.04102,55.70236],[12.7002,55.70236],[12.7002,55.75185],[12.04102,55.75185],[12.04102,55.70236]]]}},{"type":"Feature","properties":{},"geometry":{"type":"Polygon","coordinates":[[[12.83203,55.72711],[13.31543,55.72711],[13.31543,55.77657],[12.83203,55.77657],[12.83203,55.72711]]]}},{"type":"Feature","properties":{},"geometry":{"type":"Polygon","coordinates":[[[11.99707,55.75185],[12.65625,55.75185],[12.65625,55.77657],[11.99707,55.77657],[11.99707,55.75185]]]}},{"type":"Feature","properties":{},"geometry":{"type":"Polygon","coordinates":[[[11.99707,55.77657],[12.12891,55.77657],[12.12891,55.9492],[11.99707,55.9492],[11.99707,55.77657]]]}},{"type":"Feature","properties":{},"geometry":{"type":"Polygon","coordinates":[[[12.34863,55.77657],[12.65625,55.77657],[12.65625,55.82597],[12.34863,55.82597],[12.34863,55.77657]]]}},{"type":"Feature","properties":{},"geometry":{"type":"Polygon","coordinates":[[[12.83203,55.77657],[13.18359,55.77657],[13.18359,55.82597],[12.83203,55.82597],[12.83203,55.77657]]]}},{"type":"Feature","properties":{},"geometry":{"type":"Polygon","coordinates":[[[12.34863,55.82597],[12.6123,55.82597],[12.6123,55.9738],[12.34863,55.9738],[12.34863,55.82597]]]}},{"type":"Feature","properties":{},"geometry":{"type":"Polygon","coordinates":[[[12.74414,55.82597],[13.18359,55.82597],[13.18359,55.85065],[12.74414,55.85065],[12.74414,55.82597]]]}},{"type":"Feature","properties":{},"geometry":{"type":"Polygon","coordinates":[[[12.74414,55.85065],[13.0957,55.85065],[13.0957,55.89996],[12.74414,55.89996],[12.74414,55.85065]]]}},{"type":"Feature","properties":{},"geometry":{"type":"Polygon","coordinates":[[[12.74414,55.89996],[13.05176,55.89996],[13.05176,55.92459],[12.74414,55.92459],[12.74414,55.89996]]]}},{"type":"Feature","properties":{},"geometry":{"type":"Polygon","coordinates":[[[12.7002,55.92459],[12.96387,55.92459],[12.96387,55.9738],[12.7002,55.9738],[12.7002,55.92459]]]}},{"type":"Feature","properties":{},"geometry":{"type":"Polygon","coordinates":[[[12.04102,55.9492],[12.12891,55.9492],[12.12891,55.9738],[12.04102,55.9738],[12.04102,55.9492]]]}},{"type":"Feature","properties":{},"geometry":{"type":"Polygon","coordinates":[[[12.34863,55.9738],[12.91992,55.9738],[12.91992,56.12106],[12.34863,56.12106],[12.34863,55.9738]]]}},{"type":"Feature","properties":{},"geometry":{"type":"Polygon","coordinates":[[[10.01953,56.0475],[10.2832,56.0475],[10.2832,56.17002],[10.01953,56.17002],[10.01953,56.0475]]]}},{"type":"Feature","properties":{},"geometry":{"type":"Polygon","coordinates":[[[12.56836,56.12106],[12.87598,56.12106],[12.87598,56.14555],[12.56836,56.14555],[12.56836,56.12106]]]}},{"type":"Feature","properties":{},"geometry":{"type":"Polygon","coordinates":[[[10.10742,56.21892],[10.37109,56.21892],[10.37109,56.26776],[10.10742,56.26776],[10.10742,56.21892]]]}},{"type":"Feature","properties":{},"geometry":{"type":"Polygon","coordinates":[[[10.23926,56.26776],[10.2832,56.26776],[10.2832,56.29216],[10.23926,56.29216],[10.23926,56.26776]]]}},{"type":"Feature","properties":{},"geometry":{"type":"Polygon","coordinates":[[[11.7334,57.51582],[11.95312,57.51582],[11.95312,57.53942],[11.7334,57.53942],[11.7334,57.51582]]]}},{"type":"Feature","properties":{},"geometry":{"type":"Polygon","coordinates":[[[18.2373,57.51582],[18.3252,57.51582],[18.3252,57.53942],[18.2373,57.53942],[18.2373,57.51582]]]}},{"type":"Feature","properties":{},"geometry":{"type":"Polygon","coordinates":[[[11.68945,57.53942],[12.17285,57.53942],[12.17285,57.563],[11.68945,57.563],[11.68945,57.53942]]]}},{"type":"Feature","properties":{},"geometry":{"type":"Polygon","coordinates":[[[18.14941,57.53942],[18.36914,57.53942],[18.36914,57.563],[18.14941,57.563],[18.14941,57.53942]]]}},{"type":"Feature","properties":{},"geometry":{"type":"Polygon","coordinates":[[[11.68945,57.563],[12.2168,57.563],[12.2168,57.58656],[11.68945,57.58656],[11.68945,57.563]]]}},{"type":"Feature","properties":{},"geometry":{"type":"Polygon","coordinates":[[[18.10547,57.563],[18.41309,57.563],[18.41309,57.61011],[18.10547,57.61011],[18.10547,57.563]]]}},{"type":"Feature","properties":{},"geometry":{"type":"Polygon","coordinates":[[[11.68945,57.58656],[12.26074,57.58656],[12.26074,57.61011],[11.68945,57.61011],[11.68945,57.58656]]]}},{"type":"Feature","properties":{},"geometry":{"type":"Polygon","coordinates":[[[11.68945,57.61011],[12.34863,57.61011],[12.34863,57.63364],[11.68945,57.63364],[11.68945,57.61011]]]}},{"type":"Feature","properties":{},"geometry":{"type":"Polygon","coordinates":[[[18.19336,57.61011],[18.45703,57.61011],[18.45703,57.63364],[18.19336,57.63364],[18.19336,57.61011]]]}},{"type":"Feature","properties":{},"geometry":{"type":"Polygon","coordinates":[[[11.55762,57.63364],[12.39258,57.63364],[12.39258,57.72762],[11.55762,57.72762],[11.55762,57.63364]]]}},{"type":"Feature","properties":{},"geometry":{"type":"Polygon","coordinates":[[[18.2373,57.63364],[18.50098,57.63364],[18.50098,57.68066],[18.2373,57.68066],[18.2373,57.63364]]]}},{"type":"Feature","properties":{},"geometry":{"type":"Polygon","coordinates":[[[15.4248,58.40171],[15.86426,58.40171],[15.86426,58.47072],[15.4248,58.47072],[15.4248,58.40171]]]}},{"type":"Feature","properties":{},"geometry":{"type":"Polygon","coordinates":[[[15.4248,58.47072],[15.73242,58.47072],[15.73242,58.49369],[15.4248,58.49369],[15.4248,58.47072]]]}},{"type":"Feature","properties":{},"geometry":{"type":"Polygon","coordinates":[[[15.4248,58.49369],[15.68848,58.49369],[15.68848,58.51665],[15.4248,58.51665],[15.4248,58.49369]]]}},{"type":"Feature","properties":{},"geometry":{"type":"Polygon","coordinates":[[[15.4248,58.51665],[15.64453,58.51665],[15.64453,58.53959],[15.4248,58.53959],[15.4248,58.51665]]]}},{"type":"Feature","properties":{},"geometry":{"type":"Polygon","coordinates":[[[15.46875,58.35563],[15.77637,58.35563],[15.77637,58.37868],[15.46875,58.37868],[15.46875,58.35563]]]}},{"type":"Feature","properties":{},"geometry":{"type":"Polygon","coordinates":[[[15.46875,58.37868],[15.82031,58.37868],[15.82031,58.40171],[15.46875,58.40171],[15.46875,58.37868]]]}},{"type":"Feature","properties":{},"geometry":{"type":"Polygon","coordinates":[[[15.46875,58.53959],[15.60059,58.53959],[15.60059,58.56252],[15.46875,58.56252],[15.46875,58.53959]]]}},{"type":"Feature","properties":{},"geometry":{"type":"Polygon","coordinates":[[[9.93164,53.51418],[10.06348,53.51418],[10.06348,53.54031],[9.93164,53.54031],[9.93164,53.51418]]]}},{"type":"Feature","properties":{},"geometry":{"type":"Polygon","coordinates":[[[9.84375,53.54031],[10.06348,53.54031],[10.06348,53.5925],[9.84375,53.5925],[9.84375,53.54031]]]}},{"type":"Feature","properties":{},"geometry":{"type":"Polygon","coordinates":[[[9.84375,53.5925],[10.01953,53.5925],[10.01953,53.61858],[9.84375,53.61858],[9.84375,53.5925]]]}},{"type":"Feature","properties":{},"geometry":{"type":"Polygon","coordinates":[[[17.92969,59.06315],[18.36914,59.06315],[18.36914,59.08574],[17.92969,59.08574],[17.92969,59.06315]]]}},{"type":"Feature","properties":{},"geometry":{"type":"Polygon","coordinates":[[[17.92969,59.08574],[18.45703,59.08574],[18.45703,59.10831],[17.92969,59.10831],[17.92969,59.08574]]]}},{"type":"Feature","properties":{},"geometry":{"type":"Polygon","coordinates":[[[17.49023,59.10831],[18.45703,59.10831],[18.45703,59.13086],[17.49023,59.13086],[17.49023,59.10831]]]}},{"type":"Feature","properties":{},"geometry":{"type":"Polygon","coordinates":[[[17.49023,59.19844],[18.45703,59.19844],[18.45703,59.26588],[17.49023,59.26588],[17.49023,59.19844]]]}},{"type":"Feature","properties":{},"geometry":{"type":"Polygon","coordinates":[[[17.44629,59.13086],[18.45703,59.13086],[18.45703,59.19844],[17.44629,59.19844],[17.44629,59.13086]]]}},{"type":"Feature","properties":{},"geometry":{"type":"Polygon","coordinates":[[[17.66602,59.26588],[18.45703,59.26588],[18.45703,59.28833],[17.66602,59.28833],[17.66602,59.26588]]]}},{"type":"Feature","properties":{},"geometry":{"type":"Polygon","coordinates":[[[17.70996,59.28833],[18.50098,59.28833],[18.50098,59.31077],[17.70996,59.31077],[17.70996,59.28833]]]}},{"type":"Feature","properties":{},"geometry":{"type":"Polygon","coordinates":[[[17.70996,59.3556],[18.50098,59.3556],[18.50098,59.37799],[17.70996,59.37799],[17.70996,59.3556]]]}},{"type":"Feature","properties":{},"geometry":{"type":"Polygon","coordinates":[[[17.75391,59.31077],[18.50098,59.31077],[18.50098,59.3556],[17.75391,59.3556],[17.75391,59.31077]]]}},{"type":"Feature","properties":{},"geometry":{"type":"Polygon","coordinates":[[[17.70996,59.37799],[18.41309,59.37799],[18.41309,59.40037],[17.70996,59.40037],[17.70996,59.37799]]]}},{"type":"Feature","properties":{},"geometry":{"type":"Polygon","coordinates":[[[11.55762,57.72762],[12.34863,57.72762],[12.34863,57.75108],[11.55762,57.75108],[11.55762,57.72762]]]}},{"type":"Feature","properties":{},"geometry":{"type":"Polygon","coordinates":[[[11.55762,57.75108],[12.26074,57.75108],[12.26074,57.77452],[11.55762,57.77452],[11.55762,57.75108]]]}},{"type":"Feature","properties":{},"geometry":{"type":"Polygon","coordinates":[[[11.55762,57.77452],[12.2168,57.77452],[12.2168,57.82136],[11.55762,57.82136],[11.55762,57.77452]]]}},{"type":"Feature","properties":{},"geometry":{"type":"Polygon","coordinates":[[[11.68945,57.82136],[12.12891,57.82136],[12.12891,57.84475],[11.68945,57.84475],[11.68945,57.82136]]]}},{"type":"Feature","properties":{},"geometry":{"type":"Polygon","coordinates":[[[11.82129,57.84475],[12.08496,57.84475],[12.08496,57.8915],[11.82129,57.8915],[11.82129,57.84475]]]}},{"type":"Feature","properties":{},"geometry":{"type":"Polygon","coordinates":[[[11.86523,57.8915],[12.08496,57.8915],[12.08496,57.91485],[11.86523,57.91485],[11.86523,57.8915]]]}},{"type":"Feature","properties":{},"geometry":{"type":"Polygon","coordinates":[[[11.90918,57.91485],[12.08496,57.91485],[12.08496,57.93818],[11.90918,57.93818],[11.90918,57.91485]]]}},{"type":"Feature","properties":{},"geometry":{"type":"Polygon","coordinates":[[[24.52148,60.19616],[25.35645,60.19616],[25.35645,60.26162],[24.52148,60.26162],[24.52148,60.19616]]]}},{"type":"Feature","properties":{},"geometry":{"type":"Polygon","coordinates":[[[-46.66992,-23.76524],[-46.49414,-23.76524],[-46.49414,-23.72501],[-46.66992,-23.72501],[-46.66992,-23.76524]]]}},{"type":"Feature","properties":{},"geometry":{"type":"Polygon","coordinates":[[[-46.8457,-23.72501],[-46.4502,-23.72501],[-46.4502,-23.68477],[-46.8457,-23.68477],[-46.8457,-23.72501]]]}},{"type":"Feature","properties":{},"geometry":{"type":"Polygon","coordinates":[[[-46.88965,-23.68477],[-46.40625,-23.68477],[-46.40625,-23.64452],[-46.88965,-23.64452],[-46.88965,-23.68477]]]}},{"type":"Feature","properties":{},"geometry":{"type":"Polygon","coordinates":[[[-46.88965,-23.64452],[-46.3623,-23.64452],[-46.3623,-23.60426],[-46.88965,-23.60426],[-46.88965,-23.64452]]]}},{"type":"Feature","properties":{},"geometry":{"type":"Polygon","coordinates":[[[-46.88965,-23.4834],[-46.3623,-23.4834],[-46.3623,-23.44309],[-46.88965,-23.44309],[-46.88965,-23.4834]]]}},{"type":"Feature","properties":{},"geometry":{"type":"Polygon","coordinates":[[[-46.88965,-23.60426],[-46.31836,-23.60426],[-46.31836,-23.4834],[-46.88965,-23.4834],[-46.88965,-23.60426]]]}},{"type":"Feature","properties":{},"geometry":{"type":"Polygon","coordinates":[[[-46.75781,-23.44309],[-46.3623,-23.44309],[-46.3623,-23.40276],[-46.75781,-23.40276],[-46.75781,-23.44309]]]}},{"type":"Feature","properties":{},"geometry":{"type":"Polygon","coordinates":[[[-46.53809,-23.40276],[-46.40625,-23.40276],[-46.40625,-23.36243],[-46.53809,-23.36243],[-46.53809,-23.40276]]]}},{"type":"Feature","properties":{},"geometry":{"type":"Polygon","coordinates":[[[24.65332,60.06484],[25.18066,60.06484],[25.18066,60.08676],[24.65332,60.08676],[24.65332,60.06484]]]}},{"type":"Feature","properties":{},"geometry":{"type":"Polygon","coordinates":[[[24.60937,60.08676],[25.26855,60.08676],[25.26855,60.10867],[24.60937,60.10867],[24.60937,60.08676]]]}},{"type":"Feature","properties":{},"geometry":{"type":"Polygon","coordinates":[[[24.56543,60.10867],[25.3125,60.10867],[25.3125,60.13056],[24.56543,60.13056],[24.56543,60.10867]]]}},{"type":"Feature","properties":{},"geometry":{"type":"Polygon","coordinates":[[[24.56543,60.26162],[25.3125,60.26162],[25.3125,60.30519],[24.56543,60.30519],[24.56543,60.26162]]]}},{"type":"Feature","properties":{},"geometry":{"type":"Polygon","coordinates":[[[10.81055,60.13056],[10.94238,60.13056],[10.94238,60.15244],[10.81055,60.15244],[10.81055,60.13056]]]}},{"type":"Feature","properties":{},"geometry":{"type":"Polygon","coordinates":[[[24.56543,60.13056],[25.00488,60.13056],[25.00488,60.15244],[24.56543,60.15244],[24.56543,60.13056]]]}},{"type":"Feature","properties":{},"geometry":{"type":"Polygon","coordinates":[[[25.09277,60.13056],[25.3125,60.13056],[25.3125,60.15244],[25.09277,60.15244],[25.09277,60.13056]]]}},{"type":"Feature","properties":{},"geometry":{"type":"Polygon","coordinates":[[[24.52148,60.15244],[25.3125,60.15244],[25.3125,60.19616],[24.52148,60.19616],[24.52148,60.15244]]]}},{"type":"Feature","properties":{},"geometry":{"type":"Polygon","coordinates":[[[-48.16406,-15.96133],[-47.98828,-15.96133],[-47.98828,-15.91907],[-48.16406,-15.91907],[-48.16406,-15.96133]]]}},{"type":"Feature","properties":{},"geometry":{"type":"Polygon","coordinates":[[[-48.16406,-15.91907],[-47.8125,-15.91907],[-47.8125,-15.87681],[-48.16406,-15.87681],[-48.16406,-15.91907]]]}},{"type":"Feature","properties":{},"geometry":{"type":"Polygon","coordinates":[[[-48.16406,-15.87681],[-47.76855,-15.87681],[-47.76855,-15.83454],[-48.16406,-15.83454],[-48.16406,-15.87681]]]}},{"type":"Feature","properties":{},"geometry":{"type":"Polygon","coordinates":[[[-48.20801,-15.83454],[-47.76855,-15.83454],[-47.76855,-15.79225],[-48.20801,-15.79225],[-48.20801,-15.83454]]]}},{"type":"Feature","properties":{},"geometry":{"type":"Polygon","coordinates":[[[-48.20801,-15.79225],[-47.72461,-15.79225],[-47.72461,-15.74996],[-48.20801,-15.74996],[-48.20801,-15.79225]]]}},{"type":"Feature","properties":{},"geometry":{"type":"Polygon","coordinates":[[[-47.98828,-15.74996],[-47.72461,-15.74996],[-47.72461,-15.70766],[-47.98828,-15.70766],[-47.98828,-15.74996]]]}},{"type":"Feature","properties":{},"geometry":{"type":"Polygon","coordinates":[[[-47.94434,-15.70766],[-47.8125,-15.70766],[-47.8125,-15.66535],[-47.94434,-15.66535],[-47.94434,-15.70766]]]}},{"type":"Feature","properties":{},"geometry":{"type":"Polygon","coordinates":[[[-43.50586,-23.07973],[-43.46191,-23.07973],[-43.46191,-23.0393],[-43.50586,-23.0393],[-43.50586,-23.07973]]]}},{"type":"Feature","properties":{},"geometry":{"type":"Polygon","coordinates":[[[-43.5498,-23.0393],[-43.1543,-23.0393],[-43.1543,-22.99885],[-43.5498,-22.99885],[-43.5498,-23.0393]]]}},{"type":"Feature","properties":{},"geometry":{"type":"Polygon","coordinates":[[[-43.5498,-22.99885],[-43.11035,-22.99885],[-43.11035,-22.95839],[-43.5498,-22.95839],[-43.5498,-22.99885]]]}},{"type":"Feature","properties":{},"geometry":{"type":"Polygon","coordinates":[[[-43.46191,-22.95839],[-43.11035,-22.95839],[-43.11035,-22.87744],[-43.46191,-22.87744],[-43.46191,-22.95839]]]}},{"type":"Feature","properties":{},"geometry":{"type":"Polygon","coordinates":[[[-43.46191,-22.87744],[-43.1543,-22.87744],[-43.1543,-22.83695],[-43.46191,-22.83695],[-43.46191,-22.87744]]]}},{"type":"Feature","properties":{},"geometry":{"type":"Polygon","coordinates":[[[-43.41797,-22.83695],[-43.19824,-22.83695],[-43.19824,-22.75592],[-43.41797,-22.75592],[-43.41797,-22.83695]]]}},{"type":"Feature","properties":{},"geometry":{"type":"Polygon","coordinates":[[[24.56543,60.30519],[25.26855,60.30519],[25.26855,60.32695],[24.56543,60.32695],[24.56543,60.30519]]]}},{"type":"Feature","properties":{},"geometry":{"type":"Polygon","coordinates":[[[24.56543,60.32695],[25.22461,60.32695],[25.22461,60.39215],[24.56543,60.39215],[24.56543,60.32695]]]}},{"type":"Feature","properties":{},"geometry":{"type":"Polygon","coordinates":[[[24.60937,60.39215],[25.22461,60.39215],[25.22461,60.43554],[24.60937,60.43554],[24.60937,60.39215]]]}},{"type":"Feature","properties":{},"geometry":{"type":"Polygon","coordinates":[[[24.91699,60.43554],[25.22461,60.43554],[25.22461,60.45722],[24.91699,60.45722],[24.91699,60.43554]]]}},{"type":"Feature","properties":{},"geometry":{"type":"Polygon","coordinates":[[[24.96094,60.45722],[25.22461,60.45722],[25.22461,60.52216],[24.96094,60.52216],[24.96094,60.45722]]]}},{"type":"Feature","properties":{},"geometry":{"type":"Polygon","coordinates":[[[25.00488,60.52216],[25.18066,60.52216],[25.18066,60.54378],[25.00488,60.54378],[25.00488,60.52216]]]}},{"type":"Feature","properties":{},"geometry":{"type":"Polygon","coordinates":[[[-43.5498,-20.42701],[-43.41797,-20.42701],[-43.41797,-20.34463],[-43.5498,-20.34463],[-43.5498,-20.42701]]]}},{"type":"Feature","properties":{},"geometry":{"type":"Polygon","coordinates":[[[147.2168,-43.10098],[147.30469,-43.10098],[147.30469,-43.06889],[147.2168,-43.06889],[147.2168,-43.10098]]]}},{"type":"Feature","properties":{},"geometry":{"type":"Polygon","coordinates":[[[147.2168,-42.68244],[147.30469,-42.68244],[147.30469,-42.65012],[147.2168,-42.65012],[147.2168,-42.68244]]]}},{"type":"Feature","properties":{},"geometry":{"type":"Polygon","coordinates":[[[168.48633,-45.12005],[168.61816,-45.12005],[168.61816,-45.08904],[168.48633,-45.08904],[168.48633,-45.12005]]]}},{"type":"Feature","properties":{},"geometry":{"type":"Polygon","coordinates":[[[172.48535,-43.61222],[172.83691,-43.61222],[172.83691,-43.58039],[172.48535,-43.58039],[172.48535,-43.61222]]]}},{"type":"Feature","properties":{},"geometry":{"type":"Polygon","coordinates":[[[172.44141,-43.58039],[172.83691,-43.58039],[172.83691,-43.54855],[172.44141,-43.54855],[172.44141,-43.58039]]]}},{"type":"Feature","properties":{},"geometry":{"type":"Polygon","coordinates":[[[172.44141,-43.54855],[172.79297,-43.54855],[172.79297,-43.51669],[172.44141,-43.51669],[172.44141,-43.54855]]]}},{"type":"Feature","properties":{},"geometry":{"type":"Polygon","coordinates":[[[172.48535,-43.51669],[172.79297,-43.51669],[172.79297,-43.48481],[172.48535,-43.48481],[172.48535,-43.51669]]]}},{"type":"Feature","properties":{},"geometry":{"type":"Polygon","coordinates":[[[172.48535,-43.48481],[172.74902,-43.48481],[172.74902,-43.45292],[172.48535,-43.45292],[172.48535,-43.48481]]]}},{"type":"Feature","properties":{},"geometry":{"type":"Polygon","coordinates":[[[168.44238,-45.08904],[168.75,-45.08904],[168.75,-45.058],[168.44238,-45.058],[168.44238,-45.08904]]]}},{"type":"Feature","properties":{},"geometry":{"type":"Polygon","coordinates":[[[168.48633,-45.058],[168.83789,-45.058],[168.83789,-45.02695],[168.48633,-45.02695],[168.48633,-45.058]]]}},{"type":"Feature","properties":{},"geometry":{"type":"Polygon","coordinates":[[[168.57422,-45.02695],[168.88184,-45.02695],[168.88184,-44.99588],[168.57422,-44.99588],[168.57422,-45.02695]]]}},{"type":"Feature","properties":{},"geometry":{"type":"Polygon","coordinates":[[[168.61816,-44.99588],[168.92578,-44.99588],[168.92578,-44.9648],[168.61816,-44.9648],[168.61816,-44.99588]]]}},{"type":"Feature","properties":{},"geometry":{"type":"Polygon","coordinates":[[[168.66211,-44.9648],[168.92578,-44.9648],[168.92578,-44.9337],[168.66211,-44.9337],[168.66211,-44.9648]]]}},{"type":"Feature","properties":{},"geometry":{"type":"Polygon","coordinates":[[[168.70605,-44.9337],[168.88184,-44.9337],[168.88184,-44.90258],[168.70605,-44.90258],[168.70605,-44.9337]]]}},{"type":"Feature","properties":{},"geometry":{"type":"Polygon","coordinates":[[[147.04102,-41.47566],[147.26074,-41.47566],[147.26074,-41.40978],[147.04102,-41.40978],[147.04102,-41.47566]]]}},{"type":"Feature","properties":{},"geometry":{"type":"Polygon","coordinates":[[[173.0127,-41.47566],[173.10059,-41.47566],[173.10059,-41.44273],[173.0127,-41.44273],[173.0127,-41.47566]]]}},{"type":"Feature","properties":{},"geometry":{"type":"Polygon","coordinates":[[[172.96875,-41.44273],[173.14453,-41.44273],[173.14453,-41.40978],[172.96875,-41.40978],[172.96875,-41.44273]]]}},{"type":"Feature","properties":{},"geometry":{"type":"Polygon","coordinates":[[[146.95312,-41.40978],[147.2168,-41.40978],[147.2168,-41.37681],[146.95312,-41.37681],[146.95312,-41.40978]]]}},{"type":"Feature","properties":{},"geometry":{"type":"Polygon","coordinates":[[[172.96875,-41.40978],[173.18848,-41.40978],[173.18848,-41.37681],[172.96875,-41.37681],[172.96875,-41.40978]]]}},{"type":"Feature","properties":{},"geometry":{"type":"Polygon","coordinates":[[[146.95312,-41.37681],[147.17285,-41.37681],[147.17285,-41.34382],[146.95312,-41.34382],[146.95312,-41.37681]]]}},{"type":"Feature","properties":{},"geometry":{"type":"Polygon","coordinates":[[[172.96875,-41.37681],[173.27637,-41.37681],[173.27637,-41.34382],[172.96875,-41.34382],[172.96875,-41.37681]]]}},{"type":"Feature","properties":{},"geometry":{"type":"Polygon","coordinates":[[[174.68262,-41.37681],[174.90234,-41.37681],[174.90234,-41.34382],[174.68262,-41.34382],[174.68262,-41.37681]]]}},{"type":"Feature","properties":{},"geometry":{"type":"Polygon","coordinates":[[[146.95312,-41.34382],[147.12891,-41.34382],[147.12891,-41.31082],[146.95312,-41.31082],[146.95312,-41.34382]]]}},{"type":"Feature","properties":{},"geometry":{"type":"Polygon","coordinates":[[[173.0127,-41.34382],[173.32031,-41.34382],[173.32031,-41.31082],[173.0127,-41.31082],[173.0127,-41.34382]]]}},{"type":"Feature","properties":{},"geometry":{"type":"Polygon","coordinates":[[[174.68262,-41.34382],[174.99023,-41.34382],[174.99023,-41.31082],[174.68262,-41.31082],[174.68262,-41.34382]]]}},{"type":"Feature","properties":{},"geometry":{"type":"Polygon","coordinates":[[[173.0127,-41.31082],[173.36426,-41.31082],[173.36426,-41.24477],[173.0127,-41.24477],[173.0127,-41.31082]]]}},{"type":"Feature","properties":{},"geometry":{"type":"Polygon","coordinates":[[[174.68262,-41.31082],[175.03418,-41.31082],[175.03418,-41.21172],[174.68262,-41.21172],[174.68262,-41.31082]]]}},{"type":"Feature","properties":{},"geometry":{"type":"Polygon","coordinates":[[[173.0127,-41.24477],[173.4082,-41.24477],[173.4082,-41.21172],[173.0127,-41.21172],[173.0127,-41.24477]]]}},{"type":"Feature","properties":{},"geometry":{"type":"Polygon","coordinates":[[[173.05664,-41.21172],[173.18848,-41.21172],[173.18848,-41.17865],[173.05664,-41.17865],[173.05664,-41.21172]]]}},{"type":"Feature","properties":{},"geometry":{"type":"Polygon","coordinates":[[[173.23242,-41.21172],[173.4082,-41.21172],[173.4082,-41.17865],[173.23242,-41.17865],[173.23242,-41.21172]]]}},{"type":"Feature","properties":{},"geometry":{"type":"Polygon","coordinates":[[[174.72656,-41.21172],[175.07812,-41.21172],[175.07812,-41.17865],[174.72656,-41.17865],[174.72656,-41.21172]]]}},{"type":"Feature","properties":{},"geometry":{"type":"Polygon","coordinates":[[[173.27637,-41.17865],[173.36426,-41.17865],[173.36426,-41.14557],[173.27637,-41.14557],[173.27637,-41.17865]]]}},{"type":"Feature","properties":{},"geometry":{"type":"Polygon","coordinates":[[[174.72656,-41.17865],[175.12207,-41.17865],[175.12207,-41.14557],[174.72656,-41.14557],[174.72656,-41.17865]]]}},{"type":"Feature","properties":{},"geometry":{"type":"Polygon","coordinates":[[[174.77051,-41.14557],[175.16602,-41.14557],[175.16602,-41.11247],[174.77051,-41.11247],[174.77051,-41.14557]]]}},{"type":"Feature","properties":{},"geometry":{"type":"Polygon","coordinates":[[[174.77051,-41.11247],[175.20996,-41.11247],[175.20996,-41.07935],[174.77051,-41.07935],[174.77051,-41.11247]]]}},{"type":"Feature","properties":{},"geometry":{"type":"Polygon","coordinates":[[[174.81445,-41.07935],[174.94629,-41.07935],[174.94629,-41.04622],[174.81445,-41.04622],[174.81445,-41.07935]]]}},{"type":"Feature","properties":{},"geometry":{"type":"Polygon","coordinates":[[[175.03418,-41.07935],[175.16602,-41.07935],[175.16602,-41.04622],[175.03418,-41.04622],[175.03418,-41.07935]]]}},{"type":"Feature","properties":{},"geometry":{"type":"Polygon","coordinates":[[[174.81445,-41.04622],[174.90234,-41.04622],[174.90234,-41.01307],[174.81445,-41.01307],[174.81445,-41.04622]]]}},{"type":"Feature","properties":{},"geometry":{"type":"Polygon","coordinates":[[[146.99707,-41.54148],[147.2168,-41.54148],[147.2168,-41.50858],[146.99707,-41.50858],[146.99707,-41.54148]]]}},{"type":"Feature","properties":{},"geometry":{"type":"Polygon","coordinates":[[[146.99707,-41.50858],[147.26074,-41.50858],[147.26074,-41.47566],[146.99707,-41.47566],[146.99707,-41.50858]]]}},{"type":"Feature","properties":{},"geometry":{"type":"Polygon","coordinates":[[[144.27246,-38.23818],[144.44824,-38.23818],[144.44824,-38.13456],[144.27246,-38.13456],[144.27246,-38.23818]]]}},{"type":"Feature","properties":{},"geometry":{"type":"Polygon","coordinates":[[[144.27246,-38.09998],[144.44824,-38.09998],[144.44824,-38.03079],[144.27246,-38.03079],[144.27246,-38.09998]]]}},{"type":"Feature","properties":{},"geometry":{"type":"Polygon","coordinates":[[[145.06348,-38.06539],[145.23926,-38.06539],[145.23926,-38.03079],[145.06348,-38.03079],[145.06348,-38.06539]]]}},{"type":"Feature","properties":{},"geometry":{"type":"Polygon","coordinates":[[[144.31641,-38.03079],[144.44824,-38.03079],[144.44824,-37.99616],[144.31641,-37.99616],[144.31641,-38.03079]]]}},{"type":"Feature","properties":{},"geometry":{"type":"Polygon","coordinates":[[[144.97559,-38.03079],[145.23926,-38.03079],[145.23926,-37.96152],[144.97559,-37.96152],[144.97559,-38.03079]]]}},{"type":"Feature","properties":{},"geometry":{"type":"Polygon","coordinates":[[[144.97559,-37.71859],[145.23926,-37.71859],[145.23926,-37.61423],[144.97559,-37.61423],[144.97559,-37.71859]]]}},{"type":"Feature","properties":{},"geometry":{"type":"Polygon","coordinates":[[[144.4043,-37.99616],[144.44824,-37.99616],[144.44824,-37.96152],[144.4043,-37.96152],[144.4043,-37.99616]]]}},{"type":"Feature","properties":{},"geometry":{"type":"Polygon","coordinates":[[[144.58008,-37.96152],[144.84375,-37.96152],[144.84375,-37.8922],[144.58008,-37.8922],[144.58008,-37.96152]]]}},{"type":"Feature","properties":{},"geometry":{"type":"Polygon","coordinates":[[[144.93164,-37.96152],[145.23926,-37.96152],[145.23926,-37.8922],[144.93164,-37.8922],[144.93164,-37.96152]]]}},{"type":"Feature","properties":{},"geometry":{"type":"Polygon","coordinates":[[[144.53613,-37.8922],[145.23926,-37.8922],[145.23926,-37.8228],[144.53613,-37.8228],[144.53613,-37.8922]]]}},{"type":"Feature","properties":{},"geometry":{"type":"Polygon","coordinates":[[[175.25391,-37.8922],[175.38574,-37.8922],[175.38574,-37.85751],[175.25391,-37.85751],[175.25391,-37.8922]]]}},{"type":"Feature","properties":{},"geometry":{"type":"Polygon","coordinates":[[[175.64941,-37.8922],[175.7373,-37.8922],[175.7373,-37.8228],[175.64941,-37.8228],[175.64941,-37.8922]]]}},{"type":"Feature","properties":{},"geometry":{"type":"Polygon","coordinates":[[[175.20996,-37.85751],[175.42969,-37.85751],[175.42969,-37.8228],[175.20996,-37.8228],[175.20996,-37.85751]]]}},{"type":"Feature","properties":{},"geometry":{"type":"Polygon","coordinates":[[[144.62402,-37.8228],[145.23926,-37.8228],[145.23926,-37.78808],[144.62402,-37.78808],[144.62402,-37.8228]]]}},{"type":"Feature","properties":{},"geometry":{"type":"Polygon","coordinates":[[[175.16602,-37.8228],[175.42969,-37.8228],[175.42969,-37.75334],[175.16602,-37.75334],[175.16602,-37.8228]]]}},{"type":"Feature","properties":{},"geometry":{"type":"Polygon","coordinates":[[[144.66797,-37.78808],[145.23926,-37.78808],[145.23926,-37.71859],[144.66797,-37.71859],[144.66797,-37.78808]]]}},{"type":"Feature","properties":{},"geometry":{"type":"Polygon","coordinates":[[[176.04492,-37.78808],[176.2207,-37.78808],[176.2207,-37.75334],[176.04492,-37.75334],[176.04492,-37.78808]]]}},{"type":"Feature","properties":{},"geometry":{"type":"Polygon","coordinates":[[[175.16602,-37.75334],[175.3418,-37.75334],[175.3418,-37.68382],[175.16602,-37.68382],[175.16602,-37.75334]]]}},{"type":"Feature","properties":{},"geometry":{"type":"Polygon","coordinates":[[[176.00098,-37.75334],[176.39648,-37.75334],[176.39648,-37.68382],[176.00098,-37.68382],[176.00098,-37.75334]]]}},{"type":"Feature","properties":{},"geometry":{"type":"Polygon","coordinates":[[[147.2168,-43.06889],[147.34863,-43.06889],[147.34863,-43.03678],[147.2168,-43.03678],[147.2168,-43.06889]]]}},{"type":"Feature","properties":{},"geometry":{"type":"Polygon","coordinates":[[[147.2168,-35.24562],[147.34863,-35.24562],[147.34863,-35.20972],[147.2168,-35.20972],[147.2168,-35.24562]]]}},{"type":"Feature","properties":{},"geometry":{"type":"Polygon","coordinates":[[[147.2168,-43.03678],[147.39258,-43.03678],[147.39258,-42.9725],[147.2168,-42.9725],[147.2168,-43.03678]]]}},{"type":"Feature","properties":{},"geometry":{"type":"Polygon","coordinates":[[[147.26074,-42.9725],[147.56836,-42.9725],[147.56836,-42.94034],[147.26074,-42.94034],[147.26074,-42.9725]]]}},{"type":"Feature","properties":{},"geometry":{"type":"Polygon","coordinates":[[[147.2168,-42.94034],[147.56836,-42.94034],[147.56836,-42.84375],[147.2168,-42.84375],[147.2168,-42.94034]]]}},{"type":"Feature","properties":{},"geometry":{"type":"Polygon","coordinates":[[[147.17285,-42.84375],[147.56836,-42.84375],[147.56836,-42.81152],[147.17285,-42.81152],[147.17285,-42.84375]]]}},{"type":"Feature","properties":{},"geometry":{"type":"Polygon","coordinates":[[[147.17285,-42.81152],[147.52441,-42.81152],[147.52441,-42.77928],[147.17285,-42.77928],[147.17285,-42.81152]]]}},{"type":"Feature","properties":{},"geometry":{"type":"Polygon","coordinates":[[[147.17285,-42.77928],[147.34863,-42.77928],[147.34863,-42.71473],[147.17285,-42.71473],[147.17285,-42.77928]]]}},{"type":"Feature","properties":{},"geometry":{"type":"Polygon","coordinates":[[[147.17285,-42.71473],[147.30469,-42.71473],[147.30469,-42.68244],[147.17285,-42.68244],[147.17285,-42.71473]]]}},{"type":"Feature","properties":{},"geometry":{"type":"Polygon","coordinates":[[[144.22852,-36.87962],[144.31641,-36.87962],[144.31641,-36.84446],[144.22852,-36.84446],[144.22852,-36.87962]]]}},{"type":"Feature","properties":{},"geometry":{"type":"Polygon","coordinates":[[[174.50684,-36.91476],[175.12207,-36.91476],[175.12207,-36.84446],[174.50684,-36.84446],[174.50684,-36.91476]]]}},{"type":"Feature","properties":{},"geometry":{"type":"Polygon","coordinates":[[[144.18457,-36.84446],[144.4043,-36.84446],[144.4043,-36.80928],[144.18457,-36.80928],[144.18457,-36.84446]]]}},{"type":"Feature","properties":{},"geometry":{"type":"Polygon","coordinates":[[[144.18457,-36.70366],[144.4043,-36.70366],[144.4043,-36.66842],[144.18457,-36.66842],[144.18457,-36.70366]]]}},{"type":"Feature","properties":{},"geometry":{"type":"Polygon","coordinates":[[[174.46289,-36.84446],[174.94629,-36.84446],[174.94629,-36.80928],[174.46289,-36.80928],[174.46289,-36.84446]]]}},{"type":"Feature","properties":{},"geometry":{"type":"Polygon","coordinates":[[[144.14062,-36.80928],[144.44824,-36.80928],[144.44824,-36.73888],[144.14062,-36.73888],[144.14062,-36.80928]]]}},{"type":"Feature","properties":{},"geometry":{"type":"Polygon","coordinates":[[[174.41895,-36.80928],[174.8584,-36.80928],[174.8584,-36.73888],[174.41895,-36.73888],[174.41895,-36.80928]]]}},{"type":"Feature","properties":{},"geometry":{"type":"Polygon","coordinates":[[[144.14062,-36.73888],[144.4043,-36.73888],[144.4043,-36.70366],[144.14062,-36.70366],[144.14062,-36.73888]]]}},{"type":"Feature","properties":{},"geometry":{"type":"Polygon","coordinates":[[[174.55078,-36.73888],[174.81445,-36.73888],[174.81445,-36.70366],[174.55078,-36.70366],[174.55078,-36.73888]]]}},{"type":"Feature","properties":{},"geometry":{"type":"Polygon","coordinates":[[[174.63867,-36.70366],[174.81445,-36.70366],[174.81445,-36.66842],[174.63867,-36.66842],[174.63867,-36.70366]]]}},{"type":"Feature","properties":{},"geometry":{"type":"Polygon","coordinates":[[[144.27246,-38.13456],[144.4043,-38.13456],[144.4043,-38.09998],[144.27246,-38.09998],[144.27246,-38.13456]]]}},{"type":"Feature","properties":{},"geometry":{"type":"Polygon","coordinates":[[[144.27246,-36.66842],[144.4043,-36.66842],[144.4043,-36.63316],[144.27246,-36.63316],[144.27246,-36.66842]]]}},{"type":"Feature","properties":{},"geometry":{"type":"Polygon","coordinates":[[[174.59473,-36.66842],[174.8584,-36.66842],[174.8584,-36.59789],[174.59473,-36.59789],[174.59473,-36.66842]]]}},{"type":"Feature","properties":{},"geometry":{"type":"Polygon","coordinates":[[[144.31641,-36.63316],[144.4043,-36.63316],[144.4043,-36.59789],[144.31641,-36.59789],[144.31641,-36.63316]]]}},{"type":"Feature","properties":{},"geometry":{"type":"Polygon","coordinates":[[[175.95703,-37.68382],[176.35254,-37.68382],[176.35254,-37.64903],[175.95703,-37.64903],[175.95703,-37.68382]]]}},{"type":"Feature","properties":{},"geometry":{"type":"Polygon","coordinates":[[[175.95703,-37.64903],[176.26465,-37.64903],[176.26465,-37.61423],[175.95703,-37.61423],[175.95703,-37.64903]]]}},{"type":"Feature","properties":{},"geometry":{"type":"Polygon","coordinates":[[[144.97559,-37.61423],[145.19531,-37.61423],[145.19531,-37.57941],[144.97559,-37.57941],[144.97559,-37.61423]]]}},{"type":"Feature","properties":{},"geometry":{"type":"Polygon","coordinates":[[[176.00098,-37.61423],[176.08887,-37.61423],[176.08887,-37.57941],[176.00098,-37.57941],[176.00098,-37.61423]]]}},{"type":"Feature","properties":{},"geometry":{"type":"Polygon","coordinates":[[[176.13281,-37.61423],[176.2207,-37.61423],[176.2207,-37.57941],[176.13281,-37.57941],[176.13281,-37.61423]]]}},{"type":"Feature","properties":{},"geometry":{"type":"Polygon","coordinates":[[[145.06348,-37.57941],[145.19531,-37.57941],[145.19531,-37.54458],[145.06348,-37.54458],[145.06348,-37.57941]]]}},{"type":"Feature","properties":{},"geometry":{"type":"Polygon","coordinates":[[[145.19531,-36.49197],[145.41504,-36.49197],[145.41504,-36.45664],[145.19531,-36.45664],[145.19531,-36.49197]]]}},{"type":"Feature","properties":{},"geometry":{"type":"Polygon","coordinates":[[[145.19531,-36.45664],[145.45898,-36.45664],[145.45898,-36.42128],[145.19531,-36.42128],[145.19531,-36.45664]]]}},{"type":"Feature","properties":{},"geometry":{"type":"Polygon","coordinates":[[[145.19531,-36.42128],[145.50293,-36.42128],[145.50293,-36.38591],[145.19531,-36.38591],[145.19531,-36.42128]]]}},{"type":"Feature","properties":{},"geometry":{"type":"Polygon","coordinates":[[[145.2832,-36.38591],[145.50293,-36.38591],[145.50293,-36.35053],[145.2832,-36.35053],[145.2832,-36.38591]]]}},{"type":"Feature","properties":{},"geometry":{"type":"Polygon","coordinates":[[[145.32715,-36.35053],[145.45898,-36.35053],[145.45898,-36.31513],[145.32715,-36.31513],[145.32715,-36.35053]]]}},{"type":"Feature","properties":{},"geometry":{"type":"Polygon","coordinates":[[[174.90234,-37.16032],[174.99023,-37.16032],[174.99023,-37.12529],[174.90234,-37.12529],[174.90234,-37.16032]]]}},{"type":"Feature","properties":{},"geometry":{"type":"Polygon","coordinates":[[[174.8584,-37.12529],[175.03418,-37.12529],[175.03418,-37.09024],[174.8584,-37.09024],[174.8584,-37.12529]]]}},{"type":"Feature","properties":{},"geometry":{"type":"Polygon","coordinates":[[[174.81445,-37.09024],[175.03418,-37.09024],[175.03418,-37.05518],[174.81445,-37.05518],[174.81445,-37.09024]]]}},{"type":"Feature","properties":{},"geometry":{"type":"Polygon","coordinates":[[[174.72656,-37.05518],[175.03418,-37.05518],[175.03418,-37.0201],[174.72656,-37.0201],[174.72656,-37.05518]]]}},{"type":"Feature","properties":{},"geometry":{"type":"Polygon","coordinates":[[[174.59473,-37.0201],[175.03418,-37.0201],[175.03418,-36.985],[174.59473,-36.985],[174.59473,-37.0201]]]}},{"type":"Feature","properties":{},"geometry":{"type":"Polygon","coordinates":[[[174.55078,-36.985],[175.03418,-36.985],[175.03418,-36.94989],[174.55078,-36.94989],[174.55078,-36.985]]]}},{"type":"Feature","properties":{},"geometry":{"type":"Polygon","coordinates":[[[174.50684,-36.94989],[175.07812,-36.94989],[175.07812,-36.91476],[174.50684,-36.91476],[174.50684,-36.94989]]]}},{"type":"Feature","properties":{},"geometry":{"type":"Polygon","coordinates":[[[146.82129,-36.20882],[146.95312,-36.20882],[146.95312,-36.17336],[146.82129,-36.17336],[146.82129,-36.20882]]]}},{"type":"Feature","properties":{},"geometry":{"type":"Polygon","coordinates":[[[146.77734,-36.17336],[146.99707,-36.17336],[146.99707,-36.10238],[146.77734,-36.10238],[146.77734,-36.17336]]]}},{"type":"Feature","properties":{},"geometry":{"type":"Polygon","coordinates":[[[146.77734,-36.10238],[147.08496,-36.10238],[147.08496,-36.06686],[146.77734,-36.06686],[146.77734,-36.10238]]]}},{"type":"Feature","properties":{},"geometry":{"type":"Polygon","coordinates":[[[146.82129,-36.06686],[147.08496,-36.06686],[147.08496,-36.03133],[146.82129,-36.03133],[146.82129,-36.06686]]]}},{"type":"Feature","properties":{},"geometry":{"type":"Polygon","coordinates":[[[146.86523,-36.03133],[147.08496,-36.03133],[147.08496,-35.99579],[146.86523,-35.99579],[146.86523,-36.03133]]]}},{"type":"Feature","properties":{},"geometry":{"type":"Polygon","coordinates":[[[149.0625,-35.53223],[149.15039,-35.53223],[149.15039,-35.49646],[149.0625,-35.49646],[149.0625,-35.53223]]]}},{"type":"Feature","properties":{},"geometry":{"type":"Polygon","coordinates":[[[149.01855,-35.49646],[149.15039,-35.49646],[149.15039,-35.46067],[149.01855,-35.46067],[149.01855,-35.49646]]]}},{"type":"Feature","properties":{},"geometry":{"type":"Polygon","coordinates":[[[174.63867,-36.59789],[174.8584,-36.59789],[174.8584,-36.5626],[174.63867,-36.5626],[174.63867,-36.59789]]]}},{"type":"Feature","properties":{},"geometry":{"type":"Polygon","coordinates":[[[174.63867,-36.5626],[174.72656,-36.5626],[174.72656,-36.52729],[174.63867,-36.52729],[174.63867,-36.5626]]]}},{"type":"Feature","properties":{},"geometry":{"type":"Polygon","coordinates":[[[142.11914,-34.34344],[142.25098,-34.34344],[142.25098,-34.27084],[142.11914,-34.27084],[142.11914,-34.34344]]]}},{"type":"Feature","properties":{},"geometry":{"type":"Polygon","coordinates":[[[150.86426,-34.41597],[150.95215,-34.41597],[150.95215,-34.30714],[150.86426,-34.30714],[150.86426,-34.41597]]]}},{"type":"Feature","properties":{},"geometry":{"type":"Polygon","coordinates":[[[138.47168,-34.994],[138.73535,-34.994],[138.73535,-34.92197],[138.47168,-34.92197],[138.47168,-34.994]]]}},{"type":"Feature","properties":{},"geometry":{"type":"Polygon","coordinates":[[[138.42773,-34.92197],[138.73535,-34.92197],[138.73535,-34.88593],[138.42773,-34.88593],[138.42773,-34.92197]]]}},{"type":"Feature","properties":{},"geometry":{"type":"Polygon","coordinates":[[[138.42773,-34.88593],[138.7793,-34.88593],[138.7793,-34.74161],[138.42773,-34.74161],[138.42773,-34.88593]]]}},{"type":"Feature","properties":{},"geometry":{"type":"Polygon","coordinates":[[[138.55957,-34.74161],[138.7793,-34.74161],[138.7793,-34.70549],[138.55957,-34.70549],[138.55957,-34.74161]]]}},{"type":"Feature","properties":{},"geometry":{"type":"Polygon","coordinates":[[[138.60352,-34.70549],[138.7793,-34.70549],[138.7793,-34.66936],[138.60352,-34.66936],[138.60352,-34.70549]]]}},{"type":"Feature","properties":{},"geometry":{"type":"Polygon","coordinates":[[[138.60352,-34.66936],[138.82324,-34.66936],[138.82324,-34.59704],[138.60352,-34.59704],[138.60352,-34.66936]]]}},{"type":"Feature","properties":{},"geometry":{"type":"Polygon","coordinates":[[[138.69141,-34.59704],[138.82324,-34.59704],[138.82324,-34.52466],[138.69141,-34.52466],[138.69141,-34.59704]]]}},{"type":"Feature","properties":{},"geometry":{"type":"Polygon","coordinates":[[[150.77637,-34.59704],[150.86426,-34.59704],[150.86426,-34.56086],[150.77637,-34.56086],[150.77637,-34.59704]]]}},{"type":"Feature","properties":{},"geometry":{"type":"Polygon","coordinates":[[[150.77637,-34.56086],[150.9082,-34.56086],[150.9082,-34.52466],[150.77637,-34.52466],[150.77637,-34.56086]]]}},{"type":"Feature","properties":{},"geometry":{"type":"Polygon","coordinates":[[[148.93066,-35.24562],[149.23828,-35.24562],[149.23828,-35.17381],[148.93066,-35.17381],[148.93066,-35.24562]]]}},{"type":"Feature","properties":{},"geometry":{"type":"Polygon","coordinates":[[[147.2168,-35.20972],[147.52441,-35.20972],[147.52441,-35.13788],[147.2168,-35.13788],[147.2168,-35.20972]]]}},{"type":"Feature","properties":{},"geometry":{"type":"Polygon","coordinates":[[[148.97461,-35.17381],[149.23828,-35.17381],[149.23828,-35.13788],[148.97461,-35.13788],[148.97461,-35.17381]]]}},{"type":"Feature","properties":{},"geometry":{"type":"Polygon","coordinates":[[[147.26074,-35.13788],[147.52441,-35.13788],[147.52441,-35.10193],[147.26074,-35.10193],[147.26074,-35.13788]]]}},{"type":"Feature","properties":{},"geometry":{"type":"Polygon","coordinates":[[[149.0625,-35.13788],[149.19434,-35.13788],[149.19434,-35.10193],[149.0625,-35.10193],[149.0625,-35.13788]]]}},{"type":"Feature","properties":{},"geometry":{"type":"Polygon","coordinates":[[[147.30469,-35.10193],[147.43652,-35.10193],[147.43652,-35.06597],[147.30469,-35.06597],[147.30469,-35.10193]]]}},{"type":"Feature","properties":{},"geometry":{"type":"Polygon","coordinates":[[[147.30469,-35.06597],[147.39258,-35.06597],[147.39258,-35.03],[147.30469,-35.03],[147.30469,-35.06597]]]}},{"type":"Feature","properties":{},"geometry":{"type":"Polygon","coordinates":[[[115.53223,-33.46811],[115.70801,-33.46811],[115.70801,-33.43144],[115.53223,-33.43144],[115.53223,-33.46811]]]}},{"type":"Feature","properties":{},"geometry":{"type":"Polygon","coordinates":[[[151.25977,-33.54139],[151.47949,-33.54139],[151.47949,-33.43144],[151.25977,-33.43144],[151.25977,-33.54139]]]}},{"type":"Feature","properties":{},"geometry":{"type":"Polygon","coordinates":[[[115.53223,-33.43144],[115.75195,-33.43144],[115.75195,-33.39476],[115.53223,-33.39476],[115.53223,-33.43144]]]}},{"type":"Feature","properties":{},"geometry":{"type":"Polygon","coordinates":[[[151.25977,-33.43144],[151.52344,-33.43144],[151.52344,-33.35806],[151.25977,-33.35806],[151.25977,-33.43144]]]}},{"type":"Feature","properties":{},"geometry":{"type":"Polygon","coordinates":[[[115.57617,-33.39476],[115.7959,-33.39476],[115.7959,-33.28462],[115.57617,-33.28462],[115.57617,-33.39476]]]}},{"type":"Feature","properties":{},"geometry":{"type":"Polygon","coordinates":[[[151.30371,-33.35806],[151.56738,-33.35806],[151.56738,-33.32135],[151.30371,-33.32135],[151.30371,-33.35806]]]}},{"type":"Feature","properties":{},"geometry":{"type":"Polygon","coordinates":[[[151.34766,-33.32135],[151.61133,-33.32135],[151.61133,-33.24788],[151.34766,-33.24788],[151.34766,-33.32135]]]}},{"type":"Feature","properties":{},"geometry":{"type":"Polygon","coordinates":[[[115.62012,-33.28462],[115.7959,-33.28462],[115.7959,-33.21112],[115.62012,-33.21112],[115.62012,-33.28462]]]}},{"type":"Feature","properties":{},"geometry":{"type":"Polygon","coordinates":[[[151.34766,-33.24788],[151.65527,-33.24788],[151.65527,-33.21112],[151.34766,-33.21112],[151.34766,-33.24788]]]}},{"type":"Feature","properties":{},"geometry":{"type":"Polygon","coordinates":[[[115.62012,-33.21112],[115.75195,-33.21112],[115.75195,-33.10075],[115.62012,-33.10075],[115.62012,-33.21112]]]}},{"type":"Feature","properties":{},"geometry":{"type":"Polygon","coordinates":[[[151.43555,-33.21112],[151.65527,-33.21112],[151.65527,-33.17434],[151.43555,-33.17434],[151.43555,-33.21112]]]}},{"type":"Feature","properties":{},"geometry":{"type":"Polygon","coordinates":[[[151.43555,-33.17434],[151.69922,-33.17434],[151.69922,-33.13755],[151.43555,-33.13755],[151.43555,-33.17434]]]}},{"type":"Feature","properties":{},"geometry":{"type":"Polygon","coordinates":[[[150.77637,-34.52466],[150.95215,-34.52466],[150.95215,-34.45222],[150.77637,-34.45222],[150.77637,-34.52466]]]}},{"type":"Feature","properties":{},"geometry":{"type":"Polygon","coordinates":[[[150.82031,-34.45222],[150.95215,-34.45222],[150.95215,-34.41597],[150.82031,-34.41597],[150.82031,-34.45222]]]}},{"type":"Feature","properties":{},"geometry":{"type":"Polygon","coordinates":[[[149.01855,-35.46067],[149.28223,-35.46067],[149.28223,-35.42487],[149.01855,-35.42487],[149.01855,-35.46067]]]}},{"type":"Feature","properties":{},"geometry":{"type":"Polygon","coordinates":[[[149.01855,-21.1255],[149.28223,-21.1255],[149.28223,-21.0845],[149.01855,-21.0845],[149.01855,-21.1255]]]}},{"type":"Feature","properties":{},"geometry":{"type":"Polygon","coordinates":[[[148.97461,-35.42487],[149.32617,-35.42487],[149.32617,-35.38905],[148.97461,-35.38905],[148.97461,-35.42487]]]}},{"type":"Feature","properties":{},"geometry":{"type":"Polygon","coordinates":[[[148.97461,-35.38905],[149.28223,-35.38905],[149.28223,-35.35322],[148.97461,-35.35322],[148.97461,-35.38905]]]}},{"type":"Feature","properties":{},"geometry":{"type":"Polygon","coordinates":[[[148.97461,-35.2815],[149.28223,-35.2815],[149.28223,-35.24562],[148.97461,-35.24562],[148.97461,-35.2815]]]}},{"type":"Feature","properties":{},"geometry":{"type":"Polygon","coordinates":[[[148.93066,-35.35322],[149.28223,-35.35322],[149.28223,-35.2815],[148.93066,-35.2815],[148.93066,-35.35322]]]}},{"type":"Feature","properties":{},"geometry":{"type":"Polygon","coordinates":[[[150.9082,-34.30714],[150.95215,-34.30714],[150.95215,-34.27084],[150.9082,-34.27084],[150.9082,-34.30714]]]}},{"type":"Feature","properties":{},"geometry":{"type":"Polygon","coordinates":[[[150.9082,-33.65121],[150.95215,-33.65121],[150.95215,-33.61462],[150.9082,-33.61462],[150.9082,-33.65121]]]}},{"type":"Feature","properties":{},"geometry":{"type":"Polygon","coordinates":[[[142.0752,-34.27084],[142.25098,-34.27084],[142.25098,-34.23451],[142.0752,-34.23451],[142.0752,-34.27084]]]}},{"type":"Feature","properties":{},"geometry":{"type":"Polygon","coordinates":[[[142.03125,-34.23451],[142.25098,-34.23451],[142.25098,-34.19817],[142.03125,-34.19817],[142.03125,-34.23451]]]}},{"type":"Feature","properties":{},"geometry":{"type":"Polygon","coordinates":[[[141.9873,-34.19817],[142.29492,-34.19817],[142.29492,-34.16182],[141.9873,-34.16182],[141.9873,-34.19817]]]}},{"type":"Feature","properties":{},"geometry":{"type":"Polygon","coordinates":[[[141.85547,-34.16182],[142.25098,-34.16182],[142.25098,-34.12545],[141.85547,-34.12545],[141.85547,-34.16182]]]}},{"type":"Feature","properties":{},"geometry":{"type":"Polygon","coordinates":[[[141.85547,-34.12545],[142.0752,-34.12545],[142.0752,-34.05266],[141.85547,-34.05266],[141.85547,-34.12545]]]}},{"type":"Feature","properties":{},"geometry":{"type":"Polygon","coordinates":[[[150.95215,-34.12545],[151.21582,-34.12545],[151.21582,-34.08906],[150.95215,-34.08906],[150.95215,-34.12545]]]}},{"type":"Feature","properties":{},"geometry":{"type":"Polygon","coordinates":[[[150.95215,-34.08906],[151.25977,-34.08906],[151.25977,-34.05266],[150.95215,-34.05266],[150.95215,-34.08906]]]}},{"type":"Feature","properties":{},"geometry":{"type":"Polygon","coordinates":[[[150.9082,-34.05266],[151.30371,-34.05266],[151.30371,-33.9069],[150.9082,-33.9069],[150.9082,-34.05266]]]}},{"type":"Feature","properties":{},"geometry":{"type":"Polygon","coordinates":[[[150.9082,-33.9069],[151.34766,-33.9069],[151.34766,-33.87042],[150.9082,-33.87042],[150.9082,-33.9069]]]}},{"type":"Feature","properties":{},"geometry":{"type":"Polygon","coordinates":[[[150.9082,-33.79741],[151.34766,-33.79741],[151.34766,-33.68778],[150.9082,-33.68778],[150.9082,-33.79741]]]}},{"type":"Feature","properties":{},"geometry":{"type":"Polygon","coordinates":[[[150.86426,-33.87042],[151.34766,-33.87042],[151.34766,-33.79741],[150.86426,-33.79741],[150.86426,-33.87042]]]}},{"type":"Feature","properties":{},"geometry":{"type":"Polygon","coordinates":[[[150.60059,-33.83392],[150.64453,-33.83392],[150.64453,-33.79741],[150.60059,-33.79741],[150.60059,-33.83392]]]}},{"type":"Feature","properties":{},"geometry":{"type":"Polygon","coordinates":[[[150.38086,-33.79741],[150.5127,-33.79741],[150.5127,-33.76088],[150.38086,-33.76088],[150.38086,-33.79741]]]}},{"type":"Feature","properties":{},"geometry":{"type":"Polygon","coordinates":[[[150.55664,-33.79741],[150.64453,-33.79741],[150.64453,-33.76088],[150.55664,-33.76088],[150.55664,-33.79741]]]}},{"type":"Feature","properties":{},"geometry":{"type":"Polygon","coordinates":[[[150.24902,-33.76088],[150.64453,-33.76088],[150.64453,-33.65121],[150.24902,-33.65121],[150.24902,-33.76088]]]}},{"type":"Feature","properties":{},"geometry":{"type":"Polygon","coordinates":[[[150.9082,-33.68778],[151.3916,-33.68778],[151.3916,-33.65121],[150.9082,-33.65121],[150.9082,-33.68778]]]}},{"type":"Feature","properties":{},"geometry":{"type":"Polygon","coordinates":[[[150.24902,-33.65121],[150.38086,-33.65121],[150.38086,-33.61462],[150.24902,-33.61462],[150.24902,-33.65121]]]}},{"type":"Feature","properties":{},"geometry":{"type":"Polygon","coordinates":[[[150.46875,-33.65121],[150.64453,-33.65121],[150.64453,-33.61462],[150.46875,-33.61462],[150.46875,-33.65121]]]}},{"type":"Feature","properties":{},"geometry":{"type":"Polygon","coordinates":[[[151.04004,-33.65121],[151.21582,-33.65121],[151.21582,-33.61462],[151.04004,-33.61462],[151.04004,-33.65121]]]}},{"type":"Feature","properties":{},"geometry":{"type":"Polygon","coordinates":[[[151.25977,-33.65121],[151.3916,-33.65121],[151.3916,-33.54139],[151.25977,-33.54139],[151.25977,-33.65121]]]}},{"type":"Feature","properties":{},"geometry":{"type":"Polygon","coordinates":[[[150.24902,-33.61462],[150.33691,-33.61462],[150.33691,-33.57801],[150.24902,-33.57801],[150.24902,-33.61462]]]}},{"type":"Feature","properties":{},"geometry":{"type":"Polygon","coordinates":[[[151.08398,-33.61462],[151.21582,-33.61462],[151.21582,-33.57801],[151.08398,-33.57801],[151.08398,-33.61462]]]}},{"type":"Feature","properties":{},"geometry":{"type":"Polygon","coordinates":[[[151.3916,-33.13755],[151.69922,-33.13755],[151.69922,-33.02709],[151.3916,-33.02709],[151.3916,-33.13755]]]}},{"type":"Feature","properties":{},"geometry":{"type":"Polygon","coordinates":[[[151.61133,-32.99024],[151.78711,-32.99024],[151.78711,-32.95337],[151.61133,-32.95337],[151.61133,-32.99024]]]}},{"type":"Feature","properties":{},"geometry":{"type":"Polygon","coordinates":[[[151.61133,-32.95337],[151.83105,-32.95337],[151.83105,-32.91649],[151.61133,-32.91649],[151.61133,-32.95337]]]}},{"type":"Feature","properties":{},"geometry":{"type":"Polygon","coordinates":[[[151.65527,-32.91649],[151.83105,-32.91649],[151.83105,-32.87959],[151.65527,-32.87959],[151.65527,-32.91649]]]}},{"type":"Feature","properties":{},"geometry":{"type":"Polygon","coordinates":[[[151.65527,-32.87959],[151.74316,-32.87959],[151.74316,-32.84267],[151.65527,-32.84267],[151.65527,-32.87959]]]}},{"type":"Feature","properties":{},"geometry":{"type":"Polygon","coordinates":[[[151.78711,-27.68353],[152.05078,-27.68353],[152.05078,-27.60567],[151.78711,-27.60567],[151.78711,-27.68353]]]}},{"type":"Feature","properties":{},"geometry":{"type":"Polygon","coordinates":[[[151.78711,-27.48878],[152.05078,-27.48878],[152.05078,-27.44979],[151.78711,-27.44979],[151.78711,-27.48878]]]}},{"type":"Feature","properties":{},"geometry":{"type":"Polygon","coordinates":[[[151.78711,-27.60567],[152.09473,-27.60567],[152.09473,-27.48878],[151.78711,-27.48878],[151.78711,-27.60567]]]}},{"type":"Feature","properties":{},"geometry":{"type":"Polygon","coordinates":[[[152.66602,-27.56672],[153.36914,-27.56672],[153.36914,-27.52776],[152.66602,-27.52776],[152.66602,-27.56672]]]}},{"type":"Feature","properties":{},"geometry":{"type":"Polygon","coordinates":[[[152.75391,-27.52776],[153.36914,-27.52776],[153.36914,-27.48878],[152.75391,-27.48878],[152.75391,-27.52776]]]}},{"type":"Feature","properties":{},"geometry":{"type":"Polygon","coordinates":[[[152.8418,-27.48878],[153.3252,-27.48878],[153.3252,-27.44979],[152.8418,-27.44979],[152.8418,-27.48878]]]}},{"type":"Feature","properties":{},"geometry":{"type":"Polygon","coordinates":[[[151.78711,-27.44979],[152.00684,-27.44979],[152.00684,-27.37177],[151.78711,-27.37177],[151.78711,-27.44979]]]}},{"type":"Feature","properties":{},"geometry":{"type":"Polygon","coordinates":[[[152.88574,-27.44979],[153.2373,-27.44979],[153.2373,-27.41079],[152.88574,-27.41079],[152.88574,-27.44979]]]}},{"type":"Feature","properties":{},"geometry":{"type":"Polygon","coordinates":[[[152.75391,-27.41079],[153.2373,-27.41079],[153.2373,-27.33274],[152.75391,-27.33274],[152.75391,-27.41079]]]}},{"type":"Feature","properties":{},"geometry":{"type":"Polygon","coordinates":[[[152.97363,-30.41078],[153.14941,-30.41078],[153.14941,-30.33495],[152.97363,-30.33495],[152.97363,-30.41078]]]}},{"type":"Feature","properties":{},"geometry":{"type":"Polygon","coordinates":[[[153.01758,-30.33495],[153.19336,-30.33495],[153.19336,-30.25907],[153.01758,-30.25907],[153.01758,-30.33495]]]}},{"type":"Feature","properties":{},"geometry":{"type":"Polygon","coordinates":[[[153.06152,-30.25907],[153.19336,-30.25907],[153.19336,-30.2211],[153.06152,-30.2211],[153.06152,-30.25907]]]}},{"type":"Feature","properties":{},"geometry":{"type":"Polygon","coordinates":[[[153.10547,-30.2211],[153.19336,-30.2211],[153.19336,-30.18312],[153.10547,-30.18312],[153.10547,-30.2211]]]}},{"type":"Feature","properties":{},"geometry":{"type":"Polygon","coordinates":[[[115.70801,-31.95216],[116.2793,-31.95216],[116.2793,-31.91487],[115.70801,-31.91487],[115.70801,-31.95216]]]}},{"type":"Feature","properties":{},"geometry":{"type":"Polygon","coordinates":[[[115.70801,-31.91487],[116.36719,-31.91487],[116.36719,-31.84023],[115.70801,-31.84023],[115.70801,-31.91487]]]}},{"type":"Feature","properties":{},"geometry":{"type":"Polygon","coordinates":[[[115.70801,-31.84023],[116.32324,-31.84023],[116.32324,-31.80289],[115.70801,-31.80289],[115.70801,-31.84023]]]}},{"type":"Feature","properties":{},"geometry":{"type":"Polygon","coordinates":[[[152.88574,-26.94166],[153.06152,-26.94166],[153.06152,-26.90248],[152.88574,-26.90248],[152.88574,-26.94166]]]}},{"type":"Feature","properties":{},"geometry":{"type":"Polygon","coordinates":[[[152.88574,-26.90248],[153.14941,-26.90248],[153.14941,-26.86328],[152.88574,-26.86328],[152.88574,-26.90248]]]}},{"type":"Feature","properties":{},"geometry":{"type":"Polygon","coordinates":[[[152.88574,-26.62782],[153.14941,-26.62782],[153.14941,-26.47057],[152.88574,-26.47057],[152.88574,-26.62782]]]}},{"type":"Feature","properties":{},"geometry":{"type":"Polygon","coordinates":[[[152.88574,-26.39187],[153.14941,-26.39187],[153.14941,-26.3525],[152.88574,-26.3525],[152.88574,-26.39187]]]}},{"type":"Feature","properties":{},"geometry":{"type":"Polygon","coordinates":[[[152.88574,-26.86328],[153.19336,-26.86328],[153.19336,-26.62782],[152.88574,-26.62782],[152.88574,-26.86328]]]}},{"type":"Feature","properties":{},"geometry":{"type":"Polygon","coordinates":[[[152.8418,-26.47057],[153.14941,-26.47057],[153.14941,-26.39187],[152.8418,-26.39187],[152.8418,-26.47057]]]}},{"type":"Feature","properties":{},"geometry":{"type":"Polygon","coordinates":[[[152.97363,-26.3525],[153.06152,-26.3525],[153.06152,-26.31311],[152.97363,-26.31311],[152.97363,-26.3525]]]}},{"type":"Feature","properties":{},"geometry":{"type":"Polygon","coordinates":[[[153.50098,-28.45903],[153.58887,-28.45903],[153.58887,-28.42039],[153.50098,-28.42039],[153.50098,-28.45903]]]}},{"type":"Feature","properties":{},"geometry":{"type":"Polygon","coordinates":[[[153.50098,-28.42039],[153.63281,-28.42039],[153.63281,-28.30438],[153.50098,-28.30438],[153.50098,-28.42039]]]}},{"type":"Feature","properties":{},"geometry":{"type":"Polygon","coordinates":[[[153.2373,-28.0332],[153.50098,-28.0332],[153.50098,-27.95559],[153.2373,-27.95559],[153.2373,-28.0332]]]}},{"type":"Feature","properties":{},"geometry":{"type":"Polygon","coordinates":[[[153.2373,-27.95559],[153.45703,-27.95559],[153.45703,-27.76133],[153.2373,-27.76133],[153.2373,-27.95559]]]}},{"type":"Feature","properties":{},"geometry":{"type":"Polygon","coordinates":[[[153.2373,-27.76133],[153.3252,-27.76133],[153.3252,-27.72244],[153.2373,-27.72244],[153.2373,-27.76133]]]}},{"type":"Feature","properties":{},"geometry":{"type":"Polygon","coordinates":[[[149.10645,-21.24842],[149.23828,-21.24842],[149.23828,-21.20746],[149.10645,-21.20746],[149.10645,-21.24842]]]}},{"type":"Feature","properties":{},"geometry":{"type":"Polygon","coordinates":[[[149.10645,-21.04349],[149.23828,-21.04349],[149.23828,-21.00247],[149.10645,-21.00247],[149.10645,-21.04349]]]}},{"type":"Feature","properties":{},"geometry":{"type":"Polygon","coordinates":[[[149.01855,-21.20746],[149.23828,-21.20746],[149.23828,-21.1255],[149.01855,-21.1255],[149.01855,-21.20746]]]}},{"type":"Feature","properties":{},"geometry":{"type":"Polygon","coordinates":[[[149.10645,-21.0845],[149.28223,-21.0845],[149.28223,-21.04349],[149.10645,-21.04349],[149.10645,-21.0845]]]}},{"type":"Feature","properties":{},"geometry":{"type":"Polygon","coordinates":[[[149.10645,-21.00247],[149.19434,-21.00247],[149.19434,-20.96144],[149.10645,-20.96144],[149.10645,-21.00247]]]}},{"type":"Feature","properties":{},"geometry":{"type":"Polygon","coordinates":[[[146.68945,-19.43551],[146.77734,-19.43551],[146.77734,-19.39407],[146.68945,-19.39407],[146.68945,-19.43551]]]}},{"type":"Feature","properties":{},"geometry":{"type":"Polygon","coordinates":[[[146.55762,-19.39407],[146.86523,-19.39407],[146.86523,-19.22818],[146.55762,-19.22818],[146.55762,-19.39407]]]}},{"type":"Feature","properties":{},"geometry":{"type":"Polygon","coordinates":[[[152.62207,-25.6019],[152.75391,-25.6019],[152.75391,-25.36388],[152.62207,-25.36388],[152.62207,-25.6019]]]}},{"type":"Feature","properties":{},"geometry":{"type":"Polygon","coordinates":[[[152.8418,-25.44327],[152.97363,-25.44327],[152.97363,-25.36388],[152.8418,-25.36388],[152.8418,-25.44327]]]}},{"type":"Feature","properties":{},"geometry":{"type":"Polygon","coordinates":[[[152.62207,-25.36388],[152.97363,-25.36388],[152.97363,-25.28444],[152.62207,-25.28444],[152.62207,-25.36388]]]}},{"type":"Feature","properties":{},"geometry":{"type":"Polygon","coordinates":[[[152.57812,-25.28444],[152.92969,-25.28444],[152.92969,-25.2447],[152.57812,-25.2447],[152.57812,-25.28444]]]}},{"type":"Feature","properties":{},"geometry":{"type":"Polygon","coordinates":[[[152.57812,-25.2447],[152.88574,-25.2447],[152.88574,-25.20494],[152.57812,-25.20494],[152.57812,-25.2447]]]}},{"type":"Feature","properties":{},"geometry":{"type":"Polygon","coordinates":[[[152.57812,-25.20494],[152.66602,-25.20494],[152.66602,-25.16517],[152.57812,-25.16517],[152.57812,-25.20494]]]}},{"type":"Feature","properties":{},"geometry":{"type":"Polygon","coordinates":[[[152.57812,-25.16517],[152.62207,-25.16517],[152.62207,-25.12539],[152.57812,-25.12539],[152.57812,-25.16517]]]}},{"type":"Feature","properties":{},"geometry":{"type":"Polygon","coordinates":[[[152.22656,-24.96614],[152.53418,-24.96614],[152.53418,-24.84657],[152.22656,-24.84657],[152.22656,-24.96614]]]}},{"type":"Feature","properties":{},"geometry":{"type":"Polygon","coordinates":[[[152.27051,-24.84657],[152.53418,-24.84657],[152.53418,-24.80668],[152.27051,-24.80668],[152.27051,-24.84657]]]}},{"type":"Feature","properties":{},"geometry":{"type":"Polygon","coordinates":[[[152.27051,-24.80668],[152.49023,-24.80668],[152.49023,-24.76678],[152.27051,-24.76678],[152.27051,-24.80668]]]}},{"type":"Feature","properties":{},"geometry":{"type":"Polygon","coordinates":[[[152.31445,-24.76678],[152.44629,-24.76678],[152.44629,-24.72687],[152.31445,-24.72687],[152.31445,-24.76678]]]}},{"type":"Feature","properties":{},"geometry":{"type":"Polygon","coordinates":[[[146.60156,-19.22818],[146.82129,-19.22818],[146.82129,-19.14517],[146.60156,-19.14517],[146.60156,-19.22818]]]}},{"type":"Feature","properties":{},"geometry":{"type":"Polygon","coordinates":[[[131.00098,-12.64034],[131.2207,-12.64034],[131.2207,-12.59745],[131.00098,-12.59745],[131.00098,-12.64034]]]}},{"type":"Feature","properties":{},"geometry":{"type":"Polygon","coordinates":[[[130.95703,-12.59745],[131.2207,-12.59745],[131.2207,-12.55456],[130.95703,-12.55456],[130.95703,-12.59745]]]}},{"type":"Feature","properties":{},"geometry":{"type":"Polygon","coordinates":[[[153.45703,-28.30438],[153.63281,-28.30438],[153.63281,-28.26568],[153.45703,-28.26568],[153.45703,-28.30438]]]}},{"type":"Feature","properties":{},"geometry":{"type":"Polygon","coordinates":[[[153.41309,-28.26568],[153.63281,-28.26568],[153.63281,-28.22697],[153.41309,-28.22697],[153.41309,-28.26568]]]}},{"type":"Feature","properties":{},"geometry":{"type":"Polygon","coordinates":[[[153.36914,-28.22697],[153.63281,-28.22697],[153.63281,-28.18824],[153.36914,-28.18824],[153.36914,-28.22697]]]}},{"type":"Feature","properties":{},"geometry":{"type":"Polygon","coordinates":[[[153.3252,-28.18824],[153.58887,-28.18824],[153.58887,-28.11075],[153.3252,-28.11075],[153.3252,-28.18824]]]}},{"type":"Feature","properties":{},"geometry":{"type":"Polygon","coordinates":[[[153.28125,-28.11075],[153.54492,-28.11075],[153.54492,-28.07198],[153.28125,-28.07198],[153.28125,-28.11075]]]}},{"type":"Feature","properties":{},"geometry":{"type":"Polygon","coordinates":[[[153.28125,-28.07198],[153.50098,-28.07198],[153.50098,-28.0332],[153.28125,-28.0332],[153.28125,-28.07198]]]}},{"type":"Feature","properties":{},"geometry":{"type":"Polygon","coordinates":[[[130.91309,-12.55456],[131.2207,-12.55456],[131.2207,-12.51167],[130.91309,-12.51167],[130.91309,-12.55456]]]}},{"type":"Feature","properties":{},"geometry":{"type":"Polygon","coordinates":[[[130.78125,-12.51167],[131.2207,-12.51167],[131.2207,-12.46876],[130.78125,-12.46876],[130.78125,-12.51167]]]}},{"type":"Feature","properties":{},"geometry":{"type":"Polygon","coordinates":[[[130.78125,-12.46876],[131.04492,-12.46876],[131.04492,-12.42585],[130.78125,-12.42585],[130.78125,-12.46876]]]}},{"type":"Feature","properties":{},"geometry":{"type":"Polygon","coordinates":[[[130.78125,-12.42585],[131.00098,-12.42585],[131.00098,-12.38293],[130.78125,-12.38293],[130.78125,-12.42585]]]}},{"type":"Feature","properties":{},"geometry":{"type":"Polygon","coordinates":[[[130.8252,-12.38293],[130.95703,-12.38293],[130.95703,-12.34],[130.8252,-12.34],[130.8252,-12.38293]]]}},{"type":"Feature","properties":{},"geometry":{"type":"Polygon","coordinates":[[[145.72266,-17.14079],[145.85449,-17.14079],[145.85449,-17.09879],[145.72266,-17.09879],[145.72266,-17.14079]]]}},{"type":"Feature","properties":{},"geometry":{"type":"Polygon","coordinates":[[[145.67871,-17.09879],[145.85449,-17.09879],[145.85449,-17.05678],[145.67871,-17.05678],[145.67871,-17.09879]]]}},{"type":"Feature","properties":{},"geometry":{"type":"Polygon","coordinates":[[[145.63477,-17.05678],[145.85449,-17.05678],[145.85449,-16.97274],[145.63477,-16.97274],[145.63477,-17.05678]]]}},{"type":"Feature","properties":{},"geometry":{"type":"Polygon","coordinates":[[[145.63477,-16.97274],[145.81055,-16.97274],[145.81055,-16.93071],[145.63477,-16.93071],[145.63477,-16.97274]]]}},{"type":"Feature","properties":{},"geometry":{"type":"Polygon","coordinates":[[[145.59082,-16.93071],[145.81055,-16.93071],[145.81055,-16.84661],[145.59082,-16.84661],[145.59082,-16.93071]]]}},{"type":"Feature","properties":{},"geometry":{"type":"Polygon","coordinates":[[[145.59082,-16.84661],[145.7666,-16.84661],[145.7666,-16.76247],[145.59082,-16.76247],[145.59082,-16.84661]]]}},{"type":"Feature","properties":{},"geometry":{"type":"Polygon","coordinates":[[[145.59082,-16.76247],[145.72266,-16.76247],[145.72266,-16.72039],[145.59082,-16.72039],[145.59082,-16.76247]]]}},{"type":"Feature","properties":{},"geometry":{"type":"Polygon","coordinates":[[[145.63477,-16.72039],[145.67871,-16.72039],[145.67871,-16.67829],[145.63477,-16.67829],[145.63477,-16.72039]]]}},{"type":"Feature","properties":{},"geometry":{"type":"Polygon","coordinates":[[[115.66406,-32.32428],[116.05957,-32.32428],[116.05957,-32.24997],[115.66406,-32.24997],[115.66406,-32.32428]]]}},{"type":"Feature","properties":{},"geometry":{"type":"Polygon","coordinates":[[[115.70801,-32.24997],[116.05957,-32.24997],[116.05957,-32.2128],[115.70801,-32.2128],[115.70801,-32.24997]]]}},{"type":"Feature","properties":{},"geometry":{"type":"Polygon","coordinates":[[[115.70801,-32.2128],[116.10352,-32.2128],[116.10352,-32.17561],[115.70801,-32.17561],[115.70801,-32.2128]]]}},{"type":"Feature","properties":{},"geometry":{"type":"Polygon","coordinates":[[[115.70801,-32.17561],[116.14746,-32.17561],[116.14746,-32.06396],[115.70801,-32.06396],[115.70801,-32.17561]]]}},{"type":"Feature","properties":{},"geometry":{"type":"Polygon","coordinates":[[[115.70801,-32.02671],[116.14746,-32.02671],[116.14746,-31.95216],[115.70801,-31.95216],[115.70801,-32.02671]]]}},{"type":"Feature","properties":{},"geometry":{"type":"Polygon","coordinates":[[[115.66406,-32.06396],[116.14746,-32.06396],[116.14746,-32.02671],[115.66406,-32.02671],[115.66406,-32.06396]]]}},{"type":"Feature","properties":{},"geometry":{"type":"Polygon","coordinates":[[[10.2832,59.7564],[10.54687,59.7564],[10.54687,59.82273],[10.2832,59.82273],[10.2832,59.7564]]]}},{"type":"Feature","properties":{},"geometry":{"type":"Polygon","coordinates":[[[10.2832,59.82273],[10.63477,59.82273],[10.63477,59.84481],[10.2832,59.84481],[10.2832,59.82273]]]}},{"type":"Feature","properties":{},"geometry":{"type":"Polygon","coordinates":[[[10.2832,59.84481],[10.94238,59.84481],[10.94238,59.86688],[10.2832,59.86688],[10.2832,59.84481]]]}},{"type":"Feature","properties":{},"geometry":{"type":"Polygon","coordinates":[[[10.32715,59.86688],[11.07422,59.86688],[11.07422,59.88894],[10.32715,59.88894],[10.32715,59.86688]]]}},{"type":"Feature","properties":{},"geometry":{"type":"Polygon","coordinates":[[[10.37109,59.88894],[11.07422,59.88894],[11.07422,59.91098],[10.37109,59.91098],[10.37109,59.88894]]]}},{"type":"Feature","properties":{},"geometry":{"type":"Polygon","coordinates":[[[10.37109,59.91098],[11.16211,59.91098],[11.16211,59.99899],[10.37109,59.99899],[10.37109,59.91098]]]}},{"type":"Feature","properties":{},"geometry":{"type":"Polygon","coordinates":[[[10.81055,59.99899],[11.16211,59.99899],[11.16211,60.06484],[10.81055,60.06484],[10.81055,59.99899]]]}},{"type":"Feature","properties":{},"geometry":{"type":"Polygon","coordinates":[[[-2.98828,53.5925],[-2.8125,53.5925],[-2.8125,53.61858],[-2.98828,53.61858],[-2.98828,53.5925]]]}}]}