{"type":"FeatureCollection","features":[{"type":"Feature","properties":{},"geometry":{"type":"Polygon","coordinates":[[[-104.766,33.343],[-104.762,33.296],[-104.74,33.287],[-104.723,33.29],[-104.711,33.274],[-104.7,33.274],[-104.698,33.292],[-104.687,33.292],[-104.674,33.278],[-104.665,33.28],[-104.661,33.295],[-104.649,33.295],[-104.648,33.28],[-104.639,33.277],[-104.627,33.281],[-104.623,33.294],[-104.604,33.289],[-104.587,33.297],[-104.564,33.294],[-104.557,33.266],[-104.479,33.262],[-104.459,33.27],[-104.459,33.282],[-104.466,33.282],[-104.444,33.285],[-104.442,33.293],[-104.393,33.298],[-104.385,33.813],[-104.407,33.884],[-104.49,33.897],[-104.506,33.889],[-104.54,33.888],[-104.566,33.897],[-104.571,33.917],[-104.621,33.923],[-104.631,33.898],[-104.679,33.893],[-104.729,33.898],[-104.764,33.89],[-104.766,33.648],[-104.76,33.575],[-104.766,33.343]]]}},{"type":"Feature","properties":{},"geometry":{"type":"Polygon","coordinates":[[[-104.447,32.8],[-104.44,32.706],[-104.44,32.264],[-104.381,32.272],[-104.344,32.262],[-104.219,32.253],[-104.108,32.259],[-104.089,32.267],[-104.083,32.284],[-104.076,32.284],[-104.065,32.585],[-104.069,32.803],[-104.08,32.882],[-104.252,32.89],[-104.44,32.867],[-104.447,32.8]]]}},{"type":"Feature","properties":{},"geometry":{"type":"Polygon","coordinates":[[[-104.052,32.382],[-104.043,32.585],[-104.05,32.808],[-104.052,32.382]]]}},{"type":"Feature","properties":{},"geometry":{"type":"Polygon","coordinates":[[[-103.539,34.605],[-103.537,34.56],[-103.517,34.512],[-103.526,34.466],[-103.521,34.437],[-103.53,34.295],[-103.521,34.288],[-103.523,34.158],[-103.517,34.156],[-103.53,33.777],[-103.195,33.747],[-103.127,33.803],[-103.111,33.946],[-103.12,34.2],[-103.114,34.246],[-103.12,34.28],[-103.093,34.304],[-103.06,34.433],[-103.06,34.525],[-103.079,34.6],[-103.071,34.607],[-103.068,34.646],[-103.079,34.676],[-103.063,34.701],[-103.087,34.739],[-103.092,34.782],[-103.071,34.91],[-103.09,34.955],[-103.207,34.976],[-103.259,34.955],[-103.304,34.947],[-103.462,34.94],[-103.504,34.93],[-103.513,34.921],[-103.51,34.866],[-103.524,34.824],[-103.539,34.605]]]}},{"type":"Feature","properties":{},"geometry":{"type":"Polygon","coordinates":[[[-103.25,32.661],[-103.214,32.639],[-103.188,32.632],[-103.188,32.638],[-103.177,32.638],[-103.178,32.628],[-103.144,32.624],[-103.142,32.638],[-103.109,32.631],[-103.064,32.654],[-103.052,32.681],[-103.063,32.682],[-103.063,32.691],[-103.053,32.694],[-103.055,32.724],[-103.064,32.724],[-103.055,32.785],[-103.059,32.807],[-103.134,32.81],[-103.148,32.802],[-103.159,32.813],[-103.196,32.814],[-103.222,32.806],[-103.223,32.813],[-103.245,32.813],[-103.25,32.661]]]}},{"type":"Feature","properties":{},"geometry":{"type":"Polygon","coordinates":[[[-102.501,31.775],[-102.478,31.775],[-102.478,31.748],[-102.463,31.748],[-102.463,31.775],[-102.294,31.775],[-102.294,31.866],[-102.232,31.866],[-102.228,31.879],[-102.188,31.878],[-102.188,31.904],[-102.173,31.904],[-102.173,31.896],[-102.008,31.896],[-102.008,31.959],[-101.887,31.959],[-101.887,32.084],[-102.171,32.083],[-102.171,32.066],[-102.203,32.06],[-102.203,32.049],[-102.28,32.049],[-102.281,31.97],[-102.294,31.97],[-102.292,32.007],[-102.501,32.008],[-102.501,31.775]]]}},{"type":"Feature","properties":{},"geometry":{"type":"Polygon","coordinates":[[[-102.465,34],[-102.458,33.99],[-102.463,33.935],[-102.446,33.934],[-102.437,33.813],[-102.461,33.799],[-102.454,33.458],[-102.446,33.417],[-102.446,33.339],[-102.426,33.324],[-102.354,33.308],[-102.067,33.308],[-102.007,33.319],[-101.803,33.311],[-101.617,33.293],[-101.603,33.311],[-101.544,33.316],[-101.544,33.332],[-101.558,33.332],[-101.569,33.364],[-101.573,33.414],[-101.582,33.422],[-101.586,33.701],[-101.595,33.709],[-101.596,33.761],[-101.588,33.768],[-101.593,33.89],[-101.569,33.922],[-101.566,33.967],[-101.582,33.967],[-101.582,34.026],[-101.593,34.036],[-101.731,34.034],[-101.736,34.025],[-101.736,34.033],[-101.77,34.03],[-101.772,34.045],[-102.015,34.041],[-102.158,34.048],[-102.412,34.04],[-102.424,34.039],[-102.43,34.021],[-102.463,34.009],[-102.465,34]]]}},{"type":"Feature","properties":{},"geometry":{"type":"Polygon","coordinates":[[[-101.965,34.964],[-101.928,34.964],[-101.924,35.113],[-101.935,35.118],[-101.942,35.154],[-101.965,35.156],[-101.965,34.964]]]}},{"type":"Feature","properties":{},"geometry":{"type":"Polygon","coordinates":[[[-101.909,34.953],[-101.869,34.953],[-101.869,34.957],[-101.909,34.957],[-101.909,34.953]]]}},{"type":"Feature","properties":{},"geometry":{"type":"Polygon","coordinates":[[[-101.869,34.957],[-101.868,34.987],[-101.83,34.996],[-101.869,34.999],[-101.869,34.957]]]}},{"type":"Feature","properties":{},"geometry":{"type":"Polygon","coordinates":[[[-101.633,32.114],[-101.617,32.083],[-101.621,32.06],[-101.632,32.057],[-101.621,32.002],[-101.628,31.999],[-101.629,31.973],[-101.621,31.76],[-101.597,31.754],[-101.477,31.755],[-101.445,31.735],[-101.337,31.712],[-101.31,31.733],[-101.305,31.755],[-101.243,31.752],[-101.243,31.788],[-101.249,31.79],[-101.242,31.804],[-101.24,31.972],[-101.227,32.159],[-101.235,32.184],[-101.229,32.185],[-101.247,32.359],[-101.277,32.381],[-101.326,32.352],[-101.327,32.358],[-101.393,32.349],[-101.398,32.361],[-101.448,32.356],[-101.449,32.365],[-101.466,32.367],[-101.54,32.351],[-101.548,32.356],[-101.628,32.344],[-101.628,32.331],[-101.621,32.33],[-101.63,32.193],[-101.622,32.131],[-101.632,32.128],[-101.633,32.114]]]}},{"type":"Feature","properties":{},"geometry":{"type":"Polygon","coordinates":[[[-100.556,31.431],[-100.555,31.355],[-100.547,31.334],[-100.43,31.33],[-100.401,31.357],[-100.357,31.365],[-100.35,31.37],[-100.348,31.399],[-100.35,31.556],[-100.383,31.564],[-100.535,31.561],[-100.546,31.548],[-100.556,31.431]]]}},{"type":"Feature","properties":{},"geometry":{"type":"Polygon","coordinates":[[[-100.072,32.688],[-100.051,32.653],[-100.043,32.619],[-100.054,32.597],[-100.039,32.52],[-100.062,32.506],[-100.047,32.452],[-100.047,32.433],[-100.058,32.425],[-100.042,32.392],[-100.047,32.37],[-100.039,32.343],[-100.051,32.341],[-100.051,32.264],[-100.029,32.258],[-100.025,32.266],[-99.978,32.267],[-99.967,32.257],[-99.915,32.253],[-99.91,32.259],[-99.903,32.25],[-99.879,32.249],[-99.881,32.255],[-99.855,32.25],[-99.853,32.264],[-99.833,32.265],[-99.833,32.898],[-99.885,32.898],[-99.89,32.907],[-99.993,32.908],[-100.05,32.899],[-100.058,32.888],[-100.055,32.877],[-100.066,32.875],[-100.063,32.861],[-100.069,32.86],[-100.054,32.784],[-100.065,32.782],[-100.054,32.699],[-100.072,32.688]]]}},{"type":"Feature","properties":{},"geometry":{"type":"Polygon","coordinates":[[[-94.86,31.113],[-94.625,31.113],[-94.625,31.207],[-94.55,31.205],[-94.543,31.371],[-94.577,31.375],[-94.572,31.392],[-94.579,31.401],[-94.568,31.418],[-94.581,31.451],[-94.596,31.467],[-94.583,31.484],[-94.59,31.499],[-94.574,31.508],[-94.59,31.555],[-94.58,31.603],[-94.581,31.687],[-94.691,31.698],[-94.705,31.685],[-94.808,31.367],[-94.816,31.284],[-94.859,31.28],[-94.86,31.113]]]}},{"type":"Feature","properties":{},"geometry":{"type":"Polygon","coordinates":[[[-94.281,30.07],[-94.235,30.069],[-94.237,30.017],[-94.129,30.003],[-94.129,29.993],[-94.12,29.993],[-94.12,29.898],[-94.064,29.899],[-94.058,29.875],[-94.047,29.876],[-94.055,29.878],[-94.054,30.05],[-93.987,30.05],[-93.987,30.004],[-93.94,30.005],[-93.941,30.25],[-93.987,30.251],[-93.987,30.164],[-94.112,30.163],[-94.11,30.208],[-94.134,30.203],[-94.145,30.212],[-94.15,30.233],[-94.151,30.456],[-94.201,30.457],[-94.201,30.439],[-94.237,30.439],[-94.237,30.36],[-94.281,30.36],[-94.281,30.07]]]}},{"type":"Feature","properties":{},"geometry":{"type":"Polygon","coordinates":[[[-94.184,33.331],[-94.151,33.331],[-94.151,33.295],[-94.145,33.295],[-94.145,33.304],[-94.009,33.305],[-94.007,33.332],[-93.933,33.332],[-93.933,33.531],[-94.184,33.531],[-94.184,33.331]]]}},{"type":"Feature","properties":{},"geometry":{"type":"Polygon","coordinates":[[[-93.985,32.405],[-93.984,32.389],[-93.977,32.388],[-93.981,32.356],[-93.974,32.314],[-93.978,32.198],[-93.966,32.181],[-93.929,32.184],[-93.9,32.177],[-93.849,32.183],[-93.833,32.174],[-93.822,32.184],[-93.789,32.192],[-93.678,32.185],[-93.678,32.192],[-93.665,32.194],[-93.665,32.184],[-93.63,32.187],[-93.61,32.21],[-93.608,32.279],[-93.594,32.27],[-93.566,32.272],[-93.553,32.287],[-93.553,32.313],[-93.458,32.316],[-93.45,32.332],[-93.406,32.336],[-93.403,32.325],[-93.378,32.309],[-93.266,32.313],[-93.262,32.321],[-93.227,32.317],[-93.223,32.329],[-93.19,32.325],[-93.182,32.343],[-93.182,32.5],[-93.174,32.511],[-93.139,32.516],[-93.143,32.55],[-93.135,32.58],[-93.143,32.58],[-93.143,32.592],[-93.131,32.592],[-93.127,32.738],[-93.165,32.738],[-93.183,32.754],[-93.212,32.762],[-93.34,32.764],[-93.358,32.749],[-93.378,32.747],[-93.555,32.758],[-93.612,32.754],[-93.615,32.748],[-93.664,32.782],[-93.734,32.763],[-93.738,32.782],[-93.75,32.785],[-93.766,32.777],[-93.849,32.777],[-93.849,32.785],[-93.871,32.785],[-93.884,32.776],[-93.923,32.775],[-93.923,32.783],[-93.941,32.783],[-93.966,32.768],[-93.97,32.743],[-93.98,32.742],[-93.976,32.582],[-93.983,32.566],[-93.977,32.566],[-93.976,32.528],[-93.984,32.526],[-93.984,32.47],[-93.976,32.425],[-93.985,32.405]]]}},{"type":"Feature","properties":{},"geometry":{"type":"Polygon","coordinates":[[[-93.487,30.421],[-93.474,30.369],[-93.483,30.081],[-93.424,30.073],[-93.327,30.082],[-93.235,30.079],[-93.222,30.085],[-93.039,30.082],[-93.039,30.104],[-93.025,30.105],[-93.023,30.112],[-93.017,30.171],[-93.031,30.175],[-93.031,30.232],[-93.04,30.232],[-93.04,30.276],[-93.047,30.276],[-93.049,30.305],[-93.039,30.305],[-93.036,30.353],[-93.039,30.412],[-93.06,30.502],[-93.095,30.518],[-93.119,30.52],[-93.192,30.513],[-93.26,30.518],[-93.278,30.534],[-93.333,30.532],[-93.338,30.541],[-93.406,30.541],[-93.424,30.537],[-93.424,30.527],[-93.466,30.532],[-93.479,30.518],[-93.479,30.455],[-93.487,30.421]]]}},{"type":"Feature","properties":{},"geometry":{"type":"Polygon","coordinates":[[[-93.374,30.819],[-93.373,30.81],[-93.358,30.81],[-93.358,30.802],[-93.303,30.8],[-93.293,30.793],[-93.233,30.8],[-93.226,30.813],[-93.219,30.848],[-93.204,30.866],[-93.214,30.888],[-93.204,30.892],[-93.203,30.912],[-93.19,30.914],[-93.19,30.955],[-93.182,30.958],[-93.174,31.012],[-93.182,31.042],[-93.174,31.048],[-93.181,31.085],[-93.174,31.088],[-93.174,31.106],[-93.182,31.116],[-93.168,31.146],[-93.182,31.165],[-93.174,31.169],[-93.174,31.193],[-93.189,31.201],[-93.203,31.195],[-93.24,31.198],[-93.257,31.19],[-93.262,31.199],[-93.279,31.201],[-93.286,31.193],[-93.308,31.196],[-93.316,31.186],[-93.327,31.187],[-93.323,31.153],[-93.332,31.147],[-93.34,31.099],[-93.33,31.089],[-93.327,31.062],[-93.349,31.009],[-93.356,30.91],[-93.366,30.853],[-93.373,30.852],[-93.374,30.819]]]}},{"type":"Feature","properties":{},"geometry":{"type":"Polygon","coordinates":[[[-93.235,34.154],[-93.209,34.14],[-93.211,34.098],[-93.198,34.095],[-93.09,34.095],[-93.086,34.087],[-93.065,34.084],[-93.046,34.09],[-92.889,34.089],[-92.873,34.12],[-92.852,34.124],[-92.848,34.171],[-92.848,34.598],[-92.818,34.53],[-92.764,34.441],[-92.751,34.388],[-92.727,34.384],[-92.736,34.359],[-92.71,34.281],[-92.668,34.27],[-92.646,34.283],[-92.641,34.297],[-92.626,34.293],[-92.605,34.302],[-92.644,34.303],[-92.641,34.311],[-92.626,34.306],[-92.598,34.318],[-92.585,34.338],[-92.527,34.368],[-92.49,34.397],[-92.347,34.471],[-92.185,34.571],[-92.142,34.576],[-92.13,34.588],[-92.13,34.603],[-92.067,34.64],[-91.976,34.673],[-91.872,34.753],[-91.399,35.025],[-91.395,35.213],[-91.479,35.327],[-91.501,35.378],[-91.535,35.422],[-91.581,35.454],[-91.589,35.469],[-91.603,35.469],[-91.662,35.442],[-91.734,35.391],[-91.842,35.33],[-91.851,35.316],[-92.234,35.109],[-92.282,35.068],[-92.376,35.02],[-92.465,34.961],[-92.648,34.866],[-92.863,34.734],[-92.861,34.768],[-92.885,34.782],[-93.222,34.775],[-93.231,34.762],[-93.226,34.312],[-93.235,34.154]]]}},{"type":"Feature","properties":{},"geometry":{"type":"Polygon","coordinates":[[[-93.178,31.721],[-93.174,31.711],[-93.083,31.692],[-93.014,31.722],[-93.01,31.741],[-93.035,31.787],[-93.082,31.822],[-93.159,31.817],[-93.178,31.721]]]}},{"type":"Feature","properties":{},"geometry":{"type":"Polygon","coordinates":[[[-92.644,31.429],[-92.634,31.396],[-92.624,31.396],[-92.63,31.378],[-92.622,31.341],[-92.622,31.329],[-92.638,31.328],[-92.622,31.288],[-92.631,31.27],[-92.639,31.163],[-92.623,31.1],[-92.598,31.093],[-92.576,31.06],[-92.532,31.04],[-92.491,31.049],[-92.484,31.058],[-92.446,31.071],[-92.442,31.066],[-92.435,31.071],[-92.433,31.058],[-92.421,31.054],[-92.392,31.052],[-92.376,31.065],[-92.363,31.054],[-92.31,31.052],[-92.306,31.066],[-92.223,31.081],[-92.229,31.113],[-92.216,31.115],[-92.222,31.158],[-92.23,31.159],[-92.222,31.182],[-92.23,31.206],[-92.223,31.248],[-92.229,31.248],[-92.23,31.266],[-92.221,31.331],[-92.227,31.341],[-92.221,31.534],[-92.227,31.593],[-92.251,31.645],[-92.443,31.666],[-92.565,31.656],[-92.582,31.667],[-92.617,31.662],[-92.624,31.646],[-92.622,31.616],[-92.638,31.607],[-92.63,31.534],[-92.635,31.488],[-92.626,31.471],[-92.642,31.466],[-92.644,31.429]]]}},{"type":"Feature","properties":{},"geometry":{"type":"Polygon","coordinates":[[[-92.498,30.468],[-92.497,30.461],[-92.234,30.461],[-92.234,30.491],[-91.94,30.49],[-91.94,30.518],[-91.912,30.518],[-91.91,30.558],[-91.934,30.558],[-91.932,30.587],[-92.201,30.587],[-92.203,30.581],[-92.181,30.58],[-92.181,30.521],[-92.455,30.522],[-92.454,30.495],[-92.498,30.496],[-92.498,30.468]]]}},{"type":"Feature","properties":{},"geometry":{"type":"Polygon","coordinates":[[[-92.451,30.229],[-92.45,30.196],[-92.435,30.165],[-92.34,30.171],[-92.339,30.164],[-92.325,30.164],[-92.31,30.171],[-92.218,30.164],[-92.218,30.071],[-92.043,30.07],[-92.035,30.067],[-92.034,30.043],[-91.913,30.041],[-91.892,30.031],[-91.88,30],[-91.851,29.975],[-91.846,29.956],[-91.858,29.949],[-91.857,29.939],[-91.718,29.93],[-91.704,29.935],[-91.697,30.05],[-91.708,30.114],[-91.734,30.12],[-91.739,30.133],[-91.789,30.163],[-91.821,30.152],[-91.829,30.178],[-91.897,30.209],[-91.905,30.221],[-91.901,30.235],[-91.934,30.256],[-91.936,30.248],[-91.95,30.252],[-91.956,30.258],[-91.951,30.291],[-91.958,30.304],[-91.957,30.348],[-91.993,30.349],[-91.998,30.362],[-92.013,30.365],[-92.013,30.402],[-92.126,30.402],[-92.14,30.391],[-92.142,30.291],[-92.238,30.29],[-92.335,30.301],[-92.347,30.293],[-92.365,30.299],[-92.435,30.295],[-92.446,30.288],[-92.443,30.257],[-92.451,30.229]]]}},{"type":"Feature","properties":{},"geometry":{"type":"Polygon","coordinates":[[[-92.281,32.46],[-92.28,32.419],[-92.148,32.419],[-92.138,32.404],[-92.126,32.409],[-92.122,32.403],[-92.118,32.417],[-91.989,32.419],[-91.99,32.47],[-91.957,32.47],[-91.957,32.606],[-92.127,32.606],[-92.179,32.591],[-92.179,32.58],[-92.197,32.582],[-92.197,32.588],[-92.281,32.582],[-92.281,32.46]]]}},{"type":"Feature","properties":{},"geometry":{"type":"Polygon","coordinates":[[[-92.23,34.285],[-92.226,34.237],[-92.216,34.229],[-92.227,34.124],[-92.226,34.088],[-92.211,34.047],[-92.222,34.035],[-92.21,33.902],[-92.219,33.895],[-92.223,33.875],[-92.218,33.851],[-92.123,33.841],[-92.048,33.847],[-91.902,33.84],[-91.872,33.855],[-91.868,33.89],[-91.851,33.915],[-91.858,33.937],[-91.842,34.057],[-91.843,34.094],[-91.853,34.097],[-91.843,34.102],[-91.847,34.304],[-91.855,34.309],[-91.858,34.332],[-91.847,34.341],[-91.851,34.462],[-91.864,34.475],[-91.898,34.482],[-91.946,34.478],[-91.967,34.511],[-92.104,34.488],[-92.115,34.498],[-92.173,34.492],[-92.197,34.498],[-92.218,34.448],[-92.222,34.326],[-92.21,34.323],[-92.21,34.313],[-92.222,34.303],[-92.214,34.298],[-92.23,34.285]]]}},{"type":"Feature","properties":{},"geometry":{"type":"Polygon","coordinates":[[[-91.618,31.607],[-91.599,31.583],[-91.502,31.531],[-91.458,31.49],[-91.308,31.465],[-91.257,31.593],[-91.29,31.621],[-91.454,31.638],[-91.479,31.653],[-91.524,31.653],[-91.589,31.671],[-91.618,31.607]]]}},{"type":"Feature","properties":{},"geometry":{"type":"Polygon","coordinates":[[[-91.409,30.232],[-91.404,30.086],[-91.379,30.026],[-91.342,30.016],[-91.296,30.023],[-91.219,30.012],[-91.182,30.019],[-91.176,30.012],[-91.116,30.023],[-91.097,30.037],[-91.096,30.056],[-91.084,30.061],[-91.078,30.111],[-91.101,30.126],[-91.09,30.151],[-91.02,30.165],[-90.981,30.148],[-90.97,30.196],[-90.813,30.201],[-90.779,30.215],[-90.681,30.206],[-90.681,30.273],[-90.703,30.274],[-90.706,30.297],[-90.691,30.304],[-90.691,30.317],[-90.703,30.318],[-90.695,30.32],[-90.632,30.312],[-90.588,30.315],[-90.562,30.303],[-90.449,30.302],[-90.439,30.31],[-90.437,30.301],[-90.319,30.305],[-90.312,30.316],[-90.299,30.316],[-90.293,30.279],[-90.251,30.271],[-90.188,30.276],[-90.155,30.269],[-90.144,30.252],[-90.082,30.256],[-90.041,30.244],[-90.027,30.26],[-90.005,30.324],[-90.047,30.347],[-90.047,30.392],[-90.016,30.384],[-90.019,30.373],[-90.011,30.362],[-89.989,30.372],[-89.989,30.843],[-90.025,30.84],[-90.027,30.826],[-90.037,30.826],[-90.038,30.803],[-90.069,30.797],[-90.065,30.698],[-90.157,30.715],[-90.166,30.709],[-90.181,30.714],[-90.183,30.708],[-90.251,30.714],[-90.287,30.709],[-90.283,30.862],[-90.31,30.865],[-90.32,30.836],[-90.385,30.84],[-90.386,30.831],[-90.406,30.824],[-90.423,30.831],[-90.428,30.823],[-90.445,30.822],[-90.449,30.833],[-90.511,30.835],[-90.511,30.844],[-90.527,30.846],[-90.57,30.843],[-90.582,30.83],[-90.658,30.829],[-90.715,30.853],[-90.754,30.844],[-90.836,30.853],[-90.856,30.833],[-90.86,30.816],[-90.935,30.827],[-90.985,30.816],[-91.007,30.823],[-91.044,30.816],[-91.096,30.819],[-91.119,30.804],[-91.162,30.806],[-91.167,30.815],[-91.196,30.827],[-91.266,30.819],[-91.259,30.788],[-91.362,30.794],[-91.358,30.723],[-91.364,30.715],[-91.358,30.716],[-91.354,30.697],[-91.354,30.628],[-91.366,30.572],[-91.355,30.566],[-91.358,30.472],[-91.283,30.469],[-91.283,30.438],[-91.383,30.438],[-91.383,30.394],[-91.372,30.355],[-91.39,30.353],[-91.391,30.298],[-91.401,30.289],[-91.409,30.232]],[[-90.076,30.596],[-90.069,30.627],[-90.066,30.613],[-90.076,30.596]],[[-90.069,30.645],[-90.059,30.688],[-90.056,30.674],[-90.069,30.645]]]}},{"type":"Feature","properties":{},"geometry":{"type":"Polygon","coordinates":[[[-90.501,30.104],[-90.493,30.081],[-90.5,30.05],[-90.5,29.81],[-90.481,29.775],[-90.468,29.774],[-90.433,29.795],[-90.402,29.797],[-90.383,29.77],[-90.228,29.77],[-90.196,29.779],[-90.196,29.856],[-90.249,29.885],[-90.25,29.898],[-90.275,29.922],[-90.295,29.975],[-90.291,29.997],[-90.222,29.963],[-90.21,29.926],[-90.161,29.957],[-90.14,29.962],[-90.132,29.953],[-90.128,29.912],[-90.143,29.892],[-90.144,29.868],[-90.121,29.825],[-90.076,29.824],[-90.065,29.841],[-90.044,29.842],[-90.026,29.857],[-90.016,29.856],[-90.007,29.874],[-89.989,29.887],[-89.99,30.056],[-90.228,30.051],[-90.298,30.056],[-90.398,30.077],[-90.404,30.079],[-90.406,30.118],[-90.417,30.131],[-90.42,30.156],[-90.412,30.162],[-90.412,30.177],[-90.439,30.185],[-90.444,30.164],[-90.5,30.164],[-90.501,30.104]],[[-90.119,29.963],[-90.11,29.978],[-90.082,29.969],[-90.077,29.979],[-90.036,29.972],[-90.029,29.962],[-90.037,29.924],[-90.052,29.93],[-90.077,29.917],[-90.11,29.919],[-90.114,29.939],[-90.107,29.953],[-90.119,29.963]]]}},{"type":"Feature","properties":{},"geometry":{"type":"Polygon","coordinates":[[[-90.479,32.298],[-90.478,32.222],[-90.331,32.222],[-90.331,32.065],[-90.247,32.065],[-90.209,32.023],[-90.093,32.019],[-90.078,32.026],[-89.99,32.027],[-89.989,32.68],[-90.239,32.679],[-90.247,32.672],[-90.249,32.575],[-90.233,32.575],[-90.231,32.535],[-90.249,32.5],[-90.247,32.404],[-90.479,32.403],[-90.479,32.298]]]}},{"type":"Feature","properties":{},"geometry":{"type":"Polygon","coordinates":[[[-90.232,34.915],[-90.206,34.905],[-90.205,34.895],[-90.187,34.879],[-90.202,34.866],[-90.206,34.848],[-90.2,34.84],[-90.207,34.781],[-90.192,34.762],[-90.2,34.635],[-90.185,34.615],[-90.18,34.583],[-90.187,34.548],[-90.17,34.533],[-90.169,34.522],[-89.353,34.52],[-89.33,34.531],[-89.331,34.884],[-89.555,34.897],[-89.653,34.895],[-89.67,34.88],[-89.706,34.868],[-89.709,34.86],[-89.723,34.86],[-89.723,34.848],[-89.76,34.836],[-89.771,34.828],[-89.772,34.816],[-89.79,34.817],[-89.793,34.801],[-89.821,34.791],[-89.821,34.781],[-89.927,34.769],[-89.927,34.779],[-89.937,34.781],[-89.989,34.779],[-89.989,34.933],[-89.923,34.939],[-89.923,35.119],[-89.915,35.131],[-89.924,35.136],[-89.922,35.2],[-90.011,35.202],[-90.015,34.926],[-90.052,34.926],[-90.065,34.937],[-90.065,34.948],[-90.081,34.949],[-90.08,34.941],[-90.157,34.938],[-90.207,34.944],[-90.227,34.941],[-90.232,34.915]]]}},{"type":"Feature","properties":{},"geometry":{"type":"Polygon","coordinates":[[[-99.855,32.262],[-99.837,32.256],[-99.657,32.272],[-99.643,32.269],[-99.641,32.258],[-99.462,32.264],[-99.392,32.246],[-99.345,32.265],[-99.341,32.317],[-99.358,32.36],[-99.353,32.402],[-99.359,32.419],[-99.347,32.566],[-99.353,32.6],[-99.341,32.642],[-99.351,32.693],[-99.345,32.76],[-99.356,32.806],[-99.355,32.854],[-99.367,32.872],[-99.469,32.882],[-99.653,32.869],[-99.671,32.872],[-99.671,32.887],[-99.722,32.893],[-99.73,32.883],[-99.75,32.897],[-99.855,32.898],[-99.855,32.262]]]}},{"type":"Feature","properties":{},"geometry":{"type":"Polygon","coordinates":[[[-98.752,33.765],[-98.748,33.755],[-98.715,33.753],[-98.586,33.77],[-98.573,33.768],[-98.569,33.756],[-98.492,33.753],[-98.369,33.772],[-98.311,33.767],[-98.302,33.851],[-98.31,33.972],[-98.306,34.028],[-98.388,34.034],[-98.453,34.026],[-98.451,34.14],[-98.586,34.144],[-98.591,34.13],[-98.653,34.139],[-98.66,34.025],[-98.731,34.03],[-98.746,34.022],[-98.737,33.869],[-98.74,33.857],[-98.748,33.859],[-98.752,33.765]]]}},{"type":"Feature","properties":{},"geometry":{"type":"Polygon","coordinates":[[[-98.587,30.25],[-98.561,30.222],[-98.561,30.161],[-98.553,30.156],[-98.562,30.155],[-98.568,30.096],[-98.573,29.957],[-98.508,29.966],[-98.427,29.959],[-98.427,30.385],[-98.372,30.381],[-98.314,30.389],[-98.259,30.385],[-98.255,30.378],[-98.244,30.386],[-98.219,30.384],[-98.21,30.379],[-98.214,30.367],[-98.203,30.36],[-98.19,30.325],[-98.164,30.324],[-98.21,30.32],[-98.218,30.305],[-98.208,30.193],[-98.216,30.001],[-98.21,29.92],[-98.196,29.906],[-98.16,29.892],[-98.164,29.837],[-98.149,29.806],[-98.148,29.751],[-98.135,29.752],[-98.134,29.761],[-98.058,29.766],[-98.052,29.763],[-98.049,29.723],[-98.032,29.719],[-97.973,29.729],[-97.96,29.7],[-97.895,29.702],[-97.877,29.69],[-97.863,29.711],[-97.82,29.707],[-97.725,29.718],[-97.655,29.707],[-97.655,29.714],[-97.608,29.71],[-97.542,29.719],[-97.538,29.688],[-97.509,29.688],[-97.512,29.999],[-97.504,30.152],[-97.476,30.171],[-97.471,30.183],[-97.456,30.163],[-97.446,30.161],[-97.408,30.17],[-97.376,30.162],[-97.346,30.169],[-97.329,30.164],[-97.314,30.174],[-97.291,30.165],[-97.266,30.17],[-97.206,30.163],[-97.185,30.174],[-97.158,30.221],[-97.178,30.272],[-97.185,30.341],[-97.17,30.459],[-97.182,30.479],[-97.174,30.502],[-97.18,30.521],[-97.175,30.529],[-97.184,30.545],[-97.182,30.561],[-97.167,30.58],[-97.174,30.611],[-97.162,30.679],[-97.175,30.686],[-97.178,30.719],[-97.162,30.813],[-97.171,30.867],[-97.267,30.882],[-97.284,30.873],[-97.31,30.874],[-97.325,30.857],[-97.355,30.865],[-97.384,30.861],[-97.392,30.849],[-97.405,30.847],[-97.41,30.828],[-97.435,30.831],[-97.462,30.802],[-97.527,30.811],[-97.55,30.806],[-97.554,30.814],[-97.626,30.808],[-97.634,30.817],[-97.653,30.807],[-97.652,30.787],[-97.679,30.794],[-97.754,30.793],[-97.795,30.78],[-97.835,30.743],[-97.815,30.742],[-97.846,30.707],[-97.851,30.683],[-97.879,30.67],[-97.885,30.631],[-97.905,30.637],[-97.931,30.617],[-97.939,30.592],[-97.951,30.591],[-97.953,30.579],[-97.964,30.573],[-97.964,30.559],[-97.98,30.561],[-98.039,30.483],[-98.064,30.463],[-98.064,30.433],[-98.054,30.41],[-98.064,30.406],[-98.06,30.359],[-98.067,30.339],[-98.057,30.329],[-98.067,30.337],[-98.133,30.322],[-98.149,30.325],[-98.156,30.339],[-98.197,30.352],[-98.2,30.436],[-98.19,30.523],[-98.197,30.683],[-98.175,30.685],[-98.167,30.76],[-98.192,30.761],[-98.193,30.798],[-98.19,30.807],[-98.181,30.807],[-98.222,30.82],[-98.23,30.833],[-98.267,30.854],[-98.309,30.862],[-98.318,30.882],[-98.329,30.888],[-98.342,30.885],[-98.353,30.866],[-98.401,30.866],[-98.421,30.854],[-98.497,30.852],[-98.556,30.823],[-98.576,30.77],[-98.572,30.355],[-98.576,30.284],[-98.587,30.25]],[[-98.427,30.501],[-98.427,30.515],[-98.401,30.5],[-98.344,30.489],[-98.355,30.485],[-98.427,30.501]],[[-98.002,29.861],[-97.98,29.918],[-97.951,29.934],[-97.921,29.929],[-97.918,29.916],[-97.884,29.91],[-97.884,29.876],[-97.892,29.86],[-97.934,29.822],[-97.96,29.813],[-97.997,29.818],[-98.002,29.861]],[[-97.913,30.024],[-97.913,30.043],[-97.91,30.027],[-97.888,30.01],[-97.883,29.989],[-97.874,29.988],[-97.877,29.971],[-97.883,29.971],[-97.892,29.996],[-97.909,30.007],[-97.913,30.024]],[[-97.912,30.175],[-97.91,30.189],[-97.885,30.174],[-97.884,30.149],[-97.912,30.175]],[[-97.901,30.564],[-97.901,30.58],[-97.895,30.552],[-97.883,30.541],[-97.887,30.529],[-97.895,30.533],[-97.901,30.564]],[[-97.892,30.483],[-97.892,30.502],[-97.881,30.469],[-97.892,30.483]],[[-97.884,30.126],[-97.884,30.145],[-97.868,30.146],[-97.859,30.126],[-97.884,30.126]],[[-97.884,30.457],[-97.881,30.465],[-97.857,30.434],[-97.835,30.421],[-97.817,30.385],[-97.789,30.356],[-97.793,30.342],[-97.809,30.351],[-97.835,30.403],[-97.876,30.435],[-97.884,30.457]],[[-97.652,30.297],[-97.644,30.347],[-97.605,30.395],[-97.597,30.423],[-97.59,30.423],[-97.601,30.384],[-97.626,30.355],[-97.631,30.336],[-97.642,30.332],[-97.652,30.297]],[[-97.609,30.74],[-97.593,30.742],[-97.592,30.731],[-97.576,30.725],[-97.563,30.697],[-97.513,30.654],[-97.486,30.608],[-97.472,30.601],[-97.472,30.583],[-97.487,30.591],[-97.517,30.642],[-97.56,30.676],[-97.576,30.707],[-97.592,30.712],[-97.598,30.733],[-97.609,30.74]],[[-97.608,30.543],[-97.6,30.562],[-97.593,30.546],[-97.6,30.536],[-97.608,30.543]],[[-97.596,30.45],[-97.589,30.468],[-97.579,30.465],[-97.59,30.444],[-97.596,30.45]],[[-97.473,30.391],[-97.471,30.408],[-97.458,30.397],[-97.462,30.38],[-97.473,30.391]],[[-97.472,30.508],[-97.471,30.527],[-97.46,30.524],[-97.462,30.506],[-97.472,30.508]]]}},{"type":"Feature","properties":{},"geometry":{"type":"Polygon","coordinates":[[[-98.545,34.602],[-98.498,34.599],[-98.502,34.589],[-98.491,34.588],[-98.491,34.562],[-98.318,34.562],[-98.318,34.623],[-98.545,34.623],[-98.545,34.602]]]}},{"type":"Feature","properties":{},"geometry":{"type":"Polygon","coordinates":[[[-97.998,31.034],[-97.993,31.018],[-97.98,31.009],[-97.884,31.018],[-97.826,30.999],[-97.793,30.967],[-97.763,30.965],[-97.697,30.972],[-97.622,30.961],[-97.589,30.968],[-97.582,30.975],[-97.581,31.001],[-97.542,31.013],[-97.401,31.006],[-97.399,31.015],[-97.318,31.007],[-97.317,31.014],[-97.3,31.014],[-97.283,31.008],[-97.276,31.015],[-97.28,31.034],[-97.273,31.048],[-97.276,31.205],[-97.524,31.205],[-97.531,31.146],[-97.811,31.145],[-97.976,31.154],[-97.997,31.134],[-97.997,31.047],[-97.99,31.044],[-97.998,31.034]]]}},{"type":"Feature","properties":{},"geometry":{"type":"Polygon","coordinates":[[[-97.91,33.331],[-97.894,33.248],[-97.909,33.07],[-97.892,33.048],[-97.883,32.77],[-97.847,32.764],[-97.847,32.697],[-97.685,32.688],[-97.638,32.697],[-97.616,32.689],[-97.625,32.673],[-97.608,32.66],[-97.62,32.658],[-97.627,32.616],[-97.701,32.597],[-97.862,32.538],[-97.855,32.422],[-97.843,32.397],[-97.826,32.389],[-97.809,32.366],[-97.717,32.381],[-97.697,32.372],[-97.671,32.373],[-97.646,32.386],[-97.63,32.374],[-97.454,32.376],[-97.46,32.346],[-97.453,32.271],[-97.358,32.267],[-97.333,32.277],[-97.331,32.285],[-97.281,32.287],[-97.283,32.392],[-97.197,32.4],[-97.188,32.411],[-97.193,32.481],[-97.186,32.472],[-97.184,32.416],[-97.138,32.41],[-97.121,32.381],[-97.085,32.372],[-97.03,32.383],[-97.022,32.371],[-97.009,32.373],[-97.012,32.367],[-96.979,32.367],[-96.969,32.341],[-96.971,32.302],[-96.777,32.302],[-96.776,32.257],[-96.757,32.227],[-96.557,32.213],[-96.474,32.22],[-96.476,32.201],[-96.459,32.19],[-96.412,32.183],[-96.386,32.208],[-96.364,32.216],[-96.331,32.217],[-96.292,32.238],[-96.253,32.238],[-96.236,32.262],[-96.221,32.267],[-96.22,32.285],[-96.214,32.285],[-96.202,32.272],[-96.162,32.257],[-96.15,32.238],[-96.064,32.197],[-96.056,32.2],[-96.047,32.186],[-95.957,32.145],[-95.908,32.129],[-95.784,32.133],[-95.786,32.062],[-95.776,32.049],[-95.761,32.046],[-95.74,32.049],[-95.738,32.057],[-95.694,32.057],[-95.679,32.045],[-95.591,32.051],[-95.589,32.045],[-95.555,32.045],[-95.544,32.038],[-95.518,32.041],[-95.517,32.048],[-95.482,32.049],[-95.474,32.071],[-95.463,32.072],[-95.466,32.057],[-95.444,32.044],[-95.202,32.042],[-95.194,32.053],[-95.09,32.053],[-95.091,32.063],[-95.059,32.064],[-95.053,32.083],[-95.025,32.077],[-95.024,32.085],[-95.021,32.049],[-94.996,32.057],[-94.915,32.04],[-94.739,32.04],[-94.672,32.033],[-94.661,32.023],[-94.55,32.029],[-94.48,32.041],[-94.417,32.037],[-94.404,32.045],[-94.41,32.866],[-94.412,32.88],[-94.421,32.884],[-94.546,32.89],[-94.596,32.901],[-94.609,32.9],[-94.613,32.875],[-94.638,32.875],[-94.643,32.885],[-94.765,32.895],[-94.914,32.887],[-94.942,32.893],[-95.03,32.876],[-95.032,32.8],[-95.039,32.872],[-95.059,32.874],[-95.073,32.843],[-95.127,32.845],[-95.136,32.829],[-95.151,32.828],[-95.182,32.829],[-95.194,32.851],[-95.209,32.847],[-95.209,32.854],[-95.257,32.861],[-95.275,32.86],[-95.279,32.846],[-95.385,32.836],[-95.378,32.858],[-95.393,32.869],[-95.411,32.869],[-95.411,32.851],[-95.448,32.859],[-95.458,32.829],[-95.676,32.829],[-95.698,32.815],[-95.699,32.822],[-95.772,32.829],[-95.777,32.818],[-95.798,32.812],[-95.806,32.763],[-95.794,32.681],[-95.787,32.25],[-95.815,32.265],[-95.815,32.279],[-95.853,32.282],[-95.876,32.301],[-95.97,32.344],[-95.974,32.354],[-96.005,32.351],[-96.048,32.376],[-96.049,32.383],[-96.073,32.389],[-96.086,32.403],[-96.126,32.421],[-96.172,32.382],[-96.169,32.365],[-96.218,32.346],[-96.22,32.505],[-96.211,32.548],[-96.22,32.573],[-96.22,32.65],[-96.211,32.695],[-96.218,32.705],[-96.207,32.732],[-96.133,32.758],[-96.096,32.746],[-96.058,32.757],[-96.011,32.751],[-95.999,32.74],[-95.96,32.74],[-95.949,32.746],[-95.944,32.761],[-95.904,32.771],[-95.885,32.808],[-95.885,32.87],[-95.894,32.901],[-95.886,32.958],[-95.865,32.998],[-95.878,33.047],[-95.872,33.079],[-95.879,33.098],[-95.879,33.151],[-95.893,33.164],[-95.868,33.167],[-95.868,33.175],[-95.874,33.213],[-95.89,33.217],[-95.89,33.224],[-95.907,33.221],[-95.907,33.255],[-95.896,33.274],[-95.904,33.294],[-95.886,33.304],[-95.875,33.381],[-95.882,33.405],[-95.931,33.415],[-95.938,33.409],[-96.01,33.409],[-96.056,33.422],[-96.156,33.425],[-96.165,33.399],[-96.217,33.396],[-96.217,33.39],[-96.248,33.389],[-96.247,33.379],[-96.269,33.379],[-96.273,33.35],[-96.404,33.348],[-96.431,33.378],[-96.45,33.381],[-96.454,33.363],[-96.474,33.364],[-96.47,33.438],[-96.478,33.468],[-96.49,33.481],[-96.632,33.482],[-96.654,33.468],[-96.747,33.454],[-96.75,33.443],[-96.799,33.443],[-96.801,33.429],[-96.842,33.43],[-96.85,33.413],[-96.886,33.414],[-96.941,33.402],[-96.953,33.389],[-97.008,33.387],[-97.049,33.371],[-97.059,33.363],[-97.064,33.341],[-97.088,33.339],[-97.089,33.332],[-97.121,33.333],[-97.119,33.356],[-97.127,33.348],[-97.159,33.353],[-97.167,33.343],[-97.196,33.336],[-97.204,33.342],[-97.406,33.34],[-97.421,33.332],[-97.42,33.163],[-97.427,33.113],[-97.421,33.113],[-97.42,33.083],[-97.436,33.082],[-97.472,33.086],[-97.472,33.367],[-97.487,33.384],[-97.517,33.383],[-97.538,33.391],[-97.581,33.381],[-97.618,33.395],[-97.659,33.386],[-97.736,33.388],[-97.763,33.396],[-97.776,33.387],[-97.81,33.388],[-97.825,33.372],[-97.903,33.374],[-97.909,33.371],[-97.91,33.331]],[[-97.092,32.896],[-97.083,32.904],[-97.071,32.883],[-97.079,32.882],[-97.092,32.896]],[[-95.385,32.473],[-95.383,32.532],[-95.367,32.532],[-95.368,32.473],[-95.385,32.473]],[[-95.166,32.248],[-95.165,32.511],[-95.149,32.511],[-95.149,32.183],[-95.165,32.184],[-95.166,32.248]],[[-95.035,32.753],[-95.035,32.793],[-95.03,32.711],[-95.035,32.753]],[[-95.031,32.358],[-95.028,32.432],[-95.026,32.344],[-95.031,32.358]],[[-95.031,32.495],[-95.031,32.547],[-95.029,32.547],[-95.029,32.495],[-95.031,32.495]],[[-95.028,32.156],[-95.025,32.222],[-95.022,32.151],[-95.028,32.156]]]}},{"type":"Feature","properties":{},"geometry":{"type":"Polygon","coordinates":[[[-97.435,31.417],[-97.31,31.416],[-97.31,31.347],[-97.152,31.347],[-97.151,31.416],[-97.071,31.417],[-97.071,31.431],[-97.03,31.44],[-97.027,31.463],[-97.026,31.435],[-97.02,31.437],[-97.012,31.673],[-97.022,31.681],[-97.026,31.646],[-97.03,31.684],[-97.071,31.691],[-97.072,31.837],[-97.125,31.838],[-97.125,31.692],[-97.156,31.686],[-97.188,31.662],[-97.321,31.658],[-97.333,31.591],[-97.335,31.466],[-97.435,31.465],[-97.435,31.417]]]}},{"type":"Feature","properties":{},"geometry":{"type":"Polygon","coordinates":[[[-97.21,34.911],[-97.203,34.819],[-97.17,34.819],[-97.145,34.804],[-97.093,34.798],[-97.055,34.8],[-97.048,34.812],[-97.03,34.816],[-97.02,34.809],[-97.02,35.239],[-97.042,35.222],[-97.071,35.22],[-97.096,35.199],[-97.159,35.175],[-97.159,35.163],[-97.184,35.159],[-97.204,35.145],[-97.21,34.911]]]}},{"type":"Feature","properties":{},"geometry":{"type":"Polygon","coordinates":[[[-97.206,34.162],[-97.204,34.11],[-97.063,34.104],[-97.066,34.238],[-97.199,34.241],[-97.206,34.162]]]}},{"type":"Feature","properties":{},"geometry":{"type":"Polygon","coordinates":[[[-97.174,33.592],[-97.105,33.593],[-97.107,33.667],[-97.174,33.667],[-97.174,33.592]]]}},{"type":"Feature","properties":{},"geometry":{"type":"Polygon","coordinates":[[[-97.018,31.437],[-97.009,31.443],[-97.005,31.492],[-97.011,31.563142857142857],[-97.011,31.46],[-97.018,31.437]]]}},{"type":"Feature","properties":{},"geometry":{"type":"Polygon","coordinates":[[[-97.011,31.58457142857143],[-97.005,31.642],[-97.011,31.651],[-97.011,31.58457142857143]]]}},{"type":"Feature","properties":{},"geometry":{"type":"Polygon","coordinates":[[[-96.678,33.578],[-96.658,33.578],[-96.658,33.569],[-96.645,33.569],[-96.645,33.486],[-96.614,33.486],[-96.614,33.496],[-96.59,33.496],[-96.59,33.488],[-96.548,33.496],[-96.546,33.488],[-96.526,33.488],[-96.526,33.496],[-96.515,33.497],[-96.515,33.706],[-96.494,33.715],[-96.494,33.888],[-96.645,33.888],[-96.645,33.807],[-96.667,33.807],[-96.669,33.796],[-96.678,33.796],[-96.678,33.578]]]}},{"type":"Feature","properties":{},"geometry":{"type":"Polygon","coordinates":[[[-96.496,30.601],[-96.463,30.601],[-96.463,30.584],[-96.431,30.584],[-96.431,30.549],[-96.4,30.549],[-96.4,30.54],[-96.327,30.54],[-96.305,30.533],[-96.303,30.508],[-96.213,30.509],[-96.211,30.728],[-96.424,30.729],[-96.424,30.738],[-96.454,30.737],[-96.456,30.768],[-96.487,30.771],[-96.492,30.785],[-96.496,30.601]]]}},{"type":"Feature","properties":{},"geometry":{"type":"Polygon","coordinates":[[[-96.486,30.102],[-96.332,30.083],[-96.323,30.174],[-96.31,30.193],[-96.313,30.225],[-96.391,30.229],[-96.453,30.244],[-96.471,30.133],[-96.486,30.102]]]}},{"type":"Feature","properties":{},"geometry":{"type":"Polygon","coordinates":[[[-96.129,30.058],[-95.952,30.042],[-95.944,30.087],[-95.949,30.12],[-95.942,30.134],[-96.115,30.155],[-96.129,30.058]]]}},{"type":"Feature","properties":{},"geometry":{"type":"Polygon","coordinates":[[[-95.808,30.318],[-95.669,30.318],[-95.672,30.269],[-95.688,30.269],[-95.688,30.257],[-95.782,30.256],[-95.782,30.102],[-95.538,30.092],[-95.537,30.101],[-95.442,30.092],[-95.35,30.094],[-95.351,30.105],[-95.335,30.108],[-95.278,30.095],[-95.293,30.094],[-95.293,30.071],[-95.294,30.094],[-95.319,30.098],[-95.324,30.087],[-95.315,30.069],[-95.323,30.063],[-95.323,30.039],[-95.33,30.036],[-95.33,30.011],[-95.309,30.004],[-95.309,29.985],[-95.297,29.983],[-95.297,29.975],[-95.322,29.973],[-95.327,29.939],[-95.322,29.663],[-95.164,29.659],[-95.072,29.665],[-95.07,29.674],[-95.04,29.667],[-95.039,29.661],[-94.893,29.664],[-94.872,29.675],[-94.86,29.707],[-94.835,29.706],[-94.79,29.752],[-94.78,29.88],[-94.793,29.881],[-94.798,29.929],[-94.828,29.93],[-94.83,29.918],[-94.837,29.917],[-94.859,29.93],[-94.864,30.003],[-94.857,30.085],[-94.942,30.094],[-94.977,30.088],[-95.01,30.096],[-94.982,30.102],[-94.981,30.15],[-94.993,30.168],[-94.978,30.226],[-94.995,30.239],[-94.995,30.252],[-94.978,30.261],[-94.982,30.295],[-94.993,30.299],[-94.989,30.322],[-94.982,30.323],[-94.982,30.389],[-95.061,30.394],[-95.061,30.385],[-95.094,30.384],[-95.099,30.392],[-95.132,30.395],[-95.32,30.384],[-95.335,30.393],[-95.361,30.393],[-95.37,30.407],[-95.383,30.407],[-95.382,30.442],[-95.396,30.446],[-95.403,30.518],[-95.435,30.526],[-95.46,30.518],[-95.489,30.522],[-95.611,30.508],[-95.615,30.515],[-95.641,30.517],[-95.699,30.495],[-95.695,30.451],[-95.706,30.412],[-95.698,30.411],[-95.699,30.379],[-95.76,30.378],[-95.76,30.337],[-95.808,30.337],[-95.808,30.318]],[[-95.172,30.101],[-95.14,30.099],[-95.153,30.093],[-95.172,30.101]]]}},{"type":"Feature","properties":{},"geometry":{"type":"Polygon","coordinates":[[[-95.28,31.274],[-94.816,31.284],[-94.816,31.343],[-94.75,31.559],[-95.247,31.559],[-95.26,31.543],[-95.256,31.504],[-95.264,31.499],[-95.265,31.483],[-95.257,31.464],[-95.264,31.418],[-95.257,31.36],[-95.262,31.324],[-95.253,31.313],[-95.268,31.308],[-95.26,31.281],[-95.28,31.274]]]}},{"type":"Feature","properties":{},"geometry":{"type":"Polygon","coordinates":[[[-95.155,30.829],[-95.137,30.82],[-95.102,30.783],[-95.072,30.788],[-95.056,30.78],[-95.063,30.73],[-95.105,30.721],[-95.11,30.692],[-95.051,30.658],[-95.047,30.649],[-95.011,30.629],[-94.973,30.624],[-94.868,30.658],[-94.868,30.683],[-94.892,30.725],[-94.897,30.755],[-94.91,30.755],[-94.916,30.767],[-95.106,30.869],[-95.135,30.852],[-95.155,30.829]]]}},{"type":"Feature","properties":{},"geometry":{"type":"Polygon","coordinates":[[[-84.89,33.859],[-84.699,33.86],[-84.625,33.853],[-84.63,33.846],[-84.624,33.797],[-84.599,33.795],[-84.602,33.789],[-84.6,33.795],[-84.625,33.797],[-84.619,33.743],[-84.628,33.73],[-84.618,33.722],[-84.624,33.681],[-84.619,33.464],[-84.64,33.456],[-84.644,33.319],[-84.364,33.319],[-84.364,33.326],[-84.047,33.326],[-84.047,33.348],[-83.999,33.348],[-84,33.368],[-83.956,33.366],[-83.938,33.376],[-83.938,33.451],[-83.802,33.461],[-83.801,33.724],[-83.789,33.732],[-83.622,33.735],[-83.617,33.852],[-83.606,33.852],[-83.605,33.86],[-83.618,33.873],[-83.536,33.869],[-83.537,33.803],[-83.529,33.786],[-83.546,33.753],[-83.537,33.744],[-83.533,33.712],[-83.541,33.689],[-83.535,33.602],[-83.543,33.599],[-83.535,33.57],[-83.533,33.494],[-83.555,33.458],[-83.53,33.446],[-83.53,33.142],[-83.64,33.148],[-83.945,33.142],[-83.973,33.13],[-83.999,33.105],[-84.007,33.003],[-84.006,32.736],[-83.992,32.724],[-83.997,32.687],[-83.989,32.647],[-83.989,32.41],[-83.981,32.396],[-83.944,32.392],[-83.809,32.392],[-83.809,32.403],[-83.798,32.403],[-83.797,32.395],[-83.596,32.4],[-83.58,32.388],[-83.517,32.396],[-83.513,32.339],[-83.506,32.338],[-83.502,32.316],[-83.488,32.302],[-83.463,32.294],[-83.458,32.282],[-83.469,32.269],[-83.471,32.246],[-83.296,32.197],[-83.287,32.186],[-83.249,32.188],[-83.23,32.172],[-83.216,32.173],[-83.162,32.141],[-83.143,32.154],[-83.153,32.164],[-83.142,32.186],[-83.154,32.2],[-83.143,32.237],[-83.175,32.267],[-83.184,32.287],[-83.285,32.381],[-83.355,32.433],[-83.455,32.437],[-83.451,32.54],[-83.459,32.715],[-83.443,32.724],[-83.454,32.756],[-83.465,32.907],[-83.463,32.912],[-83.243,32.9],[-83.171,32.918],[-83.171,33.475],[-83.16,33.509],[-83.167,33.514],[-83.167,33.571],[-83.156,33.586],[-83.167,33.602],[-83.168,33.62],[-83.162,33.681],[-83.169,33.743],[-83.161,33.753],[-83.172,33.773],[-83.164,33.796],[-83.171,33.883],[-83.162,33.891],[-83.171,33.915],[-83.168,33.926],[-83.096,33.937],[-83.062,33.932],[-83.054,33.954],[-83.051,34.105],[-83.039,34.128],[-83.05,34.153],[-83.04,34.157],[-83.031,34.253],[-83.007,34.237],[-82.958,34.237],[-82.958,34.254],[-82.918,34.248],[-82.862,34.261],[-82.774,34.258],[-82.75,34.264],[-82.733,34.252],[-82.693,34.252],[-82.632,34.255],[-82.599,34.267],[-82.421,34.257],[-82.386,34.278],[-82.382,34.297],[-82.4,34.323],[-82.391,34.35],[-82.392,34.393],[-82.399,34.406],[-82.397,34.556],[-82.499,34.557],[-82.521,34.57],[-82.518,34.597],[-82.544,34.598],[-82.546,34.689],[-82.542,34.7],[-82.521,34.699],[-82.517,34.71],[-82.524,34.756],[-82.52,34.806],[-82.528,34.852],[-82.535,34.853],[-82.532,34.889],[-82.539,34.911],[-82.532,34.966],[-82.544,34.966],[-82.551,34.997],[-82.573,35.006],[-82.625,35.01],[-82.678,34.995],[-82.753,34.988],[-82.8,34.994],[-82.841,34.986],[-82.871,35.009],[-82.907,35.002],[-82.923,34.985],[-83.022,34.973],[-83.087,34.95],[-83.096,34.934],[-83.121,34.922],[-83.135,34.881],[-83.172,34.871],[-83.162,34.846],[-83.162,34.639],[-83.156,34.623],[-83.168,34.614],[-83.22,34.616],[-83.305,34.581],[-83.329,34.588],[-83.355,34.581],[-83.356,34.611],[-83.405,34.629],[-83.426,34.614],[-83.477,34.607],[-83.495,34.613],[-83.519,34.603],[-83.533,34.602],[-83.551,34.616],[-83.602,34.593],[-83.61,34.582],[-83.665,34.574],[-83.66,34.53],[-83.65,34.524],[-83.643,34.503],[-83.662,34.488],[-83.666,34.468],[-83.676,34.459],[-83.705,34.46],[-83.714,34.442],[-83.735,34.439],[-83.739,34.396],[-83.73,34.383],[-83.731,34.318],[-83.747,34.313],[-83.76,34.313],[-83.76,34.346],[-83.867,34.346],[-83.853,34.501],[-83.86,34.513],[-83.853,34.527],[-83.864,34.572],[-83.86,34.769],[-83.872,34.795],[-83.885,34.801],[-83.894,34.841],[-84.109,34.83],[-84.19,34.837],[-84.227,34.825],[-84.231,34.809],[-84.257,34.808],[-84.279,34.81],[-84.31,34.83],[-84.339,34.819],[-84.457,34.821],[-84.464,34.81],[-84.49,34.823],[-84.519,34.816],[-84.523,34.798],[-84.544,34.789],[-84.694,34.788],[-84.735,34.791],[-84.735,34.845],[-84.879,34.845],[-84.878,34.809],[-84.802,34.807],[-84.806,34.782],[-84.819,34.782],[-84.819,34.791],[-84.836,34.788],[-84.836,34.782],[-84.857,34.781],[-84.874,34.768],[-84.874,34.735],[-84.858,34.726],[-84.864,34.712],[-84.876,34.709],[-84.875,34.535],[-84.869,34.52],[-84.879,34.498],[-84.868,34.492],[-84.867,34.342],[-84.874,34.309],[-84.867,34.308],[-84.867,34.272],[-84.857,34.245],[-84.819,34.231],[-84.551,34.231],[-84.551,34.136],[-84.695,34.136],[-84.695,34.11],[-84.887,34.108],[-84.89,33.859]],[[-84.884,33.978],[-84.611,33.976],[-84.61149817518248,33.97400729927007],[-84.884,33.978]],[[-84.044,34.266],[-84.023,34.265],[-84.015,34.272],[-84.014,34.294],[-84.006,34.303],[-83.988,34.304],[-83.971,34.292],[-83.952,34.301],[-83.938,34.296],[-83.897,34.303],[-83.889,34.284],[-83.907,34.261],[-84.037,34.26],[-84.044,34.266]],[[-83.822,34.171],[-83.801,34.174],[-83.789,34.194],[-83.8,34.216],[-83.793,34.235],[-83.768,34.257],[-83.787,34.257],[-83.764,34.264],[-83.772,34.237],[-83.735,34.236],[-83.73,34.228],[-83.736,34.204],[-83.73,34.098],[-83.738,34.052],[-83.81996172397697,34.05293138322701],[-83.817,34.125],[-83.822,34.171]],[[-83.367,34.246],[-83.364,34.253],[-83.348,34.254],[-83.348,34.247],[-83.367,34.246]]]}},{"type":"Feature","properties":{},"geometry":{"type":"Polygon","coordinates":[[[-84.504,30.49],[-84.503,30.47],[-84.466,30.459],[-84.456,30.421],[-84.401,30.416],[-84.393,30.359],[-84.386,30.343],[-84.376,30.339],[-84.258,30.336],[-84.256,30.342],[-84.08,30.347],[-84.072,30.373],[-84.069,30.44],[-84.077,30.444],[-84.077,30.458],[-84.069,30.465],[-84.069,30.495],[-84.081,30.503],[-84.085,30.523],[-84.07,30.569],[-84.073,30.624],[-84.039,30.627],[-84.036,30.646],[-83.71,30.654],[-83.698,30.722],[-83.705,30.804],[-83.697,30.824],[-83.705,30.844],[-83.701,30.889],[-83.717,30.935],[-84.073,30.938],[-84.385,30.927],[-84.386,30.914],[-84.397,30.91],[-84.401,30.816],[-84.43,30.8],[-84.434,30.781],[-84.437,30.731],[-84.449,30.701],[-84.444,30.637],[-84.464,30.633],[-84.459,30.585],[-84.448,30.576],[-84.445,30.552],[-84.494,30.532],[-84.504,30.49]]]}},{"type":"Feature","properties":{},"geometry":{"type":"Polygon","coordinates":[[[-84.279,31.584],[-84.277,31.447],[-84.111,31.438],[-84.11,31.447],[-83.964,31.447],[-83.964,31.602],[-84.007,31.602],[-84.007,31.651],[-84.076,31.651],[-84.076,31.754],[-84.257,31.755],[-84.257,31.65],[-84.277,31.651],[-84.279,31.584]]]}},{"type":"Feature","properties":{},"geometry":{"type":"Polygon","coordinates":[[[-83.6,31.423],[-83.592,31.413],[-83.565,31.41],[-83.547,31.398],[-83.535,31.403],[-83.522,31.392],[-83.462,31.385],[-83.456,31.411],[-83.463,31.413],[-83.452,31.419],[-83.434,31.508],[-83.438,31.514],[-83.455,31.512],[-83.455,31.52],[-83.555,31.539],[-83.572,31.519],[-83.577,31.48],[-83.587,31.472],[-83.585,31.447],[-83.594,31.447],[-83.6,31.423]]]}},{"type":"Feature","properties":{},"geometry":{"type":"Polygon","coordinates":[[[-83.408,30.791],[-83.401,30.79],[-83.403,30.775],[-83.363,30.77],[-83.363,30.752],[-83.228,30.751],[-83.23,30.758],[-83.213,30.768],[-83.205,30.798],[-83.188,30.798],[-83.188,30.833],[-83.156,30.973],[-83.162,31.007],[-83.183,31.009],[-83.193,31.002],[-83.213,31.006],[-83.217,31.015],[-83.265,31.019],[-83.302,30.981],[-83.318,30.979],[-83.33,30.947],[-83.363,30.936],[-83.379,30.902],[-83.385,30.902],[-83.385,30.865],[-83.396,30.861],[-83.408,30.791]]]}},{"type":"Feature","properties":{},"geometry":{"type":"Polygon","coordinates":[[[-82.808,30.098],[-82.804,30.041],[-82.796,30.037],[-82.796,29.945],[-82.803,29.917],[-82.798,29.9],[-82.804,29.889],[-82.794,29.884],[-82.8,29.868],[-82.781,29.688],[-82.778,29.551],[-82.767,29.526],[-81.977,29.526],[-81.981,29.566],[-81.968,29.579],[-81.968,29.593],[-81.981,29.688],[-81.969,29.696],[-81.969,29.705],[-81.977,29.712],[-81.984,29.792],[-81.977,29.855],[-81.99,29.979],[-81.977,29.983],[-81.977,30.055],[-81.969,30.056],[-81.965,30.081],[-81.891,30.104],[-81.773,30.104],[-81.762,30.089],[-81.736,30.085],[-81.726,30.102],[-81.663,30.104],[-81.633,30.095],[-81.594,30.107],[-81.591,30.114],[-81.497,30.106],[-81.447,30.111],[-81.373,30.1],[-81.361,30.126],[-81.335,30.12],[-81.384,30.343],[-81.381,30.402],[-81.394,30.413],[-81.389,30.437],[-81.396,30.449],[-81.398,30.508],[-81.424,30.518],[-81.433,30.569],[-81.418,30.71],[-81.469,30.711],[-81.498,30.73],[-81.506,30.769],[-81.573,30.782],[-81.576,30.79],[-81.594,30.793],[-81.615,30.777],[-81.611,30.764],[-81.619,30.763],[-81.652,30.77],[-81.656,30.781],[-81.703,30.769],[-81.748,30.77],[-81.767,30.774],[-81.768,30.784],[-81.785,30.791],[-81.799,30.785],[-81.845,30.795],[-81.915,30.785],[-81.922,30.775],[-81.955,30.774],[-81.977,30.783],[-81.996,30.767],[-82.016,30.775],[-82.047,30.748],[-82.049,30.742],[-82.024,30.742],[-82.047,30.729],[-82.054,30.709],[-82.045,30.574],[-82.053,30.572],[-82.058,30.542],[-82.047,30.538],[-82.042,30.506],[-82.043,30.494],[-82.056,30.493],[-82.065,30.369],[-82.049,30.352],[-82.049,30.34],[-82.062,30.334],[-82.056,30.277],[-82.061,30.262],[-82.049,30.199],[-82.06,30.161],[-82.143,30.164],[-82.264,30.155],[-82.275,30.164],[-82.43,30.138],[-82.433,30.129],[-82.457,30.125],[-82.491,30.151],[-82.61,30.169],[-82.638,30.152],[-82.77,30.138],[-82.807,30.117],[-82.808,30.098]],[[-82.516,29.569],[-82.509,29.774],[-82.278,29.781],[-82.223,29.779],[-82.213,29.768],[-82.211,29.593],[-82.22,29.584],[-82.34,29.577],[-82.338,29.566],[-82.374,29.565],[-82.382,29.541],[-82.489,29.533],[-82.511,29.542],[-82.516,29.569]]]}},{"type":"Feature","properties":{},"geometry":{"type":"Polygon","coordinates":[[[-82.487,31.68],[-82.48,31.665],[-82.469,31.664],[-82.48,31.662],[-82.47,31.658],[-82.477,31.651],[-82.473,31.646],[-82.466,31.646],[-82.466,31.639],[-82.478,31.638],[-82.466,31.6],[-82.476,31.596],[-82.466,31.583],[-82.477,31.581],[-82.477,31.57],[-82.466,31.568],[-82.472,31.512],[-82.465,31.497],[-82.474,31.467],[-82.466,31.452],[-82.477,31.449],[-82.481,31.364],[-82.463,31.342],[-82.474,31.33],[-82.463,31.322],[-82.474,31.308],[-82.465,31.294],[-82.477,31.263],[-82.463,31.246],[-82.474,31.189],[-82.462,31.121],[-82.428,31.107],[-82.384,31.101],[-82.344,31.116],[-82.222,31.106],[-82.143,31.134],[-82.12,31.116],[-82.109,31.119],[-82.102,31.126],[-82.095,31.173],[-82.115,31.181],[-82.099,31.203],[-82.115,31.208],[-82.115,31.226],[-82.108,31.243],[-82.088,31.257],[-82.086,31.27],[-82.098,31.28],[-82.094,31.329],[-82.102,31.335],[-82.09,31.355],[-82.112,31.357],[-82.112,31.381],[-82.099,31.384],[-82.099,31.391],[-82.112,31.392],[-82.115,31.408],[-82.106,31.413],[-82.106,31.42],[-82.115,31.42],[-82.102,31.431],[-82.11,31.435],[-82.112,31.466],[-82.108,31.477],[-82.084,31.481],[-82.112,31.495],[-82.11,31.512],[-82.091,31.513],[-82.086,31.522],[-82.104,31.527],[-82.11,31.542],[-82.102,31.547],[-82.102,31.569],[-82.093,31.569],[-82.099,31.594],[-82.09,31.664],[-82.095,31.68],[-82.112,31.685],[-82.112,31.699],[-82.09,31.706],[-82.091,31.719],[-82.108,31.735],[-82.109,31.759],[-82.119,31.768],[-82.157,31.774],[-82.161,31.768],[-82.202,31.767],[-82.251,31.743],[-82.288,31.755],[-82.327,31.747],[-82.345,31.752],[-82.365,31.741],[-82.391,31.748],[-82.404,31.74],[-82.432,31.748],[-82.432,31.735],[-82.45,31.739],[-82.452,31.753],[-82.466,31.755],[-82.47,31.704],[-82.487,31.69],[-82.487,31.68]]]}},{"type":"Feature","properties":{},"geometry":{"type":"Polygon","coordinates":[[[-82.461,34.878],[-82.454,34.868],[-82.457,34.804],[-82.422,34.806],[-82.411,34.799],[-82.386,34.805],[-82.359,34.797],[-82.349,34.804],[-82.327,34.798],[-82.312,34.806],[-82.307,34.799],[-82.303,34.806],[-82.266,34.807],[-82.266,34.828],[-82.257,34.841],[-82.266,34.859],[-82.259,34.874],[-82.267,34.893],[-82.435,34.89],[-82.457,34.888],[-82.461,34.878]]]}},{"type":"Feature","properties":{},"geometry":{"type":"Polygon","coordinates":[[[-82.274,34.189],[-82.262,34.154],[-82.24,34.131],[-82.2,34.107],[-82.191,34.11],[-82.157,34.095],[-82.083,34.096],[-82.071,34.122],[-82.057,34.238],[-82.152,34.275],[-82.216,34.281],[-82.229,34.27],[-82.224,34.263],[-82.235,34.256],[-82.249,34.227],[-82.262,34.219],[-82.274,34.189]]]}},{"type":"Feature","properties":{},"geometry":{"type":"Polygon","coordinates":[[[-82.27,33.464],[-82.262,33.449],[-82.267,33.373],[-82.183,33.367],[-82.183,33.348],[-82.167,33.348],[-82.164,33.295],[-82.153,33.295],[-82.153,33.302],[-82.069,33.298],[-82.053,33.304],[-82.024,33.298],[-82.003,33.304],[-82.002,33.297],[-81.988,33.297],[-81.988,33.303],[-81.973,33.297],[-81.944,33.303],[-81.936,33.322],[-81.944,33.334],[-81.928,33.335],[-81.92,33.365],[-81.877,33.374],[-81.876,33.38],[-81.807,33.38],[-81.806,33.372],[-81.79,33.371],[-81.79,33.379],[-81.767,33.372],[-81.767,33.378],[-81.723,33.381],[-81.723,33.367],[-81.631,33.368],[-81.62,33.402],[-81.627,33.404],[-81.63,33.425],[-81.628,33.458],[-81.615,33.46],[-81.615,33.492],[-81.622,33.492],[-81.628,33.509],[-81.617,33.525],[-81.619,33.554],[-81.628,33.555],[-81.628,33.6],[-81.62,33.603],[-81.62,33.619],[-81.628,33.619],[-81.623,33.627],[-81.635,33.635],[-81.763,33.633],[-81.774,33.642],[-81.795,33.642],[-81.881,33.633],[-81.907,33.651],[-81.926,33.65],[-81.926,33.661],[-81.94,33.661],[-81.969,33.66],[-81.969,33.649],[-81.99,33.652],[-81.994,33.626],[-82.012,33.612],[-82.007,33.604],[-82.057,33.605],[-82.057,33.612],[-82.069,33.615],[-82.224,33.612],[-82.224,33.604],[-82.262,33.605],[-82.26,33.586],[-82.27,33.573],[-82.263,33.551],[-82.263,33.466],[-82.27,33.464]]]}},{"type":"Feature","properties":{},"geometry":{"type":"Polygon","coordinates":[[[-82.104,34.958],[-82.099,34.848],[-81.845,34.848],[-81.844,34.992],[-81.83,34.992],[-81.844,35.008],[-81.843,35.075],[-82.101,35.076],[-82.095,34.995],[-82.104,34.958]]]}},{"type":"Feature","properties":{},"geometry":{"type":"Polygon","coordinates":[[[-81.865,31.173],[-81.852,31.169],[-81.861,31.119],[-81.828,31.094],[-81.392,31.093],[-81.396,31.12],[-81.359,31.129],[-81.347,31.161],[-81.319,31.188],[-81.289,31.188],[-81.258,31.217],[-81.251,31.254],[-81.264,31.291],[-81.245,31.321],[-81.273,31.336],[-81.273,31.344],[-81.254,31.389],[-81.856,31.389],[-81.851,31.367],[-81.861,31.295],[-81.844,31.269],[-81.852,31.215],[-81.863,31.209],[-81.865,31.173]]]}},{"type":"Feature","properties":{},"geometry":{"type":"Polygon","coordinates":[[[-81.859,32.37],[-81.844,32.215],[-81.8,32.191],[-81.722,32.181],[-81.653,32.192],[-81.59,32.192],[-81.541,32.183],[-81.512,32.202],[-81.48,32.2],[-81.476,32.697],[-81.481,32.717],[-81.499,32.738],[-81.524,32.746],[-81.55,32.739],[-81.609,32.745],[-81.65,32.73],[-81.657,32.74],[-81.683,32.748],[-81.703,32.742],[-81.727,32.749],[-81.801,32.748],[-81.83,32.742],[-81.851,32.726],[-81.855,32.63],[-81.845,32.592],[-81.851,32.587],[-81.848,32.519],[-81.854,32.511],[-81.845,32.444],[-81.859,32.37]]]}},{"type":"Feature","properties":{},"geometry":{"type":"Polygon","coordinates":[[[-81.725,34.168],[-81.716,34.161],[-81.72,34.146],[-81.711,34.144],[-81.714,34.132],[-81.707,34.13],[-81.704,34.114],[-81.719,34.077],[-81.707,34.073],[-81.708,34.061],[-81.722,34.056],[-81.718,34.03],[-81.707,34.024],[-81.705,33.935],[-81.66,33.924],[-81.659,33.937],[-81.649,33.937],[-81.645,33.924],[-81.627,33.924],[-81.615,33.942],[-81.605,33.944],[-81.597,33.933],[-81.573,33.938],[-81.569,33.924],[-81.524,33.924],[-81.508,33.938],[-81.497,33.93],[-81.432,33.943],[-81.412,33.934],[-81.412,33.94],[-81.395,33.94],[-81.383,33.91],[-81.389,33.909],[-81.389,33.857],[-81.33,33.858],[-81.33,33.789],[-81.295,33.789],[-81.296,33.704],[-81.02,33.704],[-81.021,33.864],[-80.994,33.856],[-80.811,33.856],[-80.811,33.906],[-80.802,33.906],[-80.802,34.083],[-80.704,34.086],[-80.704,34.11],[-80.688,34.103],[-80.644,34.105],[-80.636,34.119],[-80.609,34.119],[-80.585,34.129],[-80.578,34.099],[-80.542,34.103],[-80.535,34.036],[-80.534,33.538],[-80.472,33.528],[-80.38,33.535],[-80.361,33.515],[-80.321,33.52],[-80.294,33.514],[-80.247,33.525],[-80.246,33.535],[-80.211,33.528],[-80.206,33.538],[-80.196,33.537],[-80.196,33.569],[-80.178,33.572],[-80.178,33.746],[-80.163,33.765],[-80.174,33.772],[-80.171,33.868],[-80.178,33.878],[-80.173,33.89],[-80.182,33.984],[-80.178,34.011],[-80.163,34.021],[-80.175,34.026],[-80.174,34.044],[-80.154,34.061],[-80.173,34.1],[-80.171,34.138],[-80.188,34.148],[-80.189,34.161],[-80.24,34.165],[-80.284,34.158],[-80.295,34.166],[-80.305,34.16],[-80.32,34.166],[-80.322,34.199],[-80.346,34.202],[-80.347,34.194],[-80.366,34.192],[-80.372,34.684],[-80.397,34.717],[-80.526,34.73],[-80.531,34.722],[-80.557,34.727],[-80.572,34.718],[-80.586,34.718],[-80.593,34.727],[-80.623,34.725],[-80.629,34.737],[-80.656,34.739],[-80.666,34.774],[-80.868,34.773],[-80.869,34.629],[-80.741,34.628],[-80.739,34.622],[-80.74,34.495],[-80.747,34.459],[-80.741,34.45],[-80.744,34.392],[-80.737,34.34],[-80.74,34.231],[-80.784,34.231],[-80.784,34.203],[-80.81,34.203],[-80.81,34.227],[-80.831,34.231],[-81.314,34.224],[-81.278,34.232],[-81.276,34.255],[-81.295,34.261],[-81.295,34.271],[-81.284,34.275],[-81.278,34.316],[-81.296,34.316],[-81.293,34.326],[-81.31,34.342],[-81.319,34.375],[-81.318,34.389],[-81.297,34.398],[-81.3,34.413],[-81.318,34.416],[-81.306,34.425],[-81.303,34.52],[-81.341,34.52],[-81.347,34.538],[-81.357,34.539],[-81.531,34.546],[-81.547,34.536],[-81.601,34.534],[-81.606,34.544],[-81.722,34.544],[-81.723,34.427],[-81.718,34.413],[-81.707,34.408],[-81.707,34.401],[-81.723,34.401],[-81.719,34.342],[-81.707,34.337],[-81.718,34.287],[-81.707,34.287],[-81.705,34.274],[-81.707,34.238],[-81.715,34.235],[-81.711,34.195],[-81.725,34.168]]]}},{"type":"Feature","properties":{},"geometry":{"type":"Polygon","coordinates":[[[-81.714,31.83],[-81.712,31.788],[-81.703,31.788],[-81.709,31.754],[-81.696,31.723],[-81.594,31.706],[-81.578,31.721],[-81.543,31.81],[-81.528,31.818],[-81.519,31.886],[-81.523,31.923],[-81.569,31.941],[-81.644,31.949],[-81.649,31.938],[-81.659,31.937],[-81.66,31.921],[-81.714,31.83]]]}},{"type":"Feature","properties":{},"geometry":{"type":"Polygon","coordinates":[[[-81.573,34.63],[-81.556,34.619],[-81.525,34.625],[-81.473,34.621],[-81.451,34.596],[-81.425,34.593],[-81.422,34.604],[-81.418,35.078],[-81.42,35.221],[-81.429,35.238],[-81.476,35.234],[-81.573,35.244],[-81.573,34.63]]]}},{"type":"Feature","properties":{},"geometry":{"type":"Polygon","coordinates":[[[-81.297,32.041],[-81.295,31.923],[-81.111,31.916],[-81.101,31.897],[-81.076,31.899],[-81.068,31.873],[-81.05,31.869],[-81.046,31.879],[-81.023,31.88],[-81.023,31.937],[-80.984,31.937],[-80.986,31.961],[-80.943,31.961],[-80.943,32.069],[-81.023,32.069],[-81.023,32.107],[-81.053,32.107],[-81.054,32.113],[-81.078,32.117],[-81.08,32.128],[-81.112,32.129],[-81.115,32.167],[-81.123,32.177],[-81.297,32.17],[-81.297,32.041]]]}},{"type":"Feature","properties":{},"geometry":{"type":"Polygon","coordinates":[[[-81.063,34.923],[-81.048,34.917],[-81.042,34.899],[-80.993,34.92],[-80.998,34.96],[-80.984,34.985],[-81.006,34.995],[-81.035,34.991],[-81.054,34.958],[-81.063,34.923]]]}},{"type":"Feature","properties":{},"geometry":{"type":"Polygon","coordinates":[[[-81.017,34.835],[-81.01,34.8],[-80.8,34.808],[-80.792,34.82],[-80.741,34.804],[-80.575,34.799],[-80.483,34.808],[-80.475,34.893],[-80.48,34.923],[-80.467,35.019],[-80.48,35.135],[-80.468,35.15],[-80.458,35.208],[-80.447,35.226],[-80.45,35.239],[-80.464,35.249],[-80.471,35.286],[-80.462,35.296],[-80.471,35.331],[-80.461,35.412],[-80.513,35.412],[-80.517,34.946],[-80.66,34.946],[-80.662,34.934],[-80.516,34.932],[-80.516,34.914],[-80.66,34.914],[-80.664,34.878],[-80.721,34.878],[-80.722,34.886],[-80.737,34.887],[-80.759,34.878],[-80.8,34.883],[-80.813,34.88],[-80.813,34.87],[-81.013,34.868],[-81.009,34.855],[-81.017,34.835]]]}},{"type":"Feature","properties":{},"geometry":{"type":"Polygon","coordinates":[[[-80.964,33.541],[-80.957,33.523],[-80.96,33.42],[-80.771,33.42],[-80.771,33.437],[-80.763,33.439],[-80.763,33.458],[-80.769,33.46],[-80.759,33.502],[-80.769,33.557],[-80.789,33.557],[-80.804,33.579],[-80.821,33.587],[-80.825,33.602],[-80.917,33.575],[-80.939,33.557],[-80.954,33.557],[-80.954,33.545],[-80.964,33.541]]]}},{"type":"Feature","properties":{},"geometry":{"type":"Polygon","coordinates":[[[-80.884,32.147],[-80.877,32.147],[-80.877,32.101],[-80.813,32.101],[-80.722,32.145],[-80.707,32.159],[-80.692,32.183],[-80.667,32.199],[-80.652,32.228],[-80.725,32.301],[-80.701,32.295],[-80.651,32.249],[-80.651,32.256],[-80.622,32.257],[-80.623,32.301],[-80.633,32.302],[-80.633,32.505],[-80.806,32.505],[-80.806,32.303],[-80.839,32.302],[-80.842,32.215],[-80.859,32.202],[-80.859,32.171],[-80.884,32.171],[-80.884,32.147]]]}},{"type":"Feature","properties":{},"geometry":{"type":"Polygon","coordinates":[[[-80.835,34.955],[-80.826,34.915],[-80.818,34.921],[-80.818,34.942],[-80.829,34.962],[-80.835,34.955]]]}},{"type":"Feature","properties":{},"geometry":{"type":"Polygon","coordinates":[[[-80.295,32.958],[-80.294,32.933],[-80.222,32.922],[-80.13,32.921],[-80.129,32.901],[-80.112,32.869],[-80.116,32.78],[-80.053,32.779],[-80.046,32.771],[-80.051,32.764],[-80.041,32.761],[-80.034,32.77],[-80.022,32.763],[-79.842,32.764],[-79.839,32.791],[-79.847,32.792],[-79.843,32.806],[-79.85,32.817],[-79.831,32.839],[-79.851,32.857],[-79.928,32.896],[-79.928,32.904],[-79.961,32.933],[-79.982,32.934],[-79.987,33.003],[-79.942,33.001],[-79.942,32.971],[-79.941,33.004],[-79.967,33.014],[-80.001,33.047],[-80.145,33.048],[-80.145,33.073],[-80.175,33.082],[-80.295,33.083],[-80.295,32.958]]]}},{"type":"Feature","properties":{},"geometry":{"type":"Polygon","coordinates":[[[-80.145,34.055],[-80.132,34.061],[-80.137,34.078],[-80.145,34.081],[-80.145,34.055]]]}},{"type":"Feature","properties":{},"geometry":{"type":"Polygon","coordinates":[[[-82.864,27.861],[-82.841,27.811],[-82.787,27.763],[-82.795,27.778],[-82.755,27.707],[-82.753,27.618],[-82.781,27.611],[-82.701,27.579],[-82.713,27.58],[-82.74548387096775,27.542],[-82.746,27.542],[-82.746,27.541396226415095],[-82.766,27.518],[-82.737,27.507],[-82.708,27.435],[-82.663,27.397],[-82.653,27.397],[-82.663,27.396],[-82.649,27.369],[-82.586,27.295],[-82.579,27.263],[-82.561,27.255],[-82.533,27.22],[-82.462,27.058],[-82.362,26.901],[-82.347,26.88],[-82.336,26.882],[-82.341,26.876],[-82.294,26.817],[-82.282,26.736],[-82.322,26.703],[-82.323,26.678],[-82.311,26.652],[-82.294,26.647],[-82.272,26.62],[-82.245,26.607],[-82.245,26.586],[-82.223,26.564],[-82.224,26.544],[-82.211,26.53],[-82.194,26.464],[-82.148,26.432],[-82.102,26.412],[-82.057,26.41],[-82.018,26.43],[-81.999,26.421],[-81.991,26.429],[-81.99,26.452],[-81.977,26.456],[-81.964,26.44],[-81.924,26.419],[-81.914,26.404],[-81.889,26.402],[-81.914,26.403],[-81.906,26.387],[-81.887,26.378],[-81.852,26.316],[-81.832,26.223],[-81.815,26.085],[-81.766,25.993],[-81.76,25.969],[-81.766,25.956],[-81.745,25.932],[-81.74,25.902],[-81.719,25.889],[-81.674,25.81],[-81.656,25.801],[-81.628,25.81],[-81.62,25.839],[-81.626,25.854],[-81.616,25.872],[-81.606,25.874],[-81.561,25.847],[-81.556,25.837],[-81.542,25.837],[-81.537,25.828],[-81.497,25.815],[-81.468,25.794],[-81.261,25.791],[-81.236,25.852],[-81.232,26.064],[-81.243,26.148],[-81.24,26.296],[-81.254,26.3],[-81.254,26.311],[-81.244,26.317],[-81.252,26.41],[-81.263,26.436],[-81.392,26.437],[-81.406,26.46],[-81.458,26.452],[-81.461,26.428],[-81.458,26.521],[-81.436,26.546],[-81.436,26.645],[-81.451,26.645],[-81.461,26.657],[-81.465,26.774],[-81.461,26.856],[-81.344,26.836],[-81.275,26.835],[-81.256,26.85],[-81.247,26.873],[-81.236,27.013],[-81.24,27.382],[-81.26,27.435],[-81.26,27.472],[-81.414,27.472],[-81.414,27.538],[-81.477,27.539],[-81.476,27.788],[-81.427,27.788],[-81.427,27.844],[-81.416,27.846],[-81.41,28.071],[-81.51,28.072],[-81.509,28.088],[-81.523,28.088],[-81.523,28.169],[-81.509,28.215],[-81.523,28.26],[-81.506,28.261],[-81.508,28.217],[-81.488,28.217],[-81.505,28.114],[-81.504,28.107],[-81.484,28.099],[-81.483,28.09],[-81.413,28.093],[-81.413,28.128],[-81.181,28.131],[-81.172,28.234],[-81.174,28.312],[-81.183,28.316],[-81.178,28.314],[-81.177,28.378],[-81.161,28.388],[-81.159,28.378],[-81.118,28.378],[-81.107,28.394],[-81.105,28.447],[-81.219,28.448],[-81.054,28.448],[-81.054,28.589],[-81.063,28.591],[-81.048,28.589],[-81.046,28.642],[-81.053,28.642],[-81.054,28.666],[-81.16566244725739,28.66899095840868],[-81.168,28.674],[-81.085,28.671],[-81.079,28.721],[-81.105,28.727],[-81.131,28.719],[-81.16,28.721],[-81.16,28.729],[-81.199,28.73],[-81.149,28.729],[-81.151,28.793],[-81.186,28.791],[-81.135,28.799],[-81.109,28.789],[-81.08,28.801],[-81.054,28.793],[-81.024,28.797],[-81.013,28.787],[-80.942,28.766],[-80.855,28.785],[-80.771,28.771],[-80.85,28.741],[-80.868,28.724],[-80.901,28.721],[-80.906,28.711],[-80.943,28.692],[-80.95,28.682],[-80.95,28.652],[-80.902,28.459],[-80.894,28.453],[-80.869,28.333],[-80.842,28.325],[-80.771,28.329],[-80.767,28.238],[-80.59,28.238],[-80.597,28.372],[-80.589,28.373],[-80.581,28.402],[-80.559,28.428],[-80.517,28.446],[-80.515,28.463],[-80.544,28.518],[-80.568,28.598],[-80.703,28.765],[-80.792,28.907],[-80.8,28.905],[-80.793,28.907],[-80.796,28.914],[-80.85,28.987],[-80.901,29.085],[-80.927,29.107848484848486],[-80.927,29.108],[-80.9270806451613,29.10791935483871],[-80.934,29.114],[-80.9406884057971,29.127],[-80.94,29.127],[-80.94,29.128],[-80.94120289855073,29.128],[-81.005,29.252],[-81.027,29.266],[-81.015,29.267],[-81.017,29.276],[-81.11657281553398,29.483858252427183],[-81.113,29.481],[-81.116,29.489],[-81.1175504587156,29.485899082568807],[-81.12075296912114,29.49258432304038],[-81.119,29.492],[-81.119,29.495],[-81.122,29.496],[-81.122,29.4951875],[-81.12574251497006,29.503],[-81.124,29.503],[-81.124,29.504],[-81.126,29.504],[-81.126,29.5035375],[-81.12861676646706,29.509],[-81.127,29.509],[-81.127,29.51],[-81.129,29.51],[-81.129,29.5098],[-81.177,29.61],[-81.211,29.711],[-81.224,29.724],[-81.24,29.763],[-81.263,29.893],[-81.259,29.91],[-81.285,29.931],[-81.333,30.117],[-81.361,30.126],[-81.372,30.104],[-81.389,30.102],[-81.591,30.114],[-81.594,30.107],[-81.627,30.104],[-81.638,30.095],[-81.676,30.104],[-81.726,30.102],[-81.736,30.085],[-81.762,30.089],[-81.768,30.1],[-81.786,30.104],[-81.924,30.1],[-81.979,30.073],[-81.976,29.985],[-81.99,29.983],[-81.991,29.974],[-81.979,29.855],[-81.984,29.792],[-81.977,29.712],[-81.969,29.705],[-81.969,29.696],[-81.98,29.692],[-81.981,29.671],[-81.973,29.663],[-81.979,29.661],[-81.977,29.638],[-81.907,29.645],[-81.722,29.63],[-81.694,29.639],[-81.652,29.634],[-81.642,29.642],[-81.422,29.638],[-81.421,29.669],[-81.422,29.622],[-81.439,29.618],[-81.443,29.534],[-81.432,29.478],[-81.443,29.441],[-81.435,29.416],[-81.444,29.389],[-81.431,29.33],[-81.428,29.229],[-81.447,29.051],[-81.432,29.031],[-81.428,28.934],[-81.443,28.848],[-81.439,28.757],[-81.457,28.714],[-81.453,28.727],[-81.488,28.727],[-81.488,28.907],[-81.611,28.907],[-81.611,28.964],[-81.708,28.964],[-81.715,28.971],[-81.877,28.979],[-81.878,29.053],[-81.902,29.055],[-81.92,29.068],[-81.922,29.107],[-81.966,29.108],[-81.977,29.185],[-81.968,29.216],[-81.895,29.268],[-81.893,29.41],[-81.91,29.523],[-81.935,29.522],[-81.97,29.554],[-81.977,29.553],[-81.977,29.54],[-82.381,29.54],[-82.38718754803998,29.539566871637202],[-82.374,29.565],[-82.338,29.566],[-82.34,29.577],[-82.22,29.584],[-82.211,29.599],[-82.211,29.758],[-82.22,29.777],[-82.348,29.781],[-82.509,29.774],[-82.51,29.677],[-82.516,29.676],[-82.51,29.59],[-82.516,29.569],[-82.511,29.542],[-82.489,29.535],[-82.775,29.54],[-82.766,29.516],[-82.771,29.393],[-82.775,29.333],[-82.786,29.298],[-82.767,29.071],[-82.77,29.031],[-82.775,29.055],[-82.789,29.055],[-82.794,29.002],[-82.782,28.989],[-82.797,28.983],[-82.805,28.926],[-82.761,28.931],[-82.761,28.853],[-82.75,28.841],[-82.77,28.837],[-82.767,28.794],[-82.752,28.766],[-82.734,28.76],[-82.711,28.766],[-82.711,28.746],[-82.726,28.734],[-82.733,28.71],[-82.695,28.689],[-82.698,28.653],[-82.691,28.648],[-82.69,28.627],[-82.697,28.615],[-82.693,28.607],[-82.678,28.606],[-82.678,28.574],[-82.669,28.568],[-82.675,28.552],[-82.694,28.548],[-82.698,28.528],[-82.713,28.523],[-82.715,28.513],[-82.7,28.502],[-82.701,28.445],[-82.745,28.442],[-82.759,28.423],[-82.755,28.324],[-82.766,28.296],[-82.781,28.291],[-82.782,28.28],[-82.761,28.273],[-82.77,28.254],[-82.745,28.283],[-82.771,28.252],[-82.776,28.227],[-82.77773195876289,28.22638144329897],[-82.776,28.231],[-82.785,28.225],[-82.78324137931034,28.224413793103448],[-82.79,28.222],[-82.79,28.198],[-82.792,28.221],[-82.809,28.2],[-82.829,28.192],[-82.827,28.232],[-82.836,28.246],[-82.853,28.238],[-82.862,28.217],[-82.858,28.157],[-82.842,28.145],[-82.859,28.129],[-82.853,28.074],[-82.836,28.049],[-82.847,27.96],[-82.863,27.918],[-82.864,27.861]],[[-81.461,26.428],[-81.458,26.34],[-81.467,26.338],[-81.473,26.32],[-81.51,26.316],[-81.476,26.32],[-81.469,26.338],[-81.461,26.34],[-81.461,26.428]],[[-82.002,28.612],[-81.985,28.685],[-81.998,28.728],[-81.985,28.764],[-81.987,28.78],[-81.996,28.781],[-81.995,28.8],[-81.98,28.809],[-81.962,28.805],[-81.958,28.777],[-81.965,28.771],[-81.972,28.697],[-81.972,28.554],[-81.953,28.495],[-81.946,28.494],[-81.861,28.341],[-81.84,28.335],[-81.715,28.337],[-81.711,28.343],[-81.708,28.276],[-81.6795,28.276],[-81.678,28.255],[-81.836,28.258],[-81.865,28.263],[-81.885,28.279],[-81.94,28.3],[-81.953,28.314],[-81.969,28.477],[-81.988,28.477],[-81.99,28.545],[-82.002,28.612]],[[-81.709,28.595],[-81.708,28.706],[-81.708,28.67],[-81.696,28.67],[-81.696,28.704],[-81.608,28.704],[-81.608,28.722],[-81.591,28.721],[-81.573,28.645],[-81.586,28.604],[-81.709,28.595]],[[-81.686,27.566],[-81.676,27.725],[-81.627,27.718],[-81.571,27.725],[-81.571,27.716],[-81.552,27.718],[-81.552,27.561],[-81.531,27.561],[-81.531,27.429],[-81.589,27.435],[-81.613,27.461],[-81.681,27.466],[-81.682,27.45],[-81.686,27.566]]]}},{"type":"Feature","properties":{},"geometry":{"type":"Polygon","coordinates":[[[-82.738,28.492],[-82.722,28.486],[-82.717,28.498],[-82.733,28.506],[-82.738,28.492]]]}},{"type":"Feature","properties":{},"geometry":{"type":"Polygon","coordinates":[[[-81.674,25.788],[-81.656,25.781],[-81.631,25.789],[-81.674,25.788]]]}},{"type":"Feature","properties":{},"geometry":{"type":"Polygon","coordinates":[[[-81.491,25.789],[-81.47,25.774],[-81.4,25.751],[-81.384,25.737],[-81.355,25.752],[-81.318,25.747],[-81.269,25.759],[-81.256,25.79],[-81.491,25.789]]]}},{"type":"Feature","properties":{},"geometry":{"type":"Polygon","coordinates":[[[-80.793,26.253],[-80.785,26.221],[-80.708,26.217],[-80.622,26.228],[-80.605,26.252],[-80.6,26.304],[-80.601,25.707],[-80.597,25.664],[-80.583,25.648],[-80.586,25.5],[-80.572,25.5],[-80.572,25.544],[-80.571,25.389],[-80.572,25.423],[-80.587,25.4],[-80.589,25.382],[-80.493,25.373],[-80.167,25.381],[-80.167,25.369],[-80.149,25.371],[-80.107,25.493],[-80.104,25.553],[-80.081,25.614],[-80.078,25.835],[-80.092,25.896],[-80.083,25.946],[-80.066,26.319],[-80.024,26.618],[-80.02,26.806],[-80.071,26.982],[-80.088,26.999],[-80.104,27.053],[-80.141,27.12],[-80.145,27.145],[-80.136,27.117],[-80.132,27.157],[-80.14,27.159],[-80.141,27.189],[-80.186,27.267],[-80.205,27.275],[-80.204,27.302],[-80.237,27.374],[-80.246,27.377],[-80.318,27.594],[-80.338,27.625],[-80.351,27.68],[-80.366,27.697],[-80.37,27.737],[-80.38079591836734,27.757183673469388],[-80.381,27.758],[-80.38112903225806,27.757806451612904],[-80.414,27.819260869565216],[-80.414,27.82],[-80.4143953488372,27.82],[-80.423,27.83608695652174],[-80.423,27.837],[-80.42348837209302,27.837],[-80.42776744186047,27.845],[-80.427,27.845],[-80.427,27.846],[-80.428,27.846],[-80.428,27.848],[-80.42937209302326,27.848],[-80.43311627906976,27.855],[-80.432,27.855],[-80.432,27.856],[-80.4336511627907,27.856],[-80.43686046511628,27.862],[-80.436,27.862],[-80.436,27.863],[-80.43739534883721,27.863],[-80.439,27.866],[-80.453,27.868],[-80.453,27.792],[-80.564,27.806],[-80.571,27.803],[-80.575,27.778],[-80.576,27.611],[-80.574,27.604],[-80.56,27.603],[-80.559,27.584],[-80.534,27.574],[-80.535,27.536],[-80.522,27.536],[-80.522,27.477],[-80.513,27.472],[-80.512,27.455],[-80.522,27.455],[-80.522,27.423],[-80.511,27.323],[-80.504,27.311],[-80.479,27.307],[-80.479,27.241],[-80.471,27.231],[-80.454,27.231],[-80.454,27.209],[-80.428,27.205],[-80.421,27.154],[-80.401,27.146],[-80.412,27.15],[-80.412,27.125],[-80.384,27.123],[-80.384,27.092],[-80.37,27.091],[-80.37,27.071],[-80.342,27.073],[-80.333,27.063],[-80.3,27.073],[-80.276,27.065],[-80.208,27.064],[-80.196,27.059],[-80.196,27.049],[-80.167,27.049],[-80.278,27.048],[-80.196,27.04],[-80.188,26.997],[-80.229,27.007],[-80.276,27],[-80.329,27.004],[-80.329,27.022],[-80.369,27.032],[-80.397,27.031],[-80.441,27.011],[-80.513,27],[-80.53,27.024],[-80.533,27.046],[-80.559,27.046],[-80.587,27.008],[-80.598,27.008],[-80.616,27.04],[-80.638,27.04],[-80.667,27.031],[-80.671,26.985],[-80.781,26.958],[-80.793,26.253]],[[-80.145,25.65],[-80.137,25.713],[-80.112,25.79],[-80.145,25.65]]]}},{"type":"Feature","properties":{},"geometry":{"type":"Polygon","coordinates":[[[-80.751,27.99],[-80.743,27.975],[-80.684,27.974],[-80.741,27.974],[-80.734,27.913],[-80.464,27.913],[-80.498,27.974],[-80.587,27.975],[-80.504,27.975],[-80.56,28.102],[-80.589,28.225],[-80.618,28.219],[-80.747,28.222],[-80.751,28.214],[-80.725,28.181],[-80.743,28.181],[-80.744,28.129],[-80.722,28.13],[-80.719,28.072],[-80.733,28.072],[-80.751,27.99]]]}},{"type":"Feature","properties":{},"geometry":{"type":"Polygon","coordinates":[[[-124.433,40.438],[-124.422,40.405],[-124.404,40.385],[-124.39,40.383],[-124.386,40.374],[-124.343,40.372],[-124.332,40.365],[-123.886,40.364],[-123.875,40.44],[-123.878,40.656],[-123.872,40.725],[-123.878,40.748],[-123.871,40.763],[-123.88,40.84],[-123.889,40.847],[-123.886,41.039],[-123.874,41.11],[-123.885,41.148],[-123.878,41.158],[-123.882,41.216],[-123.874,41.272],[-123.882,41.349],[-123.874,41.386],[-123.886,41.451],[-123.929,41.49],[-124.086,41.489],[-124.085,41.417],[-124.097,41.343],[-124.106,41.338],[-124.106,41.288],[-124.119,41.227],[-124.148,41.156],[-124.194,41.139],[-124.194,41.125],[-124.177,41.119],[-124.185,41.091],[-124.18,41.058],[-124.161,41.035],[-124.14,41.04],[-124.128,41.018],[-124.148,40.931],[-124.225,40.792],[-124.253,40.772],[-124.254,40.746],[-124.341,40.622],[-124.373,40.55],[-124.411,40.518],[-124.411,40.502],[-124.401,40.498],[-124.4,40.489],[-124.428,40.457],[-124.433,40.438]]]}},{"type":"Feature","properties":{},"geometry":{"type":"Polygon","coordinates":[[[-123.912,43.272],[-123.901,43.197],[-123.909,43.045],[-123.9,42.994],[-123.876,42.983],[-123.463,42.987],[-123.364,42.977],[-123.313,42.992],[-123.311,42.985],[-123.239,42.98],[-123.118,42.99],[-123.1,43.298],[-123.169,43.298],[-123.18,43.29],[-123.181,43.303],[-123.216,43.3],[-123.223,43.317],[-123.245,43.315],[-123.25,43.297],[-123.267,43.297],[-123.267,43.305],[-123.305,43.296],[-123.309,43.307],[-123.333,43.311],[-123.335,43.302],[-123.372,43.293],[-123.51,43.293],[-123.515,43.311],[-123.647,43.31],[-123.761,43.298],[-123.794,43.306],[-123.886,43.305],[-123.894,43.304],[-123.912,43.272]]]}},{"type":"Feature","properties":{},"geometry":{"type":"Polygon","coordinates":[[[-123.528,45.056],[-123.526,44.74],[-123.518,44.697],[-123.514,44.685],[-123.451,44.669],[-123.44,44.566],[-123.422,44.561],[-123.423,44.544],[-123.447,44.54],[-123.427,44.496],[-123.43,44.443],[-123.42,44.373],[-123.426,44.279],[-123.447,44.275],[-123.448,44.253],[-123.436,44.12],[-123.419,44.076],[-123.418,43.694],[-123.415,43.686],[-123.376,43.683],[-123.072,43.687],[-123.019,43.68],[-123,43.693],[-123.014,43.803],[-123.006,43.821],[-123.015,43.904],[-123.011,43.962],[-122.882,43.96],[-122.882,43.969],[-122.871,43.974],[-122.874,44.018],[-122.859,44.032],[-122.801,44.036],[-122.793,44.074],[-122.797,44.112],[-122.868,44.111],[-122.883,44.13],[-122.886,44.151],[-123.014,44.154],[-123.014,44.172],[-122.96,44.176],[-122.959,44.2],[-122.672,44.209],[-122.679,44.246],[-122.664,44.358],[-122.693,44.368],[-122.697,44.379],[-122.694,44.418],[-122.679,44.43],[-122.655,44.434],[-122.666,44.675],[-122.65,44.687],[-122.342,44.687],[-122.282,44.689],[-122.271,44.699],[-122.263,44.727],[-122.275,44.731],[-122.279,44.748],[-122.26,44.752],[-122.252,44.815],[-122.254,45.097],[-123.526,45.097],[-123.528,45.056]],[[-123.067,45.007],[-123.062,45.069],[-122.959,45.068],[-122.96,45.01],[-122.98,45.016],[-122.988,45.028],[-123.008,45.028],[-123.054,45.024],[-123.067,45.007]]]}},{"type":"Feature","properties":{},"geometry":{"type":"Polygon","coordinates":[[[-123.506,42.456],[-123.504,42.436],[-123.471,42.436],[-123.467,42.34],[-123.383,42.332],[-123.346,42.31],[-123.294,42.309],[-123.278,42.321],[-123.272,42.382],[-123.26,42.397],[-123.213,42.384],[-123.188,42.397],[-123.187,42.375],[-123.176,42.373],[-123.176,42.359],[-123.161,42.346],[-123.124,42.351],[-123.098,42.379],[-123.078,42.383],[-123.018,42.374],[-122.988,42.364],[-123.006,42.357],[-123.01,42.346],[-123.014,42.282],[-123.002,42.27],[-122.855,42.239],[-122.826,42.196],[-122.809,42.187],[-122.734,42.18],[-122.661,42.135],[-122.606,42.139],[-122.603,42.178],[-122.625,42.217],[-122.68,42.232],[-122.698,42.257],[-122.746,42.279],[-122.75,42.355],[-122.721,42.37],[-122.72,42.406],[-122.741,42.426],[-122.75,42.451],[-122.746,42.501],[-122.758,42.51],[-122.855,42.513],[-122.883,42.47],[-123.116,42.483],[-123.139,42.501],[-123.168,42.51],[-123.195,42.499],[-123.206,42.449],[-123.231,42.439],[-123.26,42.468],[-123.305,42.489],[-123.323,42.507],[-123.352,42.508],[-123.348,42.528],[-123.477,42.528],[-123.477,42.471],[-123.506,42.47],[-123.506,42.456]]]}},{"type":"Feature","properties":{},"geometry":{"type":"Polygon","coordinates":[[[-122.509,40.3],[-122.385,40.286],[-122.363,40.246],[-122.305,40.236],[-122.301,39.901],[-122.053,39.901],[-122.05,39.918],[-122.033,39.933],[-121.996,39.941],[-121.98,40.109],[-121.98,40.297],[-122,40.319],[-122.032,40.325],[-122.036,40.354],[-122.08,40.354],[-122.088,40.541],[-122.079,40.621],[-122.103,40.745],[-122.138,40.753],[-122.201,40.753],[-122.22,40.739],[-122.22,40.751],[-122.264,40.764],[-122.312,40.765],[-122.32,40.751],[-122.392,40.758],[-122.396,40.75],[-122.476,40.756],[-122.498,40.748],[-122.509,40.3]]]}},{"type":"Feature","properties":{},"geometry":{"type":"Polygon","coordinates":[[[-122.19,42.94],[-122.189,42.836],[-122.117,42.811],[-122.075,42.81],[-122.005,42.847],[-122.007,42.992],[-122.079,43.02],[-122.121,43.021],[-122.19,42.996],[-122.19,42.94]]]}},{"type":"Feature","properties":{},"geometry":{"type":"Polygon","coordinates":[[[-121.616,44.391],[-121.605,44.361],[-121.608,44.302],[-121.599,44.286],[-121.61,44.196],[-121.543,44.183],[-121.479,44.191],[-121.457,44.163],[-121.44,44.159],[-121.431,44.077],[-121.441,44.047],[-121.447,43.953],[-121.415,43.916],[-121.413,43.895],[-121.402,43.883],[-121.307,43.885],[-121.257,43.874],[-121.091,43.884],[-121.086,43.876],[-121.035,43.861],[-121.03,43.852],[-120.99,43.854],[-120.955,43.868],[-120.959,43.897],[-120.948,43.912],[-120.943,43.951],[-120.928,43.984],[-120.927,43.915],[-120.905,43.988],[-120.901,44.043],[-120.807,44.057],[-120.806,44.068],[-120.785,44.073],[-120.722,44.058],[-120.648,44.054],[-120.629,44.084],[-120.626,44.095],[-120.648,44.095],[-120.639,44.166],[-120.66,44.193],[-120.659,44.302],[-120.674,44.325],[-120.682,44.402],[-120.722,44.431],[-120.943,44.444],[-120.955,44.46],[-120.966,44.496],[-120.964,44.515],[-120.953,44.521],[-120.951,44.569],[-120.959,44.689],[-120.957,44.713],[-120.944,44.729],[-120.943,44.774],[-120.969,44.819],[-120.994,44.832],[-121.078,44.83],[-121.165,44.846],[-121.31,44.853],[-121.385,44.84],[-121.418,44.823],[-121.444,44.82],[-121.452,44.77],[-121.44,44.579],[-121.425,44.574],[-121.428,44.45],[-121.45,44.444],[-121.451,44.407],[-121.599,44.402],[-121.616,44.391]],[[-121.241,44.065],[-121.24,44.073],[-121.23,44.073],[-121.223,44.058],[-121.24,44.057],[-121.241,44.065]]]}},{"type":"Feature","properties":{},"geometry":{"type":"Polygon","coordinates":[[[-121.604,40.418],[-121.428,40.418],[-121.428,40.552],[-121.604,40.551],[-121.604,40.418]]]}},{"type":"Feature","properties":{},"geometry":{"type":"Polygon","coordinates":[[[-98.16,37.76],[-98.144,37.72],[-98.149,37.669],[-98.142,37.638],[-98.094,37.634],[-98.089,37.614],[-97.824,37.61],[-97.81,37.614],[-97.793,37.633],[-97.745,37.64],[-97.759,37.727],[-97.759,37.879],[-97.752,37.894],[-97.76,37.91],[-97.766,38.007],[-97.759,38.043],[-97.766,38.043],[-97.766,38.058],[-97.758,38.061],[-97.762,38.087],[-97.73,38.125],[-97.725,38.164],[-97.738,38.183],[-97.752,38.237],[-97.767,38.237],[-97.767,38.253],[-97.99,38.266],[-98.097,38.263],[-98.148,38.244],[-98.155,38.155],[-98.144,38.036],[-98.155,38.003],[-98.156,37.933],[-98.139,37.924],[-98.138,37.907],[-98.155,37.885],[-98.144,37.797],[-98.157,37.78],[-98.16,37.76]]]}},{"type":"Feature","properties":{},"geometry":{"type":"Polygon","coordinates":[[[-98.074,36.668],[-98.068,36.058],[-97.712,36.058],[-97.711,36.116],[-97.693,36.13],[-97.693,36.593],[-97.696,36.666],[-97.714,36.723],[-97.751,36.723],[-97.751,36.738],[-98.056,36.738],[-98.072,36.709],[-98.074,36.668]]]}},{"type":"Feature","properties":{},"geometry":{"type":"Polygon","coordinates":[[[-98.068,35.521],[-98.06,35.482],[-98.047,35.464],[-98.024,35.444],[-97.986,35.389],[-97.966,35.376],[-97.923,35.308],[-97.902,35.294],[-97.809,35.166],[-97.697,35.148],[-97.666,35.156],[-97.552,35.15],[-97.552,35.155],[-97.55,35.137],[-97.541,35.133],[-97.548,35.129],[-97.546,35.111],[-97.534,35.087],[-97.486,35.095],[-97.462,35.091],[-97.462,35.083],[-97.335,35.085],[-97.335,35.094],[-97.3,35.096],[-97.3,35.117],[-97.25,35.121],[-97.25,35.127],[-97.229,35.131],[-97.228,35.146],[-97.202,35.146],[-97.167,35.159],[-97.159,35.175],[-97.096,35.197],[-97.071,35.22],[-97.042,35.222],[-97.02,35.239],[-97.023,34.816],[-96.927,34.807],[-96.893,34.813],[-96.882,34.806],[-96.868,34.81],[-96.867,34.821],[-96.827,34.825],[-96.827,35.463],[-96.821,35.466],[-96.838,35.47],[-96.836,35.51],[-96.891,35.505],[-96.894,35.511],[-96.916,35.511],[-96.93,35.507],[-96.939,35.485],[-96.949,35.486],[-96.954,35.511],[-97.075,35.511],[-97.075,35.536],[-97.088,35.536],[-97.088,35.565],[-97.105,35.565],[-97.105,35.6],[-97.122,35.604],[-97.125,35.622],[-97.137,35.623],[-97.137,35.662],[-97.147,35.664],[-97.149,35.689],[-97.186,35.711],[-97.25,35.73],[-97.251,35.778],[-97.263,35.791],[-97.296,35.797],[-97.372,35.794],[-97.388,35.791],[-97.399,35.775],[-97.563,35.777],[-97.576,35.772],[-97.576,35.74],[-97.585,35.74],[-97.585,35.728],[-97.605,35.729],[-97.605,35.711],[-97.7,35.718],[-97.71,35.711],[-97.71,35.696],[-97.728,35.696],[-97.728,35.682],[-97.788,35.681],[-97.78,35.595],[-97.789,35.594],[-97.789,35.577],[-98.047,35.58],[-98.06,35.569],[-98.068,35.521]],[[-97.46,35.45],[-97.458,35.45],[-97.458,35.268],[-97.46,35.45]]]}},{"type":"Feature","properties":{},"geometry":{"type":"Polygon","coordinates":[[[-97.631,35.932],[-97.629,35.909],[-97.592,35.902],[-97.568,35.908],[-97.568,35.926],[-97.543,35.939],[-96.844,35.937],[-96.709,35.924],[-96.709,35.964],[-96.741,35.964],[-96.744,36.025],[-96.762,36.025],[-96.776,36.037],[-96.776,36.101],[-96.757,36.168],[-96.759,36.241],[-96.763,36.25],[-96.974,36.255],[-97.535,36.255],[-97.587,36.248],[-97.597,36.167],[-97.596,36.042],[-97.626,36.011],[-97.631,35.932]]]}},{"type":"Feature","properties":{},"geometry":{"type":"Polygon","coordinates":[[[-97.626,37.637],[-97.625,37.623],[-97.607,37.62],[-97.607,37.606],[-97.53,37.607],[-97.516,37.604],[-97.516,37.591],[-97.498,37.591],[-97.497,37.577],[-97.434,37.578],[-97.434,37.564],[-97.423,37.559],[-97.419,37.505],[-97.388,37.506],[-97.387,37.491],[-97.351,37.491],[-97.35,37.477],[-97.31,37.476],[-97.306,37.443],[-97.291,37.443],[-97.291,37.436],[-97.186,37.435],[-97.174,37.447],[-97.171,37.622],[-97.163,37.628],[-97.029,37.622],[-96.985,37.633],[-96.93,37.635],[-96.928,37.727],[-96.934,37.727],[-96.934,37.752],[-97.171,37.752],[-97.171,37.796],[-97.191,37.796],[-97.191,37.81],[-97.208,37.81],[-97.208,37.825],[-97.243,37.825],[-97.245,37.898],[-97.409,37.898],[-97.409,37.881],[-97.427,37.875],[-97.427,37.854],[-97.501,37.854],[-97.5,37.785],[-97.526,37.784],[-97.526,37.765],[-97.535,37.764],[-97.535,37.722],[-97.616,37.722],[-97.616,37.649],[-97.626,37.649],[-97.626,37.637]]]}},{"type":"Feature","properties":{},"geometry":{"type":"Polygon","coordinates":[[[-96.706,39.231],[-96.695,39.172],[-96.699,39.132],[-96.689,39.131],[-96.681,39.083],[-96.649,39.084],[-96.614,39.069],[-96.562,39.067],[-96.523,39.047],[-96.486,39.038],[-96.481,39.044],[-96.465,39.041],[-96.435,39.027],[-96.424,39.034],[-96.416,39.025],[-96.393,39.026],[-96.332,39.01],[-96.283,39.022],[-96.242,38.994],[-96.178,38.984],[-96.141,38.969],[-96.136,38.98],[-96.121,38.984],[-96.097,38.967],[-95.939,38.958],[-95.875,38.932],[-95.849,38.934],[-95.819,38.924],[-95.813,38.931],[-95.812,38.909],[-95.749,38.909],[-95.746,38.892],[-95.595,38.886],[-95.576,38.893],[-95.576,38.909],[-95.394,38.91],[-95.396,38.903],[-95.378,38.896],[-95.378,38.873],[-95.341,38.87],[-95.337,38.547],[-95.114,38.557],[-95.028,38.571],[-95.028,38.54],[-95.006,38.54],[-94.981,38.525],[-94.893,38.53],[-94.883,38.532],[-94.881,38.542],[-94.816,38.558],[-94.75,38.563],[-94.738,38.534],[-94.684,38.529],[-94.666,38.554],[-94.61,38.554],[-94.602,38.563],[-94.573,38.56],[-94.551,38.569],[-94.53,38.563],[-94.513,38.571],[-94.489,38.564],[-94.482,38.588],[-94.467,38.588],[-94.458,38.788],[-94.463,38.831],[-94.635,38.831],[-94.638,38.814],[-94.888,38.811],[-94.901,38.813],[-94.905,38.863],[-94.905,38.95],[-94.883,38.96],[-94.882,39.158],[-94.705,39.158],[-94.705,39.204],[-94.677,39.206],[-94.633,39.204],[-94.632,39.181],[-94.612,39.178],[-94.463,39.186],[-94.459,39.517],[-94.469,39.532],[-94.491,39.526],[-94.51,39.535],[-94.572,39.531],[-94.605,39.537],[-94.662,39.525],[-94.715,39.535],[-94.921,39.537],[-94.93,39.526],[-94.96,39.532],[-95.022,39.522],[-95.076,39.563],[-95.1,39.546],[-95.114,39.549],[-95.129,39.527],[-95.151,39.567],[-95.187,39.551],[-95.213,39.563],[-95.224,39.549],[-95.214,39.526],[-95.235,39.524],[-95.245,39.531],[-95.262,39.507],[-95.271,39.507],[-95.297,39.523],[-95.306,39.552],[-95.326,39.556],[-95.33,39.524],[-95.348,39.518],[-95.345,39.094],[-95.415,39.097],[-95.416,39.11],[-95.464,39.125],[-95.532,39.123],[-95.534,39.134],[-95.552,39.135],[-95.552,39.172],[-95.817,39.173],[-95.904,39.18],[-95.927,39.206],[-95.993,39.218],[-95.997,39.234],[-96.13,39.248],[-96.133,39.258],[-96.15,39.26],[-96.15,39.272],[-96.295,39.281],[-96.306,39.289],[-96.336,39.289],[-96.353,39.281],[-96.356,39.288],[-96.416,39.282],[-96.437,39.291],[-96.441,39.284],[-96.573,39.282],[-96.574,39.311],[-96.617,39.311],[-96.618,39.275],[-96.658,39.279],[-96.682,39.272],[-96.699,39.255],[-96.706,39.231]]]}},{"type":"Feature","properties":{},"geometry":{"type":"Polygon","coordinates":[[[-96.205,36.65],[-96.185,36.203],[-96.191,36.136],[-96.189,36.103],[-96.174,36.096],[-96.174,35.955],[-95.679,35.955],[-95.679,36.198],[-95.558,36.198],[-95.558,36.397],[-95.6,36.397],[-95.598,36.536],[-95.613,36.569],[-95.614,36.397],[-95.624,36.396],[-95.62,36.519],[-95.636,36.555],[-95.739,36.588],[-95.694,36.589],[-95.777,36.627],[-95.794,36.647],[-95.806,36.684],[-95.843,36.684],[-95.885,36.708],[-95.978,36.7],[-95.99,36.727],[-96.014,36.728],[-96.036,36.723],[-96.051,36.71],[-96.194,36.704],[-96.205,36.65]]]}},{"type":"Feature","properties":{},"geometry":{"type":"Polygon","coordinates":[[[-95.481,35.568],[-95.471,35.517],[-95.474,35.435],[-95.376,35.443],[-95.339,35.417],[-95.246,35.417],[-95.242,35.425],[-95.219,35.429],[-95.213,35.442],[-95.176,35.454],[-95.164,35.541],[-95.181,35.558],[-95.155,35.586],[-95.164,35.59],[-95.169,35.619],[-95.165,35.673],[-95.159,35.674],[-95.164,35.696],[-95.148,35.716],[-95.147,35.732],[-94.518,35.732],[-94.509,35.753],[-94.517,35.764],[-94.511,35.886],[-94.517,35.9],[-94.513,35.924],[-94.5,35.936],[-94.525,35.941],[-94.55,35.931],[-94.568,35.941],[-94.601,35.939],[-94.601,35.972],[-94.617,35.974],[-94.618,36.029],[-95.155,36.028],[-95.161,36.061],[-95.179,36.07],[-95.184,36.082],[-95.257,36.103],[-95.317,36.091],[-95.367,36.07],[-95.463,36.068],[-95.477,36.058],[-95.481,36.031],[-95.481,35.856],[-95.468,35.728],[-95.481,35.568]]]}},{"type":"Feature","properties":{},"geometry":{"type":"Polygon","coordinates":[[[-119.892,46.411],[-119.883,46.368],[-119.872,46.365],[-119.869,46.354],[-119.872,46.21],[-119.879,46.187],[-119.872,46.175],[-119.821,46.166],[-119.722,46.178],[-119.717,46.165],[-119.689,46.168],[-119.688,46.204],[-119.662,46.233],[-119.671,46.255],[-119.663,46.272],[-119.655,46.425],[-119.88,46.439],[-119.892,46.411]]]}},{"type":"Feature","properties":{},"geometry":{"type":"Polygon","coordinates":[[[-119.612,49.746],[-119.6,49.746],[-119.6,49.733],[-119.579,49.733],[-119.57,49.75],[-119.52,49.75],[-119.52,49.761],[-119.479,49.759],[-119.48,49.785],[-119.438,49.795],[-119.439,49.809],[-119.409,49.824],[-119.307,49.822],[-119.303,50.065],[-119.408,50.062],[-119.428,50.042],[-119.474,50.04],[-119.474,50.016],[-119.485,50.016],[-119.485,50.004],[-119.502,50.005],[-119.504,49.961],[-119.559,49.953],[-119.559,49.944],[-119.567,49.944],[-119.567,49.922],[-119.597,49.917],[-119.599,49.936],[-119.612,49.937],[-119.612,49.874],[-119.605,49.873],[-119.612,49.746]]]}},{"type":"Feature","properties":{},"geometry":{"type":"Polygon","coordinates":[[[-119.366,46.166],[-119.329,46.166],[-119.329,46.158],[-119.213,46.161],[-119.203,46.157],[-119.202,46.117],[-119.045,46.116],[-119.045,46.08],[-118.967,46.079],[-118.967,46.091],[-118.961,46.091],[-118.961,46.127],[-118.971,46.148],[-118.972,46.275],[-119.053,46.275],[-119.053,46.314],[-119.207,46.311],[-119.226,46.326],[-119.225,46.368],[-119.365,46.365],[-119.366,46.166]]]}},{"type":"Feature","properties":{},"geometry":{"type":"Polygon","coordinates":[[[-119.344,45.72],[-119.207,45.719],[-119.206,45.952],[-119.344,45.952],[-119.344,45.72]]]}},{"type":"Feature","properties":{},"geometry":{"type":"Polygon","coordinates":[[[-119.336,47.018],[-119.204,47.018],[-119.204,47.248],[-119.335,47.248],[-119.336,47.018]]]}},{"type":"Feature","properties":{},"geometry":{"type":"Polygon","coordinates":[[[-118.961,45.639],[-118.629,45.639],[-118.628,45.703],[-118.961,45.703],[-118.961,45.639]]]}},{"type":"Feature","properties":{},"geometry":{"type":"Polygon","coordinates":[[[-117.794,47.482],[-117.779,47.444],[-117.727,47.424],[-117.626,47.448],[-117.183,47.445],[-117.16,47.439],[-117.154,47.442],[-117.153,47.485],[-117.158,47.495],[-117.193,47.496],[-117.191,47.551],[-117.147,47.556],[-117.149,47.566],[-117.136,47.588],[-117.103,47.589],[-117.103,47.581],[-116.885,47.575],[-116.694,47.577],[-116.686,47.628],[-116.687,47.79],[-116.676,47.995],[-116.669,48.017],[-116.695,48.017],[-116.708,48.039],[-116.779,48.043],[-116.871,48.035],[-116.871,48.029],[-116.926,48.029],[-116.925,48.019],[-116.9,48.014],[-116.906,47.98],[-116.937,47.977],[-116.934,47.949],[-116.97,47.95],[-117.002,47.937],[-117.301,47.944],[-117.335,47.939],[-117.335,47.932],[-117.366,47.934],[-117.366,47.927],[-117.455,47.933],[-117.794,47.921],[-117.794,47.876],[-117.776,47.862],[-117.772,47.833],[-117.779,47.8],[-117.78,47.683],[-117.793,47.596],[-117.794,47.482]]]}},{"type":"Feature","properties":{},"geometry":{"type":"Polygon","coordinates":[[[-117.146,46.362],[-116.829,46.363],[-116.829,46.422],[-117.146,46.422],[-117.146,46.362]]]}},{"type":"Feature","properties":{},"geometry":{"type":"Polygon","coordinates":[[[-85.018,38.32],[-85.003,38.157],[-85.003,37.786],[-85.011,37.711],[-84.383,37.71],[-84.383,37.641],[-84.357,37.641],[-84.357,37.612],[-84.376,37.612],[-84.378,37.563],[-84.177,37.563],[-84.177,37.612],[-84.295,37.613],[-84.295,37.641],[-84.225,37.629],[-84.16,37.635],[-84.01,37.628],[-83.937,37.614],[-83.908,37.616],[-83.895,37.637],[-83.874,37.646],[-83.871,37.789],[-83.881,37.83],[-83.879,37.875],[-83.861,37.893],[-83.856,37.921],[-83.839,37.924],[-83.835,38.151],[-83.876,38.155],[-83.885,38.177],[-83.923,38.179],[-83.927,38.19],[-83.956,38.191],[-83.963,38.207],[-83.992,38.208],[-84.001,38.221],[-84.026,38.228],[-84.087,38.269],[-84.144,38.282],[-84.172,38.28],[-84.209,38.29],[-84.216,38.305],[-84.331,38.323],[-84.339,38.332],[-84.364,38.336],[-84.364,38.343],[-84.389,38.356],[-84.423,38.351],[-84.569,38.362],[-84.781,38.342],[-84.858,38.347],[-84.949,38.337],[-84.968,38.344],[-85.008,38.341],[-85.018,38.32]]]}},{"type":"Feature","properties":{},"geometry":{"type":"Polygon","coordinates":[[[-84.937,35.066],[-84.787,35.066],[-84.787,35.259],[-84.937,35.259],[-84.937,35.066]]]}},{"type":"Feature","properties":{},"geometry":{"type":"Polygon","coordinates":[[[-84.889,38.903],[-84.886,38.887],[-84.869,38.869],[-84.861,38.817],[-84.871,38.797],[-84.865,38.796],[-84.861,38.767],[-84.856,38.666],[-84.879,38.561],[-84.865,38.547],[-84.861,38.502],[-84.872,38.458],[-84.824,38.383],[-84.798,38.384],[-84.803,38.422],[-84.779,38.417],[-84.713,38.426],[-84.7,38.416],[-84.591,38.416],[-84.581,38.408],[-84.496,38.411],[-84.489,38.42],[-84.468,38.414],[-84.453,38.421],[-84.441,38.414],[-84.407,38.423],[-84.407,38.416],[-84.368,38.42],[-84.365,38.413],[-84.364,38.437],[-84.328,38.428],[-84.309,38.44],[-84.268,38.44],[-84.265,38.428],[-84.249,38.43],[-84.243,38.439],[-84.228,38.43],[-84.188,38.44],[-84.186,38.426],[-84.169,38.428],[-84.165,38.443],[-84.154,38.442],[-84.147,38.451],[-84.153,38.54],[-84.144,38.559],[-84.144,38.571],[-84.153,38.572],[-84.146,38.655],[-84.154,38.736],[-84.149,38.831],[-84.165,38.831],[-84.169,38.838],[-84.161,38.86],[-84.168,38.871],[-84.155,38.89],[-84.137,38.89],[-84.136,38.917],[-84.125,38.94],[-84.132,38.948],[-84.131,38.987],[-84.104,39.038],[-84.11,39.065],[-84.104,39.099],[-84.135,39.099],[-84.135,39.114],[-84.07,39.091],[-84.028,39.113],[-84.006,39.103],[-83.985,39.108],[-83.975,39.099],[-83.959,39.111],[-83.879,39.11],[-83.867,39.134],[-83.85,39.135],[-83.846,39.15],[-83.852,39.204],[-83.844,39.322],[-83.852,39.382],[-83.845,39.392],[-83.85,39.431],[-83.844,39.444],[-83.852,39.445],[-83.848,39.515],[-83.855,39.517],[-83.848,39.549],[-83.839,39.554],[-83.85,39.631],[-83.85,39.65],[-83.839,39.666],[-83.85,39.695],[-83.859,39.695],[-83.872,39.723],[-83.874,39.838],[-83.974,39.838],[-83.97,39.878],[-83.672,39.877],[-83.672,39.924],[-83.79,39.923],[-83.797,39.927],[-83.795,39.953],[-83.844,39.953],[-83.838,39.981],[-83.971,39.983],[-83.969,40.038],[-84.073,40.039],[-84.073,40.085],[-84.272,40.085],[-84.272,40.063],[-84.356,40.063],[-84.349,39.611],[-84.312,39.611],[-84.312,39.589],[-84.435,39.589],[-84.435,39.495],[-84.565,39.491],[-84.644,39.468],[-84.639,39.314],[-84.646,39.299],[-84.644,39.226],[-84.72,39.227],[-84.733,39.173],[-84.749,39.173],[-84.744,39.148],[-84.754,39.146],[-84.757,39.132],[-84.753,39.086],[-84.744,39.085],[-84.747,39.059],[-84.757,39.055],[-84.753,39.046],[-84.781,39.044],[-84.795,39.032],[-84.852,39.031],[-84.85,39.007],[-84.865,38.998],[-84.889,38.903]],[[-84.169,39.591],[-84.169,39.609],[-84.151,39.611],[-84.151,39.599],[-84.169,39.591]]]}},{"type":"Feature","properties":{},"geometry":{"type":"Polygon","coordinates":[[[-84.758,39.491],[-84.749,39.472],[-84.639,39.475],[-84.65,39.5],[-84.659,39.503],[-84.71,39.509],[-84.718,39.501],[-84.714,39.493],[-84.724,39.489],[-84.758,39.491]]]}},{"type":"Feature","properties":{},"geometry":{"type":"Polygon","coordinates":[[[-84.58,35.857],[-84.569,35.833],[-84.545,35.816],[-84.536,35.79],[-84.519,35.786],[-84.507,35.76],[-84.486,35.757],[-84.478,35.728],[-84.459,35.729],[-84.451,35.703],[-84.431,35.705],[-84.429,35.696],[-84.372,35.697],[-84.372,35.481],[-84.345,35.482],[-84.345,35.49],[-84.334,35.49],[-84.334,35.5],[-84.302,35.5],[-84.301,35.518],[-84.269,35.518],[-84.269,35.527],[-84.257,35.527],[-84.258,35.545],[-84.246,35.545],[-84.246,35.562],[-84.147,35.561],[-84.147,35.58],[-84.126,35.58],[-84.125,35.598],[-84.066,35.595],[-84.066,35.625],[-83.993,35.626],[-83.993,35.634],[-83.959,35.638],[-83.951,35.661],[-83.919,35.661],[-83.916,35.691],[-83.879,35.692],[-83.879,35.713],[-83.835,35.716],[-83.837,35.787],[-83.776,35.787],[-83.776,35.839],[-83.743,35.84],[-83.745,36.15],[-84.131,36.15],[-84.131,36.248],[-84.192,36.248],[-84.191,36.15],[-84.206,36.15],[-84.206,36.098],[-84.335,36.091],[-84.335,36.068],[-84.382,36.069],[-84.422,36.06],[-84.448,36.019],[-84.463,36.015],[-84.464,36.004],[-84.477,35.997],[-84.477,35.985],[-84.493,35.981],[-84.503,35.952],[-84.522,35.945],[-84.519,35.932],[-84.532,35.932],[-84.532,35.917],[-84.552,35.912],[-84.551,35.899],[-84.577,35.877],[-84.58,35.857]]]}},{"type":"Feature","properties":{},"geometry":{"type":"Polygon","coordinates":[[[-83.632,39.907],[-83.572,39.893],[-83.547,39.9],[-83.491,39.896],[-83.48,39.909],[-83.455,39.911],[-83.632,39.907]]]}},{"type":"Feature","properties":{},"geometry":{"type":"Polygon","coordinates":[[[-83.614,35.798],[-83.613,35.748],[-83.6,35.739],[-83.576,35.689],[-83.473,35.693],[-83.475,35.888],[-83.495,35.889],[-83.495,35.915],[-83.602,35.915],[-83.602,35.876],[-83.613,35.87],[-83.614,35.798]]]}},{"type":"Feature","properties":{},"geometry":{"type":"Polygon","coordinates":[[[-83.421,39.921],[-83.404,39.881],[-83.381,39.872],[-83.359,39.825],[-83.351,39.591],[-83.241,39.609],[-83.23,39.629],[-83.036,39.618],[-82.937,39.626],[-82.7,39.618],[-82.661,39.628],[-82.562,39.627],[-82.558,39.531],[-82.566,39.484],[-82.557,39.384],[-82.57,39.318],[-82.569,39.292],[-82.558,39.289],[-82.562,39.227],[-82.554,39.225],[-82.56,39.209],[-82.52,39.21],[-82.516,39.194],[-82.507,39.192],[-82.495,39.2],[-82.495,39.216],[-82.481,39.217],[-82.473,39.204],[-82.455,39.204],[-82.457,39.213],[-82.446,39.216],[-82.437,39.191],[-82.419,39.195],[-82.417,39.215],[-82.4,39.215],[-82.395,39.185],[-82.382,39.184],[-82.377,39.214],[-82.343,39.204],[-82.344,39.215],[-82.246,39.213],[-82.22,39.222],[-82.212,39.212],[-82.223,39.194],[-82.198,39.192],[-82.196,39.213],[-82.186,39.213],[-82.175,39.182],[-82.157,39.182],[-82.156,39.214],[-82.146,39.215],[-82.138,39.185],[-82.123,39.186],[-82.117,39.212],[-82.104,39.212],[-82.099,39.182],[-82.088,39.181],[-82.082,39.182],[-82.077,39.211],[-82.066,39.213],[-82.061,39.186],[-82.04,39.184],[-82.038,39.215],[-82.014,39.219],[-82.024,39.73],[-82.045,39.73],[-82.047,39.716],[-82.061,39.715],[-82.064,39.733],[-82.079,39.733],[-82.086,39.717],[-82.101,39.717],[-82.117,39.736],[-82.116,39.943],[-82.123,39.974],[-82.116,40.01],[-82.124,40.029],[-82.132,39.969],[-82.652,39.975],[-82.73,39.982],[-82.745,39.992],[-82.744,39.976],[-82.752,39.972],[-82.755,39.987],[-82.759,39.984],[-82.756,39.953],[-82.763,39.953],[-82.771,39.979],[-82.792,39.984],[-82.792,40.004],[-82.866,40.004],[-82.862,40.039],[-82.896,40.035],[-82.9,40.041],[-82.98,40.043],[-82.98,39.906],[-83.168,39.906],[-83.183,39.915],[-83.195,39.971],[-83.216,39.967],[-83.226,39.975],[-83.259,39.971],[-83.271,39.978],[-83.403,39.974],[-83.419,39.952],[-83.421,39.921]],[[-82.958,39.864],[-82.95,39.874],[-82.936,39.876],[-82.926,39.868],[-82.908,39.879],[-82.884,39.881],[-82.9,39.856],[-82.945,39.868],[-82.945,39.862],[-82.958,39.864]]]}},{"type":"Feature","properties":{},"geometry":{"type":"Polygon","coordinates":[[[-83.407,36.103],[-83.19,36.103],[-83.19,36.287],[-83.407,36.287],[-83.407,36.103]]]}},{"type":"Feature","properties":{},"geometry":{"type":"Polygon","coordinates":[[[-83.042,38.727],[-82.808,38.727],[-82.808,38.756],[-83.042,38.756],[-83.042,38.727]]]}},{"type":"Feature","properties":{},"geometry":{"type":"Polygon","coordinates":[[[-82.995,36.335],[-82.987,36.322],[-82.982,36.239],[-82.992,36.201],[-82.984,36.193],[-82.988,36.116],[-82.981,36.066],[-82.991,36.024],[-82.947,36.016],[-82.812,36.021],[-82.807,36.011],[-82.687,36.018],[-82.639,36.007],[-82.636,36.021],[-82.624,36.029],[-82.621,36.068],[-82.627,36.353],[-82.62,36.416],[-82.63,36.423],[-82.621,36.439],[-82.624,36.459],[-82.451,36.46],[-82.451,36.659],[-82.722,36.659],[-82.722,36.616],[-82.772,36.616],[-82.822,36.599],[-82.95,36.596],[-82.988,36.585],[-82.984,36.451],[-82.991,36.442],[-82.982,36.39],[-82.987,36.346],[-82.995,36.335]]]}},{"type":"Feature","properties":{},"geometry":{"type":"Polygon","coordinates":[[[-82.763,38.415],[-82.624,38.413],[-82.624,38.305],[-82.3,38.307],[-82.303,38.554],[-82.65,38.554],[-82.65,38.605],[-82.356,38.609],[-82.216,38.603],[-82.175,38.609],[-82.094,38.605],[-82.086,38.598],[-82.016,38.605],[-81.981,38.596],[-81.957,38.599],[-81.953,38.622],[-81.918,38.62],[-81.92,38.655],[-81.907,38.689],[-81.924,38.741],[-81.915,38.749],[-81.915,38.78],[-81.903,38.802],[-81.909,38.813],[-81.904,38.824],[-81.928,38.855],[-81.917,38.9],[-81.937,38.913],[-81.94,38.926],[-82.072,38.938],[-82.119,38.93],[-82.255,38.938],[-82.282,38.932],[-82.478,38.93],[-82.61,38.938],[-82.708,38.93],[-82.712,38.911],[-82.693,38.891],[-82.704,38.848],[-82.695,38.832],[-82.701,38.635],[-82.704,38.646],[-82.763,38.645],[-82.763,38.415]]]}},{"type":"Feature","properties":{},"geometry":{"type":"Polygon","coordinates":[[[-82.738,35.606],[-82.722,35.54],[-82.73,35.524],[-82.733,35.476],[-82.657,35.479],[-82.646,35.466],[-82.652,35.326],[-82.632,35.324],[-82.628,35.312],[-82.603,35.311],[-82.601,35.3],[-82.576,35.292],[-82.576,35.282],[-82.561,35.282],[-82.52,35.248],[-82.547,35.241],[-82.546,35.159],[-82.533,35.079],[-82.539,35.021],[-82.532,34.93],[-82.539,34.907],[-82.52,34.806],[-82.524,34.746],[-82.517,34.724],[-82.52,34.7],[-82.542,34.7],[-82.546,34.689],[-82.542,34.6],[-82.518,34.597],[-82.521,34.57],[-82.474,34.555],[-82.469,34.56],[-82.282,34.555],[-82.223,34.541],[-82.131,34.546],[-82.12,34.555],[-82.099,34.556],[-82.091,34.574],[-82.094,34.645],[-82.086,34.667],[-82.097,34.737],[-82.094,34.816],[-82.102,34.886],[-82.095,34.935],[-82.102,34.958],[-82.095,34.995],[-82.104,35.165],[-82.098,35.221],[-82.119,35.232],[-82.208,35.23],[-82.211,35.238],[-82.246,35.247],[-82.351,35.247],[-82.292,35.305],[-82.326,35.367],[-82.344,35.374],[-82.341,35.391],[-82.37,35.447],[-82.363,35.452],[-82.365,35.462],[-82.399,35.51],[-82.395,35.536],[-82.402,35.537],[-82.391,35.565],[-82.392,35.596],[-82.399,35.596],[-82.404,35.615],[-82.393,35.626],[-82.403,35.646],[-82.397,35.658],[-82.411,35.672],[-82.45,35.673],[-82.461,35.686],[-82.45,35.685],[-82.45,35.722],[-82.433,35.726],[-82.43,35.74],[-82.459,35.748],[-82.503,35.738],[-82.533,35.748],[-82.568,35.743],[-82.581,35.75],[-82.584,35.743],[-82.609,35.748],[-82.621,35.742],[-82.652,35.75],[-82.657,35.744],[-82.686,35.748],[-82.705,35.722],[-82.704,35.68],[-82.716,35.664],[-82.713,35.658],[-82.737,35.642],[-82.738,35.606]],[[-82.461,34.878],[-82.451,34.89],[-82.267,34.893],[-82.259,34.867],[-82.266,34.859],[-82.257,34.849],[-82.266,34.807],[-82.304,34.801],[-82.316,34.806],[-82.333,34.798],[-82.336,34.804],[-82.402,34.805],[-82.411,34.799],[-82.424,34.806],[-82.457,34.804],[-82.454,34.868],[-82.461,34.878]]]}},{"type":"Feature","properties":{},"geometry":{"type":"Polygon","coordinates":[[[-82.484,36.217],[-82.305,36.215],[-82.299,36.218],[-82.3,36.241],[-82.165,36.242],[-82.165,36.447],[-82.483,36.447],[-82.484,36.217]]]}},{"type":"Feature","properties":{},"geometry":{"type":"Polygon","coordinates":[[[-82.053,39.862],[-81.953,39.862],[-81.953,39.918],[-82.053,39.918],[-82.053,39.862]]]}},{"type":"Feature","properties":{},"geometry":{"type":"Polygon","coordinates":[[[-81.85,38.43],[-81.844,38.35],[-81.777,38.345],[-81.777,38.301],[-81.564,38.291],[-81.562,38.329],[-81.554,38.329],[-81.562,38.392],[-81.578,38.399],[-81.786,38.4],[-81.801,38.427],[-81.795,38.43],[-81.793,38.487],[-81.848,38.487],[-81.85,38.43]]]}},{"type":"Feature","properties":{},"geometry":{"type":"Polygon","coordinates":[[[-81.845,34.837],[-81.84,34.631],[-81.736,34.642],[-81.697,34.624],[-81.661,34.624],[-81.66,34.632],[-81.648,34.633],[-81.63,34.62],[-81.569,34.63],[-81.556,34.617],[-81.552,35.244],[-81.476,35.242],[-81.476,35.233],[-81.454,35.234],[-81.451,35.241],[-81.429,35.238],[-81.421,35.223],[-81.422,34.596],[-81.411,34.595],[-81.406,34.62],[-81.381,34.625],[-81.193,34.609],[-81.177,34.617],[-81.166,34.606],[-81.112,34.596],[-81.059,34.631],[-81.013,34.635],[-81.013,34.886],[-81.082,34.887],[-80.813,34.888],[-80.813,34.898],[-80.756,34.896],[-80.726,34.905],[-80.721,34.896],[-80.664,34.896],[-80.66,34.946],[-80.517,34.946],[-80.513,35.414],[-80.443,35.409],[-80.443,35.415],[-80.43,35.409],[-80.338,35.415],[-80.333,35.47],[-80.34,35.472],[-80.332,35.488],[-80.338,35.49],[-80.342,35.532],[-80.339,35.575],[-80.344,35.604],[-80.37,35.605],[-80.37,35.747],[-80.118,35.747],[-80.118,35.868],[-80.401,35.868],[-80.401,35.744],[-80.559,35.744],[-80.559,35.604],[-80.616,35.604],[-80.614,35.706],[-80.625,35.894],[-80.668,35.955],[-80.748,35.975],[-80.781,35.965],[-80.853,35.972],[-80.877,35.986],[-80.925,35.989],[-80.968,36.017],[-81.005,36.02],[-81.052,36.011],[-81.065,36.041],[-81.107,36.048],[-81.211,36.048],[-81.264,36.037],[-81.296,36.042],[-81.303,36.054],[-81.335,36.056],[-81.352,36.038],[-81.376,36.037],[-81.378,36.046],[-81.432,36.04],[-81.432,35.838],[-81.461,35.838],[-81.462,35.947],[-81.547,35.947],[-81.586,35.889],[-81.644,35.868],[-81.644,35.78],[-81.74,35.78],[-81.74,35.687],[-81.431,35.686],[-81.429,35.614],[-81.374,35.625],[-81.367,35.617],[-81.367,35.518],[-81.377,35.5],[-81.369,35.494],[-81.378,35.445],[-81.369,35.422],[-81.367,35.349],[-81.372,35.33],[-81.384,35.33],[-81.384,35.288],[-81.44,35.287],[-81.451,35.264],[-81.454,35.329],[-81.58,35.327],[-81.58,35.244],[-81.586,35.241],[-81.681,35.241],[-81.696,35.243],[-81.705,35.259],[-81.723,35.253],[-81.752,35.26],[-81.753,35.251],[-81.764,35.247],[-81.76,35.232],[-81.811,35.225],[-81.844,35.229],[-81.844,35.008],[-81.832,34.996],[-81.844,34.992],[-81.845,34.837]],[[-81.188,35.385],[-81.179,35.408],[-81.149,35.415],[-81.131,35.451],[-81.127,35.444],[-81.097,35.442],[-81.129,35.433],[-81.151,35.396],[-81.163,35.393],[-81.159,35.33],[-81.174,35.33],[-81.174,35.357],[-81.188,35.385]],[[-81.159,35.178],[-81.115,35.179],[-81.129,35.185],[-81.104,35.175],[-81.085,35.177],[-81.085,35.159],[-81.135,35.16],[-81.137,35.178],[-81.159,35.178]],[[-81.063,34.932],[-81.052,34.967],[-81.035,34.991],[-80.998,34.994],[-80.984,34.985],[-80.994,34.96],[-80.994,34.92],[-81.013,34.906],[-81.042,34.899],[-81.063,34.932]],[[-81.053,35.399],[-81.046,35.414],[-81.034,35.415],[-81.042,35.414],[-81.038,35.39],[-81.053,35.399]],[[-80.835,34.957],[-80.829,34.962],[-80.817,34.939],[-80.818,34.924],[-80.831,34.913],[-80.826,34.935],[-80.835,34.957]],[[-80.679,35.534],[-80.552,35.536],[-80.55,35.485],[-80.563,35.48],[-80.611,35.489],[-80.662,35.486],[-80.664,35.534],[-80.679,35.534]]]}},{"type":"Feature","properties":{},"geometry":{"type":"Polygon","coordinates":[[[-81.628,39.168],[-81.497,39.161],[-81.499,39.388],[-81.628,39.382],[-81.628,39.168]]]}},{"type":"Feature","properties":{},"geometry":{"type":"Polygon","coordinates":[[[-81.402,38.176],[-81.396,38.172],[-81.396,38.112],[-81.389,38.105],[-81.4,38.033],[-81.396,37.843],[-81.385,37.827],[-81.392,37.824],[-81.392,37.652],[-81.373,37.647],[-81.372,37.616],[-81.352,37.617],[-81.35,37.648],[-81.337,37.649],[-81.335,37.62],[-81.318,37.617],[-81.314,37.646],[-81.306,37.649],[-81.302,37.617],[-81.284,37.612],[-81.281,37.646],[-81.269,37.649],[-81.262,37.611],[-81.255,37.609],[-81.248,37.611],[-81.243,37.647],[-81.234,37.649],[-81.225,37.627],[-81.21,37.627],[-81.207,37.649],[-81.193,37.649],[-81.188,37.615],[-81.172,37.617],[-81.167,37.649],[-81.155,37.644],[-81.152,37.614],[-81.141,37.615],[-81.135,37.647],[-81.122,37.649],[-81.118,37.631],[-81.102,37.627],[-81.102,37.641],[-81.071,37.646],[-81.063,37.664],[-81.06,37.943],[-81.071,38.093],[-81.064,38.097],[-81.063,38.133],[-81.06,38.258],[-81.067,38.259],[-81.054,38.262],[-81.054,38.271],[-81.071,38.271],[-81.072,38.246],[-81.078,38.246],[-81.08,38.271],[-81.101,38.271],[-81.105,38.246],[-81.111,38.245],[-81.118,38.248],[-81.118,38.261],[-81.135,38.267],[-81.141,38.245],[-81.149,38.242],[-81.161,38.275],[-81.172,38.274],[-81.178,38.25],[-81.193,38.251],[-81.193,38.265],[-81.211,38.269],[-81.218,38.242],[-81.226,38.242],[-81.234,38.265],[-81.23,38.275],[-81.251,38.274],[-81.255,38.249],[-81.263,38.248],[-81.264,38.275],[-81.28,38.278],[-81.297,38.253],[-81.3,38.28],[-81.319,38.282],[-81.326,38.25],[-81.335,38.25],[-81.337,38.277],[-81.359,38.278],[-81.361,38.251],[-81.394,38.245],[-81.402,38.218],[-81.388,38.21],[-81.388,38.189],[-81.402,38.183],[-81.402,38.176]]]}},{"type":"Feature","properties":{},"geometry":{"type":"Polygon","coordinates":[[[-81.367,37.223],[-81.156,37.223],[-81.155,37.287],[-81.142,37.289],[-81.142,37.321],[-81.116,37.322],[-81.116,37.352],[-80.999,37.356],[-80.999,37.371],[-81.214,37.371],[-81.214,37.335],[-81.348,37.334],[-81.351,37.267],[-81.363,37.266],[-81.367,37.223]]]}},{"type":"Feature","properties":{},"geometry":{"type":"Polygon","coordinates":[[[-80.789,39.898],[-80.776,39.888],[-80.693,39.888],[-80.685,39.912],[-80.788,39.912],[-80.789,39.898]]]}},{"type":"Feature","properties":{},"geometry":{"type":"Polygon","coordinates":[[[-80.498,36.233],[-80.497,36.19],[-80.483,36.178],[-80.491,36.08],[-80.473,35.989],[-80.476,35.956],[-80.483,35.955],[-80.484,35.912],[-80.468,35.904],[-80.427,35.902],[-80.398,35.912],[-80.35,35.9],[-80.306,35.907],[-80.292,35.901],[-80.256,35.906],[-80.252,35.9],[-80.145,35.916],[-80.129,35.911],[-80.129,35.9],[-80.104,35.899],[-80.103,35.852],[-80.075,35.846],[-80.074,35.839],[-80.004,35.838],[-80,35.85],[-79.98,35.85],[-79.98,35.843],[-79.937,35.848],[-79.909,35.84],[-79.891,35.84],[-79.888,35.847],[-79.854,35.845],[-79.845,35.832],[-79.807,35.841],[-79.77,35.833],[-79.774,35.985],[-79.761,36.002],[-79.722,36.001],[-79.715,36.021],[-79.761,36.014],[-79.814,35.997],[-79.814,35.991],[-79.916,35.992],[-79.921,35.997],[-79.916,36.028],[-80,36.035],[-80.008,36.087],[-79.998,36.117],[-80.005,36.136],[-79.824,36.141],[-79.814,36.135],[-79.783,36.141],[-79.761,36.132],[-79.746,36.14],[-79.704,36.142],[-79.707,36.03],[-79.67,36.031],[-79.654,36.054],[-79.617,36.049],[-79.614,36.149],[-79.621,36.19],[-79.615,36.212],[-79.621,36.238],[-79.615,36.261],[-79.647,36.256],[-79.654,36.263],[-79.703,36.262],[-79.713,36.281],[-79.709,36.291],[-79.728,36.31],[-79.75,36.31],[-79.755,36.321],[-79.783,36.325],[-79.803,36.339],[-79.809,36.333],[-79.823,36.337],[-79.85,36.351],[-79.869,36.346],[-79.875,36.359],[-79.908,36.358],[-79.909,36.364],[-79.978,36.376],[-79.991,36.4],[-80.02,36.39],[-80.027,36.41],[-80.063,36.405],[-80.079,36.412],[-80.112,36.409],[-80.136,36.419],[-80.18,36.418],[-80.192,36.404],[-80.228,36.404],[-80.37,36.418],[-80.467,36.407],[-80.479,36.383],[-80.472,36.285],[-80.495,36.254],[-80.498,36.233]]]}},{"type":"Feature","properties":{},"geometry":{"type":"Polygon","coordinates":[[[-80.484,37.138],[-80.471,37.12],[-80.467,37.096],[-80.419,37.092],[-80.355,37.092],[-80.32,37.134],[-80.339,37.175],[-80.369,37.178],[-80.37,37.19],[-80.376,37.19],[-80.376,37.287],[-80.467,37.287],[-80.467,37.187],[-80.482,37.171],[-80.484,37.138]]]}},{"type":"Feature","properties":{},"geometry":{"type":"Polygon","coordinates":[[[-80.14,37.274],[-80.137,37.193],[-80.121,37.193],[-80.121,36.754],[-80.104,36.752],[-80.1,36.729],[-80.067,36.733],[-79.963,36.723],[-79.954,36.732],[-79.954,36.764],[-79.899,36.775],[-79.882,36.752],[-79.866,36.748],[-79.838,36.716],[-79.824,36.711],[-79.799,36.716],[-79.72,36.701],[-79.692,36.703],[-79.699,36.963],[-79.643,36.96],[-79.647,37.12],[-79.64,37.241],[-79.652,37.278],[-79.718,37.283],[-79.791,37.263],[-79.832,37.263],[-79.834,37.196],[-79.879,37.196],[-79.876,37.369],[-79.895,37.369],[-79.906,37.333],[-79.904,37.365],[-80.088,37.37],[-80.088,37.378],[-80.125,37.378],[-80.138,37.377],[-80.14,37.274]],[[-79.939,37.208],[-79.939,37.225],[-79.932,37.225],[-79.932,37.208],[-79.939,37.208]]]}},{"type":"Feature","properties":{},"geometry":{"type":"Polygon","coordinates":[[[-80.056,39.591],[-79.838,39.59],[-79.838,39.649],[-79.816,39.658],[-79.817,39.689],[-79.937,39.689],[-79.921,39.681],[-79.926,39.64],[-79.917,39.63],[-79.927,39.626],[-79.921,39.608],[-79.932,39.599],[-79.965,39.596],[-79.974,39.612],[-79.986,39.609],[-80,39.63],[-79.994,39.641],[-79.998,39.663],[-79.989,39.679],[-79.971,39.688],[-80.055,39.689],[-80.056,39.591]]]}},{"type":"Feature","properties":{},"geometry":{"type":"Polygon","coordinates":[[[-80.167,43.556],[-79.541,43.558],[-79.525,43.578],[-79.726,43.584],[-79.733,43.578],[-79.742,43.585],[-79.877,43.578],[-80.068,43.585],[-80.127,43.58],[-80.149,43.587],[-80.166,43.582],[-80.167,43.556]]]}},{"type":"Feature","properties":{},"geometry":{"type":"Polygon","coordinates":[[[-79.997,40.839],[-79.854,40.839],[-79.854,40.903],[-79.996,40.903],[-79.997,40.839]]]}},{"type":"Feature","properties":{},"geometry":{"type":"Polygon","coordinates":[[[-79.991,43.15],[-79.921,43.14],[-79.915,43.144],[-79.991,43.15]]]}},{"type":"Feature","properties":{},"geometry":{"type":"Polygon","coordinates":[[[-79.967,40.324],[-79.84,40.324],[-79.849,40.294],[-79.842,40.065],[-79.798,40.07],[-79.783,40.103],[-79.766,40.106],[-79.763,40.177],[-79.753,40.18],[-79.753,40.195],[-79.606,40.199],[-79.586,40.193],[-79.408,40.191],[-79.331,40.276],[-79.281,40.318],[-79.265,40.343],[-79.257,40.343],[-79.255,40.361],[-79.514,40.36],[-79.537,40.37],[-79.548,40.433],[-79.541,40.485],[-79.549,40.512],[-79.54,40.586],[-79.541,40.683],[-79.571,40.692],[-79.846,40.686],[-79.851,40.691],[-79.857,40.543],[-79.967,40.542],[-79.967,40.524],[-79.953,40.532],[-79.938,40.527],[-79.869,40.534],[-79.868,40.457],[-79.877,40.444],[-79.868,40.423],[-79.875,40.407],[-79.868,40.378],[-79.883,40.343],[-79.917,40.332],[-79.967,40.341],[-79.967,40.324]]]}},{"type":"Feature","properties":{},"geometry":{"type":"Polygon","coordinates":[[[-79.803,43.835],[-79.795,43.827],[-79.718,43.83],[-79.684,43.823],[-79.655,43.831],[-79.611,43.83],[-79.6,43.823],[-79.564,43.832],[-79.553,43.816],[-79.533,43.814],[-79.526,43.803],[-79.449,43.811],[-79.449,43.803],[-79.401,43.81],[-79.398,43.805],[-79.352,43.813],[-79.327,43.804],[-79.31,43.808],[-79.294,43.795],[-79.273,43.799],[-79.27,43.792],[-79.15,43.796],[-79.14,43.802],[-79.111,43.795],[-79.08,43.803],[-79.058,43.796],[-79.038,43.807],[-78.971,43.821],[-78.956,43.835],[-78.927,43.842],[-78.865,43.84],[-78.806,43.86],[-78.681,43.859],[-78.643,43.895],[-78.624,43.899],[-78.624,43.94],[-78.676,43.941],[-78.706,43.948],[-78.707,43.957],[-78.769,43.957],[-78.782,43.967],[-78.915,43.977],[-78.927,43.985],[-79.172,43.984],[-79.218,44.004],[-79.341,44.005],[-79.342,44.012],[-79.376,44.017],[-79.412,44.14],[-79.427,44.153],[-79.444,44.155],[-79.444,44.27],[-79.479,44.27],[-79.494,44.279],[-79.494,44.305],[-79.512,44.305],[-79.512,44.377],[-79.498,44.436],[-79.486,44.448],[-79.802,44.45],[-79.802,44.417],[-79.79,44.418],[-79.788,44.292],[-79.611,44.291],[-79.607,44.13],[-79.61,44.024],[-79.645,43.98],[-79.658,43.977],[-79.71,43.928],[-79.724,43.925],[-79.729,43.911],[-79.779,43.877],[-79.803,43.835]]]}},{"type":"Feature","properties":{},"geometry":{"type":"Polygon","coordinates":[[[-79.472,41.934],[-79.461,41.887],[-79.42,41.87],[-79.398,41.88],[-79.328,41.866],[-79.25,41.887],[-79.199,41.886],[-79.177,41.893],[-79.152,41.887],[-79.119,41.897],[-79.104,41.952],[-79.111,41.966],[-79.111,42.025],[-79.099,42.087],[-79.106,42.12],[-79.099,42.142],[-79.107,42.164],[-79.097,42.242],[-79.104,42.298],[-79.099,42.369],[-79.06,42.374],[-79.036,42.364],[-78.999,42.366],[-78.982,42.362],[-78.97,42.342],[-78.869,42.336],[-78.852,42.358],[-78.812,42.37],[-78.798,42.361],[-78.769,42.368],[-78.757,42.36],[-78.703,42.364],[-78.581,42.35],[-78.464,42.353],[-78.473,42.509],[-78.467,42.656],[-78.475,42.732],[-78.473,42.835],[-78.478,42.855],[-78.493,42.857],[-78.492,42.873],[-78.51,42.878],[-78.522,42.869],[-78.552,42.877],[-78.56,42.868],[-78.582,42.873],[-78.582,42.904],[-77.82,42.906],[-77.813,42.921],[-77.78,42.924],[-77.785,42.95],[-77.776,42.959],[-77.793,42.976],[-77.785,42.989],[-77.789,43.011],[-77.779,43.028],[-77.789,43.037],[-77.783,43.054],[-77.789,43.078],[-77.688,43.08],[-77.688,43.066],[-77.672,43.063],[-77.683,43.061],[-77.672,43.057],[-77.669,43.035],[-77.625,43.025],[-77.617,43.02],[-77.618,42.999],[-77.59,42.994],[-77.528,42.996],[-77.525,43.013],[-77.406,43.013],[-77.404,43.281],[-77.43,43.28],[-77.551,43.245],[-77.583,43.257],[-77.584,43.274],[-77.61,43.272],[-77.651,43.289],[-77.701,43.32],[-77.706,43.331],[-77.746,43.345],[-77.827,43.346],[-77.829,43.222],[-78.169,43.216],[-78.368,43.221],[-78.408,43.215],[-78.639,43.22],[-78.65,43.207],[-78.639,43.151],[-78.648,43.144],[-78.646,43.123],[-78.635,43.102],[-78.607,43.095],[-78.611,43.084],[-78.632,43.094],[-78.642,43.088],[-78.648,43.065],[-78.64,43.065],[-78.64,43.052],[-78.657,43.048],[-78.652,43.055],[-78.665,43.058],[-78.665,43.183],[-78.919,43.186],[-78.919,43.194],[-78.97,43.195],[-78.97,43.201],[-79.173,43.196],[-79.173,43.204],[-79.181,43.204],[-79.187,43.243],[-79.207,43.245],[-79.294,43.207],[-79.305,43.183],[-79.292,43.136],[-79.332,43.085],[-79.331,43.069],[-79.345,43.065],[-79.346,42.997],[-79.353,42.991],[-79.345,42.891],[-79.349,42.854],[-79.341,42.85],[-79.328,42.863],[-79.301,42.867],[-79.216,42.857],[-79.161,42.865],[-79.146,42.854],[-79.124,42.852],[-79.106,42.828],[-79.092,42.825],[-79.078,42.835],[-79.077,42.853],[-79.053,42.85],[-79.034,42.862],[-79.003,42.858],[-78.99,42.867],[-78.948,42.869],[-78.924,42.875],[-78.911,42.891],[-78.874,42.844],[-78.869,42.798],[-78.879,42.791],[-78.876,42.752],[-78.843,42.753],[-78.886,42.731],[-78.967,42.708],[-78.982,42.714],[-79.056,42.695],[-79.069,42.663],[-79.085,42.658],[-79.124,42.624],[-79.148,42.582],[-79.231,42.555],[-79.339,42.503],[-79.36,42.502],[-79.369,42.485],[-79.419,42.462],[-79.437,42.436],[-79.463,42.421],[-79.465,42.263],[-79.454,42.233],[-79.463,42.19],[-79.47,42.188],[-79.459,42.07],[-79.47,42.05],[-79.472,41.934]]]}},{"type":"Feature","properties":{},"geometry":{"type":"Polygon","coordinates":[[[-79.327,43.604],[-79.314,43.608],[-79.31,43.63],[-79.327,43.604]]]}},{"type":"Feature","properties":{},"geometry":{"type":"Polygon","coordinates":[[[-78.982,40.21],[-78.805,40.21],[-78.806,40.357],[-78.786,40.352],[-78.784,40.36],[-78.76,40.36],[-78.757,40.354],[-78.475,40.359],[-78.467,40.358],[-78.467,40.321],[-78.407,40.312],[-78.376,40.316],[-78.376,40.359],[-78.192,40.359],[-78.129,40.35],[-78.015,40.36],[-78.013,40.383],[-77.995,40.385],[-77.992,40.4],[-78.017,40.404],[-78.017,40.41],[-77.995,40.413],[-77.992,40.424],[-78.01,40.43],[-78.026,40.502],[-78.003,40.517],[-78.013,40.544],[-78.006,40.564],[-78.018,40.566],[-78.007,40.587],[-78.021,40.595],[-78.022,40.608],[-78.011,40.611],[-78.013,40.622],[-78.03,40.653],[-78.043,40.657],[-78.267,40.653],[-78.486,40.661],[-78.489,40.653],[-78.514,40.653],[-78.559,40.661],[-78.592,40.653],[-78.593,40.659],[-78.64,40.663],[-78.707,40.655],[-78.739,40.659],[-78.779,40.65],[-78.868,40.655],[-78.876,40.614],[-78.893,40.608],[-78.894,40.594],[-78.874,40.592],[-78.874,40.578],[-78.894,40.576],[-78.896,40.563],[-78.876,40.561],[-78.878,40.548],[-78.894,40.548],[-78.894,40.534],[-78.876,40.534],[-78.876,40.522],[-78.89,40.518],[-78.891,40.504],[-78.89,40.49],[-78.876,40.489],[-78.876,40.481],[-78.902,40.476],[-78.901,40.461],[-78.879,40.461],[-78.878,40.451],[-78.88,40.444],[-78.905,40.444],[-78.905,40.429],[-78.882,40.428],[-78.982,40.424],[-78.982,40.21]]]}},{"type":"Feature","properties":{},"geometry":{"type":"Polygon","coordinates":[[[-78.916,41.16],[-78.908,41.16],[-78.907,41.083],[-78.688,41.081],[-78.688,41.137],[-78.786,41.138],[-78.806,41.184],[-78.916,41.185],[-78.916,41.16]]]}},{"type":"Feature","properties":{},"geometry":{"type":"Polygon","coordinates":[[[-78.427,44.235],[-78.426,44.199],[-78.268,44.199],[-78.267,44.377],[-78.426,44.379],[-78.427,44.235]]]}},{"type":"Feature","properties":{},"geometry":{"type":"Polygon","coordinates":[[[-77.932,40.796],[-77.927,40.678],[-77.9,40.678],[-77.9,40.669],[-77.835,40.672],[-77.834,40.757],[-77.815,40.771],[-77.822,40.78],[-77.813,40.795],[-77.822,40.817],[-77.835,40.822],[-77.835,40.889],[-77.894,40.889],[-77.901,40.881],[-77.927,40.881],[-77.932,40.796]]]}},{"type":"Feature","properties":{},"geometry":{"type":"Polygon","coordinates":[[[-77.287,42.942],[-77.275,42.873],[-77.282,42.761],[-77.175,42.749],[-77.092,42.751],[-77.073,42.744],[-76.921,42.748],[-76.896,42.76],[-76.895,42.958],[-76.885,43.072],[-76.888,43.303],[-76.899,43.306],[-76.961,43.28],[-76.978,43.287],[-77.038,43.281],[-77.109,43.299],[-77.286,43.288],[-77.287,42.942]]]}},{"type":"Feature","properties":{},"geometry":{"type":"Polygon","coordinates":[[[-77.263,40.152],[-77.253,40.13],[-77.165,40.133],[-77.141,40.131],[-77.139,40.125],[-77.124,40.128],[-77.117,40.141],[-77.042,40.142],[-77.038,40.164],[-77.011,40.168],[-76.991,40.162],[-76.952,40.176],[-76.727,40.178],[-76.729,40.256],[-76.723,40.263],[-76.729,40.27],[-76.72,40.28],[-76.729,40.307],[-76.723,40.319],[-76.734,40.334],[-76.756,40.33],[-76.76,40.34],[-76.803,40.332],[-76.908,40.334],[-77.014,40.302],[-77.021,40.292],[-77.044,40.289],[-77.033,40.298],[-77.062,40.308],[-77.062,40.272],[-77.153,40.277],[-77.157,40.284],[-77.254,40.28],[-77.261,40.208],[-77.254,40.202],[-77.263,40.2],[-77.257,40.168],[-77.263,40.152]]]}},{"type":"Feature","properties":{},"geometry":{"type":"Polygon","coordinates":[[[-77.175,42.157],[-77.158,42.143],[-77.172,42.135],[-77.171,42.111],[-76.9,42.032],[-76.862,42.032],[-76.863,42.026],[-76.799,42.003],[-76.674,41.966],[-76.546,41.932],[-76.528,41.94],[-76.516,41.935],[-76.516,41.926],[-76.463,41.912],[-76.465,41.92],[-76.448,41.923],[-76.446,41.931],[-76.452,41.935],[-76.444,41.984],[-76.448,42.004],[-76.48,42.029],[-76.503,42.028],[-76.507,42.044],[-76.543,42.054],[-76.55,42.071],[-76.536,42.078],[-76.534,42.071],[-76.513,42.069],[-76.45,42.074],[-76.437,42.061],[-76.424,42.08],[-76.414,42.082],[-76.396,42.053],[-76.387,42.074],[-76.367,42.076],[-76.344,42.061],[-76.319,42.068],[-76.295,42.064],[-76.282,42.072],[-76.278,41.985],[-76.236,41.98],[-76.068,41.988],[-75.983,41.98],[-75.898,41.988],[-75.873,41.982],[-75.802,41.991],[-75.759,41.981],[-75.73,41.992],[-75.73,42.358],[-75.71,42.358],[-75.707,42.366],[-75.392,42.362],[-75.215,42.369],[-75.21,42.362],[-75.089,42.36],[-75.071,42.366],[-74.993,42.362],[-74.983,42.368],[-74.982,42.362],[-74.939,42.36],[-74.942,42.372],[-74.932,42.396],[-74.949,42.399],[-74.946,42.41],[-74.927,42.414],[-74.927,42.428],[-74.942,42.43],[-74.942,42.44],[-74.931,42.441],[-74.93,42.455],[-74.942,42.457],[-74.942,42.47],[-74.906,42.47],[-74.905,42.483],[-74.956,42.489],[-74.95,42.502],[-74.938,42.502],[-74.934,42.517],[-74.946,42.519],[-74.954,42.533],[-74.946,42.561],[-74.954,42.567],[-74.954,42.594],[-74.95,42.611],[-74.934,42.613],[-74.93,42.624],[-74.967,42.648],[-74.969,42.657],[-75.03,42.665],[-75.057,42.658],[-75.774,42.662],[-75.773,42.824],[-75.756,42.825],[-75.755,42.836],[-75.736,42.849],[-75.682,42.85],[-75.672,42.838],[-75.641,42.833],[-75.638,42.852],[-75.607,42.842],[-75.585,42.85],[-75.568,42.844],[-75.564,42.852],[-75.543,42.856],[-75.538,42.834],[-75.505,42.839],[-75.483,42.833],[-75.477,42.849],[-75.464,42.852],[-75.461,42.835],[-75.435,42.831],[-75.406,42.839],[-75.383,42.871],[-75.369,42.876],[-75.369,42.868],[-75.344,42.858],[-75.164,42.861],[-75.134,42.855],[-75.105,42.857],[-75.068,42.88],[-75.059,42.904],[-75.06,42.976],[-75.067,42.989],[-75.059,43.007],[-75.064,43.017],[-75.057,43.165],[-75.064,43.223],[-75.056,43.232],[-75.064,43.411],[-75.141,43.437],[-75.318,43.439],[-75.384,43.432],[-75.392,43.443],[-75.421,43.448],[-75.431,43.463],[-75.469,43.468],[-75.483,43.452],[-75.583,43.442],[-76.01,43.441],[-76.014,43.578],[-76.056,43.581],[-76.057,43.572],[-76.067,43.571],[-76.115,43.578],[-76.181,43.578],[-76.187,43.569],[-76.216,43.573],[-76.231,43.545],[-76.303,43.524],[-76.343,43.524],[-76.378,43.536],[-76.421,43.532],[-76.479,43.503],[-76.492,43.485],[-76.52,43.487],[-76.528,43.474],[-76.571,43.459],[-76.641,43.419],[-76.647,43.412],[-76.654,43.265],[-76.643,43.192],[-76.669,43.18],[-76.657,43.115],[-76.653,42.893],[-76.646,42.89],[-76.654,42.82],[-76.649,42.637],[-76.661,42.616],[-76.657,42.599],[-76.643,42.592],[-76.637,42.529],[-76.637,42.358],[-76.646,42.336],[-76.637,42.268],[-76.641,42.148],[-76.657,42.153],[-76.669,42.171],[-76.694,42.178],[-76.693,42.185],[-76.716,42.2],[-76.723,42.198],[-76.73,42.213],[-76.757,42.217],[-76.789,42.236],[-76.804,42.229],[-77.161,42.223],[-77.167,42.22],[-77.154,42.186],[-77.171,42.175],[-77.175,42.157]]]}},{"type":"Feature","properties":{},"geometry":{"type":"Polygon","coordinates":[[[-77.132,41.237],[-77.13,41.213],[-76.799,41.211],[-76.79,41.213],[-76.79,41.291],[-76.792,41.302],[-77.131,41.297],[-77.132,41.237]]]}},{"type":"Feature","properties":{},"geometry":{"type":"Polygon","coordinates":[[[-76.951,41.002],[-76.924,40.773],[-76.859,40.756],[-76.793,40.749],[-76.793,40.736],[-76.811,40.737],[-76.811,40.723],[-76.799,40.717],[-76.799,40.709],[-76.81,40.708],[-76.812,40.697],[-76.792,40.681],[-76.808,40.68],[-76.811,40.668],[-76.792,40.653],[-76.801,40.649],[-76.794,40.619],[-76.804,40.618],[-76.805,40.611],[-76.793,40.567],[-76.8,40.557],[-76.786,40.522],[-76.411,40.519],[-76.407,40.417],[-76.398,40.407],[-76.41,40.358],[-76.42,40.35],[-76.403,40.305],[-76.411,40.18],[-76.404,40.148],[-76.411,40.127],[-76.395,40.105],[-76.407,40.097],[-76.41,40.082],[-76.403,40.081],[-76.398,40.063],[-76.399,40.051],[-76.411,40.048],[-76.413,40.024],[-76.402,39.901],[-75.49,39.901],[-75.488,39.921],[-75.474,39.933],[-75.372,39.929],[-75.332,39.94],[-75.289,39.94],[-75.276,39.949],[-75.282,39.96],[-75.273,39.974],[-75.284,39.98],[-75.276,39.984],[-75.277,39.996],[-75.285,39.996],[-75.271,40.041],[-75.276,40.043],[-75.267,40.072],[-75.247,40.09],[-75.208,40.109],[-75.034,40.105],[-75.001,40.111],[-74.998,40.137],[-75.035,40.155],[-75.005,40.144],[-74.972,40.153],[-74.98,40.19],[-74.905,40.211],[-74.872,40.228],[-74.872,40.291],[-74.843,40.3],[-74.843,40.348],[-74.784,40.342],[-74.77,40.367],[-74.77,40.426],[-74.88,40.426],[-74.958,40.435],[-74.925,40.477],[-74.923,40.547],[-74.925,40.556],[-74.942,40.562],[-74.942,40.577],[-74.956,40.584],[-74.961,40.655],[-74.967,40.661],[-74.957,40.703],[-74.96,40.931],[-74.91,40.944],[-74.908,40.984],[-75.688,40.988],[-75.689,41.102],[-75.751,41.108],[-75.848,41.096],[-75.856,41.104],[-75.98,41.102],[-76.061,41.085],[-76.056,41.006],[-76.057,40.972],[-76.064,40.971],[-76.057,40.966],[-76.058,40.925],[-76.061,40.911],[-76.072,40.906],[-76.069,40.896],[-76.082,40.889],[-76.082,40.867],[-76.513,40.873],[-76.571,40.862],[-76.628,40.862],[-76.628,40.869],[-76.745,40.869],[-76.745,41.011],[-76.757,41.011],[-76.761,41.036],[-76.875,41.056],[-76.884,41.045],[-76.929,41.027],[-76.951,41.002]],[[-76.381,39.983],[-76.378,40.002],[-76.373,39.986],[-76.321,39.983],[-76.381,39.983]],[[-76.095,40.568],[-76.068,40.574],[-76.061,40.584],[-76.058,40.569],[-76.065,40.56],[-76.094,40.556],[-76.095,40.568]],[[-76.078,40.777],[-76.06,40.784],[-76.061,40.767],[-76.076,40.763],[-76.078,40.777]],[[-76.073,40.723],[-76.072,40.741],[-76.056,40.738],[-76.073,40.723]],[[-75.742,39.978],[-75.734,40.029],[-75.74,40.034],[-75.729,40.076],[-75.634,40.079],[-75.627,40.088],[-75.51,40.072],[-75.52,40.058],[-75.513,39.969],[-75.535,39.967],[-75.528,39.942],[-75.563,39.927],[-75.563,39.92],[-75.593,39.915],[-75.63,39.929],[-75.639,39.957],[-75.659,39.953],[-75.672,39.963],[-75.71,39.956],[-75.738,39.963],[-75.742,39.978]]]}},{"type":"Feature","properties":{},"geometry":{"type":"Polygon","coordinates":[[[-76.811,39.935],[-76.81,39.901],[-76.678,39.901],[-76.676,39.939],[-76.693,39.939],[-76.715,39.924],[-76.763,39.924],[-76.774,39.933],[-76.766,39.947],[-76.778,39.951],[-76.789,39.968],[-76.77,39.993],[-76.741,40.002],[-76.708,39.994],[-76.675,40.007],[-76.678,40.081],[-76.687,40.097],[-76.679,40.106],[-76.679,40.131],[-76.803,40.128],[-76.804,39.96],[-76.811,39.935]]]}},{"type":"Feature","properties":{},"geometry":{"type":"Polygon","coordinates":[[[-76.686,44.227],[-76.683,44.199],[-76.586,44.205],[-76.555,44.197],[-76.4,44.199],[-76.399,44.227],[-76.378,44.227],[-76.378,44.286],[-76.516,44.294],[-76.686,44.286],[-76.686,44.227]]]}},{"type":"Feature","properties":{},"geometry":{"type":"Polygon","coordinates":[[[-76.661,40.969],[-76.66,40.944],[-76.65,40.932],[-76.44,40.931],[-76.425,40.944],[-76.424,40.968],[-76.415,40.971],[-76.297,40.977],[-76.295,41.005],[-76.135,41.031],[-76.128,41.039],[-76.127,41.073],[-76.148,41.088],[-76.425,41.089],[-76.44,41.08],[-76.441,41.064],[-76.452,41.053],[-76.516,41.051],[-76.54,41.021],[-76.652,41.018],[-76.661,40.969]]]}},{"type":"Feature","properties":{},"geometry":{"type":"Polygon","coordinates":[[[-76.406,40.96],[-76.297,40.96],[-76.296,40.972],[-76.358,40.972],[-76.406,40.96]]]}},{"type":"Feature","properties":{},"geometry":{"type":"Polygon","coordinates":[[[-76.036,41.241],[-76.032,41.178],[-75.824,41.179],[-75.822,41.274],[-75.769,41.274],[-75.767,41.31],[-75.656,41.31],[-75.656,41.367],[-75.639,41.365],[-75.624,41.377],[-75.576,41.387],[-75.568,41.414],[-75.547,41.42],[-75.546,41.454],[-75.494,41.455],[-75.488,41.486],[-75.462,41.495],[-75.466,41.544],[-75.622,41.543],[-75.622,41.512],[-75.678,41.511],[-75.697,41.488],[-75.693,41.482],[-75.748,41.446],[-75.763,41.445],[-75.785,41.399],[-75.791,41.399],[-75.793,41.364],[-75.984,41.363],[-75.98,41.252],[-76.036,41.252],[-76.036,41.241]]]}},{"type":"Feature","properties":{},"geometry":{"type":"Polygon","coordinates":[[[-76.027,43.987],[-76.01,43.987],[-76.01,43.95],[-75.789,43.95],[-75.789,43.964],[-75.802,43.964],[-75.802,44.021],[-75.732,44.021],[-75.732,44.036],[-75.744,44.036],[-75.744,44.08],[-75.889,44.08],[-75.889,44.034],[-75.931,44.035],[-75.931,43.998],[-76.027,44],[-76.027,43.987]]]}},{"type":"Feature","properties":{},"geometry":{"type":"Polygon","coordinates":[[[-123.338,38.878],[-123.323,38.861],[-123.293,38.846],[-123.213,38.834],[-123.143,38.84],[-123.139,38.548],[-123.147,38.493],[-123.127,38.414],[-123.114,38.407],[-123.109,38.388],[-123.084,38.36],[-123.08,38.338],[-123.088,38.314],[-123.072,38.292],[-123.051,38.285],[-123.046,38.307],[-123.028,38.313],[-123.003,38.299],[-122.975,38.271],[-122.962,38.244],[-122.938,38.225],[-122.822,38.203],[-122.802,38.205],[-122.805,38.217],[-122.776,38.2],[-122.598,38.151],[-122.628,38.136],[-122.635,38.148],[-122.662,38.145],[-122.672,38.136],[-122.664,38.121],[-122.676,38.113],[-122.675,38.099],[-122.625,38.061],[-122.634,38.022],[-122.627,38.009],[-122.627,37.963],[-122.602,37.94],[-122.601,37.926],[-122.618,37.915],[-122.676,37.949],[-122.71,37.958],[-122.742,37.954],[-122.752,37.933],[-122.737,37.895],[-122.712,37.882],[-122.694,37.876],[-122.686,37.893],[-122.664,37.894],[-122.643,37.885],[-122.638,37.874],[-122.576,37.846],[-122.533,37.804],[-122.517,37.814],[-122.491,37.813],[-122.493,37.799],[-122.524,37.789],[-122.526,37.775],[-122.504,37.649],[-122.51,37.614],[-122.533,37.603],[-122.536,37.594],[-122.526,37.549],[-122.529,37.517],[-122.513,37.489],[-122.498,37.482],[-122.474,37.488],[-122.463,37.479],[-122.455,37.428],[-122.443,37.408],[-122.294,37.409],[-122.301,37.417],[-122.22,37.337],[-122.193,37.341],[-122.213,37.337],[-122.179,37.332],[-122.176,37.343],[-122.116,37.328],[-122.088,37.292],[-122.086,37.284],[-122.095,37.278],[-122.083,37.249],[-122.07,37.248],[-122.036,37.219],[-121.978,37.202],[-121.984,37.201],[-121.978,37.193],[-121.924,37.187],[-121.922,37.143],[-121.936,37.131],[-121.919,37.123],[-121.921,37.104],[-122.084,37.104],[-122.108,37.133],[-122.116,37.168],[-122.147,37.169],[-122.15,37.149],[-122.142,37.126],[-122.124,37.118],[-122.106,37.096],[-122.095,37.046],[-122.084,37.039],[-122.086,36.94],[-122.021,36.938],[-122.011,36.95],[-121.999,36.951],[-121.967,36.944],[-121.925,36.965],[-121.908,36.958],[-121.871,36.925],[-121.807,36.815],[-121.804,36.795],[-121.821,36.699],[-121.853,36.631],[-121.882,36.612],[-121.892,36.629],[-121.921,36.649],[-121.94,36.652],[-121.976,36.618],[-121.978,36.598],[-121.987,36.595],[-121.987,36.565],[-121.974,36.548],[-121.951,36.547],[-121.97,36.512],[-121.958,36.505],[-121.948,36.452],[-121.922,36.451],[-121.91,36.415],[-121.849,36.408],[-121.815,36.416],[-121.803,36.407],[-121.69,36.404],[-121.669,36.42],[-121.639,36.412],[-121.59,36.42],[-121.514,36.404],[-121.477,36.412],[-121.454,36.441],[-121.377,36.349],[-121.36,36.342],[-121.354,36.324],[-121.297,36.281],[-121.284,36.256],[-121.222,36.202],[-121.182,36.181],[-121.185,36.172],[-121.102,36.155],[-121.08,36.164],[-121.08,36.194],[-121.069,36.204],[-121.069,36.244],[-121.216,36.407],[-121.274,36.46],[-121.36,36.516],[-121.37,36.533],[-121.428,36.558],[-121.457,36.557],[-121.463,36.578],[-121.454,36.581],[-121.461,36.6],[-121.454,36.631],[-121.452,36.817],[-121.422,36.82],[-121.367,36.803],[-121.367,36.894],[-121.424,36.909],[-121.446,36.89],[-121.452,36.927],[-121.446,36.946],[-121.448,37.205],[-121.465,37.208],[-121.483,37.225],[-121.546,37.238],[-121.586,37.241],[-121.637,37.227],[-121.653,37.234],[-121.657,37.249],[-121.678,37.26],[-121.694,37.293],[-121.707,37.302],[-121.708,37.339],[-121.72,37.345],[-121.737,37.373],[-121.785,37.414],[-121.825,37.47],[-121.859,37.494],[-121.878,37.489],[-121.884,37.517],[-121.86,37.515],[-121.842,37.524],[-121.837,37.614],[-121.837,37.589],[-121.816,37.598],[-121.674,37.616],[-121.66,37.621],[-121.66,37.633],[-121.642,37.631],[-121.637,37.677],[-121.645,37.721],[-121.656,37.726],[-121.663,37.752],[-121.661,37.784],[-121.687,37.771],[-121.66,37.785],[-121.657,37.843],[-121.658,37.815],[-121.649,37.831],[-121.619,37.838],[-121.616,37.825],[-121.623,37.823],[-121.624,37.811],[-121.61,37.804],[-121.608,37.792],[-121.632,37.745],[-121.613,37.724],[-121.59,37.715],[-121.549,37.715],[-121.613,37.71],[-121.577,37.695],[-121.549,37.698],[-121.554,37.686],[-121.565,37.684],[-121.565,37.675],[-121.506,37.65],[-121.483,37.656],[-121.424,37.619],[-121.369,37.6],[-121.336,37.613],[-121.328,37.6],[-121.211,37.599],[-121.207,37.592],[-121.215,37.582],[-121.182,37.587],[-121.152,37.613],[-121.152,37.627],[-121.143,37.6],[-121.139,37.528],[-121.119,37.52],[-121.106,37.504],[-121.083,37.501],[-121.071,37.486],[-121.027,37.467],[-120.965,37.426],[-120.921,37.418],[-120.792,37.35],[-120.758,37.321],[-120.648,37.271],[-120.649,37.254],[-120.542,37.255],[-120.539,37.237],[-120.52,37.236],[-120.51,37.225],[-120.46,37.214],[-120.457,37.207],[-120.434,37.206],[-120.392,37.16],[-120.307,37.144],[-120.343,37.109],[-120.348,37.085],[-120.38,37.085],[-120.596,37.1],[-120.631,37.133],[-120.693,37.155],[-120.802,37.161],[-120.825,37.154],[-120.83,37.164],[-121.043,37.172],[-121.094,37.167],[-121.119,37.143],[-121.104,37.109],[-121.102,37.006],[-121.049,37.006],[-121.039,36.974],[-121.023,36.954],[-120.944,36.897],[-120.885,36.835],[-120.865,36.782],[-120.84,36.77],[-120.569,36.759],[-120.381,36.772],[-120.336,36.765],[-120.355,36.706],[-120.331,36.645],[-120.247,36.653],[-120.157,36.643],[-120.126,36.632],[-120.023,36.638],[-120.026,36.632],[-120,36.589],[-119.52,36.589],[-119.52,36.795],[-119.522,36.786],[-119.571,36.769],[-119.633,36.775],[-119.634,36.721],[-119.696,36.692],[-119.763,36.683],[-119.787,36.687],[-119.787,36.693],[-119.818,36.688],[-119.847,36.714],[-119.917,36.734],[-119.916,36.771],[-119.927,36.778],[-119.934,36.807],[-119.93,36.828],[-119.936,36.828],[-119.921,36.837],[-119.93,36.844],[-119.927,36.85],[-119.914,36.851],[-119.888,36.872],[-119.892,36.908],[-119.905,36.922],[-119.905,36.952],[-119.895,37.011],[-119.876,37.018],[-119.872,37.052],[-119.892,37.078],[-120.034,37.133],[-120.05,37.152],[-120.16,37.172],[-120.146,37.18],[-120.144,37.223],[-120.144,37.286],[-120.159,37.311],[-120.203,37.336],[-120.217,37.331],[-120.265,37.367],[-120.295,37.376],[-120.314,37.373],[-120.46,37.444],[-120.506,37.459],[-120.582,37.466],[-120.615,37.486],[-120.631,37.52],[-120.697,37.521],[-120.697,37.532],[-120.712,37.536],[-120.71,37.673],[-120.704,37.684],[-120.721,37.795],[-120.699,37.862],[-120.648,37.875],[-120.623,37.864],[-120.515,37.854],[-120.377,37.863],[-120.251,37.854],[-120.234,37.865],[-120.17,37.869],[-120.163,37.854],[-120.118,37.848],[-120.076,37.864],[-120.068,37.996],[-120.083,38.155],[-120.093,38.164],[-120.151,38.181],[-120.2,38.184],[-120.659,38.173],[-120.677,38.149],[-120.682,38.103],[-120.689,38.098],[-120.69,38.053],[-120.707,38.046],[-120.705,38.023],[-120.693,38.012],[-120.677,37.971],[-120.677,37.915],[-120.732,37.902],[-120.787,37.902],[-120.795,37.891],[-120.858,37.88],[-120.98,37.882],[-121.032,37.874],[-121.046,37.884],[-121.073,37.885],[-121.104,37.877],[-121.104,37.9],[-121.094,37.9],[-121.09,37.962],[-121.101,38.01],[-121.111,38.011],[-121.112,38.046],[-121.106,38.046],[-121.102,38.082],[-121.091,38.082],[-121.086,38.109],[-121.106,38.125],[-121.106,38.168],[-121.094,38.186],[-121.106,38.221],[-121.1,38.221],[-121.086,38.273],[-120.955,38.282],[-120.931,38.306],[-120.913,38.31],[-120.926,38.393],[-120.923,38.456],[-120.91,38.453],[-120.873,38.465],[-120.877,38.475],[-120.869,38.483],[-120.741,38.529],[-120.718,38.531],[-120.71,38.551],[-120.697,38.557],[-120.652,38.563],[-120.58,38.595],[-120.506,38.605],[-120.465,38.63],[-120.443,38.681],[-120.432,38.851],[-120.454,38.859],[-120.444,38.873],[-120.447,38.909],[-120.488,38.938],[-120.635,38.934],[-120.67,38.941],[-120.677,38.934],[-120.704,38.941],[-120.736,38.934],[-120.738,38.926],[-120.759,38.926],[-120.748,38.942],[-120.745,38.996],[-120.756,38.999],[-120.756,39.013],[-120.744,39.063],[-120.734,39.298],[-120.767,39.318],[-120.965,39.309],[-120.99,39.31],[-120.99,39.316],[-121.072,39.307],[-121.104,39.313],[-121.104,39.308],[-121.277,39.313],[-121.278,38.988],[-121.282,38.97],[-121.348,38.966],[-121.348,38.979],[-121.336,38.991],[-121.332,39.038],[-121.347,39.044],[-121.352,39.055],[-121.343,39.061],[-121.349,39.082],[-121.348,39.182],[-121.377,39.182],[-121.374,39.227],[-121.378,39.257],[-121.385,39.261],[-121.377,39.291],[-121.384,39.357],[-121.365,39.435],[-121.385,39.452],[-121.381,39.515],[-121.387,39.518],[-121.38,39.597],[-121.384,39.658],[-121.377,39.678],[-121.385,39.735],[-121.374,39.764],[-121.365,39.927],[-121.657,39.929],[-121.671,39.91],[-121.687,39.906],[-121.75,39.91],[-121.749,39.928],[-122.003,39.941],[-122.033,39.935],[-122.048,39.921],[-122.301,39.918],[-122.304,39.758],[-122.296,39.696],[-122.238,39.692],[-122.175,39.699],[-122.039,39.688],[-122.025,39.644],[-122.031,39.575],[-121.987,39.582],[-121.976,39.57],[-121.892,39.556],[-121.866,39.518],[-121.849,39.519],[-121.834,39.507],[-121.836,39.349],[-121.825,39.347],[-121.825,39.172],[-121.774,39.172],[-121.794,39.08],[-121.812,39.079],[-121.816,38.973],[-121.827,38.959],[-121.816,38.897],[-121.825,38.827],[-121.821,38.807],[-121.771,38.798],[-121.715,38.808],[-121.649,38.799],[-121.608,38.809],[-121.601,38.803],[-121.679,38.785],[-121.7,38.784],[-121.702,38.794],[-121.715,38.794],[-122.009,38.774],[-122.092,38.751],[-122.083,38.664],[-122.109,38.408],[-122.095,38.401],[-122.077,38.372],[-122.117,38.325],[-122.179,38.316],[-122.17,38.29],[-122.215,38.393],[-122.233,38.402],[-122.231,38.429],[-122.253,38.431],[-122.261,38.443],[-122.315,38.474],[-122.315,38.485],[-122.346,38.504],[-122.375,38.537],[-122.419,38.547],[-122.418,38.602],[-122.518,38.603],[-122.517,38.628],[-122.531,38.64],[-122.613,38.679],[-122.726,38.719],[-122.767,38.757],[-122.772,38.777],[-122.805,38.793],[-122.819,38.792],[-122.859,38.823],[-122.923,38.841],[-122.801,38.84],[-122.738,38.855],[-122.618,38.839],[-122.58,38.847],[-122.542,38.842],[-122.463,38.847],[-122.447,38.876],[-122.437,38.956],[-122.449,39.178],[-122.864,39.184],[-122.905,39.176],[-123.159,39.185],[-123.159,39.318],[-123.242,39.318],[-123.238,39.172],[-123.289,39.163],[-123.317,39.123],[-123.287,38.931],[-123.293,38.917],[-123.338,38.893],[-123.338,38.878]],[[-122.533,38.175],[-122.533,38.181],[-122.461,38.181],[-122.43,38.172],[-122.385,38.173],[-122.348,38.176],[-122.351,38.186],[-122.297,38.046],[-122.267,38.051],[-122.368,38.02],[-122.451,38.02],[-122.459,38.025],[-122.465,38.128],[-122.455,38.155],[-122.476,38.176],[-122.533,38.175]],[[-122.401,37.882],[-122.386,37.891],[-122.388,37.876],[-122.378,37.864],[-122.35502237521514,37.8483752151463],[-122.381,37.852],[-122.4,37.865],[-122.401,37.882]],[[-122.355,37.659],[-122.351,37.697],[-122.353,37.663],[-122.346,37.647],[-122.345,37.71],[-122.339,37.71],[-122.336,37.647],[-122.334,37.714],[-122.344,37.731],[-122.344,37.718],[-122.348,37.732],[-122.351,37.724],[-122.353,37.786],[-122.333,37.766],[-122.333,37.727],[-122.331,37.765],[-122.187,37.664],[-122.136,37.584],[-122.109,37.521],[-122.11642857142857,37.511714285714284],[-122.139,37.523],[-122.127,37.513],[-122.128,37.499],[-122.112,37.508],[-122.131,37.497],[-122.13,37.515],[-122.239,37.584],[-122.179,37.547],[-122.186,37.589],[-122.201,37.607],[-122.256,37.594],[-122.253,37.583],[-122.263,37.574],[-122.256,37.591],[-122.323,37.613],[-122.337,37.646],[-122.326,37.614],[-122.337,37.617],[-122.355,37.659]],[[-122.19,37.34],[-122.179,37.42],[-122.183,37.341],[-122.19,37.34]],[[-122.162,37.944],[-122.161,37.967],[-122.149,37.906],[-122.16,37.949],[-122.161,37.939],[-122.162,37.944]],[[-122.112,38.142],[-122.098,38.154],[-122.046,38.16],[-122.036,38.175],[-122,38.181],[-121.983,38.192],[-122,38.193],[-121.888,38.193],[-121.889,38.386],[-121.886,38.268],[-121.844,38.331],[-121.856,38.371],[-121.62,38.363],[-121.62,38.331],[-121.612,38.331],[-121.62,38.262],[-121.588,38.259],[-121.58,38.251],[-121.569,38.251],[-121.565,38.259],[-121.557,38.259],[-121.557,38.252],[-121.528,38.251],[-121.495,38.269],[-121.444,38.271],[-121.435,38.223],[-121.451,38.221],[-121.448,38.169],[-121.455,38.167],[-121.457,38.084],[-121.443,38.044],[-121.466,38.003],[-121.457,37.956],[-121.469,37.956],[-121.465,37.905],[-121.491,37.888],[-121.55394118257261,37.88899906639004],[-121.553,38.033],[-121.557,38.049],[-121.588,38.051],[-121.606,38.061],[-121.609,38.055],[-121.604,38.066],[-121.591,38.069],[-121.595,38.091],[-121.674,38.077],[-121.657,38.075],[-121.734,38.077],[-121.76,38.069],[-121.774,38.069],[-121.777,38.087],[-121.823,38.089],[-121.837,38.065],[-121.864,38.065],[-121.892,38.051],[-121.922,38.055],[-121.907,38.055],[-121.925,38.064],[-121.999,38.071],[-121.992,38.063],[-122,38.071],[-122.032,38.076],[-122.065,38.072],[-122.066,38.101],[-122.083,38.119],[-122.092,38.154],[-122.112,38.142]],[[-122.103,37.48],[-122.102,37.499],[-122.091,37.499],[-122.09,37.472],[-122.07,37.473],[-122.034,37.451],[-122.048,37.444],[-122.053,37.444],[-122.053,37.443],[-122.0485,37.44375],[-122.058,37.439],[-122.058,37.449],[-122.097,37.469],[-122.098,37.453],[-122.103,37.48]],[[-122.031,37.46],[-121.97315497661991,37.46099732798931],[-121.96,37.454],[-121.967,37.456],[-121.97,37.44],[-121.972,37.46],[-121.98213496932516,37.45909509202454],[-122.031,37.46]],[[-121.494,37.706],[-121.487,37.708],[-121.472,37.681],[-121.444,37.667],[-121.407,37.673],[-121.407,37.664],[-121.444,37.657],[-121.472,37.672],[-121.494,37.706]],[[-120.903,37.476],[-120.896,37.478],[-120.883,37.465],[-120.824,37.455],[-120.881,37.46],[-120.903,37.476]],[[-120.903,37.589],[-120.894,37.614],[-120.898,37.694],[-120.894,37.718],[-120.883,37.718],[-120.874,37.714],[-120.879,37.587],[-120.865,37.567],[-120.883,37.57],[-120.898,37.593],[-120.903,37.589]],[[-120.828,37.559],[-120.817,37.561],[-120.803,37.548],[-120.787,37.547],[-120.784,37.509],[-120.774,37.509],[-120.774,37.498],[-120.721,37.492],[-120.717,37.508],[-120.717,37.489],[-120.78,37.489],[-120.793,37.444],[-120.813,37.444],[-120.807,37.472],[-120.824,37.46],[-120.802,37.48],[-120.802,37.491],[-120.784,37.494],[-120.784,37.5],[-120.793,37.502],[-120.793,37.513],[-120.803,37.513],[-120.8,37.536],[-120.813,37.542],[-120.806,37.545],[-120.828,37.559]]]}},{"type":"Feature","properties":{},"geometry":{"type":"Polygon","coordinates":[[[-122.297,38.046],[-122.327,38.043],[-122.331,38.033],[-122.297,38.046]]]}},{"type":"Feature","properties":{},"geometry":{"type":"Polygon","coordinates":[[[-122.275,37.712],[-122.241,37.681],[-122.23,37.681],[-122.275,37.712]]]}},{"type":"Feature","properties":{},"geometry":{"type":"Polygon","coordinates":[[[-122.117,37.309],[-122.099,37.298],[-122.116,37.324],[-122.117,37.309]]]}},{"type":"Feature","properties":{},"geometry":{"type":"Polygon","coordinates":[[[-121.252,36.447],[-121.108,36.447],[-121.108,36.511],[-121.153,36.536],[-121.252,36.537],[-121.252,36.447]]]}},{"type":"Feature","properties":{},"geometry":{"type":"Polygon","coordinates":[[[-120.992,35.481],[-120.95,35.453],[-120.976,35.452],[-120.972,35.447],[-120.937,35.432],[-120.927,35.433],[-120.927,35.451],[-120.903,35.455],[-120.887,35.447],[-120.848,35.395],[-120.826,35.397],[-120.826,35.383],[-120.839,35.378],[-120.814,35.369],[-120.786,35.379],[-120.718,35.366],[-120.703,35.372],[-120.657,35.35],[-120.634,35.359],[-120.613,35.357],[-120.561,35.334],[-120.542,35.336],[-120.49,35.358],[-120.479,35.381],[-120.479,35.404],[-120.469,35.408],[-120.49,35.425],[-120.484,35.462],[-120.472,35.463],[-120.472,35.481],[-120.484,35.486],[-120.473,35.494],[-120.486,35.504],[-120.472,35.508],[-120.473,35.518],[-120.486,35.528],[-120.453,35.533],[-120.48,35.578],[-120.477,35.654],[-120.455,35.664],[-120.453,35.675],[-120.466,35.696],[-120.493,35.696],[-120.527,35.741],[-120.543,35.751],[-120.563,35.748],[-120.58,35.779],[-120.626,35.793],[-120.631,35.81],[-120.697,35.841],[-120.755,35.851],[-120.822,35.835],[-120.844,35.827],[-120.876,35.798],[-120.922,35.784],[-120.965,35.758],[-120.961,35.729],[-120.984,35.681],[-120.992,35.481]]]}},{"type":"Feature","properties":{},"geometry":{"type":"Polygon","coordinates":[[[-120.764,35.149],[-120.732,35.163],[-120.708,35.164],[-120.688,35.143],[-120.659,35.138],[-120.65,35.128],[-120.642,35.055],[-120.649,35.019],[-120.498,35.02],[-120.49,35.018],[-120.49,35.003],[-120.466,35],[-120.455,35.008],[-120.46,35.01],[-120.439,35.011],[-120.509,35.069],[-120.509,35.176],[-120.605,35.175],[-120.605,35.305],[-120.638,35.308],[-120.652,35.322],[-120.652,35.346],[-120.753,35.346],[-120.753,35.244],[-120.764,35.244],[-120.764,35.149]]]}},{"type":"Feature","properties":{},"geometry":{"type":"Polygon","coordinates":[[[-120.414,36.069],[-120.373,36.06],[-120.329,36.077],[-120.26,36.09],[-120.26,36.098],[-120.271,36.098],[-120.27,36.106],[-120.207,36.103],[-120.096,36.143],[-120.09,36.077],[-120.081,36.076],[-120.081,36.059],[-120.092,36.051],[-120.092,35.961],[-120.06,35.947],[-119.997,35.941],[-119.854,35.955],[-119.8,35.948],[-119.745,35.952],[-119.78,35.976],[-119.796,36.044],[-119.8,36.13],[-119.778,36.159],[-119.776,36.27],[-119.767,36.275],[-119.763,36.322],[-119.77,36.324],[-119.787,36.388],[-119.776,36.391],[-119.78,36.416],[-119.77,36.422],[-119.772,36.446],[-119.958,36.451],[-119.967,36.459],[-119.972,36.535],[-120.081,36.515],[-120.079,36.501],[-120.103,36.496],[-120.108,36.483],[-120.116,36.36],[-120.109,36.254],[-120.151,36.249],[-120.192,36.225],[-120.228,36.222],[-120.236,36.211],[-120.292,36.207],[-120.391,36.179],[-120.39,36.155],[-120.412,36.15],[-120.414,36.069]]]}},{"type":"Feature","properties":{},"geometry":{"type":"Polygon","coordinates":[[[-120.313,39.205],[-120.293,38.995],[-120.302,38.97],[-120.293,38.832],[-120.265,38.822],[-120.131,38.815],[-120.291,38.814],[-120.265,38.805],[-120.093,38.795],[-120.048,38.808],[-120.005,38.81],[-119.995,38.8],[-119.854,38.801],[-119.822,38.813],[-119.817,38.873],[-119.822,38.901],[-119.816,38.903],[-119.825,38.938],[-119.813,38.948],[-119.811,38.965],[-119.822,39.002],[-119.814,39.003],[-119.813,39.032],[-119.827,39.039],[-119.825,39.048],[-119.814,39.051],[-119.82,39.059],[-119.814,39.061],[-119.835,39.063],[-119.835,39.044],[-119.938,39.049],[-119.939,39.076],[-119.928,39.087],[-119.938,39.133],[-119.921,39.177],[-119.928,39.205],[-119.924,39.221],[-119.932,39.224],[-119.925,39.239],[-119.947,39.305],[-119.968,39.295],[-119.962,39.285],[-119.995,39.279],[-120.038,39.301],[-120.043,39.288],[-120.138,39.279],[-120.173,39.291],[-120.302,39.29],[-120.313,39.205]],[[-120.087,38.814],[-120.03,38.824],[-120.03,38.816],[-120.087,38.814]]]}},{"type":"Feature","properties":{},"geometry":{"type":"Polygon","coordinates":[[[-120.245,39.313],[-120.112,39.313],[-120.112,39.34],[-120.245,39.34],[-120.245,39.313]]]}},{"type":"Feature","properties":{},"geometry":{"type":"Polygon","coordinates":[[[-98.631,41.051],[-98.619,40.999],[-98.623,40.943],[-98.616,40.836],[-98.591,40.827],[-98.593,40.812],[-98.612,40.81],[-98.611,40.784],[-98.598,40.775],[-98.497,40.759],[-98.306,40.757],[-98.226,40.78],[-98.207,40.795],[-98.207,40.857],[-98.215,40.857],[-98.221,40.88],[-98.208,40.954],[-98.211,41.041],[-98.199,41.076],[-98.21,41.08],[-98.2,41.127],[-98.21,41.199],[-98.203,41.246],[-98.211,41.271],[-98.212,41.373],[-98.242,41.386],[-98.277,41.428],[-98.362,41.434],[-98.565,41.425],[-98.604,41.439],[-98.624,41.428],[-98.619,41.377],[-98.627,41.273],[-98.619,41.242],[-98.626,41.192],[-98.615,41.182],[-98.612,41.069],[-98.623,41.068],[-98.631,41.051]]]}},{"type":"Feature","properties":{},"geometry":{"type":"Polygon","coordinates":[[[-96.853,43.468],[-96.851,43.462],[-96.806,43.454],[-96.806,43.461],[-96.698,43.452],[-96.691,43.461],[-96.654,43.461],[-96.654,43.496],[-96.644,43.497],[-96.654,43.617],[-96.684,43.617],[-96.698,43.627],[-96.779,43.622],[-96.847,43.627],[-96.853,43.468]]]}},{"type":"Feature","properties":{},"geometry":{"type":"Polygon","coordinates":[[[-96.812,40.711],[-96.548,40.711],[-96.546,40.905],[-96.736,40.914],[-96.748,40.912],[-96.748,40.905],[-96.812,40.905],[-96.812,40.711]]]}},{"type":"Feature","properties":{},"geometry":{"type":"Polygon","coordinates":[[[-96.685,42.35],[-96.678,42.33],[-96.655,42.322],[-96.634,42.322],[-96.633,42.328],[-96.556,42.323],[-96.492,42.34],[-96.442,42.33],[-96.358,42.343],[-96.358,42.337],[-96.325,42.34],[-96.281,42.33],[-96.28,42.318],[-96.224,42.317],[-96.211,42.323],[-96.211,42.302],[-96.154,42.312],[-96.145,42.325],[-96.15,42.352],[-96.143,42.37],[-96.152,42.399],[-96.14,42.407],[-96.14,42.477],[-96.132,42.501],[-96.14,42.644],[-96.155,42.645],[-96.162,42.661],[-96.174,42.665],[-96.174,42.677],[-96.214,42.674],[-96.233,42.676],[-96.233,42.682],[-96.299,42.677],[-96.367,42.688],[-96.367,42.677],[-96.428,42.677],[-96.428,42.663],[-96.457,42.66],[-96.557,42.666],[-96.562,42.673],[-96.586,42.675],[-96.658,42.675],[-96.684,42.618],[-96.671,42.532],[-96.676,42.511],[-96.662,42.506],[-96.671,42.476],[-96.658,42.474],[-96.658,42.466],[-96.667,42.466],[-96.667,42.429],[-96.685,42.35]]]}},{"type":"Feature","properties":{},"geometry":{"type":"Polygon","coordinates":[[[-96.345,40.842],[-96.332,40.833],[-96.339,40.822],[-96.34,40.769],[-96.216,40.764],[-96.209,40.737],[-96.161,40.735],[-96.14,40.718],[-96.103,40.725],[-96.102,40.761],[-96.025,40.76],[-95.978,40.772],[-95.828,40.757],[-95.769,40.763],[-95.768,40.777],[-95.728,40.785],[-95.731,40.857],[-95.718,41.051],[-95.731,41.098],[-95.712,41.153],[-95.706,41.504],[-95.691,41.538],[-95.699,41.547],[-95.729,41.557],[-95.832,41.561],[-95.849,41.552],[-95.893,41.548],[-95.999,41.557],[-96.165,41.553],[-96.194,41.545],[-96.297,41.562],[-96.302,41.547],[-96.323,41.546],[-96.32,41.412],[-96.328,41.36],[-96.323,41.235],[-96.332,41.068],[-96.327,41.039],[-96.336,40.877],[-96.345,40.872],[-96.345,40.842]]]}},{"type":"Feature","properties":{},"geometry":{"type":"Polygon","coordinates":[[[-94.616,45.574],[-94.596,45.519],[-94.606,45.511],[-94.596,45.49],[-94.606,45.49],[-94.598,45.413],[-94.592,45.412],[-94.598,45.361],[-94.584,45.361],[-94.584,45.355],[-94.522,45.359],[-94.52,45.349],[-94.511,45.347],[-94.511,45.355],[-94.488,45.351],[-94.462,45.359],[-94.425,45.351],[-94.425,45.358],[-94.412,45.36],[-94.366,45.352],[-94.363,45.363],[-94.353,45.363],[-94.353,45.351],[-94.341,45.351],[-94.34,45.361],[-94.312,45.363],[-94.312,45.37],[-94.267,45.368],[-94.261,45.36],[-94.172,45.366],[-94.146,45.363],[-94.142,45.356],[-94.066,45.362],[-94.035,45.371],[-94.028,45.426],[-94.009,45.44],[-94.007,45.45],[-94.033,45.451],[-94.04,45.466],[-94.02,45.466],[-94.021,45.476],[-94.007,45.476],[-94.007,45.482],[-94.017,45.482],[-94.017,45.523],[-94.028,45.534],[-94.028,45.713],[-94.124,45.712],[-94.128,45.689],[-94.212,45.685],[-94.351,45.693],[-94.353,45.683],[-94.467,45.687],[-94.569,45.679],[-94.594,45.693],[-94.603,45.673],[-94.613,45.673],[-94.614,45.633],[-94.601,45.632],[-94.605,45.617],[-94.596,45.611],[-94.601,45.588],[-94.616,45.585],[-94.616,45.574]],[[-94.208,45.492],[-94.204,45.506],[-94.168,45.477],[-94.149,45.471],[-94.168,45.468],[-94.208,45.492]],[[-94.138,45.596],[-94.12,45.601],[-94.116,45.578],[-94.134,45.586],[-94.138,45.596]]]}},{"type":"Feature","properties":{},"geometry":{"type":"Polygon","coordinates":[[[-94.525,46.757],[-94.515,46.626],[-94.513,46.32],[-94.506,46.316],[-94.513,46.254],[-94.496,46.21],[-94.396,46.205],[-94.125,46.21],[-93.995,46.215],[-93.972,46.225],[-93.978,46.69],[-93.983,46.757],[-93.992,46.772],[-94.075,46.789],[-94.224,46.782],[-94.271,46.787],[-94.517,46.777],[-94.525,46.757]]]}},{"type":"Feature","properties":{},"geometry":{"type":"Polygon","coordinates":[[[-94.022,45.67],[-94.021,45.641],[-94.009,45.639],[-94.007,45.619],[-94.006,45.456],[-93.988,45.44],[-94.005,45.438],[-94.005,45.417],[-93.995,45.416],[-93.995,45.401],[-93.978,45.392],[-93.978,45.331],[-93.984,45.32],[-93.974,45.318],[-93.974,45.307],[-93.991,45.201],[-93.984,45.126],[-93.976,45.119],[-93.987,45.117],[-93.987,45.081],[-93.962,45.081],[-93.954,45.074],[-93.941,45.081],[-93.757,45.081],[-93.712,45.074],[-93.7,45.081],[-93.414,45.081],[-93.414,45.069],[-93.421,45.067],[-93.415,45.018],[-93.428,45.006],[-93.415,44.985],[-93.419,44.943],[-93.411,44.935],[-93.406,44.89],[-93.414,44.876],[-93.389,44.859],[-93.371,44.859],[-93.365,44.84],[-93.344,44.84],[-93.332,44.828],[-93.297,44.841],[-93.233,44.845],[-93.216,44.838],[-93.165,44.886],[-93.135,44.901],[-93.116,44.898],[-93.106,44.905],[-93.111,44.92],[-93.104,44.929],[-93.111,44.95],[-93.106,44.967],[-93.109,44.995],[-93.115,44.997],[-93.106,45.042],[-93.018,45.028],[-93.018,45.018],[-93.002,45.007],[-92.975,45.007],[-92.975,44.997],[-92.959,44.997],[-92.955,45.066],[-92.894,45.07],[-92.85,45.063],[-92.828,45.08],[-92.435,45.081],[-92.421,45.093],[-92.416,45.131],[-92.425,45.196],[-92.418,45.198],[-92.417,45.224],[-92.436,45.256],[-92.473,45.255],[-92.477,45.232],[-92.539,45.223],[-92.539,45.209],[-92.578,45.214],[-92.578,45.204],[-92.589,45.195],[-92.622,45.195],[-92.623,45.189],[-92.631,45.201],[-92.672,45.204],[-92.7,45.199],[-92.701,45.191],[-92.732,45.188],[-92.732,45.201],[-92.739,45.201],[-92.73,45.217],[-92.728,45.272],[-92.737,45.499],[-93.094,45.485],[-93.1,45.478],[-93.124,45.477],[-93.245,45.482],[-93.277,45.476],[-93.37,45.485],[-93.382,45.507],[-93.44,45.503],[-93.44,45.55],[-93.447,45.552],[-93.446,45.564],[-93.461,45.564],[-93.461,45.62],[-93.439,45.627],[-93.452,45.705],[-93.474,45.71],[-93.485,45.7],[-93.521,45.696],[-93.656,45.699],[-93.749,45.735],[-93.761,45.755],[-93.801,45.763],[-93.841,45.766],[-93.87,45.758],[-93.871,45.765],[-93.917,45.765],[-93.925,45.764],[-93.925,45.754],[-93.962,45.753],[-94.007,45.738],[-94.022,45.67]],[[-93.327,44.94],[-93.319,44.945],[-93.326,44.955],[-93.323,44.983],[-93.277,45.004],[-93.237,45.011],[-93.207,44.99],[-93.194,44.964],[-93.194,44.949],[-93.216,44.94],[-93.216,44.929],[-93.235,44.915],[-93.311,44.917],[-93.312,44.929],[-93.327,44.94]]]}},{"type":"Feature","properties":{},"geometry":{"type":"Polygon","coordinates":[[[-92.609,46.665],[-92.597,46.646],[-92.604,46.626],[-92.598,46.625],[-92.601,46.6],[-92.582,46.598],[-92.582,46.587],[-92.488,46.576],[-92.3,46.582],[-92.269,46.569],[-92.206,46.562],[-92.153,46.577],[-92.067,46.576],[-92.067,46.57],[-91.984,46.565],[-91.957,46.572],[-91.946,46.582],[-91.925,46.668],[-91.931,46.692],[-91.96,46.693],[-92.001,46.719],[-92.023,46.722],[-92.06,46.757],[-92.076,46.787],[-91.929,46.865],[-91.939,46.931],[-92.156,46.944],[-92.273,46.938],[-92.447,46.958],[-92.468,46.951],[-92.513,46.961],[-92.574,46.955],[-92.58,46.94],[-92.586,46.941],[-92.591,46.855],[-92.597,46.853],[-92.597,46.698],[-92.609,46.665]]]}},{"type":"Feature","properties":{},"geometry":{"type":"Polygon","coordinates":[[[-91.333,45.085],[-91.248,45.081],[-91.257,45.104],[-91.288,45.108],[-91.329,45.101],[-91.333,45.085]]]}},{"type":"Feature","properties":{},"geometry":{"type":"Polygon","coordinates":[[[-91.229,45.081],[-91.143,45.081],[-91.141,45.087],[-91.229,45.081]]]}},{"type":"Feature","properties":{},"geometry":{"type":"Polygon","coordinates":[[[-114.983,36.26],[-114.965,36.264],[-114.965,36.301],[-114.971,36.301],[-114.973,36.273],[-114.983,36.26]]]}},{"type":"Feature","properties":{},"geometry":{"type":"Polygon","coordinates":[[[-114.898,36.044],[-114.892,36.034],[-114.89,36.076],[-114.898,36.044]]]}},{"type":"Feature","properties":{},"geometry":{"type":"Polygon","coordinates":[[[-114.78,35.917],[-114.719,35.912],[-114.719,35.987],[-114.758,35.984],[-114.76,35.938],[-114.78,35.917]]]}},{"type":"Feature","properties":{},"geometry":{"type":"Polygon","coordinates":[[[-114.23,36.738],[-114.228,36.73],[-114.2,36.718],[-114.208,36.674],[-114.185,36.617],[-114.105,36.606],[-114.078,36.59],[-114.108,36.589],[-114.07,36.568],[-113.895,36.58],[-113.895,36.589],[-114.001,36.589],[-113.95,36.599],[-113.884,36.598],[-113.807,36.654],[-113.791,36.674],[-113.791,36.76],[-113.801,36.762],[-113.795,36.773],[-113.803,36.788],[-113.794,36.795],[-113.792,36.929],[-113.258,36.916],[-113.254,36.928],[-113.24,36.928],[-113.239,36.915],[-113.203,36.913],[-113.189,36.925],[-113.174,36.925],[-113.173,36.948],[-113.136,36.96],[-113.112,36.984],[-113.122,37.098],[-113.133,37.098],[-113.134,37.131],[-113.103,37.133],[-113.106,37.16],[-112.853,37.156],[-112.853,37.278],[-112.89,37.278],[-112.89,37.358],[-112.852,37.389],[-112.849,37.487],[-112.871,37.709],[-112.857,37.838],[-112.857,37.888],[-112.874,37.928],[-112.863,37.945],[-112.869,38.002],[-112.911,38.029],[-112.934,38.032],[-112.994,38.022],[-113.038,38.028],[-113.24,38.016],[-113.27,38.004],[-113.268,37.776],[-113.265,37.765],[-113.248,37.766],[-113.239,37.753],[-113.265,37.735],[-113.262,37.489],[-113.242,37.487],[-113.239,37.442],[-113.244,37.409],[-113.254,37.404],[-113.259,37.378],[-113.111,37.367],[-113.111,37.245],[-113.112,37.253],[-113.122,37.255],[-113.115,37.264],[-113.123,37.292],[-113.177,37.309],[-113.542,37.306],[-113.652,37.314],[-113.66,37.3],[-113.692,37.3],[-113.695,37.319],[-113.729,37.322],[-113.958,37.312],[-113.958,37.257],[-114.119,37.269],[-114.212,37.253],[-114.219,37.203],[-114.225,36.818],[-114.204,36.775],[-114.23,36.738]]]}},{"type":"Feature","properties":{},"geometry":{"type":"Polygon","coordinates":[[[-114.229,35.069],[-114.218,35.069],[-114.21,35.043],[-114.149,35.039],[-114.142,35.064],[-114.119,35.064],[-114.114,35.056],[-113.833,35.051],[-113.811,35.077],[-113.809,35.408],[-113.82,35.413],[-113.821,35.429],[-113.805,35.434],[-113.805,35.674],[-113.853,35.707],[-114.083,35.723],[-114.082,35.738],[-114.163,35.741],[-114.208,35.697],[-114.21,35.424],[-114.188,35.418],[-114.188,35.407],[-114.217,35.394],[-114.221,35.246],[-114.184,35.244],[-114.184,35.205],[-114.217,35.206],[-114.208,35.183],[-114.215,35.156],[-114.229,35.156],[-114.229,35.069]]]}},{"type":"Feature","properties":{},"geometry":{"type":"Polygon","coordinates":[[[-113.839,35.962],[-113.777,35.961],[-113.662,35.812],[-113.575,35.797],[-113.512,35.753],[-113.415,35.764],[-113.338,35.763],[-113.313,35.783],[-113.316,35.839],[-113.307,35.848],[-113.303,35.883],[-113.314,35.902],[-113.31,35.936],[-113.32,35.978],[-113.343,36.024],[-113.329,36.07],[-113.34,36.087],[-113.415,36.096],[-113.43,36.085],[-113.449,35.964],[-113.445,35.947],[-113.457,35.931],[-113.487,35.932],[-113.508,35.947],[-113.52,35.969],[-113.54,36.075],[-113.59,36.08],[-113.619,36.072],[-113.641,36.078],[-113.667,36.098],[-113.759,36.115],[-113.791,36.103],[-113.795,36.081],[-113.839,36.08],[-113.839,35.962]]]}},{"type":"Feature","properties":{},"geometry":{"type":"Polygon","coordinates":[[[-112.276,37.429],[-112.249,37.426],[-112.206,37.444],[-112.173,37.468],[-112.172,37.542],[-112.133,37.561],[-112.096,37.597],[-112.063,37.609],[-112.062,37.722],[-112.106,37.719],[-112.155,37.694],[-112.214,37.61],[-112.243,37.598],[-112.243,37.578],[-112.276,37.567],[-112.276,37.429]]]}},{"type":"Feature","properties":{},"geometry":{"type":"Polygon","coordinates":[[[-112.085,35.096],[-112.076,35.082],[-112,35.078],[-111.989,35.191],[-111.981,35.206],[-111.709,35.207],[-111.691,35.195],[-111.694,35.183],[-111.684,35.174],[-111.698,35.174],[-111.698,35.161],[-111.682,35.15],[-111.662,35.15],[-111.646,35.166],[-111.621,35.168],[-111.62,35.133],[-111.61,35.129],[-111.605,35.082],[-111.302,35.072],[-111.249,35.085],[-111.232,35.106],[-111.179,35.358],[-111.171,35.372],[-111.139,35.391],[-111.138,35.427],[-111.232,35.442],[-111.569,35.443],[-112.015,35.415],[-112.036,35.399],[-112.047,35.36],[-112.055,35.135],[-112.073,35.126],[-112.085,35.096]]]}},{"type":"Feature","properties":{},"geometry":{"type":"Polygon","coordinates":[[[-111.798,39.917],[-111.796,39.91],[-111.768,39.903],[-111.743,39.915],[-111.713,39.885],[-111.654,39.877],[-111.643,39.861],[-111.576,39.874],[-111.563,39.858],[-111.548,39.861],[-111.547,39.895],[-111.535,39.899],[-111.53,39.911],[-111.725,39.914],[-111.72,40.016],[-111.761,39.997],[-111.768,39.978],[-111.783,39.968],[-111.776,39.963],[-111.78,39.938],[-111.798,39.933],[-111.798,39.917]]]}},{"type":"Feature","properties":{},"geometry":{"type":"Polygon","coordinates":[[[-111.572,36.857],[-111.57,36.833],[-111.539,36.833],[-111.514,36.844],[-111.511,36.875],[-111.46,36.875],[-111.429,36.886],[-111.429,36.976],[-111.482,36.977],[-111.482,36.967],[-111.524,36.949],[-111.524,36.905],[-111.572,36.905],[-111.572,36.857]]]}},{"type":"Feature","properties":{},"geometry":{"type":"Polygon","coordinates":[[[-111.371,38.315],[-111.355,38.29],[-111.279,38.287],[-111.27,38.244],[-111.138,38.242],[-111.138,38.276],[-111.16,38.314],[-111.161,38.34],[-111.368,38.338],[-111.371,38.315]]]}},{"type":"Feature","properties":{},"geometry":{"type":"Polygon","coordinates":[[[-110.181,36.91],[-110.179,36.866],[-109.986,36.866],[-109.986,36.921],[-110.047,36.964],[-110.047,37.063],[-110.181,37.063],[-110.181,36.91]]]}},{"type":"Feature","properties":{},"geometry":{"type":"Polygon","coordinates":[[[-80.008,36.084],[-79.996,36.03],[-79.95,36.034],[-79.915,36.028],[-79.917,36.002],[-79.924,35.998],[-79.908,35.991],[-79.895,35.996],[-79.814,35.991],[-79.814,35.997],[-79.792,35.997],[-79.717,36.02],[-79.722,36.001],[-79.758,36.004],[-79.774,35.979],[-79.766,35.814],[-79.77,35.716],[-79.762,35.684],[-79.769,35.67],[-79.769,35.596],[-79.643,35.584],[-79.457,35.581],[-79.362,35.593],[-79.354,35.605],[-79.328,35.606],[-79.317,35.703],[-79.323,35.757],[-79.316,35.759],[-79.32,35.924],[-79.314,35.948],[-79.325,36.044],[-79.324,36.12],[-79.573,36.119],[-79.569,36.056],[-79.621,36.048],[-79.625,36.054],[-79.654,36.054],[-79.67,36.031],[-79.684,36.029],[-79.707,36.029],[-79.704,36.142],[-79.746,36.141],[-79.77,36.132],[-79.783,36.139],[-79.813,36.133],[-79.824,36.139],[-80,36.138],[-80.005,36.136],[-79.998,36.11],[-80.008,36.084]]]}},{"type":"Feature","properties":{},"geometry":{"type":"Polygon","coordinates":[[[-80,39.63],[-79.986,39.609],[-79.974,39.612],[-79.967,39.597],[-79.932,39.599],[-79.921,39.608],[-79.927,39.626],[-79.919,39.63],[-79.926,39.64],[-79.921,39.681],[-79.954,39.692],[-79.983,39.683],[-80,39.667],[-79.991,39.644],[-80,39.63]]]}},{"type":"Feature","properties":{},"geometry":{"type":"Polygon","coordinates":[[[-79.963,36.72],[-79.957,36.701],[-79.941,36.687],[-79.937,36.665],[-79.873,36.578],[-79.865,36.549],[-79.832,36.517],[-79.806,36.461],[-79.807,36.444],[-79.795,36.422],[-79.781,36.414],[-79.779,36.39],[-79.758,36.375],[-79.757,36.36],[-79.728,36.307],[-79.717,36.303],[-79.703,36.262],[-79.652,36.263],[-79.647,36.256],[-79.612,36.261],[-79.619,36.276],[-79.608,36.31],[-79.622,36.369],[-79.47,36.36],[-79.312,36.366],[-79.291,36.376],[-79.281,36.444],[-79.281,36.599],[-79.27,36.621],[-79.266,36.659],[-79.266,36.665],[-79.28,36.665],[-79.279,36.9],[-79.286,36.965],[-79.339,36.958],[-79.699,36.963],[-79.687,36.496],[-79.699,36.513],[-79.7,36.543],[-79.711,36.565],[-79.724,36.565],[-79.72,36.573],[-79.74,36.606],[-79.766,36.634],[-79.774,36.63],[-79.774,36.642],[-79.788,36.66],[-79.798,36.657],[-79.813,36.684],[-79.832,36.696],[-79.838,36.721],[-79.849,36.723],[-79.862,36.745],[-79.882,36.752],[-79.899,36.774],[-79.934,36.772],[-79.958,36.759],[-79.954,36.732],[-79.963,36.72]],[[-79.525,36.566],[-79.525,36.581],[-79.509,36.581],[-79.509,36.566],[-79.525,36.566]]]}},{"type":"Feature","properties":{},"geometry":{"type":"Polygon","coordinates":[[[-79.939,37.208],[-79.932,37.208],[-79.932,37.225],[-79.939,37.225],[-79.939,37.208]]]}},{"type":"Feature","properties":{},"geometry":{"type":"Polygon","coordinates":[[[-79.908,37.334],[-79.901,37.333],[-79.895,37.369],[-79.901,37.369],[-79.908,37.334]]]}},{"type":"Feature","properties":{},"geometry":{"type":"Polygon","coordinates":[[[-79.879,37.196],[-79.834,37.196],[-79.834,37.371],[-79.876,37.37],[-79.879,37.196]]]}},{"type":"Feature","properties":{},"geometry":{"type":"Polygon","coordinates":[[[-79.836,40.015],[-79.827,40.002],[-79.827,39.984],[-79.834,39.979],[-79.82,39.912],[-79.829,39.886],[-79.82,39.84],[-79.827,39.809],[-79.816,39.697],[-79.733,39.676],[-79.718,39.684],[-79.595,39.677],[-79.566,39.685],[-79.508,39.681],[-79.492,39.687],[-79.468,39.679],[-79.453,39.685],[-79.439,39.738],[-79.449,39.743],[-79.442,39.815],[-79.453,39.866],[-79.444,39.92],[-79.453,40.002],[-79.445,40.032],[-79.453,40.078],[-79.449,40.194],[-79.498,40.19],[-79.567,40.197],[-79.584,40.19],[-79.621,40.199],[-79.746,40.199],[-79.753,40.195],[-79.753,40.18],[-79.762,40.18],[-79.766,40.107],[-79.783,40.103],[-79.798,40.07],[-79.828,40.068],[-79.836,40.015]]]}},{"type":"Feature","properties":{},"geometry":{"type":"Polygon","coordinates":[[[-79.527,35.078],[-79.486,35.076],[-79.485,35.063],[-79.409,35.06],[-79.408,35.142],[-79.362,35.188],[-79.356,35.27],[-79.482,35.277],[-79.482,35.257],[-79.525,35.257],[-79.527,35.078]]]}},{"type":"Feature","properties":{},"geometry":{"type":"Polygon","coordinates":[[[-79.314,37.276],[-78.993,37.276],[-78.993,37.449],[-79.314,37.448],[-79.314,37.276]]]}},{"type":"Feature","properties":{},"geometry":{"type":"Polygon","coordinates":[[[-79.257,35.039],[-79.255,34.964],[-79.247,34.953],[-79.114,34.95],[-79.111,34.941],[-79.091,34.938],[-79.089,34.896],[-78.904,34.889],[-78.81,34.896],[-78.802,34.91],[-78.801,34.997],[-78.801,34.951],[-78.769,34.946],[-78.739,34.966],[-78.739,35.122],[-78.76,35.121],[-78.78,35.135],[-78.826,35.145],[-78.831,35.175],[-78.863,35.174],[-78.919,35.199],[-78.923,35.329],[-79.014,35.333],[-79.008,35.242],[-79.023,35.223],[-79.07,35.218],[-79.078,35.079],[-79.102,35.068],[-79.191,35.067],[-79.198,35.051],[-79.253,35.049],[-79.257,35.039]]]}},{"type":"Feature","properties":{},"geometry":{"type":"Polygon","coordinates":[[[-79.235,35.639],[-79.156,35.619],[-79.066,35.631],[-79.056,35.616],[-79.037,35.612],[-78.974,35.619],[-78.966,35.637],[-78.957,35.63914285714286],[-78.957,35.609],[-78.933,35.608],[-78.935,35.545],[-78.927,35.527],[-78.915,35.523],[-78.869,35.521],[-78.857,35.53],[-78.755,35.55],[-78.745,35.543],[-78.635,35.538],[-78.615,35.53],[-78.614,35.521],[-78.511,35.511],[-78.499,35.506],[-78.506,35.505],[-78.507,35.31],[-78.482,35.307],[-78.464,35.294],[-78.436,35.301],[-78.419,35.288],[-78.376,35.284],[-78.372,35.276],[-78.309,35.255],[-78.284,35.251],[-78.246,35.266],[-78.23,35.29],[-78.205,35.305],[-78.199,35.327],[-78.198,35.53],[-78.205,35.561],[-78.195,35.725],[-78.202,35.868],[-78.197,35.95],[-78.219,35.99],[-78.194,36.052],[-78.205,36.232],[-78.238,36.255],[-78.352,36.242],[-78.344,36.349],[-78.352,36.38],[-78.633,36.38],[-78.644,36.348],[-78.644,36.321],[-78.636,36.308],[-78.643,36.279],[-78.643,36.175],[-78.644,36.181],[-78.662,36.182],[-78.879,36.183],[-78.882,36.092],[-78.894,36.092],[-78.89,36.146],[-78.898,36.228],[-78.94,36.228],[-78.95,36.249],[-79.019,36.25],[-79.019,36.256],[-79.053,36.261],[-79.055,36.251],[-79.07,36.251],[-79.075,36.263],[-79.082,36.262],[-79.085,36.231],[-79.096,36.254],[-79.115,36.253],[-79.154,36.268],[-79.176,36.266],[-79.178,36.273],[-79.199,36.272],[-79.203,36.281],[-79.211,36.28],[-79.211,36.271],[-79.224,36.27],[-79.227,36.258],[-79.222,36.256],[-79.231,36.112],[-79.224,36.08],[-79.227,35.793],[-79.228,35.768],[-79.235,35.765],[-79.228,35.758],[-79.232,35.705],[-79.221,35.691],[-79.231,35.683],[-79.235,35.639]]]}},{"type":"Feature","properties":{},"geometry":{"type":"Polygon","coordinates":[[[-79.161,38.033],[-79.155,38],[-78.972,38],[-78.972,38.021],[-78.931,38.021],[-78.931,38.056],[-78.882,38.052],[-78.883,38.063],[-78.839,38.064],[-78.839,38.132],[-78.773,38.125],[-78.739,38.146],[-78.739,38.137],[-78.706,38.148],[-78.684,38.185],[-78.677,38.247],[-78.684,38.305],[-78.692,38.327],[-78.709,38.338],[-78.706,38.359],[-78.713,38.379],[-78.705,38.402],[-78.714,38.411],[-78.702,38.419],[-78.688,38.521],[-78.697,38.53],[-78.706,38.574],[-78.694,38.598],[-78.717,38.607],[-78.719,38.639],[-78.713,38.643],[-78.72,38.674],[-78.706,38.689],[-78.714,38.703],[-78.709,38.724],[-78.717,38.728],[-78.714,38.753],[-78.725,38.765],[-78.739,38.772],[-78.739,38.757],[-78.773,38.775],[-78.773,38.792],[-78.815,38.79],[-78.824,38.8],[-78.927,38.809],[-78.941,38.808],[-78.952,38.796],[-79.048,38.802],[-79.106,38.781],[-79.125,38.754],[-79.135,38.754],[-79.125,38.479],[-79.11,38.45],[-79.122,38.422],[-79.124,38.386],[-79.102,38.348],[-79.111,38.338],[-79.107,38.283],[-79.124,38.274],[-79.124,38.263],[-79.115,38.261],[-79.117,38.24],[-79.107,38.209],[-79.113,38.159],[-79.103,38.154],[-79.107,38.039],[-79.161,38.033]]]}},{"type":"Feature","properties":{},"geometry":{"type":"Polygon","coordinates":[[[-78.897,39.463],[-78.891,39.438],[-78.89,39.263],[-78.886,39.227],[-78.868,39.192],[-78.782,39.18],[-78.603,39.182],[-78.614,39.098],[-78.6,39.055],[-78.61,38.953],[-78.596,38.876],[-78.602,38.825],[-78.595,38.798],[-78.599,38.716],[-78.611,38.699],[-78.607,38.664],[-78.581,38.643],[-78.56,38.638],[-78.408,38.659],[-78.371,38.639],[-78.254,38.632],[-78.236,38.639],[-78.22,38.684],[-78.213,38.804],[-78.214,38.889],[-78.227,38.921],[-78.221,38.944],[-78.223,39.029],[-78.089,39.03],[-78.087,39.238],[-78.102,39.246],[-78.087,39.264],[-78.227,39.264],[-78.227,39.251],[-78.241,39.258],[-78.247,39.272],[-78.267,39.268],[-78.295,39.278],[-78.344,39.281],[-78.352,39.269],[-78.423,39.257],[-78.474,39.275],[-78.506,39.276],[-78.499,39.544],[-78.501,39.565],[-78.522,39.574],[-78.51,39.581],[-78.504,39.603],[-78.497,39.767],[-78.512,39.776],[-78.821,39.776],[-78.89,39.762],[-78.897,39.681],[-78.887,39.646],[-78.897,39.463]]]}},{"type":"Feature","properties":{},"geometry":{"type":"Polygon","coordinates":[[[-78.685,35.239],[-78.539,35.239],[-78.54,35.399],[-78.685,35.399],[-78.685,35.239]]]}},{"type":"Feature","properties":{},"geometry":{"type":"Polygon","coordinates":[[[-78.577,38.066],[-78.576,37.98],[-78.393,37.98],[-78.393,38.137],[-78.576,38.136],[-78.577,38.066]]]}},{"type":"Feature","properties":{},"geometry":{"type":"Polygon","coordinates":[[[-78.291,36.654],[-78.289,36.587],[-78.271,36.584],[-78.26,36.545],[-78.273,36.462],[-78.267,36.448],[-78.272,36.407],[-78.26,36.39],[-78.227,36.378],[-78.117,36.384],[-77.805,36.376],[-77.721,36.385],[-77.677,36.375],[-77.625,36.385],[-77.573,36.378],[-77.529,36.385],[-77.526,36.409],[-77.511,36.41],[-77.503,36.479],[-77.513,36.538],[-77.509,36.597],[-77.5,36.603],[-77.487,36.653],[-77.535,36.694],[-77.559,36.692],[-77.588,36.701],[-77.624,36.693],[-77.845,36.7],[-77.984,36.693],[-78.018,36.7],[-78.089,36.689],[-78.122,36.706],[-78.135,36.701],[-78.175,36.707],[-78.21,36.693],[-78.272,36.693],[-78.268,36.679],[-78.291,36.654]]]}},{"type":"Feature","properties":{},"geometry":{"type":"Polygon","coordinates":[[[-78.205,37.287],[-78.199,37.286],[-78.203,37.249],[-78.197,37.245],[-78.194,37.175],[-78.18,37.161],[-78.154,37.155],[-78.107,37.16],[-78.077,37.15],[-78.011,37.161],[-77.943,37.155],[-77.705,37.161],[-77.704,37.155],[-77.612,37.148],[-77.52,37.16],[-77.51,37.15],[-77.492,37.15],[-77.484,37.158],[-77.44,37.159],[-77.441,37.171],[-77.297,37.171],[-77.305,37.141],[-77.297,37.134],[-77.292,37.099],[-77.282,37.095],[-77.265,37.101],[-77.228,37.087],[-77.216,37.095],[-77.175,37.098],[-77.161,37.092],[-77.136,37.099],[-77.087,37.087],[-77.057,37.103],[-77.039,37.104],[-77.016,37.095],[-76.958,37.094],[-76.954,37.073],[-76.882,37.073],[-76.882,37.109],[-76.866,37.099],[-76.863,37.086],[-76.759,37.074],[-76.748,37.048],[-76.724,37.029],[-76.718,37.003],[-76.729,36.975],[-76.715,36.951],[-76.671,36.949],[-76.617,36.963],[-76.584,36.952],[-76.536,36.955],[-76.528,36.973],[-76.507,36.959],[-76.459,36.961],[-76.452,36.949],[-76.41,36.947],[-76.354,36.973],[-76.339,36.973],[-76.339,36.951],[-76.348,36.941],[-76.385,36.941],[-76.418,36.928],[-76.461,36.925],[-76.461,36.91],[-76.494,36.925],[-76.51,36.916],[-76.518,36.906],[-76.518,36.861],[-76.528,36.851],[-76.637,36.846],[-76.632,36.825],[-76.65,36.814],[-76.654,36.765],[-76.661,36.765],[-76.661,36.756],[-76.674,36.756],[-76.667,36.686],[-76.653,36.686],[-76.646,36.641],[-76.653,36.638],[-76.658,36.55],[-76.658,36.357],[-76.65,36.305],[-76.653,36.25],[-76.646,36.233],[-76.653,36.21],[-76.609,36.212],[-76.565,36.201],[-76.544,36.208],[-76.524,36.2],[-76.491,36.21],[-76.369,36.196],[-76.308,36.213],[-76.311,36.242],[-76.289,36.244],[-76.286,36.318],[-76.293,36.335],[-76.281,36.452],[-76.274,36.464],[-76.275,36.545],[-76.278,36.564],[-76.29,36.566],[-76.29,36.62],[-76.19,36.629],[-76.19,36.656],[-76.176,36.656],[-76.176,36.673],[-76.168,36.673],[-76.163,36.688],[-75.911,36.688],[-75.988,36.93],[-76.043,36.941],[-76.061,36.927],[-76.094,36.925],[-76.112,36.93],[-76.111,36.941],[-76.134,36.941],[-76.135,36.935],[-76.15,36.936],[-76.15,36.925],[-76.16,36.938],[-76.214,36.947],[-76.253,36.973],[-76.288,36.978],[-76.295,36.996],[-76.273,37.073],[-76.273,37.056],[-76.26,37.092],[-76.27,37.104],[-76.275,37.096],[-76.273,37.109],[-76.282,37.124],[-76.323,37.127],[-76.284,37.125],[-76.286,37.134],[-76.323,37.154],[-76.329,37.173],[-76.355,37.18],[-76.381,37.169],[-76.387,37.206],[-76.378,37.218],[-76.378,37.236],[-76.441,37.237],[-76.457,37.228],[-76.49,37.236],[-76.358,37.258],[-76.344,37.266],[-76.345,37.28],[-76.373,37.29],[-76.378,37.306],[-76.399,37.314],[-76.433,37.312],[-76.444,37.3],[-76.479,37.3],[-76.495,37.314],[-76.547,37.31],[-76.566,37.34],[-76.586,37.348],[-76.583,37.388],[-76.595,37.417],[-76.658,37.461],[-76.669,37.491],[-76.687,37.494],[-76.7,37.511],[-76.712,37.513],[-76.724,37.546],[-76.757,37.559],[-76.799,37.557],[-76.834,37.567],[-76.829,37.703],[-76.837,37.726],[-76.933,37.737],[-77.051,37.728],[-77.087,37.735],[-77.1,37.727],[-77.183,37.717],[-77.183,37.761],[-77.193,37.778],[-77.179,37.861],[-77.187,37.918],[-77.197,37.929],[-77.191,38.078],[-77.198,38.09],[-77.172,38.17],[-77.179,38.185],[-77.246,38.204],[-77.285,38.194],[-77.322,38.203],[-77.449,38.205],[-77.449,38.198],[-77.471,38.206],[-77.509,38.198],[-77.521,38.204],[-77.57,38.198],[-77.577,38.204],[-77.594,38.198],[-77.883,38.204],[-77.91,38.197],[-77.923,38.209],[-77.956,38.208],[-77.967,38.143],[-77.958,38.122],[-77.966,38.101],[-77.96,38.066],[-77.944,38.047],[-77.955,38.039],[-77.964,37.977],[-77.959,37.958],[-77.969,37.926],[-77.959,37.919],[-77.967,37.866],[-77.955,37.837],[-77.963,37.797],[-77.94,37.712],[-77.94,37.662],[-77.936,37.655],[-77.688,37.652],[-77.687,37.629],[-77.72,37.629],[-77.72,37.467],[-77.753,37.475],[-77.763,37.463],[-77.778,37.465],[-77.776,37.472],[-77.943,37.467],[-77.98,37.474],[-78.006,37.467],[-78.014,37.472],[-78.158,37.465],[-78.183,37.452],[-78.18,37.369],[-78.194,37.363],[-78.197,37.351],[-78.187,37.33],[-78.195,37.323],[-78.192,37.304],[-78.205,37.287]],[[-77.333,37.657],[-77.333,37.669],[-77.304,37.668],[-77.3,37.653],[-77.333,37.657]],[[-77.327,37.437],[-77.293,37.467],[-77.318,37.433],[-77.327,37.437]]]}},{"type":"Feature","properties":{},"geometry":{"type":"Polygon","coordinates":[[[-78.047,39.294],[-77.966,39.303],[-77.967,39.353],[-77.893,39.353],[-77.893,39.501],[-77.932,39.5],[-77.929,39.569],[-77.937,39.568],[-77.937,39.521],[-77.974,39.521],[-77.974,39.511],[-77.981,39.509],[-78.047,39.51],[-78.047,39.294]]]}},{"type":"Feature","properties":{},"geometry":{"type":"Polygon","coordinates":[[[-78.03,35.266],[-77.879,35.264],[-77.879,35.469],[-78.03,35.469],[-78.03,35.266]]]}},{"type":"Feature","properties":{},"geometry":{"type":"Polygon","coordinates":[[[-77.989,35.639],[-77.846,35.641],[-77.846,35.845],[-77.73,35.845],[-77.73,36.048],[-77.903,36.048],[-77.903,35.845],[-77.871,35.845],[-77.871,35.827],[-77.989,35.827],[-77.989,35.639]]]}},{"type":"Feature","properties":{},"geometry":{"type":"Polygon","coordinates":[[[-77.934,38.974],[-77.927,38.663],[-77.805,38.65],[-77.684,38.658],[-77.643,38.642],[-77.605,38.647],[-77.596,38.618],[-77.558,38.63],[-77.562,38.684],[-77.537,38.684],[-77.533,38.672],[-77.517,38.672],[-77.515,38.613],[-77.445,38.612],[-77.454,38.612],[-77.445,38.593],[-77.411,38.563],[-77.412,38.548],[-77.429,38.547],[-77.437,38.536],[-77.584,38.534],[-77.584,38.4],[-77.463,38.4],[-77.445,38.39],[-77.445,38.4],[-77.362,38.402],[-77.352,38.408],[-77.346,38.464],[-77.329,38.473],[-77.33,38.483],[-76.911,38.482],[-76.891,38.532],[-76.796,38.533],[-76.794,38.584],[-76.808,38.584],[-76.812,38.601],[-76.829,38.603],[-76.829,38.625],[-76.665,38.623],[-76.649,38.614],[-76.631,38.581],[-76.58,38.577],[-76.512,38.584],[-76.503,38.589],[-76.503,38.606],[-76.524,38.65],[-76.524,38.668],[-76.503,38.62],[-76.503,38.64],[-76.518,38.705],[-76.528,38.721],[-76.544,38.725],[-76.544,38.742],[-76.487,38.802],[-76.483,38.813],[-76.494,38.814],[-76.481,38.847],[-76.495,38.869],[-76.479,38.887],[-76.455,38.897],[-76.448,38.93],[-76.406,38.942],[-76.371,38.941],[-76.385,38.835],[-76.356,38.832],[-76.352,38.844],[-76.332,38.846],[-76.319,38.858],[-76.314,38.876],[-76.295,38.892],[-76.253,38.904],[-76.24,38.921],[-76.222,38.921],[-76.219,38.93],[-76.172,38.941],[-76.172,38.996],[-76.27,39.002],[-76.284,39.015],[-76.29,39.036],[-76.311,39.047],[-76.299,39.044],[-76.325,39.054],[-76.398,39.053],[-76.414,39.069],[-76.424,39.146],[-76.441,39.172],[-76.407,39.197],[-76.403,39.214],[-76.344,39.241],[-76.34,39.261],[-76.356,39.279],[-76.343,39.301],[-76.325,39.303],[-76.319,39.319],[-76.319,39.344],[-76.333,39.373],[-76.356,39.381],[-76.369,39.403],[-76.319,39.404],[-76.304,39.39],[-76.289,39.388],[-76.278,39.394],[-76.284,39.405],[-76.248,39.434],[-76.175,39.42],[-76.153,39.423],[-76.148,39.437],[-76.122,39.451],[-76.076,39.449],[-76.064,39.513],[-76.078,39.561],[-76.073,39.569],[-76.12,39.606],[-76.13,39.591],[-76.152,39.586],[-76.153,39.575],[-76.207,39.577],[-76.264,39.556],[-76.286,39.555],[-76.29,39.572],[-76.297,39.566],[-76.328,39.588],[-76.344,39.574],[-76.395,39.576],[-76.399,39.56],[-76.391,39.528],[-76.403,39.509],[-76.387,39.482],[-76.369,39.466],[-76.355,39.464],[-76.348,39.441],[-76.329,39.423],[-76.365,39.421],[-76.374,39.428],[-76.367,39.431],[-76.367,39.463],[-76.503,39.464],[-76.521,39.475],[-76.525,39.562],[-76.582,39.568],[-76.654,39.562],[-76.917,39.564],[-76.933,39.588],[-76.937,39.624],[-77.075,39.623],[-77.075,39.519],[-77.042,39.515],[-77.028,39.501],[-77.029,39.379],[-77.044,39.374],[-77.033,39.357],[-77.079,39.375],[-77.123,39.381],[-77.134,39.371],[-77.125,39.367],[-77.146,39.361],[-77.147,39.381],[-77.191,39.38],[-77.22,39.39],[-77.22,39.434],[-77.275,39.44],[-77.279,39.449],[-77.296,39.453],[-77.296,39.576],[-77.33,39.578],[-77.338,39.575],[-77.34,39.527],[-77.355,39.524],[-77.357,39.516],[-77.392,39.515],[-77.397,39.501],[-77.412,39.498],[-77.419,39.487],[-77.484,39.484],[-77.498,39.464],[-77.506,39.464],[-77.504,39.482],[-77.513,39.485],[-77.561,39.489],[-77.576,39.48],[-77.573,39.318],[-77.345,39.309],[-77.333,39.299],[-77.327,39.271],[-77.327,39.239],[-77.338,39.227],[-77.357,39.212],[-77.492,39.21],[-77.5,39.191],[-77.525,39.176],[-77.568,39.176],[-77.561,39.177],[-77.558,39.269],[-77.587,39.276],[-77.596,39.295],[-77.676,39.291],[-77.734,39.297],[-77.801,39.29],[-77.805,39.284],[-77.835,39.293],[-77.857,39.281],[-77.879,39.285],[-77.918,39.273],[-77.93,39.228],[-77.934,38.974]],[[-77.85,38.766],[-77.85,38.781],[-77.838,38.789],[-77.705,38.794],[-77.705,38.782],[-77.838,38.776],[-77.85,38.766]],[[-77.333,38.731],[-77.333,38.743],[-77.263,38.738],[-77.226,38.747],[-77.209,38.733],[-77.333,38.731]]]}},{"type":"Feature","properties":{},"geometry":{"type":"Polygon","coordinates":[[[-77.834,39.574],[-77.827,39.564],[-77.72,39.556],[-77.643,39.562],[-77.643,39.665],[-77.478,39.658],[-77.481,39.719],[-77.451,39.994],[-77.463,40.062],[-77.454,40.077],[-77.459,40.086],[-77.587,40.091],[-77.612,40.072],[-77.631,40.043],[-77.662,40.03],[-77.712,39.989],[-77.721,39.964],[-77.734,39.957],[-77.739,39.893],[-77.756,39.877],[-77.758,39.851],[-77.767,39.849],[-77.764,39.803],[-77.772,39.749],[-77.831,39.75],[-77.827,39.612],[-77.834,39.603],[-77.834,39.574]]]}},{"type":"Feature","properties":{},"geometry":{"type":"Polygon","coordinates":[[[-77.8,35.112],[-77.791,35.109],[-77.789,35.091],[-77.772,35.087],[-77.767,35.066],[-77.758,35.064],[-77.68,35.06],[-77.666,35.084],[-77.655,35.084],[-77.642,35.06],[-77.588,35.064],[-77.587,35.072],[-77.577,35.074],[-77.526,35.072],[-77.487,35.06],[-77.477,35.067],[-77.455,35.066],[-77.444,35.047],[-77.429,35.047],[-77.422,35.422],[-77.441,35.426],[-77.46,35.524],[-77.462,35.655],[-77.498,35.664],[-77.5,35.69],[-77.513,35.687],[-77.514,35.694],[-77.55,35.705],[-77.57,35.699],[-77.609,35.703],[-77.614,35.72],[-77.654,35.714],[-77.66,35.723],[-77.691,35.726],[-77.742,35.705],[-77.782,35.699],[-77.793,35.601],[-77.787,35.521],[-77.797,35.402],[-77.789,35.368],[-77.793,35.302],[-77.786,35.25],[-77.796,35.196],[-77.789,35.126],[-77.8,35.112]]]}},{"type":"Feature","properties":{},"geometry":{"type":"Polygon","coordinates":[[[-77.419,35.499],[-77.286,35.499],[-77.286,35.7],[-77.418,35.7],[-77.419,35.499]]]}},{"type":"Feature","properties":{},"geometry":{"type":"Polygon","coordinates":[[[-77.307,39.842],[-77.304,39.796],[-77.117,39.799],[-77.119,39.85],[-77.307,39.85],[-77.307,39.842]]]}},{"type":"Feature","properties":{},"geometry":{"type":"Polygon","coordinates":[[[-77.057,39.784],[-77.04,39.683],[-77.051,39.652],[-77.039,39.644],[-76.983,39.65],[-76.933,39.632],[-76.885,39.666],[-76.86,39.655],[-76.847,39.625],[-76.779,39.62],[-76.763,39.631],[-76.712,39.615],[-76.694,39.632],[-76.604,39.625],[-76.538,39.641],[-76.516,39.63],[-76.484,39.644],[-76.462,39.636],[-76.436,39.653],[-76.42,39.638],[-76.387,39.634],[-76.262,39.64],[-76.148,39.632],[-76.127,39.642],[-76.109,39.636],[-76.069,39.644],[-76.045,39.655],[-75.957,39.643],[-75.877,39.642],[-75.872,39.613],[-75.856,39.604],[-75.844,39.579],[-75.797,39.569],[-75.769,39.57036585365854],[-75.769,39.559],[-75.762,39.559],[-75.814,39.554],[-75.814,39.399],[-75.804,39.382],[-75.814,39.367],[-75.811,39.198],[-75.817,39.164],[-75.811,39.13],[-75.819,39.092],[-75.815,39.046],[-75.822,39.046],[-75.81,39.01],[-75.814,38.984],[-75.789,38.979],[-75.785,38.96],[-75.769,38.965],[-75.764,38.941],[-75.755,38.94],[-75.736,38.966],[-75.718,38.938],[-75.704,38.941],[-75.703,38.963],[-75.664,38.951],[-75.656,38.964],[-75.648,38.953],[-75.63,38.952],[-75.613,38.963],[-75.59,38.95],[-75.579,38.951],[-75.571,38.966],[-75.561,38.956],[-75.531,38.967],[-75.515,38.933],[-75.497,38.936],[-75.494,38.972],[-75.475,38.97],[-75.471,38.953],[-75.461,38.951],[-75.45,38.97],[-75.434,38.953],[-75.406,38.968],[-75.37884848484849,38.96036363636364],[-75.369,38.854],[-75.373,38.697],[-75.366,38.657],[-75.372,38.37],[-75.365,38.346],[-75.372,38.273],[-75.362,38.224],[-75.322,38.211],[-75.245,38.225],[-75.234,38.218],[-75.131,38.218],[-75.096,38.303],[-75.076,38.316],[-75.042,38.432],[-75.048,38.613],[-75.076,38.798],[-75.093,38.816],[-75.116,38.815],[-75.127,38.802],[-75.182,38.814],[-75.298,38.922],[-75.296,38.946],[-75.31,38.996],[-75.392,39.075],[-75.399,39.157],[-75.381,39.164],[-75.359,39.16],[-75.401,39.29],[-75.556,39.452],[-75.55,39.546],[-75.464,39.54],[-75.443,39.552],[-75.409,39.541],[-75.406,39.521],[-75.396,39.517],[-75.39,39.481],[-75.341,39.486],[-75.336,39.48],[-75.276,39.478],[-75.262,39.484],[-75.196,39.466],[-75.149,39.475],[-75.149,39.334],[-75.141,39.334],[-75.14,39.311],[-75.141,39.282],[-75.153,39.281],[-75.151,39.25],[-75.163,39.25],[-75.153,39.179],[-75.131,39.172],[-75.107,39.204],[-75.042,39.206],[-75.034,39.185],[-74.958,39.181],[-74.909,39.167],[-74.899,39.157],[-74.903,39.113],[-74.949,39.045],[-74.979,38.972],[-74.982,38.942],[-74.971,38.922],[-74.913,38.919],[-74.875,38.931],[-74.859,38.925],[-74.85,38.94],[-74.767,38.999],[-74.761,39.023],[-74.743,39.043],[-74.747,39.164],[-74.74,39.172],[-74.745,39.192],[-74.737,39.228],[-74.767,39.225],[-74.781,39.233],[-74.783,39.247],[-74.763,39.254],[-74.762,39.241],[-74.744,39.246],[-74.747,39.276],[-74.733,39.299],[-74.733,39.386],[-74.744,39.465],[-74.743,39.501],[-74.733,39.501],[-74.733,39.541],[-74.745,39.563],[-74.811,39.55],[-74.821,39.558],[-74.84,39.553],[-74.872,39.558],[-74.872,39.76],[-74.954,39.765],[-74.971,39.777],[-74.956,39.796],[-74.951,39.821],[-74.96,39.834],[-74.956,39.876],[-74.931,39.903],[-74.931,39.918],[-75.077,39.918],[-74.991,39.981],[-75.002,40.016],[-74.989,40.023],[-74.967,40.065],[-74.968,40.107],[-75.005,40.115],[-75.019,40.107],[-75.218,40.106],[-75.266,40.072],[-75.285,39.996],[-75.277,39.996],[-75.284,39.98],[-75.273,39.974],[-75.281,39.968],[-75.276,39.949],[-75.287,39.939],[-75.335,39.94],[-75.362,39.929],[-75.472,39.931],[-75.487,39.924],[-75.487,39.894],[-75.489,39.918],[-75.574,39.918],[-75.53,39.94],[-75.538,39.977],[-75.535,39.967],[-75.515,39.967],[-75.51,39.992],[-75.521,40.02],[-75.521,40.043],[-75.51,40.069],[-75.515,40.077],[-75.629,40.088],[-75.631,40.081],[-75.67,40.075],[-75.707,40.083],[-75.729,40.076],[-75.74,40.034],[-75.732,39.998],[-75.738,39.963],[-75.639,39.956],[-75.627,39.927],[-75.599,39.918],[-76.402,39.918],[-76.413,40.03],[-76.411,40.048],[-76.399,40.051],[-76.396,40.063],[-76.403,40.081],[-76.41,40.082],[-76.41,40.095],[-76.399,40.097],[-76.395,40.11],[-76.411,40.131],[-76.404,40.148],[-76.411,40.209],[-76.402,40.305],[-76.418,40.348],[-76.4,40.38],[-76.398,40.411],[-76.407,40.427],[-76.411,40.519],[-77.042,40.524],[-77.051,40.426],[-77.042,40.385],[-77.048,40.309],[-77.044,40.3],[-77.033,40.299],[-77.044,40.292],[-77.021,40.292],[-77.014,40.302],[-76.903,40.334],[-76.796,40.332],[-76.76,40.34],[-76.756,40.33],[-76.729,40.331],[-76.72,40.274],[-76.729,40.273],[-76.723,40.262],[-76.729,40.251],[-76.724,40.179],[-76.955,40.176],[-76.992,40.162],[-77.038,40.164],[-77.038,40.141],[-77.054,40.141],[-77.042,40.105],[-77.048,40.083],[-77.043,39.989],[-77.05,39.955],[-77.042,39.933],[-77.042,39.894],[-77.043,39.856],[-77.053,39.841],[-77.048,39.81],[-77.057,39.784]],[[-76.811,39.936],[-76.804,39.967],[-76.804,40.126],[-76.682,40.131],[-76.678,40.11],[-76.689,40.099],[-76.678,40.081],[-76.675,40.008],[-76.712,39.994],[-76.749,40.002],[-76.774,39.99],[-76.789,39.968],[-76.767,39.95],[-76.774,39.933],[-76.763,39.926],[-76.707,39.924],[-76.707,39.931],[-76.678,39.939],[-76.676,39.921],[-76.81,39.918],[-76.811,39.936]]]}},{"type":"Feature","properties":{},"geometry":{"type":"Polygon","coordinates":[[[-76.381,39.983],[-76.319,39.98],[-76.373,39.986],[-76.376,40.002],[-76.381,39.983]]]}},{"type":"Feature","properties":{},"geometry":{"type":"Polygon","coordinates":[[[-75.727,38.276],[-75.531,38.273],[-75.531,38.47],[-75.652,38.47],[-75.652,38.445],[-75.677,38.445],[-75.677,38.432],[-75.696,38.426],[-75.699,38.445],[-75.727,38.445],[-75.727,38.276]]]}},{"type":"Feature","properties":{},"geometry":{"type":"Polygon","coordinates":[[[-75.639,38.534],[-75.527,38.534],[-75.527,38.687],[-75.639,38.687],[-75.639,38.534]]]}},{"type":"Feature","properties":{},"geometry":{"type":"Polygon","coordinates":[[[-114.852,34.982],[-114.841,34.774],[-114.843,34.629],[-114.84,34.596],[-114.825,34.572],[-114.712,34.546],[-114.641,34.556],[-114.519,34.555],[-114.526,34.153],[-114.515,34.05],[-114.417,34.022],[-114.247,34.006],[-114.239,34.009],[-114.239,34.024],[-114.226,34.024],[-114.222,34.005],[-114.149,34.007],[-114.114,34.086],[-114.109,34.25],[-114.12,34.277],[-114.105,34.288],[-114.104,34.633],[-114.126,34.69],[-114.13,34.699],[-114.18,34.712],[-114.267,34.725],[-114.45,34.691],[-114.447,34.717],[-114.434,34.737],[-114.417,34.888],[-114.432,35.036],[-114.447,35.041],[-114.449,35.069],[-114.434,35.091],[-114.431,35.122],[-114.439,35.248],[-114.423,35.26],[-114.42,35.273],[-114.401,35.246],[-114.37,35.243],[-114.375,35.266],[-114.368,35.25],[-114.347,35.253],[-114.337,35.286],[-114.395,35.296],[-114.442,35.268],[-114.456,35.271],[-114.475,35.293],[-114.519,35.302],[-114.545,35.295],[-114.56,35.258],[-114.589,35.253],[-114.689,35.262],[-114.697,35.275],[-114.785,35.296],[-114.814,35.285],[-114.843,35.172],[-114.836,35.159],[-114.851,35.084],[-114.852,34.982]]]}},{"type":"Feature","properties":{},"geometry":{"type":"Polygon","coordinates":[[[-114.703,32.687],[-114.693,32.665],[-114.697,32.551],[-114.539,32.557],[-114.539,32.601],[-114.305,32.601],[-114.305,32.639],[-114.318,32.639],[-114.317,32.669],[-114.368,32.669],[-114.368,32.72],[-114.538,32.72],[-114.538,32.761],[-114.697,32.761],[-114.692,32.713],[-114.703,32.687]]]}},{"type":"Feature","properties":{},"geometry":{"type":"Polygon","coordinates":[[[-112.716,33.599],[-112.709,33.587],[-112.714,33.52],[-112.694,33.496],[-112.7,33.441],[-112.692,33.436],[-112.694,33.391],[-112.702,33.391],[-112.698,33.349],[-112.706,33.322],[-112.702,33.292],[-112.615,33.281],[-112.56,33.261],[-112.54,33.267],[-112.505,33.297],[-112.504,33.322],[-112.496,33.322],[-112.496,33.331],[-112.489,33.334],[-112.489,33.294],[-112.474,33.331],[-112.448,33.334],[-112.447,33.347],[-112.397,33.358],[-112.396,33.378],[-112.365,33.378],[-112.36,33.365],[-112.319,33.362],[-112.29,33.378],[-112.238,33.378],[-112.239,33.327],[-112.223,33.322],[-112.225,33.215],[-112.21,33.108],[-112.223,33.082],[-112.223,33.056],[-112.206,33.056],[-112.209,32.997],[-112.166,32.988],[-112.168,32.967],[-112.216,32.965],[-112.216,32.948],[-112.159,32.944],[-112.104,32.951],[-112.106,32.873],[-112.087,32.801],[-112.092,32.68],[-112.039,32.669],[-111.598,32.66],[-111.364,32.661],[-111.287,32.669],[-111.287,32.836],[-111.275,32.898],[-111.285,32.907],[-111.231,32.923],[-111.187,32.967],[-111.182,33.039],[-111.195,33.282],[-111.187,33.528],[-111.195,33.559],[-111.249,33.568],[-111.319,33.559],[-111.443,33.567],[-111.484,33.556],[-111.502,33.561],[-111.525,33.552],[-111.541,33.529],[-111.551,33.481],[-111.537,33.467],[-111.607,33.46],[-111.647,33.491],[-111.764,33.494],[-111.78,33.506],[-111.78,33.57],[-111.705,33.568],[-111.702,33.624],[-111.747,33.644],[-111.791,33.621],[-111.815,33.617],[-111.802,33.77],[-111.806,33.893],[-112.17,33.897],[-112.186,33.889],[-112.188,33.813],[-112.199,33.791],[-112.392,33.792],[-112.394,33.852],[-112.381,33.99],[-112.385,34.132],[-112.397,34.153],[-112.434,34.169],[-112.573,34.169],[-112.65,34.156],[-112.67,34.165],[-112.702,34.162],[-112.702,34.039],[-112.709,34.023],[-112.706,33.974],[-112.695,33.944],[-112.703,33.898],[-112.71,33.607],[-112.716,33.599]],[[-112.069,33.017],[-112.03200408163265,33.011955102040815],[-112.052,33.005],[-112.069,33.017]],[[-111.697,32.955],[-111.697,32.959],[-111.635,32.959],[-111.635,32.955],[-111.697,32.955]]]}},{"type":"Feature","properties":{},"geometry":{"type":"Polygon","coordinates":[[[-112.662,34.326],[-111.893,34.333],[-111.9,34.491],[-111.877,34.495],[-111.889,34.535],[-111.889,34.544],[-111.881,34.544],[-111.881,34.571],[-111.846,34.574],[-111.838,34.559],[-111.826,34.559],[-111.823,34.543],[-111.613,34.539],[-111.617,34.876],[-111.609,35.013],[-111.599,35.032],[-111.621,35.168],[-111.646,35.166],[-111.657,35.152],[-111.682,35.15],[-111.697,35.159],[-111.698,35.174],[-111.684,35.174],[-111.694,35.186],[-111.691,35.195],[-111.709,35.206],[-111.981,35.206],[-111.991,35.176],[-112,35.078],[-112.05,35.075],[-112.08,35.085],[-112.085,35.112],[-112.059,35.132],[-112.054,35.204],[-112.109,35.215],[-112.173,35.205],[-112.194,35.211],[-112.282,35.202],[-112.415,35.202],[-112.462,35.191],[-112.53,35.202],[-112.64,35.188],[-112.639,34.913],[-112.632,34.844],[-112.624,34.842],[-112.628,34.816],[-112.635,34.813],[-112.636,34.759],[-112.628,34.75],[-112.628,34.72],[-112.637,34.712],[-112.637,34.651],[-112.657,34.65],[-112.662,34.326]]]}},{"type":"Feature","properties":{},"geometry":{"type":"Polygon","coordinates":[[[-111.307,32.453],[-111.304,32.366],[-111.289,32.351],[-111.287,32.316],[-111.259,32.227],[-111.241,32.194],[-111.23,32.185],[-111.201,32.181],[-111.199,32.171],[-111.204,31.78],[-111.175,31.729],[-111.138,31.723],[-111.12,31.728],[-111.084,31.718],[-111.077,31.728],[-111.083,31.802],[-111.053,31.704],[-110.991,31.688],[-110.904,31.691],[-110.819,31.719],[-110.819,31.622],[-110.84,31.59],[-110.849,31.553],[-110.8,31.411],[-110.632,31.415],[-110.4,31.408],[-110.266,31.415],[-110.262,31.424],[-110.245,31.427],[-110.043,31.423],[-110.038,31.445],[-110.045,31.6],[-110.035,31.681],[-110.04,31.715],[-110.053,31.725],[-110.208,31.735],[-110.219,31.743],[-110.634,31.75],[-110.639,31.802],[-110.63,31.846],[-110.631,31.961],[-110.649,31.995],[-110.635,32.095],[-110.641,32.332],[-110.635,32.566],[-110.656,32.641],[-110.649,32.678],[-110.667,32.708],[-110.702,32.721],[-110.818,32.735],[-110.923,32.72],[-111.114,32.72],[-111.134,32.727],[-111.142,32.742],[-111.175,32.745],[-111.204,32.717],[-111.21,32.69],[-111.213,32.6],[-111.193,32.566],[-111.289,32.56],[-111.3,32.544],[-111.307,32.453]],[[-111.058,32.083],[-111.033,32.083],[-110.996,32.062],[-110.991,32.009],[-111.013,32.015],[-111.018,32.062],[-111.058,32.083]],[[-110.999,32.478],[-110.987,32.49],[-110.983,32.564],[-110.958,32.569],[-110.966,32.563],[-110.97,32.49],[-110.999,32.478]]]}},{"type":"Feature","properties":{},"geometry":{"type":"Polygon","coordinates":[[[-111.042,31.384],[-111.006,31.384],[-110.992,31.372],[-110.992,31.34],[-110.875,31.341],[-110.874,31.368],[-110.919,31.378],[-110.919,31.492],[-110.945,31.494],[-110.947,31.504],[-110.969,31.507],[-110.97,31.525],[-111.037,31.524],[-111.042,31.384]]]}},{"type":"Feature","properties":{},"geometry":{"type":"Polygon","coordinates":[[[-110.102,34.228],[-110.024,34.228],[-110.024,34.11],[-109.964,34.108],[-109.964,34.205],[-109.986,34.205],[-109.986,34.278],[-110.102,34.278],[-110.102,34.228]]]}},{"type":"Feature","properties":{},"geometry":{"type":"Polygon","coordinates":[[[-90.036,30.056],[-89.99,30.051],[-89.989,30.056],[-89.984,30.05],[-89.993,30.003],[-89.986,30.001],[-89.981,29.963],[-89.959,29.953],[-89.963,29.942],[-89.957,29.942],[-89.956,30.025],[-89.948,30.026],[-89.952,29.849],[-89.877,29.848],[-89.877,30.042],[-89.901,30.042],[-89.901,30.079],[-89.969,30.079],[-90.036,30.056]]]}},{"type":"Feature","properties":{},"geometry":{"type":"Polygon","coordinates":[[[-90.011,30.379],[-89.993,30.387],[-89.566,30.395],[-89.47,30.395],[-89.467,30.381],[-89.416,30.381],[-89.415,30.357],[-89.467,30.357],[-89.466,30.248],[-89.419,30.248],[-89.418,30.22],[-89.409,30.229],[-89.414,30.245],[-89.317,30.297],[-89.306,30.299],[-89.297,30.288],[-89.166,30.316],[-89.109,30.347],[-89.102,30.336],[-89.085,30.337],[-89.073,30.361],[-88.996,30.376],[-88.897,30.384],[-88.827,30.359],[-88.813,30.363],[-88.813,30.372],[-88.749,30.339],[-88.708,30.331],[-88.664,30.35],[-88.603,30.344],[-88.583,30.321],[-88.583,30.327],[-88.551,30.318],[-88.542,30.334],[-88.52,30.334],[-88.503,30.318],[-88.502,30.302],[-88.487,30.299],[-88.477,30.309],[-88.458,30.301],[-88.452,30.314],[-88.433,30.322],[-88.414,30.312],[-88.406,30.327],[-88.424,30.335],[-88.424,30.344],[-88.384,30.336],[-88.371,30.344],[-88.373,30.367],[-88.344,30.357],[-88.336,30.375],[-88.343,30.38],[-88.321,30.379],[-88.321,30.385],[-88.315,30.365],[-88.286,30.362],[-88.274,30.373],[-88.277,30.331],[-88.266,30.316],[-88.245,30.318],[-88.244,30.365],[-88.208,30.349],[-88.213,30.334],[-88.237,30.329],[-88.233,30.311],[-88.153,30.316],[-88.152,30.28],[-88.142,30.267],[-88.222,30.258],[-88.212,30.235],[-88.136,30.239],[-88.13,30.223],[-88.091,30.191],[-88.073,30.191],[-88.06,30.209],[-88.09,30.231],[-88.066,30.24],[-88.066,30.259],[-88.112,30.289],[-88.124,30.323],[-88.103,30.353],[-88.091,30.431],[-88.095,30.45],[-88.086,30.477],[-88.091,30.505],[-88.072,30.52],[-88.073,30.567],[-88.055,30.576],[-88.053,30.584],[-88.062,30.584],[-88.057,30.591],[-88.028,30.606],[-88.031,30.639],[-88.01,30.644],[-88.013,30.652],[-87.992,30.68],[-87.991,30.693],[-88.002,30.693],[-87.999,30.768],[-88.005,30.768],[-87.995,30.787],[-87.999,30.892],[-88.002,30.903],[-88.013,30.896],[-88.141,30.89],[-88.139,30.854],[-88.267,30.854],[-88.267,30.833],[-88.358,30.834],[-88.367,30.632],[-88.356,30.594],[-88.406,30.6],[-88.491,30.592],[-88.496,30.6],[-88.536,30.608],[-88.539,30.597],[-88.558,30.595],[-88.577,30.618],[-88.613,30.62],[-88.634,30.61],[-88.636,30.593],[-88.662,30.591],[-88.678,30.604],[-88.721,30.604],[-88.732,30.592],[-88.745,30.604],[-88.759,30.6],[-88.768,30.618],[-88.792,30.62],[-88.805,30.605],[-88.801,30.587],[-88.792,30.585],[-88.8,30.579],[-88.792,30.572],[-88.798,30.558],[-88.792,30.556],[-89.013,30.562],[-89.026,30.561],[-89.026,30.54],[-89.05,30.54],[-89.133,30.541],[-89.127,30.623],[-89.154,30.632],[-89.164,30.61],[-89.179,30.612],[-89.18,30.606],[-89.258,30.604],[-89.312,30.591],[-89.366,30.601],[-89.415,30.587],[-89.422,30.478],[-89.415,30.45],[-89.467,30.446],[-89.467,30.429],[-89.473,30.429],[-89.473,30.443],[-89.481,30.443],[-89.48,30.474],[-89.464,30.478],[-89.477,30.532],[-89.46,30.534],[-89.447,30.549],[-89.452,30.571],[-89.442,30.576],[-89.448,30.602],[-89.436,30.651],[-89.44,30.693],[-89.426,30.716],[-89.436,30.744],[-89.449,30.751],[-89.433,30.769],[-89.436,30.81],[-89.449,30.822],[-89.448,30.829],[-89.409,30.836],[-89.409,30.847],[-89.842,30.843],[-89.864,30.853],[-90.011,30.843],[-90.011,30.379]]]}},{"type":"Feature","properties":{},"geometry":{"type":"Polygon","coordinates":[[[-90.011,34.779],[-89.935,34.781],[-89.927,34.779],[-89.927,34.769],[-89.918,34.769],[-89.882,34.773],[-89.881,34.779],[-89.859,34.774],[-89.821,34.781],[-89.821,34.791],[-89.808,34.79],[-89.793,34.801],[-89.79,34.817],[-89.772,34.816],[-89.772,34.826],[-89.723,34.848],[-89.725,34.857],[-89.653,34.89],[-89.653,34.904],[-89.618,34.904],[-89.598,34.944],[-89.588,34.948],[-89.589,34.961],[-89.574,34.962],[-89.57,34.986],[-89.581,34.97],[-89.784,34.97],[-89.793,34.966],[-89.798,34.94],[-89.805,34.939],[-89.831,34.944],[-90.007,34.933],[-90.011,34.779]]]}},{"type":"Feature","properties":{},"geometry":{"type":"Polygon","coordinates":[[[-90.008,32.023],[-89.894,32.045],[-89.888,32.092],[-89.89,32.143],[-89.9,32.149],[-89.904,32.179],[-89.888,32.183],[-89.879,32.226],[-89.882,32.43],[-89.904,32.55],[-89.904,32.666],[-89.927,32.676],[-90.008,32.68],[-90.008,32.023]]]}},{"type":"Feature","properties":{},"geometry":{"type":"Polygon","coordinates":[[[-89.61,34.328],[-89.469,34.328],[-89.469,34.385],[-89.61,34.387],[-89.61,34.328]]]}},{"type":"Feature","properties":{},"geometry":{"type":"Polygon","coordinates":[[[-89.459,31.328],[-89.456,31.262],[-89.184,31.262],[-89.184,31.405],[-89.459,31.406],[-89.459,31.328]]]}},{"type":"Feature","properties":{},"geometry":{"type":"Polygon","coordinates":[[[-89.213,31.804],[-89.21,31.621],[-89.088,31.622],[-89.088,31.832],[-89.21,31.832],[-89.213,31.804]]]}},{"type":"Feature","properties":{},"geometry":{"type":"Polygon","coordinates":[[[-88.922,33.626],[-88.916,33.623],[-88.912,33.584],[-88.921,33.556],[-88.912,33.549],[-88.916,33.453],[-88.91,33.425],[-88.921,33.373],[-88.908,33.333],[-88.862,33.327],[-88.752,33.351],[-88.748,33.344],[-88.65,33.332],[-88.347,33.318],[-88.298,33.332],[-88.274,33.329],[-88.266,33.351],[-88.253,33.36],[-88.246,33.431],[-88.261,33.517],[-88.249,33.532],[-88.245,33.664],[-88.256,33.669],[-88.311,33.677],[-88.454,33.673],[-88.526,33.683],[-88.586,33.671],[-88.592,33.682],[-88.624,33.691],[-88.86,33.695],[-88.884,33.691],[-88.921,33.661],[-88.922,33.626]]]}},{"type":"Feature","properties":{},"geometry":{"type":"Polygon","coordinates":[[[-88.871,34.45],[-88.842,34.423],[-88.862,34.417],[-88.859,34.381],[-88.845,34.37],[-88.851,34.346],[-88.844,34.343],[-88.857,34.333],[-88.848,34.3],[-88.855,34.3],[-88.856,34.236],[-88.863,34.236],[-88.863,34.191],[-88.848,34.191],[-88.846,34.16],[-88.857,34.099],[-88.855,34.046],[-88.737,34.041],[-88.432,34.05],[-88.433,34.217],[-88.451,34.235],[-88.456,34.254],[-88.444,34.28],[-88.441,34.324],[-88.44,34.373],[-88.455,34.41],[-88.447,34.414],[-88.447,34.479],[-88.454,34.484],[-88.454,34.5],[-88.445,34.502],[-88.447,34.542],[-88.461,34.542],[-88.463,34.527],[-88.48,34.527],[-88.484,34.545],[-88.499,34.546],[-88.5,34.53],[-88.517,34.528],[-88.522,34.546],[-88.539,34.545],[-88.542,34.529],[-88.559,34.53],[-88.561,34.544],[-88.583,34.545],[-88.583,35.146],[-88.634,35.148],[-88.64,35.158],[-88.646,35.158],[-88.646,35.147],[-88.667,35.147],[-88.667,35.156],[-88.658,35.157],[-88.66,35.167],[-88.667,35.167],[-88.68,35.158],[-88.684,35.142],[-88.701,35.156],[-88.704,35.138],[-88.72,35.139],[-88.716,34.559],[-88.723,34.548],[-88.746,34.545],[-88.871,34.553],[-88.871,34.45]],[[-88.712,34.547],[-88.695,34.555],[-88.691,34.543],[-88.709,34.541],[-88.712,34.547]],[[-88.658,34.546],[-88.603,34.553],[-88.601,34.546],[-88.628,34.539],[-88.658,34.546]]]}},{"type":"Feature","properties":{},"geometry":{"type":"Polygon","coordinates":[[[-88.829,32.32],[-88.826,32.308],[-88.776,32.298],[-88.774,32.292],[-88.713,32.286],[-88.704,32.292],[-88.664,32.279],[-88.642,32.288],[-88.59,32.366],[-88.576,32.374],[-88.565,32.415],[-88.569,32.476],[-88.577,32.488],[-88.605,32.492],[-88.771,32.482],[-88.796,32.461],[-88.796,32.426],[-88.829,32.32]]]}},{"type":"Feature","properties":{},"geometry":{"type":"Polygon","coordinates":[[[-88.062,30.502],[-88.021,30.482],[-88.024,30.529],[-88.049,30.527],[-88.061,30.515],[-88.062,30.502]]]}},{"type":"Feature","properties":{},"geometry":{"type":"Polygon","coordinates":[[[-87.94,30.482],[-87.924,30.476],[-87.915,30.417],[-87.815,30.417],[-87.814,30.344],[-87.794,30.344],[-87.794,30.31],[-87.767,30.288],[-87.775,30.271],[-87.794,30.265],[-87.794,30.242],[-87.654,30.244],[-87.323,30.314],[-87.241,30.318],[-87.244,30.311],[-87.193,30.311],[-87.133,30.318],[-87.075,30.33],[-87.071,30.346],[-87.001,30.344],[-87.001,30.382],[-86.999,30.389],[-86.988,30.389],[-86.987,30.399],[-86.793,30.401],[-86.785,30.399],[-86.784,30.381],[-86.771,30.379],[-86.629,30.387],[-86.494,30.371],[-86.375,30.368],[-86.289,30.357],[-86.2,30.334],[-85.972,30.256],[-85.796,30.156],[-85.711,30.09],[-85.636,30.06],[-85.575,30.018],[-85.549,30.017],[-85.546,30.006],[-85.542,30.018],[-85.486,30.018],[-85.486,30.253],[-85.479,30.259],[-85.404,30.259],[-85.405,30.331],[-85.671,30.331],[-85.671,30.302],[-85.713,30.307],[-85.713,30.292],[-85.741,30.292],[-85.741,30.272],[-85.805,30.273],[-85.807,30.291],[-85.817,30.302],[-85.956,30.301],[-85.956,30.33],[-86.109,30.33],[-86.109,30.353],[-86.214,30.353],[-86.204,30.413],[-86.331,30.405],[-86.336,30.411],[-86.392,30.412],[-86.439,30.406],[-86.443,30.397],[-86.491,30.411],[-86.515,30.4],[-86.539,30.413],[-86.539,30.426],[-86.546,30.426],[-86.548,30.487],[-86.317,30.485],[-86.317,30.491],[-86.351,30.491],[-86.353,30.554],[-86.581,30.553],[-86.581,30.491],[-86.685,30.491],[-86.684,30.452],[-86.851,30.444],[-86.851,30.478],[-86.96,30.478],[-86.96,30.443],[-86.986,30.443],[-86.991,30.421],[-87.163,30.421],[-87.145,30.423],[-87.145,30.453],[-87.12,30.502],[-87.133,30.515],[-87.149,30.507],[-87.152,30.514],[-87.138,30.522],[-87.177,30.575],[-87.156,30.561],[-86.905,30.56],[-86.905,30.585],[-86.857,30.585],[-86.855,30.612],[-86.868,30.612],[-86.868,30.641],[-86.914,30.641],[-86.914,30.697],[-86.935,30.697],[-86.935,30.743],[-87.13,30.743],[-87.13,30.697],[-87.108,30.697],[-87.108,30.675],[-87.123,30.675],[-87.123,30.641],[-87.134,30.641],[-87.134,30.675],[-87.388,30.675],[-87.388,30.574],[-87.424,30.574],[-87.425,30.513],[-87.41,30.513],[-87.41,30.487],[-87.377,30.487],[-87.377,30.443],[-87.378,30.433],[-87.393,30.433],[-87.393,30.402],[-87.421,30.399],[-87.422,30.334],[-87.623,30.335],[-87.623,30.395],[-87.675,30.395],[-87.675,30.598],[-87.712,30.599],[-87.712,30.664],[-87.748,30.665],[-87.748,30.677],[-87.832,30.677],[-87.832,30.697],[-87.921,30.698],[-87.921,30.656],[-87.911,30.656],[-87.921,30.654],[-87.922,30.627],[-87.914,30.548],[-87.921,30.511],[-87.93,30.492],[-87.94,30.492],[-87.94,30.482]]]}},{"type":"Feature","properties":{},"geometry":{"type":"Polygon","coordinates":[[[-87.748,34.705],[-87.539,34.705],[-87.54,34.904],[-87.748,34.904],[-87.748,34.705]]]}},{"type":"Feature","properties":{},"geometry":{"type":"Polygon","coordinates":[[[-87.737,33.281],[-87.657,33.158],[-87.67,33.142],[-87.671,33.128],[-87.665,33.128],[-87.672,33.108],[-87.668,33.086],[-87.657,33.076],[-87.657,32.94],[-87.553,32.941],[-87.553,33.054],[-87.44,33.065],[-87.424,33.078],[-87.421,33.103],[-87.42,33.097],[-87.385,33.109],[-87.378,33.125],[-87.31,33.125],[-87.31,33.06],[-87.282,33.04],[-87.252,33.034],[-87.19,33.043],[-87.177,33.036],[-87.168,33.043],[-87.142,33.032],[-86.998,33.029],[-86.983,33.047],[-86.978,33.141],[-86.979,33.147],[-87.001,33.147],[-87.008,33.271],[-86.932,33.277],[-86.927,33.267],[-86.896,33.255],[-86.905,33.247],[-86.898,33.231],[-86.895,33.147],[-86.902,33.093],[-86.896,33.081],[-86.914,33.082],[-86.913,33.073],[-86.899,33.066],[-86.876,33.019],[-86.848,32.988],[-86.844,32.973],[-86.83,32.965],[-86.81,32.929],[-86.8,32.926],[-86.78,32.885],[-86.692,32.761],[-86.673,32.742],[-86.618,32.751],[-86.56,32.739],[-86.505,32.749],[-86.501,32.74],[-86.46,32.742],[-86.458,32.756],[-86.484,32.802],[-86.534,32.862],[-86.535,32.875],[-86.556,32.898],[-86.56,32.919],[-86.593,32.953],[-86.609,32.986],[-86.668,33.047],[-86.71,33.058],[-86.733,33.081],[-86.715,33.101],[-86.716,33.115],[-86.73,33.119],[-86.729,33.127],[-86.715,33.128],[-86.73,33.14],[-86.722,33.161],[-86.721,33.255],[-86.732,33.32],[-86.689,33.325],[-86.689,33.319],[-86.679,33.319],[-86.677,33.326],[-86.585,33.321],[-86.576,33.335],[-86.583,33.337],[-86.575,33.349],[-86.582,33.359],[-86.571,33.36],[-86.571,33.371],[-86.559,33.367],[-86.543,33.374],[-86.534,33.386],[-86.515,33.388],[-86.498,33.373],[-86.486,33.384],[-86.431,33.381],[-86.434,33.082],[-86.423,32.999],[-86.32,32.991],[-86.298,33.001],[-86.284,32.994],[-86.171,33.008],[-86.085,32.997],[-86.06,32.997],[-86.052,33.008],[-86.024,33.005],[-86.017,33.012],[-86.008,33.097],[-86.013,33.34],[-86.004,33.589],[-86.137,33.589],[-86.147,33.61],[-86.199,33.612],[-86.212,33.599],[-86.263,33.607],[-86.351,33.596],[-86.354,33.642],[-86.337,33.648],[-86.336,33.656],[-86.339,33.681],[-86.354,33.684],[-86.351,33.754],[-86.385,33.755],[-86.392,33.748],[-86.581,33.751],[-86.613,33.74],[-86.622,33.749],[-86.637,33.738],[-86.651,33.741],[-86.657,33.752],[-86.674,33.753],[-86.678,33.74],[-86.703,33.749],[-86.73,33.74],[-86.741,33.743],[-86.743,33.757],[-86.754,33.748],[-86.813,33.748],[-86.818,33.738],[-86.839,33.737],[-86.844,33.744],[-86.894,33.7],[-86.905,33.684],[-86.905,33.667],[-86.943,33.644],[-86.955,33.617],[-86.968,33.613],[-86.972,33.592],[-87.001,33.565],[-86.998,33.556],[-87.01,33.554],[-87.009,33.572],[-87.023,33.602],[-87.006,33.616],[-87.012,33.639],[-87.006,33.666],[-87.019,33.697],[-87.017,33.799],[-87.014,33.816],[-87.001,33.82],[-87.002,33.826],[-87.013,33.823],[-87.016,33.832],[-87.008,33.84],[-87.014,33.852],[-87.001,33.869],[-87.012,33.878],[-87.002,33.901],[-87.013,33.909],[-86.999,33.931],[-87.002,33.943],[-87.019,33.955],[-87.002,33.966],[-87.016,33.978],[-87.01,34.009],[-87.019,34.053],[-87.009,34.066],[-87.025,34.108],[-87.045,34.12],[-87.067,34.114],[-87.094,34.129],[-87.102,34.121],[-87.116,34.136],[-87.128,34.137],[-87.13,34.12],[-87.141,34.114],[-87.171,34.121],[-87.19,34.153],[-87.214,34.162],[-87.248,34.15],[-87.253,34.14],[-87.292,34.139],[-87.299,34.13],[-87.334,34.12],[-87.388,34.127],[-87.389,34.059],[-87.378,34.054],[-87.388,34.026],[-87.378,34.019],[-87.391,33.998],[-87.377,33.992],[-87.372,33.94],[-87.384,33.918],[-87.373,33.909],[-87.383,33.797],[-87.374,33.791],[-87.372,33.719],[-87.381,33.664],[-87.381,33.618],[-87.374,33.604],[-87.385,33.592],[-87.387,33.548],[-87.373,33.521],[-87.329,33.51],[-87.297,33.514],[-87.273,33.528],[-87.238,33.528],[-87.231,33.537],[-87.215,33.537],[-87.201,33.525],[-87.166,33.532],[-87.149,33.524],[-87.138,33.537],[-87.119,33.531],[-87.106,33.537],[-87.08,33.516],[-87.036,33.518],[-87.06,33.417],[-87.189,33.427],[-87.208,33.421],[-87.306,33.422],[-87.31,33.301],[-87.303,33.285],[-87.3,33.203],[-87.398,33.203],[-87.424,33.231],[-87.424,33.325],[-87.481,33.325],[-87.481,33.336],[-87.494,33.337],[-87.499,33.355],[-87.52,33.358],[-87.543,33.38],[-87.59,33.381],[-87.704,33.332],[-87.722,33.316],[-87.737,33.281]]]}},{"type":"Feature","properties":{},"geometry":{"type":"Polygon","coordinates":[[[-87.145,34.62],[-87.144,34.535],[-87.09,34.535],[-87.09,34.52],[-87.08,34.52],[-87.072,34.494],[-87.06,34.485],[-87.049,34.436],[-87.034,34.433],[-87.027,34.402],[-87.002,34.394],[-87.002,34.388],[-86.843,34.388],[-86.789,34.396],[-86.776,34.391],[-86.774,34.135],[-86.784,34.117],[-86.789,34.042],[-86.773,34.028],[-86.769,34.037],[-86.756,34.038],[-86.754,34.026],[-86.722,34.038],[-86.718,34.024],[-86.693,34.038],[-86.677,34.031],[-86.648,34.037],[-86.642,34.024],[-86.63,34.024],[-86.622,34.038],[-86.609,34.038],[-86.602,34.024],[-86.575,34.041],[-86.571,34.03],[-86.53,34.026],[-86.527,34.04],[-86.519,34.04],[-86.517,34.03],[-86.494,34.021],[-86.493,34.04],[-86.483,34.04],[-86.479,34.025],[-86.457,34.026],[-86.456,34.038],[-86.421,34.028],[-86.42,34.036],[-86.407,34.038],[-86.403,34.025],[-86.392,34.022],[-86.331,34.019],[-86.311,34.027],[-86.262,34.016],[-86.147,34.022],[-86.147,33.98],[-85.864,33.98],[-85.86,33.919],[-85.854,33.917],[-85.865,33.903],[-85.868,33.862],[-85.862,33.85],[-85.871,33.845],[-85.879,33.739],[-85.872,33.685],[-85.858,33.674],[-85.862,33.592],[-85.876,33.586],[-85.862,33.49],[-85.704,33.486],[-85.676,33.49],[-85.662,33.5],[-85.656,33.539],[-85.663,33.57],[-85.651,33.81],[-85.651,33.995],[-85.707,34.019],[-85.687,34.019],[-85.65,33.996],[-85.602,34.005],[-85.548,34.004],[-85.46,33.982],[-85.424,33.99],[-85.404,34.031],[-85.391,34.066],[-85.398,34.09],[-85.398,34.179],[-85.407,34.206],[-85.412,34.316],[-85.426,34.316],[-85.424,34.405],[-85.435,34.425],[-85.437,34.453],[-85.426,34.554],[-85.353,34.555],[-85.317,34.548],[-85.285,34.562],[-85.265,34.562],[-85.258,34.56],[-85.257,34.525],[-85.236,34.525],[-85.236,34.554],[-85.211,34.55],[-85.22,34.53],[-85.207,34.514],[-85.196,34.475],[-85.188,34.43],[-85.199,34.392],[-85.195,34.353],[-85.182,34.332],[-85.193,34.33],[-85.199,34.312],[-85.182,34.297],[-85.287,34.297],[-85.287,34.189],[-85.147,34.188],[-85.123,34.171],[-84.977,34.175],[-84.971,34.191],[-84.959,34.191],[-84.902,34.171],[-84.883,34.177],[-84.878,34.169],[-84.846,34.18],[-84.841,34.192],[-84.823,34.192],[-84.828,34.203],[-84.82,34.207],[-84.806,34.203],[-84.802,34.219],[-84.806,34.235],[-84.819,34.231],[-84.857,34.245],[-84.867,34.272],[-84.867,34.308],[-84.874,34.309],[-84.868,34.492],[-84.878,34.501],[-84.869,34.52],[-84.875,34.537],[-84.876,34.709],[-84.864,34.712],[-84.86,34.725],[-84.874,34.735],[-84.874,34.768],[-84.836,34.782],[-84.836,34.788],[-84.819,34.791],[-84.819,34.782],[-84.806,34.782],[-84.799,34.807],[-84.878,34.809],[-84.879,34.845],[-84.869,34.845],[-84.869,34.867],[-85.04,34.866],[-85.045,34.877],[-85.086,34.902],[-85.154,34.905],[-85.156,34.964],[-85.132,34.976],[-85.129,35.111],[-85.148,35.121],[-85.148,35.128],[-85.214,35.161],[-85.211,35.19],[-85.242,35.186],[-85.24,35.178],[-85.273,35.163],[-85.328,35.121],[-85.328,35.113],[-85.35,35.126],[-85.358,35.146],[-85.382,35.143],[-85.395,35.148],[-85.397,35.158],[-85.415,35.159],[-85.417,35.151],[-85.431,35.147],[-85.43,35.165],[-85.448,35.167],[-85.453,35.147],[-85.464,35.147],[-85.464,35.161],[-85.482,35.163],[-85.483,35.142],[-85.516,35.109],[-85.507,35.045],[-85.498,35.032],[-85.507,34.988],[-85.507,34.917],[-85.498,34.914],[-85.496,34.902],[-85.496,34.86],[-85.507,34.852],[-85.507,34.832],[-85.5,34.832],[-85.496,34.819],[-85.502,34.769],[-85.496,34.75],[-85.504,34.72],[-85.496,34.719],[-85.496,34.699],[-85.504,34.683],[-85.666,34.674],[-85.692,34.66],[-85.774,34.665],[-85.821,34.641],[-85.821,34.6],[-85.833,34.55],[-85.832,34.531],[-85.825,34.529],[-85.839,34.503],[-85.829,34.483],[-85.821,34.416],[-85.829,34.343],[-85.825,34.315],[-85.838,34.249],[-85.825,34.229],[-85.825,34.187],[-85.836,34.142],[-85.832,34.114],[-85.85,34.108],[-85.858,34.011],[-85.86,34.03],[-86.075,34.03],[-86.068,34.055],[-86.075,34.114],[-86.07,34.635],[-86.089,34.641],[-86.09,34.654],[-86.105,34.655],[-86.109,34.641],[-86.125,34.639],[-86.125,34.656],[-86.134,34.661],[-86.145,34.66],[-86.147,34.641],[-86.156,34.639],[-86.163,34.641],[-86.164,34.663],[-86.178,34.665],[-86.184,34.641],[-86.196,34.639],[-86.196,34.655],[-86.208,34.659],[-86.218,34.657],[-86.219,34.637],[-86.225,34.637],[-86.243,34.666],[-86.255,34.663],[-86.256,34.648],[-86.269,34.645],[-86.273,34.658],[-86.292,34.655],[-86.289,34.635],[-86.309,34.637],[-86.31,34.659],[-86.318,34.66],[-86.325,34.658],[-86.326,34.64],[-86.343,34.638],[-86.348,34.655],[-86.364,34.658],[-86.364,34.637],[-86.396,34.639],[-86.406,34.66],[-86.412,34.901],[-86.478,34.895],[-86.479,34.901],[-86.504,34.903],[-86.509,34.895],[-86.535,34.894],[-86.539,34.902],[-86.575,34.903],[-86.59,34.903],[-86.59,34.895],[-86.634,34.903],[-86.652,34.895],[-86.652,34.901],[-86.668,34.902],[-86.685,34.896],[-86.804,34.904],[-86.822,34.898],[-86.825,34.904],[-86.839,34.898],[-86.852,34.904],[-86.992,34.897],[-87.064,34.902],[-87.069,34.842],[-87.075,34.839],[-87.098,34.724],[-87.106,34.718],[-87.105,34.696],[-87.095,34.694],[-87.094,34.685],[-87.108,34.672],[-87.115,34.63],[-87.145,34.629],[-87.145,34.62]],[[-85.345,35.037],[-85.345,35.045],[-85.334,35.047],[-85.336,35.065],[-85.321,35.084],[-85.301,35.085],[-85.28,35.074],[-85.269,35.078],[-85.257,35.064],[-85.246,35.063],[-85.262,35.014],[-85.279,35.006],[-85.328,35.011],[-85.345,35.037]],[[-85.257,34.904],[-85.242,34.905],[-85.244,34.894],[-85.253,34.894],[-85.257,34.904]],[[-85.222,34.896],[-85.221,34.905],[-85.161,34.905],[-85.178,34.867],[-85.184,34.867],[-85.188,34.888],[-85.215,34.886],[-85.222,34.896]]]}},{"type":"Feature","properties":{},"geometry":{"type":"Polygon","coordinates":[[[-86.939,34.1],[-86.795,34.09],[-86.793,34.279],[-86.939,34.281],[-86.939,34.1]]]}},{"type":"Feature","properties":{},"geometry":{"type":"Polygon","coordinates":[[[-86.638,30.678],[-86.484,30.678],[-86.484,30.844],[-86.637,30.844],[-86.638,30.678]]]}},{"type":"Feature","properties":{},"geometry":{"type":"Polygon","coordinates":[[[-86.537,32.228],[-86.526,32.208],[-86.501,32.199],[-86.497,32.172],[-86.468,32.173],[-86.458,32.166],[-86.439,32.174],[-86.384,32.174],[-86.357,32.19],[-86.347,32.181],[-86.317,32.176],[-86.314,32.163],[-86.226,32.171],[-86.221,32.183],[-86.2,32.186],[-86.134,32.177],[-86.114,32.186],[-86.111,32.179],[-86.059,32.173],[-86.026,32.178],[-86.022,32.314],[-86.028,32.324],[-86.026,32.36],[-86.033,32.361],[-86.034,32.371],[-86.028,32.374],[-86.026,32.401],[-86.026,32.562],[-86.033,32.57],[-86.022,32.644],[-86.027,32.71],[-86.077,32.731],[-86.098,32.723],[-86.156,32.731],[-86.163,32.719],[-86.174,32.719],[-86.196,32.73],[-86.233,32.727],[-86.248,32.739],[-86.272,32.731],[-86.317,32.74],[-86.381,32.726],[-86.438,32.739],[-86.512,32.732],[-86.515,32.719],[-86.53,32.71],[-86.534,32.47],[-86.526,32.363],[-86.534,32.302],[-86.526,32.245],[-86.537,32.228]]]}},{"type":"Feature","properties":{},"geometry":{"type":"Polygon","coordinates":[[[-86.001,31.75],[-85.93,31.75],[-85.931,31.832],[-86.001,31.832],[-86.001,31.75]]]}},{"type":"Feature","properties":{},"geometry":{"type":"Polygon","coordinates":[[[-85.983,31.002],[-85.974,30.956],[-85.928,30.955],[-85.917,30.965],[-85.903,30.956],[-85.85,30.958],[-85.85,30.952],[-85.809,30.951],[-85.784,30.941],[-85.644,30.956],[-85.643,30.945],[-85.512,30.943],[-85.292,30.952],[-85.283,30.975],[-85.275,31.252],[-85.281,31.264],[-85.281,31.547],[-85.331,31.57],[-85.588,31.566],[-85.691,31.574],[-85.884,31.574],[-85.891,31.564],[-85.963,31.573],[-85.974,31.568],[-85.975,31.449],[-85.968,31.431],[-85.976,31.367],[-85.972,31.189],[-85.983,31.002]]]}},{"type":"Feature","properties":{},"geometry":{"type":"Polygon","coordinates":[[[-85.622,32.706],[-85.61,32.622],[-85.607,32.451],[-85.603,32.423],[-85.59,32.41],[-85.568,32.403],[-85.479,32.404],[-85.382,32.386],[-85.367,32.392],[-85.285,32.386],[-85.258,32.403],[-85.244,32.427],[-85.239,32.485],[-85.247,32.519],[-85.246,32.622],[-85.253,32.632],[-85.254,32.705],[-85.244,32.704],[-85.232,32.701],[-85.231,32.68],[-85.236,32.619],[-85.226,32.387],[-85.231,32.258],[-85.158,32.273],[-85.14,32.255],[-85.048,32.253],[-84.989,32.243],[-84.757,32.256],[-84.757,32.78],[-84.777,32.783],[-84.787,32.764],[-84.799,32.763],[-84.82,32.775],[-84.957,32.771],[-85.001,32.779],[-85.049,32.762],[-85.137,32.763],[-85.128,32.786],[-85.053,32.87],[-85.033,32.92],[-85.008,32.929],[-84.956,33.011],[-84.948,33.021],[-84.937,33.021],[-84.931,33.049],[-84.945,33.058],[-84.935,33.095],[-84.941,33.1],[-85.003,33.112],[-85.045,33.108],[-85.074,33.08],[-85.078,33.06],[-85.095,33.036],[-85.111,33.034],[-85.119,33.001],[-85.151,32.998],[-85.165,32.989],[-85.173,32.959],[-85.187,32.948],[-85.182,32.943],[-85.195,32.936],[-85.2,32.922],[-85.224,32.912],[-85.233,32.888],[-85.254,32.868],[-85.277,32.858],[-85.339,32.78],[-85.545,32.786],[-85.612,32.778],[-85.622,32.706]]]}},{"type":"Feature","properties":{},"geometry":{"type":"Polygon","coordinates":[[[-85.184,33.707],[-85.181,33.657],[-85.158,33.656],[-85.159,33.645],[-85.15,33.639],[-85.148,33.517],[-85.137,33.512],[-84.99,33.509],[-84.99,33.585],[-84.96,33.599],[-84.9,33.583],[-84.902,33.543],[-84.89,33.456],[-84.831,33.456],[-84.799,33.464],[-84.768,33.454],[-84.727,33.459],[-84.661,33.454],[-84.615,33.462],[-84.621,33.477],[-84.624,33.667],[-84.618,33.722],[-84.628,33.73],[-84.619,33.743],[-84.629,33.769],[-84.619,33.809],[-84.629,33.843],[-84.624,33.849],[-84.67,33.859],[-84.9,33.859],[-84.922,33.834],[-84.941,33.827],[-84.949,33.833],[-85.062,33.829],[-85.064,33.76],[-85.074,33.76],[-85.084,33.748],[-85.172,33.752],[-85.184,33.744],[-85.184,33.707]]]}},{"type":"Feature","properties":{},"geometry":{"type":"Polygon","coordinates":[[[-90.051,35.33],[-90.032,35.336],[-89.968,35.399],[-90.007,35.404],[-90.036,35.392],[-90.051,35.33]]]}},{"type":"Feature","properties":{},"geometry":{"type":"Polygon","coordinates":[[[-90.011,38.454],[-89.942,38.448],[-89.935,38.46],[-89.907,38.461],[-89.901,38.468],[-89.798,38.455],[-89.798,38.468],[-89.78,38.466],[-89.776,38.486],[-89.753,38.483],[-89.751,38.564],[-89.756,38.651],[-89.776,38.652],[-89.772,38.754],[-89.776,38.743],[-89.768,38.782],[-89.778,38.782],[-89.773,38.834],[-89.837,38.835],[-89.864,38.85],[-89.902,38.846],[-89.968,38.857],[-89.97,38.938],[-90.011,38.958],[-90.011,38.454]]]}},{"type":"Feature","properties":{},"geometry":{"type":"Polygon","coordinates":[[[-90.006,38.957],[-89.975,38.947],[-89.975,39.004],[-90.006,39.009],[-90.006,38.957]]]}},{"type":"Feature","properties":{},"geometry":{"type":"Polygon","coordinates":[[[-90.003,35.202],[-89.918,35.201],[-89.924,35.142],[-89.915,35.131],[-89.923,35.115],[-89.919,35.034],[-89.926,35.024],[-89.927,34.992],[-89.922,34.935],[-89.798,34.94],[-89.793,34.966],[-89.669,34.973],[-89.611,34.967],[-89.573,34.976],[-89.565,35.014],[-89.544,35.034],[-89.539,35.065],[-89.519,35.095],[-89.51,35.132],[-89.493,35.139],[-89.497,35.154],[-89.484,35.156],[-89.466,35.178],[-89.473,35.183],[-89.469,35.203],[-89.444,35.247],[-89.474,35.257],[-89.475,35.266],[-89.497,35.276],[-89.495,35.285],[-89.51,35.29],[-89.51,35.302],[-89.543,35.318],[-89.543,35.33],[-89.558,35.33],[-89.6,35.361],[-89.604,35.376],[-89.635,35.391],[-89.635,35.404],[-89.684,35.434],[-89.69,35.449],[-89.707,35.453],[-89.707,35.46],[-89.739,35.477],[-89.736,35.481],[-89.812,35.501],[-89.864,35.5],[-89.896,35.479],[-89.964,35.391],[-89.995,35.369],[-90.003,35.202]],[[-89.881,35.188],[-89.872,35.196],[-89.86,35.176],[-89.85,35.175],[-89.852,35.163],[-89.86,35.163],[-89.86,35.172],[-89.881,35.188]]]}},{"type":"Feature","properties":{},"geometry":{"type":"Polygon","coordinates":[[[-89.843,39.988],[-89.839,39.966],[-89.831,39.961],[-89.827,39.888],[-89.827,39.61],[-89.565,39.605],[-89.442,39.615],[-89.43,39.652],[-89.436,39.653],[-89.431,39.734],[-89.442,39.734],[-89.434,39.746],[-89.434,39.787],[-89.447,39.797],[-89.442,39.99],[-89.462,39.99],[-89.46,40.008],[-89.485,40.008],[-89.485,40.014],[-89.506,40.021],[-89.775,40.028],[-89.794,40.02],[-89.794,40.01],[-89.839,40.004],[-89.843,39.988]]]}},{"type":"Feature","properties":{},"geometry":{"type":"Polygon","coordinates":[[[-89.756,37.382],[-89.747,37.208],[-89.754,37.112],[-89.725,37.102],[-89.672,37.1],[-89.669,37.106],[-89.655,37.098],[-89.587,37.103],[-89.573,37.094],[-89.511,37.104],[-89.497,37.095],[-89.32,37.094],[-89.28,37.11],[-89.271,37.13],[-89.283,37.189],[-89.283,37.335],[-88.879,37.335],[-88.838,37.39],[-88.846,37.448],[-88.844,37.724],[-88.855,37.812],[-88.846,37.907],[-88.863,37.911],[-88.868,37.902],[-88.871,37.911],[-88.874,38.05],[-88.971,38.051],[-88.995,38.028],[-88.993,37.89],[-89.322,37.901],[-89.333,37.893],[-89.342,37.874],[-89.342,37.83],[-89.377,37.825],[-89.385,37.758],[-89.382,37.741],[-89.334,37.733],[-89.335,37.711],[-89.368,37.715],[-89.379,37.704],[-89.396,37.722],[-89.449,37.724],[-89.506,37.708],[-89.559,37.716],[-89.581,37.706],[-89.613,37.713],[-89.753,37.711],[-89.754,37.64],[-89.747,37.61],[-89.756,37.448],[-89.75,37.389],[-89.756,37.382]],[[-89.276,37.681],[-89.15,37.684],[-89.18,37.681],[-89.276,37.681]]]}},{"type":"Feature","properties":{},"geometry":{"type":"Polygon","coordinates":[[[-89.037,39.742],[-89.01,39.742],[-89.01,39.723],[-88.835,39.726],[-88.845,39.784],[-88.835,39.791],[-88.838,39.951],[-89.008,39.953],[-89.008,39.944],[-89.037,39.943],[-89.037,39.742]]]}},{"type":"Feature","properties":{},"geometry":{"type":"Polygon","coordinates":[[[-88.888,35.648],[-88.877,35.61],[-88.879,35.566],[-88.873,35.553],[-88.879,35.53],[-88.764,35.53],[-88.767,35.61],[-88.754,35.619],[-88.759,35.664],[-88.75,35.689],[-88.753,35.716],[-88.767,35.723],[-88.764,35.789],[-88.877,35.789],[-88.877,35.718],[-88.888,35.719],[-88.888,35.648]]]}},{"type":"Feature","properties":{},"geometry":{"type":"Polygon","coordinates":[[[-88.837,36.737],[-88.826,36.718],[-88.775,36.715],[-88.768,36.723],[-88.717,36.726],[-88.71,36.717],[-88.683,36.723],[-88.664,36.715],[-88.638,36.722],[-88.548,36.711],[-88.535,36.721],[-88.504,36.726],[-88.489,36.785],[-88.492,37.017],[-88.437,37.022],[-88.436,37.104],[-88.485,37.106],[-88.493,37.252],[-88.484,37.314],[-88.488,37.349],[-88.628,37.356],[-88.647,37.366],[-88.752,37.356],[-88.783,37.365],[-88.796,37.383],[-88.82,37.382],[-88.831,37.29],[-88.819,37.28],[-88.816,37.265],[-88.83,37.255],[-88.82,37.203],[-88.83,37.165],[-88.818,37.076],[-88.824,36.965],[-88.813,36.93],[-88.824,36.887],[-88.816,36.765],[-88.837,36.737]]]}},{"type":"Feature","properties":{},"geometry":{"type":"Polygon","coordinates":[[[-88.605,34.553],[-88.601,34.546],[-88.577,34.544],[-88.569,34.554],[-88.559,34.53],[-88.542,34.529],[-88.54,34.544],[-88.524,34.55],[-88.517,34.528],[-88.504,34.527],[-88.5,34.544],[-88.489,34.552],[-88.483,34.529],[-88.466,34.526],[-88.462,34.552],[-88.447,34.552],[-88.443,34.53],[-88.423,34.53],[-88.421,34.553],[-88.408,34.553],[-88.404,34.534],[-88.386,34.53],[-88.382,34.553],[-88.349,34.577],[-88.342,34.658],[-88.349,35.045],[-88.341,35.064],[-88.349,35.137],[-88.363,35.14],[-88.37,35.163],[-88.386,35.165],[-88.391,35.149],[-88.4,35.146],[-88.423,35.152],[-88.439,35.147],[-88.445,35.165],[-88.454,35.166],[-88.463,35.165],[-88.466,35.147],[-88.478,35.142],[-88.507,35.155],[-88.509,35.147],[-88.555,35.142],[-88.605,35.15],[-88.605,34.553]]]}},{"type":"Feature","properties":{},"geometry":{"type":"Polygon","coordinates":[[[-88.374,39.908],[-88.37,39.855],[-88.359,39.836],[-88.358,39.815],[-88.336,39.806],[-88.334,39.821],[-88.323,39.822],[-88.319,39.801],[-88.304,39.791],[-88.294,39.799],[-88.294,39.819],[-88.282,39.82],[-88.274,39.787],[-88.266,39.785],[-88.257,39.796],[-88.255,39.819],[-88.242,39.82],[-88.23,39.784],[-88.216,39.79],[-88.215,39.816],[-88.2,39.819],[-88.195,39.781],[-88.178,39.777],[-88.171,39.82],[-88.157,39.822],[-88.153,39.799],[-88.139,39.792],[-88.132,39.795],[-88.131,39.817],[-88.121,39.819],[-88.112,39.797],[-88.094,39.799],[-88.091,39.819],[-88.075,39.822],[-88.072,39.804],[-88.053,39.804],[-88.05,39.82],[-88.032,39.82],[-88.027,39.802],[-88.011,39.807],[-88.009,39.82],[-87.994,39.821],[-87.99,39.81],[-87.979,39.811],[-87.984,39.918],[-88.374,39.918],[-88.374,39.908]]]}},{"type":"Feature","properties":{},"geometry":{"type":"Polygon","coordinates":[[[-87.819,37.843],[-87.808,37.835],[-87.8,37.812],[-87.796,37.767],[-87.777,37.75],[-87.696,37.751],[-87.67,37.742],[-87.424,37.761],[-87.388,37.78],[-87.292,37.884],[-87.223,37.933],[-87.201,38.039],[-87.201,38.156],[-87.344,38.165],[-87.453,38.155],[-87.79,38.155],[-87.789,38.086],[-87.81,38.086],[-87.819,37.843]]]}},{"type":"Feature","properties":{},"geometry":{"type":"Polygon","coordinates":[[[-87.744,39.537],[-87.735,39.499],[-87.737,39.443],[-87.729,39.432],[-87.737,39.396],[-87.727,39.381],[-87.73,39.318],[-87.67,39.311],[-87.516,39.318],[-87.44,39.314],[-87.44,39.307],[-87.425,39.306],[-87.425,39.314],[-87.406,39.314],[-87.402,39.302],[-87.385,39.301],[-87.378,39.313],[-87.299,39.316],[-87.271,39.324],[-87.277,39.329],[-87.273,39.367],[-87.281,39.415],[-87.275,39.536],[-87.28,39.607],[-87.289,39.613],[-87.278,39.655],[-87.284,39.7],[-87.277,39.717],[-87.284,39.739],[-87.28,39.775],[-87.345,39.794],[-87.377,39.781],[-87.378,39.792],[-87.428,39.794],[-87.444,39.791],[-87.447,39.78],[-87.475,39.777],[-87.49,39.791],[-87.531,39.795],[-87.653,39.787],[-87.671,39.793],[-87.687,39.785],[-87.693,39.795],[-87.731,39.799],[-87.741,39.767],[-87.733,39.758],[-87.733,39.735],[-87.741,39.73],[-87.737,39.658],[-87.744,39.626],[-87.738,39.577],[-87.744,39.537]]]}},{"type":"Feature","properties":{},"geometry":{"type":"Polygon","coordinates":[[[-87.619,36.234],[-87.615,36.218],[-87.573,36.191],[-87.565,36.191],[-87.561,36.201],[-87.528,36.191],[-87.523,36.2],[-87.51,36.202],[-87.487,36.195],[-87.479,36.206],[-87.447,36.198],[-87.402,36.202],[-87.387,36.218],[-87.384,36.243],[-87.373,36.249],[-87.362,36.175],[-87.333,36.175],[-87.323,36.179],[-87.326,36.192],[-87.319,36.2],[-87.29,36.196],[-87.245,36.203],[-87.241,36.311],[-87.209,36.332],[-87.201,36.357],[-87.189,36.36],[-87.182,36.352],[-87.177,36.366],[-87.168,36.367],[-87.146,36.357],[-87.13,36.365],[-87.128,36.358],[-87.157,36.348],[-87.161,36.312],[-87.159,36.179],[-87.153,36.176],[-87.149,36.13],[-87.152,35.99],[-87.137,35.958],[-87.153,35.938],[-87.144,35.926],[-87.148,35.857],[-87.141,35.796],[-87.148,35.778],[-87.141,35.709],[-87.181,35.692],[-87.256,35.697],[-87.274,35.662],[-87.307,35.631],[-87.336,35.643],[-87.391,35.636],[-87.389,35.139],[-87.197,35.142],[-87.12,35.132],[-87.086,35.142],[-86.99,35.132],[-86.958,35.137],[-86.939,35.156],[-86.938,35.47],[-86.949,35.47],[-86.949,35.649],[-86.852,35.652],[-86.848,35.685],[-86.53,35.67],[-86.425,35.676],[-86.423,35.682],[-86.306,35.7],[-86.273,35.718],[-86.229,35.729],[-86.233,36.121],[-86.232,36.136],[-86.215,36.139],[-86.218,36.279],[-86.226,36.302],[-86.219,36.441],[-86.226,36.521],[-86.218,36.602],[-86.226,36.644],[-86.221,36.697],[-86.248,36.727],[-86.292,36.731],[-86.313,36.721],[-86.38,36.729],[-86.421,36.719],[-86.484,36.727],[-86.587,36.718],[-86.594,36.73],[-86.762,36.729],[-86.832,36.748],[-86.868,36.736],[-87.061,36.752],[-87.104,36.751],[-87.119,36.742],[-87.123,36.78],[-87.144,36.795],[-87.205,36.803],[-87.326,36.787],[-87.344,36.794],[-87.421,36.791],[-87.45,36.797],[-87.529,36.786],[-87.561,36.794],[-87.602,36.781],[-87.612,36.775],[-87.613,36.753],[-87.602,36.722],[-87.609,36.7],[-87.615,36.546],[-87.602,36.527],[-87.609,36.513],[-87.604,36.452],[-87.612,36.417],[-87.601,36.371],[-87.615,36.342],[-87.606,36.286],[-87.619,36.234]],[[-87.428,36.535],[-87.428,36.542],[-87.388,36.542],[-87.387,36.534],[-87.428,36.535]],[[-87.387,36.501],[-87.274,36.505],[-87.219,36.5],[-87.218,36.494],[-87.381,36.493],[-87.387,36.501]]]}},{"type":"Feature","properties":{},"geometry":{"type":"Polygon","coordinates":[[[-87.241,37.71],[-87.198,37.71],[-87.198,37.701],[-86.944,37.702],[-86.946,37.787],[-87.241,37.788],[-87.241,37.71]]]}},{"type":"Feature","properties":{},"geometry":{"type":"Polygon","coordinates":[[[-87.056,38.109],[-87.043,38.077],[-87.045,37.944],[-87.027,37.938],[-87.027,37.925],[-87.006,37.915],[-86.991,37.921],[-86.986,37.913],[-86.961,37.913],[-86.96,37.921],[-86.9,37.923],[-86.898,37.911],[-86.889,37.911],[-86.88,37.924],[-86.869,37.924],[-86.862,37.923],[-86.861,37.911],[-86.841,37.91],[-86.836,37.927],[-86.822,37.926],[-86.818,37.907],[-86.804,37.908],[-86.8,37.925],[-86.781,37.925],[-86.781,37.91],[-86.765,37.908],[-86.759,37.91],[-86.759,37.926],[-86.743,37.925],[-86.743,37.915],[-86.726,37.912],[-86.719,37.914],[-86.719,37.926],[-86.684,37.934],[-86.685,38.145],[-86.693,38.169],[-86.686,38.207],[-86.688,38.278],[-86.679,38.286],[-86.686,38.331],[-86.678,38.337],[-86.679,38.432],[-86.468,38.441],[-86.431,38.435],[-86.429,38.411],[-86.417,38.405],[-86.409,38.433],[-86.392,38.435],[-86.388,38.413],[-86.373,38.411],[-86.37,38.433],[-86.357,38.435],[-86.355,38.42],[-86.34,38.412],[-86.329,38.44],[-86.295,38.444],[-86.3,38.472],[-86.289,38.492],[-86.298,38.667],[-86.285,38.728],[-86.285,38.96],[-86.292,38.97],[-86.289,39.002],[-86.299,39.02],[-86.3,39.062],[-86.292,39.117],[-86.298,39.269],[-86.289,39.288],[-86.293,39.311],[-86.147,39.314],[-86.114,39.33],[-86.118,39.356],[-86.107,39.369],[-86.059,39.375],[-86.055,39.346],[-86.012,39.339],[-85.989,39.32],[-85.887,39.319],[-85.85,39.359],[-85.838,39.399],[-85.846,39.433],[-85.843,39.48],[-85.854,39.504],[-85.849,39.544],[-85.871,39.594],[-85.868,39.64],[-85.844,39.64],[-85.832,39.618],[-85.838,39.604],[-85.822,39.598],[-85.81,39.622],[-85.718,39.619],[-85.705,39.625],[-85.676,39.616],[-85.667,39.626],[-85.662,39.599],[-85.638,39.605],[-85.634,39.622],[-85.618,39.626],[-85.611,39.466],[-85.592,39.453],[-85.527,39.448],[-85.158,39.455],[-85.145,39.466],[-85.136,39.513],[-85.144,39.435],[-85.125,39.434],[-85.123,39.445],[-85.101,39.449],[-85.097,39.425],[-85.082,39.424],[-85.079,39.446],[-85.062,39.447],[-85.062,39.192],[-85.058,39.173],[-85.047,39.169],[-84.733,39.173],[-84.721,39.224],[-84.648,39.227],[-84.646,39.299],[-84.639,39.314],[-84.646,39.465],[-84.619,39.475],[-84.769,39.477],[-84.766,39.784],[-84.772,39.901],[-85.155,39.901],[-85.155,40.006],[-85.154,40.016],[-85.145,40.017],[-85.144,40.039],[-85.177,40.05],[-85.254,40.057],[-85.303,40.051],[-85.307,40.042],[-85.361,40.028],[-85.369,40.018],[-85.39,40.018],[-85.402,40.004],[-85.446,39.994],[-85.45,39.984],[-85.49,39.981],[-85.491,39.971],[-85.511,39.975],[-85.513,39.958],[-85.52,39.955],[-85.534,39.956],[-85.537,39.969],[-85.551,39.969],[-85.553,39.952],[-85.573,39.951],[-85.573,39.958],[-85.599,39.962],[-85.6,39.955],[-85.616,39.955],[-85.616,39.964],[-85.629,39.967],[-85.615,39.983],[-85.615,40.091],[-85.621,40.091],[-85.623,40.111],[-85.616,40.119],[-85.614,40.157],[-85.616,40.586],[-85.625,40.612],[-85.68,40.637],[-85.751,40.616],[-85.769,40.604],[-85.791,40.568],[-85.792,39.935],[-85.809,39.951],[-85.828,39.951],[-85.828,39.98],[-85.88,39.973],[-85.881,39.967],[-85.91,39.972],[-85.916,39.974],[-85.913,39.998],[-85.921,40.006],[-85.987,40.026],[-86.1,40.042],[-86.109,40.051],[-86.149,40.057],[-86.158,40.055],[-86.164,40.039],[-86.208,40.018],[-86.298,40.02],[-86.296,39.955],[-86.405,39.956],[-86.413,39.941],[-86.442,39.955],[-86.46,39.944],[-86.548,39.955],[-86.552,39.935],[-86.561,39.933],[-86.572,39.934],[-86.574,39.953],[-86.605,39.951],[-86.612,39.924],[-86.622,39.915],[-86.626,39.879],[-86.609,39.858],[-86.609,39.733],[-86.62,39.726],[-86.626,39.681],[-86.618,39.681],[-86.609,39.647],[-86.563,39.646],[-86.56,39.539],[-86.656,39.541],[-86.73,39.533],[-86.74,39.505],[-86.738,39.449],[-86.745,39.434],[-86.736,39.365],[-86.745,39.279],[-86.733,39.204],[-86.736,39.08],[-86.747,39.065],[-86.744,39.013],[-86.751,38.996],[-86.743,38.96],[-86.749,38.925],[-86.738,38.772],[-86.743,38.672],[-86.734,38.624],[-86.743,38.558],[-86.736,38.52],[-86.744,38.528],[-86.777,38.52],[-86.795,38.534],[-86.819,38.525],[-86.832,38.532],[-86.876,38.532],[-86.894,38.515],[-86.942,38.517],[-86.958,38.525],[-86.982,38.515],[-87.047,38.509],[-87.049,38.331],[-87.041,38.281],[-87.047,38.28],[-87.045,38.201],[-87.054,38.2],[-87.056,38.191],[-87.045,38.19],[-87.047,38.169],[-87.038,38.159],[-87.039,38.139],[-87.052,38.139],[-87.056,38.109]],[[-86.292,39.879],[-86.272,39.881],[-86.269,39.874],[-86.287,39.871],[-86.292,39.879]],[[-86.147,39.896],[-86.122,39.897],[-86.089,39.886],[-86.083,39.877],[-86.122,39.881],[-86.122,39.887],[-86.14,39.887],[-86.147,39.896]]]}},{"type":"Feature","properties":{},"geometry":{"type":"Polygon","coordinates":[[[-86.517,36.879],[-86.451,36.88],[-86.429,36.864],[-86.353,36.862],[-86.353,37.054],[-86.429,37.055],[-86.45,37.039],[-86.517,37.037],[-86.517,36.879]]]}},{"type":"Feature","properties":{},"geometry":{"type":"Polygon","coordinates":[[[-86.425,35.232],[-86.417,35.087],[-86.403,35.068],[-86.368,35.06],[-86.302,35.064],[-86.3,35.057],[-86.185,35.063],[-86.184,35.039],[-86.171,35.038],[-86.163,35.061],[-86.147,35.061],[-86.147,35.036],[-86.125,35.04],[-86.125,35.065],[-86.109,35.064],[-86.109,35.034],[-86.093,35.032],[-86.087,35.06],[-86.072,35.06],[-86.071,35.032],[-86.06,35.029],[-86.053,35.057],[-86.038,35.059],[-86.037,35.045],[-86.022,35.034],[-86.015,35.061],[-85.983,35.068],[-85.976,35.242],[-85.979,35.562],[-85.991,35.566],[-85.997,35.583],[-86.078,35.589],[-86.072,35.605],[-86.089,35.606],[-86.092,35.589],[-86.133,35.595],[-86.133,35.589],[-86.147,35.589],[-86.149,35.597],[-86.159,35.597],[-86.166,35.584],[-86.18,35.583],[-86.184,35.601],[-86.203,35.603],[-86.204,35.587],[-86.212,35.583],[-86.252,35.589],[-86.254,35.583],[-86.272,35.583],[-86.27,35.596],[-86.28,35.596],[-86.284,35.584],[-86.321,35.595],[-86.324,35.583],[-86.351,35.584],[-86.364,35.593],[-86.366,35.583],[-86.376,35.58],[-86.38,35.593],[-86.401,35.594],[-86.401,35.584],[-86.416,35.578],[-86.417,35.55],[-86.423,35.551],[-86.423,35.539],[-86.417,35.539],[-86.424,35.482],[-86.418,35.404],[-86.423,35.351],[-86.417,35.342],[-86.425,35.232]]]}},{"type":"Feature","properties":{},"geometry":{"type":"Polygon","coordinates":[[[-86.241,38.567],[-86.221,38.227],[-86.222,38.146],[-86.23,38.109],[-86.222,38.09],[-86.193,38.078],[-86.171,38.078],[-86.167,38.053],[-86.141,38.055],[-86.104,38.042],[-86.1,38.025],[-86.081,38.008],[-86.087,38.004],[-86.101,38.012],[-86.122,37.955],[-86.112,37.934],[-86.122,37.919],[-86.108,37.895],[-86.114,37.892],[-86.118,37.771],[-86.109,37.688],[-86.114,37.615],[-86.105,37.571],[-86.105,37.418],[-86.066,37.401],[-86.063,37.409],[-85.984,37.401],[-85.974,37.407],[-85.967,37.399],[-85.942,37.397],[-85.942,37.407],[-85.912,37.404],[-85.903,37.412],[-85.844,37.418],[-85.805,37.414],[-85.779,37.42],[-85.746,37.401],[-85.674,37.417],[-85.666,37.473],[-85.67,37.892],[-85.682,37.919],[-85.67,37.999],[-85.691,38.01],[-85.545,37.985],[-85.491,37.992],[-85.449,37.985],[-85.375,37.99],[-85.386,38.053],[-85.387,38.125],[-85.376,38.139],[-85.368,38.179],[-85.367,38.239],[-85.361,38.271],[-85.343,38.28],[-85.349,38.295],[-85.309,38.291],[-85.287,38.297],[-85.276,38.329],[-85.279,38.361],[-85.269,38.373],[-85.277,38.392],[-85.272,38.413],[-85.279,38.455],[-85.269,38.505],[-85.273,38.546],[-85.296,38.556],[-85.353,38.55],[-85.512,38.56],[-85.54,38.551],[-85.711,38.551],[-85.717,38.559],[-85.769,38.561],[-85.862,38.561],[-85.897,38.554],[-85.909,38.599],[-85.943,38.598],[-85.983,38.608],[-86.045,38.606],[-86.118,38.591],[-86.18,38.602],[-86.21,38.593],[-86.228,38.604],[-86.241,38.567]]]}},{"type":"Feature","properties":{},"geometry":{"type":"Polygon","coordinates":[[[-85.979,39.255],[-85.978,39.111],[-85.831,39.111],[-85.832,39.307],[-85.979,39.307],[-85.979,39.255]]]}},{"type":"Feature","properties":{},"geometry":{"type":"Polygon","coordinates":[[[-85.649,37.423],[-85.641,37.415],[-85.637,37.34],[-85.645,37.266],[-85.637,37.211],[-85.638,37.039],[-85.637,37.033],[-85.618,37.031],[-85.614,37.012],[-85.599,37.012],[-85.596,37.026],[-85.573,37.032],[-85.288,37.037],[-85.181,37.03],[-85.178,37.011],[-85.166,37.007],[-85.161,37.026],[-85.148,37.03],[-85.14,37.017],[-85.129,37.016],[-85.114,37.03],[-85.09,37.03],[-85.088,37.089],[-85.079,37.117],[-85.084,37.134],[-85.07,37.142],[-85.066,37.375],[-85.058,37.431],[-85.064,37.494],[-85.177,37.497],[-85.188,37.517],[-85.203,37.51],[-85.203,37.501],[-85.22,37.499],[-85.225,37.515],[-85.24,37.515],[-85.246,37.497],[-85.261,37.497],[-85.265,37.518],[-85.277,37.521],[-85.287,37.494],[-85.312,37.492],[-85.336,37.497],[-85.34,37.512],[-85.354,37.518],[-85.36,37.518],[-85.362,37.498],[-85.428,37.494],[-85.461,37.497],[-85.465,37.515],[-85.479,37.51],[-85.485,37.494],[-85.497,37.493],[-85.504,37.512],[-85.513,37.512],[-85.522,37.494],[-85.533,37.491],[-85.553,37.504],[-85.566,37.493],[-85.637,37.489],[-85.644,37.48],[-85.64,37.452],[-85.649,37.423]]]}},{"type":"Feature","properties":{},"geometry":{"type":"Polygon","coordinates":[[[-85.54,36.117],[-85.453,36.116],[-85.454,36.207],[-85.54,36.208],[-85.54,36.117]]]}},{"type":"Feature","properties":{},"geometry":{"type":"Polygon","coordinates":[[[-85.383,35.156],[-85.379,35.143],[-85.362,35.147],[-85.35,35.126],[-85.329,35.112],[-85.329,35.119],[-85.265,35.168],[-85.248,35.172],[-85.237,35.188],[-85.211,35.19],[-85.211,35.16],[-85.13,35.111],[-85.132,34.976],[-85.154,34.967],[-85.154,34.905],[-85.075,34.905],[-85.075,35.157],[-85.007,35.157],[-85.007,35.167],[-85.053,35.172],[-85.13,35.17],[-85.13,35.204],[-85.036,35.204],[-85.036,35.239],[-85.078,35.234],[-85.074,35.296],[-85.288,35.296],[-85.287,35.243],[-85.246,35.241],[-85.242,35.221],[-85.265,35.221],[-85.269,35.232],[-85.287,35.233],[-85.287,35.185],[-85.279,35.178],[-85.357,35.183],[-85.357,35.172],[-85.36,35.183],[-85.379,35.183],[-85.383,35.156]]]}},{"type":"Feature","properties":{},"geometry":{"type":"Polygon","coordinates":[[[-85.345,35.037],[-85.324,35.011],[-85.279,35.006],[-85.265,35.012],[-85.246,35.059],[-85.266,35.077],[-85.287,35.075],[-85.317,35.085],[-85.334,35.07],[-85.334,35.047],[-85.342,35.047],[-85.345,35.037]]]}},{"type":"Feature","properties":{},"geometry":{"type":"Polygon","coordinates":[[[-85.012,37.716],[-84.99,37.708],[-84.986,37.662],[-84.828,37.654],[-84.685,37.637],[-84.646,37.644],[-84.603,37.634],[-84.514,37.639],[-84.418,37.633],[-84.365,37.643],[-84.364,37.727],[-85.011,37.727],[-85.012,37.716]]]}},{"type":"Feature","properties":{},"geometry":{"type":"Polygon","coordinates":[[[-94.91,39.683],[-94.746,39.683],[-94.746,39.715],[-94.758,39.715],[-94.758,39.767],[-94.746,39.767],[-94.746,39.858],[-94.91,39.858],[-94.91,39.683]]]}},{"type":"Feature","properties":{},"geometry":{"type":"Polygon","coordinates":[[[-94.905,38.847],[-94.901,38.813],[-94.889,38.812],[-94.638,38.811],[-94.638,38.797],[-94.635,38.814],[-94.46,38.814],[-94.459,38.77],[-94.44,38.77],[-94.445,38.651],[-94.454,38.637],[-94.455,38.601],[-94.436,38.584],[-94.348,38.588],[-94.344,38.581],[-94.326,38.586],[-94.318,38.578],[-94.264,38.578],[-94.263,38.571],[-94.224,38.566],[-94.193,38.571],[-94.142,38.56],[-94.125,38.565],[-94.127,38.572],[-94.118,38.572],[-94.112,38.585],[-94.095,38.588],[-93.98,38.588],[-93.984,38.633],[-93.969,38.639],[-93.966,38.711],[-93.955,38.731],[-93.966,38.819],[-93.962,38.857],[-93.951,38.873],[-93.966,38.915],[-93.951,38.976],[-93.974,38.985],[-93.965,39.009],[-93.962,39.078],[-93.951,39.094],[-93.954,39.122],[-93.966,39.13],[-93.947,39.186],[-93.944,39.222],[-93.959,39.264],[-93.955,39.316],[-93.983,39.33],[-93.999,39.368],[-93.992,39.37],[-93.988,39.414],[-93.995,39.431],[-93.988,39.452],[-94.02,39.461],[-94.032,39.484],[-94.044,39.484],[-94.047,39.524],[-94.079,39.527],[-94.092,39.542],[-94.149,39.542],[-94.16,39.535],[-94.2,39.542],[-94.206,39.552],[-94.287,39.56],[-94.292,39.542],[-94.33,39.538],[-94.357,39.551],[-94.375,39.549],[-94.375,39.528],[-94.44,39.528],[-94.447,39.508],[-94.425,39.5],[-94.425,39.475],[-94.444,39.475],[-94.445,39.455],[-94.433,39.437],[-94.433,39.419],[-94.444,39.41],[-94.434,39.375],[-94.436,39.324],[-94.46,39.324],[-94.463,39.186],[-94.613,39.178],[-94.632,39.181],[-94.631,39.202],[-94.705,39.204],[-94.705,39.158],[-94.882,39.158],[-94.881,38.979],[-94.883,38.96],[-94.899,38.959],[-94.904,38.95],[-94.905,38.847]]]}},{"type":"Feature","properties":{},"geometry":{"type":"Polygon","coordinates":[[[-94.643,36.996],[-94.393,36.996],[-94.393,37.062],[-94.29,37.062],[-94.29,37.191],[-94.576,37.194],[-94.577,37.134],[-94.643,37.134],[-94.643,36.996]]]}},{"type":"Feature","properties":{},"geometry":{"type":"Polygon","coordinates":[[[-94.624,36.531],[-94.618,35.976],[-94.602,35.974],[-94.601,35.939],[-94.566,35.941],[-94.537,35.931],[-94.522,35.941],[-94.433,35.941],[-94.412,35.95],[-94.408,35.944],[-94.3,35.952],[-94.281,35.947],[-94.254,35.962],[-94.245,35.992],[-94.217,35.992],[-94.217,35.959],[-94.105,35.96],[-94.105,36.01],[-94.068,36.01],[-94.068,36.183],[-94.084,36.183],[-94.105,36.214],[-94.105,36.284],[-94.091,36.284],[-94.087,36.387],[-94.088,36.395],[-94.105,36.395],[-94.105,36.428],[-94.183,36.427],[-94.183,36.407],[-94.246,36.407],[-94.249,36.51],[-94.282,36.514],[-94.297,36.531],[-94.331,36.534],[-94.338,36.543],[-94.408,36.536],[-94.423,36.552],[-94.463,36.553],[-94.487,36.533],[-94.492,36.542],[-94.525,36.539],[-94.53,36.547],[-94.609,36.547],[-94.622,36.542],[-94.624,36.531]]]}},{"type":"Feature","properties":{},"geometry":{"type":"Polygon","coordinates":[[[-94.482,35.302],[-94.481,35.282],[-94.434,35.282],[-94.437,35.247],[-94.33,35.244],[-94.327,35.282],[-94.227,35.282],[-94.227,35.264],[-94.218,35.264],[-94.218,35.486],[-94.296,35.486],[-94.296,35.499],[-94.33,35.502],[-94.437,35.5],[-94.434,35.486],[-94.482,35.486],[-94.482,35.302]]]}},{"type":"Feature","properties":{},"geometry":{"type":"Polygon","coordinates":[[[-93.619,35.278],[-93.594,35.275],[-93.588,35.262],[-93.587,35.224],[-93.606,35.22],[-93.606,35.211],[-93.588,35.204],[-93.586,35.193],[-93.615,35.19],[-93.615,35.179],[-93.582,35.169],[-93.615,35.159],[-93.615,35.147],[-93.583,35.145],[-93.583,35.133],[-93.601,35.13],[-93.602,35.118],[-93.579,35.117],[-93.579,35.097],[-93.278,35.093],[-93.208,35.099],[-93.157,35.093],[-93.083,35.103],[-92.943,35.094],[-92.902,35.104],[-92.839,35.106],[-92.823,35.112],[-92.823,35.121],[-92.834,35.122],[-92.836,35.13],[-92.788,35.138],[-92.78,35.146],[-92.776,35.175],[-92.825,35.179],[-92.83,35.216],[-92.822,35.218],[-92.819,35.236],[-92.828,35.241],[-92.832,35.282],[-92.828,35.294],[-92.784,35.295],[-92.78,35.305],[-92.829,35.31],[-92.83,35.32],[-92.808,35.324],[-92.808,35.331],[-92.81,35.34],[-92.832,35.342],[-92.834,35.354],[-92.784,35.354],[-92.78,35.369],[-92.823,35.376],[-92.826,35.398],[-92.843,35.402],[-92.973,35.413],[-93.056,35.413],[-93.123,35.402],[-93.286,35.414],[-93.477,35.404],[-93.528,35.407],[-93.531,35.414],[-93.593,35.381],[-93.584,35.369],[-93.587,35.358],[-93.613,35.353],[-93.613,35.339],[-93.583,35.338],[-93.582,35.331],[-93.612,35.324],[-93.615,35.311],[-93.601,35.299],[-93.619,35.29],[-93.619,35.278]]]}},{"type":"Feature","properties":{},"geometry":{"type":"Polygon","coordinates":[[[-93.536,37.653],[-93.521,37.45],[-93.527,36.96],[-93.503,36.965],[-93.502,36.982],[-93.47,36.972],[-93.455,36.986],[-93.448,36.974],[-93.409,36.98],[-93.409,36.969],[-93.387,36.967],[-93.387,36.98],[-93.374,36.983],[-93.362,36.952],[-93.349,36.95],[-93.345,36.967],[-93.334,36.974],[-93.311,36.976],[-93.295,36.988],[-93.262,36.986],[-93.231,36.972],[-93.231,36.93],[-93.244,36.914],[-93.233,36.879],[-93.19,36.87],[-93.182,36.813],[-93.183,36.678],[-93.318,36.679],[-93.319,36.526],[-93.183,36.525],[-93.189,36.397],[-93.187,36.387],[-93.164,36.383],[-93.161,36.37],[-93.127,36.377],[-93.123,36.364],[-93.102,36.366],[-93.1,36.376],[-93.064,36.373],[-93.062,36.379],[-93.047,36.379],[-93.047,36.368],[-93.027,36.368],[-93.027,36.376],[-92.99,36.376],[-92.99,36.383],[-92.873,36.38],[-92.865,36.395],[-92.836,36.404],[-92.832,36.44],[-92.833,36.879],[-92.826,36.886],[-92.834,36.917],[-92.826,36.918],[-92.826,36.96],[-92.819,36.963],[-92.826,37.018],[-92.819,37.02],[-92.814,37.041],[-92.819,37.044],[-92.814,37.081],[-92.823,37.15],[-92.815,37.156],[-92.819,37.175],[-92.811,37.177],[-92.823,37.196],[-92.817,37.234],[-92.828,37.271],[-92.823,37.284],[-92.828,37.328],[-92.814,37.356],[-92.822,37.412],[-92.81,37.428],[-92.826,37.481],[-92.836,37.486],[-92.836,37.497],[-92.902,37.509],[-92.906,37.52],[-92.961,37.513],[-92.965,37.528],[-93.009,37.526],[-93.02,37.547],[-93.045,37.557],[-93.082,37.561],[-93.106,37.545],[-93.17,37.548],[-93.17,37.683],[-93.198,37.69],[-93.284,37.69],[-93.387,37.707],[-93.428,37.703],[-93.448,37.694],[-93.525,37.687],[-93.532,37.683],[-93.536,37.653]]]}},{"type":"Feature","properties":{},"geometry":{"type":"Polygon","coordinates":[[[-92.947,37.995],[-92.936,37.979],[-92.939,37.92],[-92.903,37.904],[-92.828,37.906],[-92.821,37.915],[-92.627,37.908],[-92.582,37.916],[-92.553,37.906],[-92.498,37.923],[-92.488,37.933],[-92.486,37.965],[-92.495,37.992],[-92.488,38.031],[-92.497,38.109],[-92.48,38.309],[-92.488,38.343],[-92.417,38.349],[-91.917,38.348],[-91.905,38.448],[-91.913,38.497],[-91.906,38.501],[-91.905,38.527],[-91.925,38.618],[-91.905,38.666],[-91.879,38.689],[-91.876,38.71],[-92.06,38.719],[-92.085,38.709],[-92.263,38.716],[-92.285,38.708],[-92.31,38.719],[-92.583,38.71],[-92.71,38.719],[-92.723,38.706],[-92.71,38.526],[-92.74,38.534],[-92.802,38.525],[-92.815,38.514],[-92.839,38.523],[-92.935,38.527],[-92.94,38.479],[-92.932,38.462],[-92.944,38.263],[-92.929,38.218],[-92.935,38.194],[-92.931,38.165],[-92.944,38.111],[-92.947,37.995]]]}},{"type":"Feature","properties":{},"geometry":{"type":"Polygon","coordinates":[[[-92.802,35.325],[-92.787,35.324],[-92.788,35.34],[-92.802,35.342],[-92.802,35.325]]]}},{"type":"Feature","properties":{},"geometry":{"type":"Polygon","coordinates":[[[-92.802,37.018],[-92.792,37.041],[-92.798,37.044],[-92.792,37.081],[-92.798,37.084],[-92.798,37.119],[-92.802,37.018]]]}},{"type":"Feature","properties":{},"geometry":{"type":"Polygon","coordinates":[[[-92.802,37.15],[-92.793,37.156],[-92.798,37.175],[-92.789,37.177],[-92.802,37.196],[-92.802,37.15]]]}},{"type":"Feature","properties":{},"geometry":{"type":"Polygon","coordinates":[[[-92.802,37.341],[-92.791,37.358],[-92.8,37.412],[-92.788,37.428],[-92.8,37.467],[-92.802,37.341]]]}},{"type":"Feature","properties":{},"geometry":{"type":"Polygon","coordinates":[[[-92.432,38.83],[-92.28,38.829],[-92.278,38.854],[-92.17,38.854],[-92.168,39.051],[-92.432,39.051],[-92.432,38.83]]]}},{"type":"Feature","properties":{},"geometry":{"type":"Polygon","coordinates":[[[-92.396,38.816],[-92.28,38.816],[-92.28,38.818],[-92.396,38.818],[-92.396,38.816]]]}},{"type":"Feature","properties":{},"geometry":{"type":"Polygon","coordinates":[[[-91.638,35.452],[-91.577,35.452],[-91.589,35.469],[-91.638,35.452]]]}},{"type":"Feature","properties":{},"geometry":{"type":"Polygon","coordinates":[[[-91.594,39.914],[-91.577,39.851],[-90.845,39.844],[-90.809,39.85],[-90.783,39.861],[-90.777,39.886],[-90.779,39.916],[-90.794,39.918],[-90.787,39.993],[-90.802,40.052],[-90.803,40.157],[-90.807,40.164],[-90.835,40.168],[-90.84,40.177],[-90.906,40.182],[-91.417,40.178],[-91.417,39.918],[-91.594,39.914]]]}},{"type":"Feature","properties":{},"geometry":{"type":"Polygon","coordinates":[[[-91.395,35.017],[-91.294,35.079],[-91.314,35.128],[-91.391,35.241],[-91.395,35.017]]]}},{"type":"Feature","properties":{},"geometry":{"type":"Polygon","coordinates":[[[-91.187,38.77],[-91.178,38.764],[-91.121,38.772],[-91.02,38.755],[-91.012,38.764],[-90.965,38.762],[-90.961,38.747],[-90.898,38.75],[-90.89,38.771],[-90.9,38.779],[-90.89,38.789],[-90.89,38.8],[-90.898,38.803],[-90.891,38.825],[-90.897,38.825],[-90.904,38.869],[-90.898,38.873],[-90.9,38.893],[-90.883,38.904],[-90.879,38.934],[-90.9,38.955],[-90.91,38.978],[-90.954,39.013],[-91.141,39.011],[-91.138,38.963],[-91.154,38.962],[-91.158,38.903],[-91.177,38.903],[-91.17,38.862],[-91.185,38.859],[-91.18,38.802],[-91.187,38.77]]]}},{"type":"Feature","properties":{},"geometry":{"type":"Polygon","coordinates":[[[-91.112,35.787],[-91.1,35.707],[-91.07,35.692],[-90.652,35.689],[-90.612,35.687],[-90.591,35.672],[-90.536,35.687],[-90.515,35.686],[-90.503,35.666],[-90.374,35.686],[-90.273,35.674],[-90.268,35.665],[-90.255,35.665],[-90.233,35.678],[-90.232,35.703],[-90.225,35.703],[-90.22,35.775],[-90.227,35.777],[-90.22,35.783],[-90.22,35.87],[-90.231,35.886],[-90.224,35.889],[-90.222,35.926],[-90.231,35.926],[-90.222,35.972],[-90.224,36.259],[-90.253,36.279],[-90.29,36.285],[-90.413,36.272],[-90.526,36.273],[-90.614,36.285],[-90.626,36.233],[-90.629,36.159],[-90.623,36.1],[-90.629,36.074],[-90.615,36.031],[-91.099,36.022],[-91.112,35.787]]]}},{"type":"Feature","properties":{},"geometry":{"type":"Polygon","coordinates":[[[-91.07,38.346],[-91.066,38.289],[-91.053,38.285],[-90.965,38.293],[-90.651,38.288],[-90.641,38.291],[-90.64,38.31],[-90.626,38.308],[-90.615,38.32],[-90.599,38.321],[-90.515,38.308],[-90.514,38.178],[-90.584,38.178],[-90.6,38.089],[-90.603,37.994],[-90.596,37.985],[-90.603,37.98],[-90.607,37.913],[-90.603,37.903],[-90.591,37.902],[-90.577,37.853],[-90.553,37.829],[-90.548,37.809],[-90.482,37.759],[-90.477,37.746],[-90.441,37.736],[-90.368,37.735],[-90.369,37.82],[-90.408,37.863],[-90.431,37.905],[-90.448,37.918],[-90.445,37.94],[-90.464,38.03],[-90.468,38.109],[-90.334,38.108],[-90.32,38.119],[-90.327,38.16],[-90.319,38.19],[-90.294,38.2],[-90.21,38.201],[-90.192,38.206],[-90.179,38.231],[-90.106,38.231],[-90.091,38.244],[-90.092,38.413],[-90.038,38.431],[-90.036,38.453],[-89.989,38.45],[-89.989,39.009],[-90.111,39.005],[-90.111,39.018],[-90.159,39.028],[-90.214,39.018],[-90.216,39.009],[-90.265,39.013],[-90.269,38.98],[-90.262,38.976],[-90.291,38.971],[-90.287,38.936],[-90.273,38.926],[-90.286,38.893],[-90.31,38.903],[-90.365,38.896],[-90.437,38.902],[-90.518,38.892],[-90.612,38.906],[-90.748,38.91],[-90.769,38.902],[-90.79,38.878],[-90.788,38.804],[-90.79,38.817],[-90.791,38.804],[-90.807,38.804],[-90.799,38.785],[-90.802,38.682],[-90.77,38.665],[-90.765,38.647],[-90.777,38.623],[-90.772,38.61],[-90.736,38.603],[-90.732,38.593],[-91.063,38.591],[-91.068,38.505],[-91.062,38.392],[-91.07,38.346]],[[-90.523,38.697],[-90.522,38.727],[-90.512,38.733],[-90.507,38.709],[-90.515,38.716],[-90.523,38.697]],[[-90.512,38.601],[-90.511,38.606],[-90.504,38.59],[-90.507,38.573],[-90.512,38.601]],[[-90.299,38.43],[-90.294,38.44],[-90.282,38.439],[-90.283,38.428],[-90.299,38.43]]]}},{"type":"Feature","properties":{},"geometry":{"type":"Polygon","coordinates":[[[-90.268,35.238],[-90.26,35.196],[-90.249,35.195],[-90.265,35.193],[-90.266,35.176],[-90.255,35.176],[-90.253,35.101],[-90.242,35.073],[-90.247,35.054],[-90.228,34.942],[-90.144,34.938],[-90.08,34.941],[-90.081,34.949],[-90.069,34.949],[-90.052,34.926],[-89.989,34.933],[-89.989,35.38],[-90.032,35.336],[-90.059,35.329],[-90.074,35.307],[-90.179,35.269],[-90.249,35.253],[-90.268,35.238]]]}},{"type":"Feature","properties":{},"geometry":{"type":"Polygon","coordinates":[[[-114.655,42.438],[-114.634,42.42],[-114.634,42.389],[-114.619,42.388],[-114.538,42.387],[-114.538,42.406],[-114.513,42.406],[-114.513,42.394],[-114.458,42.393],[-114.456,42.381],[-114.289,42.385],[-114.263,42.388],[-114.232,42.412],[-114.212,42.415],[-114.207,42.46],[-114.195,42.464],[-114.192,42.475],[-114.2,42.505],[-114.225,42.541],[-114.212,42.671],[-114.214,42.854],[-114.206,42.904],[-114.21,42.993],[-114.228,43.028],[-114.226,43.043],[-114.244,43.047],[-114.252,43.058],[-114.343,43.071],[-114.392,43.063],[-114.53,43.064],[-114.618,43.055],[-114.631,43.03],[-114.622,42.929],[-114.63,42.926],[-114.645,42.879],[-114.649,42.791],[-114.648,42.777],[-114.609,42.761],[-114.609,42.74],[-114.616,42.71],[-114.64,42.703],[-114.644,42.688],[-114.642,42.572],[-114.627,42.55],[-114.634,42.533],[-114.634,42.488],[-114.655,42.488],[-114.655,42.438]]]}},{"type":"Feature","properties":{},"geometry":{"type":"Polygon","coordinates":[[[-112.788,42.774],[-112.777,42.768],[-112.786,42.74],[-112.777,42.694],[-112.758,42.69],[-112.749,42.645],[-112.72,42.62],[-112.721,42.586],[-112.71,42.558],[-112.718,42.467],[-112.713,42.385],[-112.665,42.375],[-112.471,42.374],[-112.449,42.383],[-112.448,42.375],[-112.365,42.374],[-112.313,42.408],[-112.326,42.609],[-112.327,42.778],[-112.352,42.787],[-112.353,42.804],[-112.31,42.806],[-112.313,42.851],[-112.335,42.897],[-112.323,42.901],[-112.316,42.946],[-112.327,43.015],[-112.364,43.055],[-112.396,43.068],[-112.415,43.068],[-112.427,43.056],[-112.507,43.056],[-112.536,43.058],[-112.545,43.068],[-112.633,43.073],[-112.694,43.071],[-112.72,43.053],[-112.749,43.047],[-112.749,43.023],[-112.761,43.023],[-112.769,42.993],[-112.787,42.983],[-112.773,42.865],[-112.751,42.818],[-112.76,42.813],[-112.76,42.803],[-112.783,42.795],[-112.788,42.774]]]}},{"type":"Feature","properties":{},"geometry":{"type":"Polygon","coordinates":[[[-112.422,40.455],[-112.415,40.376],[-112.335,40.374],[-112.33,40.365],[-112.315,40.362],[-112.18,40.389],[-112.133,40.378],[-112.133,40.338],[-112.095,40.338],[-112.096,40.37],[-112.087,40.37],[-112.085,40.343],[-112.063,40.339],[-112.058,40.374],[-112.04,40.38],[-112.043,40.452],[-112.032,40.453],[-112.032,40.465],[-111.997,40.466],[-111.98678571428572,40.455],[-111.988,40.455],[-111.988,40.454],[-111.986,40.454],[-111.986,40.453],[-111.985,40.453],[-111.985,40.45307692307692],[-111.958,40.424],[-111.975,40.409],[-112.026,40.401],[-112.034,40.345],[-112.047,40.327],[-112.043,40.281],[-111.985,40.278],[-111.974,40.293],[-111.974,40.317],[-111.951,40.322],[-111.942,40.321],[-111.927,40.302],[-111.929,40.288],[-111.914,40.277],[-111.856,40.268],[-111.856,40.288],[-111.888,40.348],[-111.846,40.352],[-111.824,40.343],[-111.824,40.353],[-111.802,40.344],[-111.808,40.209],[-111.793,40.206],[-111.796,40.16],[-111.809,40.145],[-111.815,40.059],[-111.844,40.037],[-111.85,40.018],[-111.859,40.014],[-111.856,39.936],[-111.783,39.933],[-111.776,39.958],[-111.783,39.964],[-111.761,39.997],[-111.72,40.016],[-111.725,39.913],[-111.717,39.903],[-111.539,39.901],[-111.521,39.92],[-111.51,40.095],[-111.521,40.374],[-111.463,40.366],[-111.342,40.376],[-111.293,40.37],[-111.238,40.374],[-111.201,40.355],[-111.183,40.373],[-111.162,40.379],[-111.176,40.555],[-111.169,40.564],[-111.169,40.715],[-111.18,40.775],[-111.171,40.79],[-111.168,40.9],[-111.173,40.94],[-111.195,40.982],[-111.248,40.988],[-111.335,40.98],[-111.348,40.986],[-111.427,40.974],[-111.447,40.982],[-111.635,40.984],[-111.658,40.963],[-111.725,40.962],[-111.735,40.952],[-111.817,40.951],[-111.835,40.928],[-111.852,40.95],[-111.859,40.986],[-111.871,40.989],[-111.875,40.999],[-111.868,41.002],[-111.871,41.028],[-111.888,41.036],[-111.901,41.154],[-111.922,41.192],[-111.923,41.248],[-111.942,41.337],[-111.966,41.334],[-111.967,41.342],[-111.999,41.346],[-111.999,41.36],[-112.03,41.376],[-112.029,41.386],[-111.947,41.38],[-111.897,41.387],[-111.826,41.375],[-111.725,41.398],[-111.717,41.453],[-111.723,41.625],[-111.71,41.836],[-111.721,41.974],[-111.739,42.019],[-111.833,42.005],[-111.841,42.014],[-111.875,42.023],[-111.963,42.012],[-112.039,42.015],[-112.084,42.026],[-112.089,41.998],[-112.103,41.992],[-112.109,41.819],[-112.099,41.774],[-112.099,41.445],[-112.067,41.428],[-112.062,41.41],[-112.089,41.393],[-112.088,41.379],[-112.135,41.377],[-112.131,41.173],[-112.122,41.173],[-112.122,41.142],[-112.113,41.139],[-112.117,41.08],[-112.104,41.075],[-112.104,41.013],[-112,41.013],[-112,40.994],[-111.989,40.994],[-111.989,40.974],[-112.124,40.973],[-112.26,40.991],[-112.419,40.966],[-112.416,40.5],[-112.422,40.455]]]}},{"type":"Feature","properties":{},"geometry":{"type":"Polygon","coordinates":[[[-112.12,43.446],[-112.065,43.439],[-112.063,43.425],[-112.01,43.426],[-111.984,43.438],[-111.911,43.444],[-111.901,43.432],[-111.802,43.423],[-111.73,43.432],[-111.714,43.505],[-111.713,43.585],[-111.724,43.596],[-111.725,43.756],[-111.712,43.86],[-111.723,43.886],[-111.727,43.927],[-111.719,43.927],[-111.719,43.939],[-111.727,43.941],[-111.724,43.997],[-111.701,44.012],[-111.699,44.071],[-112.111,44.069],[-112.113,44.013],[-112.088,44.009],[-112.092,43.952],[-112.104,43.944],[-112.102,43.769],[-112.092,43.719],[-112.098,43.695],[-112.089,43.672],[-112.098,43.662],[-112.098,43.539],[-112.12,43.544],[-112.12,43.446]]]}},{"type":"Feature","properties":{},"geometry":{"type":"Polygon","coordinates":[[[-110.899,44.495],[-110.897,44.471],[-110.786,44.416],[-110.764,44.415],[-110.763,44.425],[-110.738,44.425],[-110.737,44.414],[-110.687,44.413],[-110.675,44.384],[-110.503,44.38],[-110.503,44.487],[-110.764,44.487],[-110.77,44.644],[-110.733,44.645],[-110.734,44.664],[-110.701,44.665],[-110.701,44.691],[-110.667,44.691],[-110.668,44.894],[-110.631,44.894],[-110.632,45.046],[-110.741,45.046],[-110.742,44.849],[-110.767,44.848],[-110.767,44.675],[-110.897,44.658],[-110.892,44.627],[-110.899,44.495]]]}},{"type":"Feature","properties":{},"geometry":{"type":"Polygon","coordinates":[[[-114.685,48.348],[-114.673,48.269],[-114.652,48.248],[-114.644,48.224],[-114.648,48.209],[-114.66,48.204],[-114.646,48.085],[-114.234,48.082],[-114.077,48.085],[-114.071,48.093],[-114.049,48.096],[-114.034,48.165],[-114.068,48.165],[-114.068,48.171],[-114.038,48.176],[-114.039,48.186],[-114.049,48.19],[-114.05,48.223],[-114.066,48.227],[-114.075,48.259],[-114.07,48.349],[-114.066,48.361],[-114.028,48.373],[-114.019,48.395],[-114.016,48.447],[-114.066,48.455],[-114.046,48.458],[-114.038,48.468],[-114.05,48.529],[-114.071,48.553],[-114.053,48.581],[-114.053,48.6],[-114.075,48.615],[-114.12,48.626],[-114.659,48.627],[-114.651,48.419],[-114.685,48.348]]]}},{"type":"Feature","properties":{},"geometry":{"type":"Polygon","coordinates":[[[-114.147,46.871],[-114.105,46.871],[-114.105,46.799],[-114.064,46.798],[-114.066,46.785],[-114.013,46.79],[-114.013,46.805],[-113.972,46.806],[-113.963,46.848],[-113.931,46.849],[-113.931,46.915],[-114.055,46.925],[-114.055,46.941],[-114.096,46.941],[-114.096,46.958],[-114.137,46.958],[-114.137,46.978],[-114.147,46.978],[-114.147,46.871]]]}},{"type":"Feature","properties":{},"geometry":{"type":"Polygon","coordinates":[[[-113.805,48.722],[-113.803,48.654],[-113.42,48.652],[-113.426,48.776],[-113.42,48.777],[-113.42,48.796],[-113.41,48.796],[-113.412,48.852],[-113.566,48.854],[-113.566,48.831],[-113.575,48.83],[-113.578,48.838],[-113.627,48.844],[-113.803,48.843],[-113.805,48.722]],[[-113.647,48.703],[-113.625,48.715],[-113.637,48.705],[-113.632,48.69],[-113.64,48.689],[-113.647,48.703]]]}},{"type":"Feature","properties":{},"geometry":{"type":"Polygon","coordinates":[[[-112.865,49.717],[-112.858,49.713],[-112.86,49.699],[-112.852,49.699],[-112.857,49.692],[-112.849,49.677],[-112.823,49.652],[-112.765,49.658],[-112.765,49.673],[-112.747,49.681],[-112.757,49.709],[-112.765,49.709],[-112.772,49.727],[-112.784,49.727],[-112.783,49.742],[-112.802,49.742],[-112.802,49.756],[-112.856,49.748],[-112.865,49.717]]]}},{"type":"Feature","properties":{},"geometry":{"type":"Polygon","coordinates":[[[-112.188,46.917],[-112.159,46.734],[-112.164,46.694],[-112.155,46.688],[-112.165,46.65],[-112.157,46.597],[-112.161,46.536],[-112.131,46.495],[-112.11,46.485],[-112.039,46.476],[-111.822,46.479],[-111.738,46.492],[-111.716,46.565],[-111.725,46.637],[-111.702,46.81],[-111.71,46.823],[-111.72,47.16],[-112.076,47.152],[-112.164,47.139],[-112.164,47.059],[-112.179,47.015],[-112.188,46.917]]]}},{"type":"Feature","properties":{},"geometry":{"type":"Polygon","coordinates":[[[-111.537,47.147],[-111.533,47.084],[-111.525,47.074],[-111.53,47.058],[-111.497,47.034],[-111.519,47.033],[-111.492,47.015],[-111.466,46.975],[-111.443,46.972],[-111.43,46.958],[-111.329,46.956],[-111.274,46.978],[-111.158,46.973],[-111.121,46.978],[-111.058,47.014],[-111.047,47.048],[-111.069,47.048],[-111.07,47.081],[-111.058,47.198],[-111.061,47.236],[-111.046,47.27],[-111.055,47.358],[-111.047,47.383],[-111.062,47.385],[-111.062,47.402],[-111.047,47.407],[-111.053,47.429],[-111.043,47.433],[-111.043,47.45],[-111.055,47.552],[-111.051,47.594],[-111.07,47.643],[-111.094,47.652],[-111.112,47.67],[-111.167,47.677],[-111.201,47.676],[-111.21,47.664],[-111.441,47.676],[-111.496,47.67],[-111.513,47.66],[-111.497,47.636],[-111.496,47.606],[-111.5,47.597],[-111.525,47.595],[-111.533,47.568],[-111.524,47.556],[-111.488,47.548],[-111.48,47.532],[-111.485,47.523],[-111.502,47.519],[-111.513,47.483],[-111.515,47.452],[-111.496,47.432],[-111.522,47.413],[-111.521,47.239],[-111.537,47.147]]]}},{"type":"Feature","properties":{},"geometry":{"type":"Polygon","coordinates":[[[-111.485,45.673],[-111.458,45.581],[-111.432,45.568],[-111.382,45.579],[-111.254,45.573],[-111.224,45.584],[-111.147,45.585],[-110.95,45.578],[-110.778,45.585],[-110.433,45.57],[-110.383,45.588],[-110.362,45.73],[-110.387,45.773],[-110.378,45.838],[-110.407,45.875],[-110.849,45.861],[-111.389,45.859],[-111.389,45.866],[-111.415,45.879],[-111.459,45.861],[-111.471,45.864],[-111.477,45.809],[-111.459,45.795],[-111.454,45.738],[-111.459,45.723],[-111.477,45.722],[-111.485,45.673]]]}},{"type":"Feature","properties":{},"geometry":{"type":"Polygon","coordinates":[[[-120.008,36.586],[-119.976,36.534],[-119.967,36.441],[-119.932,36.432],[-119.886,36.437],[-119.772,36.428],[-119.78,36.416],[-119.776,36.391],[-119.787,36.388],[-119.787,36.377],[-119.772,36.327],[-119.763,36.322],[-119.763,36.281],[-119.776,36.27],[-119.776,36.167],[-119.796,36.133],[-119.8,36.089],[-119.795,36.012],[-119.784,35.98],[-119.751,35.958],[-119.689,35.936],[-119.596,35.941],[-119.568,35.951],[-119.453,35.95],[-119.447,35.872],[-119.458,35.658],[-119.468,35.658],[-119.469,35.627],[-119.458,35.627],[-119.457,35.5],[-119.354,35.469],[-119.27,35.471],[-119.265,35.482],[-119.252,35.483],[-119.252,35.451],[-119.233,35.429],[-119.233,35.414],[-119.252,35.41],[-119.252,35.097],[-119.196,35.087],[-119.171,35.092],[-118.983,35.085],[-118.968,35.094],[-118.858,35.093],[-118.858,35.082],[-118.832,35.081],[-118.787,35.064],[-118.725,35.106],[-118.71,35.316],[-118.736,35.324],[-118.736,35.377],[-118.766,35.51],[-118.853,35.537],[-119.008,35.539],[-119.063,35.53],[-119.063,35.521],[-119.074,35.553],[-119.074,35.697],[-119.064,35.738],[-119.062,35.809],[-119.071,36.016],[-118.961,36.016],[-118.961,36.147],[-118.992,36.147],[-118.982,36.159],[-118.972,36.159],[-118.967,36.172],[-118.997,36.187],[-118.997,36.193],[-118.974,36.202],[-118.989,36.225],[-118.992,36.251],[-118.978,36.251],[-118.967,36.302],[-118.982,36.374],[-119,36.389],[-119.009,36.414],[-118.993,36.458],[-118.996,36.467],[-119.041,36.482],[-119.086,36.473],[-119.101,36.49],[-119.182,36.479],[-119.184,36.471],[-119.213,36.472],[-119.214,36.46],[-119.24,36.461],[-119.247,36.575],[-119.24,36.607],[-119.255,36.612],[-119.229,36.619],[-119.225,36.647],[-119.246,36.685],[-119.261,36.689],[-119.258,36.721],[-119.276,36.728],[-119.438,36.74],[-119.442,36.778],[-119.487,36.806],[-119.475,36.897],[-119.483,37.029],[-119.5,37.042],[-119.496,37.057],[-119.537,37.068],[-119.799,37.079],[-119.831,37.069],[-119.887,37.073],[-119.872,37.041],[-119.876,37.018],[-119.895,37.011],[-119.897,36.971],[-119.908,36.955],[-119.888,36.872],[-119.927,36.85],[-119.93,36.844],[-119.921,36.839],[-119.936,36.828],[-119.93,36.828],[-119.932,36.787],[-119.916,36.771],[-119.917,36.734],[-119.847,36.714],[-119.831,36.696],[-119.806,36.688],[-119.787,36.693],[-119.787,36.687],[-119.745,36.682],[-119.696,36.69],[-119.634,36.721],[-119.633,36.775],[-119.571,36.766],[-119.542,36.782],[-119.542,36.589],[-120.008,36.586]],[[-119.788,36.48],[-119.788,36.493],[-119.783,36.475],[-119.772,36.474],[-119.772,36.457],[-119.783,36.458],[-119.788,36.48]],[[-119.401,36.513],[-119.387,36.516],[-119.384,36.505],[-119.375,36.505],[-119.373,36.458],[-119.382,36.436],[-119.364,36.407],[-119.379,36.408],[-119.391,36.435],[-119.387,36.502],[-119.401,36.513]]]}},{"type":"Feature","properties":{},"geometry":{"type":"Polygon","coordinates":[[[-119.983,39.5],[-119.976,39.48],[-119.881,39.472],[-119.88,39.452],[-119.864,39.453],[-119.842,39.44],[-119.887,39.412],[-119.938,39.4],[-119.946,39.392],[-119.946,39.356],[-119.91,39.351],[-119.909,39.341],[-119.938,39.334],[-119.949,39.317],[-119.945,39.288],[-119.925,39.242],[-119.932,39.224],[-119.924,39.221],[-119.93,39.206],[-119.921,39.177],[-119.928,39.144],[-119.938,39.132],[-119.93,39.083],[-119.939,39.076],[-119.939,39.052],[-119.837,39.041],[-119.835,39.063],[-119.805,39.064],[-119.803,38.951],[-119.681,38.951],[-119.682,39.036],[-119.616,39.034],[-119.578,39.048],[-119.435,39.051],[-119.391,39.037],[-119.235,39.035],[-119.215,39.049],[-119.215,39.073],[-119.166,39.07],[-119.171,39.055],[-119.162,39.05],[-119.057,39.049],[-119.053,39.07],[-119.048,39.063],[-119.016,39.068],[-119.016,39.158],[-119.031,39.212],[-119.046,39.232],[-119.029,39.361],[-119.046,39.414],[-119.108,39.417],[-119.149,39.43],[-119.192,39.429],[-119.204,39.426],[-119.214,39.4],[-119.228,39.39],[-119.25,39.39],[-119.251,39.396],[-119.268,39.396],[-119.274,39.434],[-119.284,39.438],[-119.439,39.428],[-119.68,39.436],[-119.696,39.428],[-119.692,39.443],[-119.678,39.439],[-119.662,39.484],[-119.666,39.527],[-119.647,39.542],[-119.633,39.591],[-119.696,39.589],[-119.696,39.597],[-119.656,39.613],[-119.655,39.703],[-119.931,39.703],[-119.934,39.636],[-119.914,39.625],[-119.908,39.618],[-119.914,39.614],[-119.88,39.608],[-119.862,39.595],[-119.88,39.582],[-119.881,39.568],[-119.898,39.559],[-119.967,39.561],[-119.969,39.52],[-119.983,39.5]]]}},{"type":"Feature","properties":{},"geometry":{"type":"Polygon","coordinates":[[[-119.721,37.708],[-119.52,37.7],[-119.52,37.709],[-119.487,37.709],[-119.487,37.727],[-119.509,37.727],[-119.509,37.758],[-119.55,37.752],[-119.717,37.758],[-119.721,37.708]]]}},{"type":"Feature","properties":{},"geometry":{"type":"Polygon","coordinates":[[[-119.625,39.538],[-119.614,39.528],[-119.604,39.533],[-119.6,39.513],[-119.542,39.51],[-119.522,39.464],[-119.399,39.463],[-119.307,39.55],[-119.097,39.533],[-119.084,39.56],[-119.075,39.563],[-119.078,39.588],[-119.06,39.588],[-119.057,39.603],[-119.074,39.611],[-119.068,39.618],[-119.075,39.628],[-119.274,39.66],[-119.283,39.653],[-119.283,39.662],[-119.303,39.667],[-119.34,39.658],[-119.34,39.651],[-119.599,39.583],[-119.625,39.538]]]}},{"type":"Feature","properties":{},"geometry":{"type":"Polygon","coordinates":[[[-116.83,36.348],[-116.816,36.29],[-116.801,36.271],[-116.787,36.267],[-116.767,36.233],[-116.779,36.205],[-116.772,36.193],[-116.672,36.198],[-116.671,36.348],[-116.651,36.351],[-116.638,36.378],[-116.572,36.381],[-116.562,36.423],[-116.559,36.535],[-116.687,36.625],[-116.727,36.66],[-116.726,36.671],[-116.816,36.727],[-116.812,36.579],[-116.826,36.491],[-116.823,36.442],[-116.812,36.43],[-116.812,36.382],[-116.83,36.371],[-116.83,36.348]]]}},{"type":"Feature","properties":{},"geometry":{"type":"Polygon","coordinates":[[[-115.429,36.266],[-115.411,36.197],[-115.41,36.143],[-115.42,36.136],[-115.414,35.843],[-115.383,35.812],[-115.315,35.796],[-115.174,35.79],[-115.006,35.823],[-114.885,35.821],[-114.848,35.848],[-114.846,35.876],[-114.847,35.908],[-114.885,35.909],[-114.793,35.909],[-114.76,35.938],[-114.76,35.981],[-114.697,35.994],[-114.701,36.075],[-114.793,36.065],[-114.83,36.071],[-114.839,36.066],[-114.839,36.035],[-114.8539448275862,36.022772413793106],[-114.852,36.05],[-114.855,36.115],[-114.841,36.325],[-114.852,36.398],[-114.89,36.409],[-114.898,36.42],[-114.938,36.416],[-114.944,36.423],[-114.993,36.428],[-115.122,36.43],[-115.285,36.42],[-115.347,36.393],[-115.403,36.355],[-115.411,36.31],[-115.428,36.299],[-115.429,36.266]],[[-114.983,36.26],[-114.971,36.301],[-114.965,36.301],[-114.965,36.264],[-114.983,36.26]],[[-114.898,36.044],[-114.89,36.076],[-114.891,36.03],[-114.898,36.044]]]}},{"type":"Feature","properties":{},"geometry":{"type":"Polygon","coordinates":[[[-5.039,36.502],[-5.01,36.503],[-4.9815523809523805,36.51967619047619],[-5.039,36.502]]]}},{"type":"Feature","properties":{},"geometry":{"type":"Polygon","coordinates":[[[-5.007,40.004],[-5,39.919],[-4.992,39.911],[-4.931,39.907],[-4.786,39.915],[-4.76,39.917],[-4.754,39.926],[-4.754,40.002],[-4.769,40.026],[-5,40.019],[-5.007,40.004]]]}},{"type":"Feature","properties":{},"geometry":{"type":"Polygon","coordinates":[[[-4.997,39.898],[-4.931,39.89],[-4.76,39.9],[-4.997,39.898]]]}},{"type":"Feature","properties":{},"geometry":{"type":"Polygon","coordinates":[[[-4.992,37.859],[-4.98,37.842],[-4.97,37.841],[-4.97,37.817],[-4.949,37.813],[-4.918,37.747],[-4.642,37.735],[-4.563,37.74],[-4.513,37.732],[-4.298,37.741],[-4.162,37.733],[-4.08,37.74],[-4.062,37.753],[-4.058,37.795],[-4.07,37.875],[-4.076,38.02],[-4.086,38.061],[-4.076,38.116],[-4.11,38.127],[-4.227,38.127],[-4.311,38.116],[-4.504,38.124],[-4.517,38.119],[-4.54,38.128],[-4.808,38.129],[-4.826,38.135],[-4.831,38.076],[-4.838,38.066],[-4.918,38.039],[-4.933,37.898],[-4.984,37.874],[-4.992,37.859]]]}},{"type":"Feature","properties":{},"geometry":{"type":"Polygon","coordinates":[[[-4.9792,36.5204],[-4.918,36.534],[-4.859,36.526],[-4.852,36.513],[-4.82,36.51],[-4.682,36.508],[-4.668,36.511],[-4.669,36.522],[-4.655,36.53],[-4.639,36.523],[-4.655,36.506],[-4.68,36.502],[-4.701,36.485],[-4.688,36.483],[-4.631,36.501],[-4.599,36.553],[-4.585,36.558],[-4.566,36.548],[-4.53,36.556],[-4.507,36.57],[-4.492,36.587],[-4.504,36.589],[-4.502,36.595],[-4.476,36.631],[-4.447,36.657],[-4.43,36.688],[-4.41,36.693],[-4.4,36.709],[-4.224,36.703],[-4.219,36.715],[-4.108,36.715],[-4.077,36.732],[-4.028,36.737],[-4.025,36.758],[-4.079,36.776],[-4.084,36.797],[-4.103,36.803],[-4.102,36.809],[-4.062,36.797],[-4.062,36.784],[-4.049,36.772],[-4.006,36.762],[-4.005,36.743],[-3.973,36.743],[-3.965,36.766],[-3.966,36.838],[-3.969,36.846],[-4.01,36.848],[-4.455,36.829],[-4.474,36.835],[-4.54,36.829],[-4.563,36.835],[-4.635,36.833],[-4.655,36.629],[-4.695,36.616],[-4.717,36.596],[-4.813,36.598],[-4.813,36.59],[-4.705,36.589],[-4.721,36.578],[-4.813,36.58],[-4.823,36.57],[-4.842,36.572],[-4.855,36.561],[-4.853,36.532],[-4.922,36.538],[-4.9792,36.5204]]]}},{"type":"Feature","properties":{},"geometry":{"type":"Polygon","coordinates":[[[-4.934,36.49],[-4.905,36.496],[-4.916,36.505],[-4.934,36.49]]]}},{"type":"Feature","properties":{},"geometry":{"type":"Polygon","coordinates":[[[-4.856,36.495],[-4.785,36.483],[-4.801,36.496],[-4.856,36.495]]]}},{"type":"Feature","properties":{},"geometry":{"type":"Polygon","coordinates":[[[-4.76,36.477],[-4.731,36.474],[-4.743,36.485],[-4.76,36.477]]]}},{"type":"Feature","properties":{},"geometry":{"type":"Polygon","coordinates":[[[-4.259,37.372],[-4.253,37.352],[-4.257,37.321],[-4.248,37.321],[-4.256,37.314],[-4.25,37.227],[-4.256,37.214],[-4.249,37.111],[-4.253,36.971],[-4.246,36.956],[-4.249,36.921],[-4.226,36.906],[-4.208,36.913],[-4.196,36.906],[-4.145,36.914],[-4.131,36.9],[-4.099,36.915],[-4.087,36.903],[-3.957,36.908],[-3.909,36.9],[-3.845,36.908],[-3.641,36.906],[-3.582,36.914],[-3.562,36.906],[-3.551,36.915],[-3.547,36.904],[-3.517,36.906],[-3.499,36.922],[-3.492,36.97],[-3.494,37.481],[-3.459,37.47],[-3.241,37.468],[-3.24,37.498],[-3.212,37.517],[-3.222,37.59],[-3.224,37.697],[-3.208,37.813],[-3.111,37.823],[-3.098,37.84],[-3.079,37.842],[-3.042,37.818],[-2.918,37.828],[-2.914,37.851],[-2.957,37.86],[-2.964,37.868],[-2.986,38.053],[-2.979,38.084],[-2.953,38.124],[-2.943,38.135],[-2.914,38.143],[-2.906,38.204],[-2.894,38.236],[-2.91,38.25],[-3.061,38.233],[-3.174,38.238],[-3.22,38.232],[-3.382,38.244],[-3.417,38.213],[-3.468,38.231],[-3.496,38.22],[-3.506,38.2],[-3.538,38.191],[-3.543,38.168],[-3.507,38.159],[-3.491,38.123],[-3.521,38.123],[-3.529,38.104],[-3.524,38.093],[-3.565,38.075],[-3.565,38.018],[-3.551,38.009],[-3.501,38.03],[-3.491,38.023],[-3.491,38.013],[-3.524,38],[-3.524,37.894],[-3.506,37.88],[-3.503,37.864],[-3.516,37.818],[-3.514,37.77],[-3.532,37.742],[-3.532,37.723],[-3.553,37.71],[-3.543,37.71],[-3.553,37.688],[-3.546,37.643],[-3.529,37.63],[-3.516,37.59],[-3.517,37.507],[-3.498,37.487],[-3.52,37.496],[-3.661,37.506],[-3.746,37.494],[-3.877,37.504],[-3.886,37.492],[-3.924,37.502],[-3.991,37.502],[-4.006,37.493],[-4.016,37.502],[-4.032,37.494],[-4.069,37.502],[-4.221,37.499],[-4.256,37.486],[-4.25,37.463],[-4.259,37.372]],[[-3.649,37.14],[-3.625,37.14],[-3.63,37.118],[-3.641,37.121],[-3.649,37.14]]]}},{"type":"Feature","properties":{},"geometry":{"type":"Polygon","coordinates":[[[-4.2,38.679],[-4.075,38.675],[-4.02,38.755],[-4.2,38.755],[-4.2,38.679]]]}},{"type":"Feature","properties":{},"geometry":{"type":"Polygon","coordinates":[[[-4.094,39.897],[-4.092,39.84],[-4.017,39.836],[-3.974,39.847],[-3.923,39.841],[-3.902,39.85],[-3.903,39.9],[-4.039,39.9],[-4.066,39.909],[-4.094,39.897]]]}},{"type":"Feature","properties":{},"geometry":{"type":"Polygon","coordinates":[[[-3.97,38.951],[-3.871,38.948],[-3.863,38.955],[-3.862,39.021],[-3.97,39.02],[-3.97,38.951]]]}},{"type":"Feature","properties":{},"geometry":{"type":"Polygon","coordinates":[[[-3.908,37.761],[-3.831,37.761],[-3.808,37.729],[-3.786,37.729],[-3.761,37.739],[-3.753,37.756],[-3.709,37.761],[-3.711,37.835],[-3.779,37.835],[-3.779,37.828],[-3.804,37.815],[-3.851,37.814],[-3.851,37.791],[-3.908,37.791],[-3.908,37.761]]]}},{"type":"Feature","properties":{},"geometry":{"type":"Polygon","coordinates":[[[-3.808,38.07],[-3.735,38.065],[-3.724,38.087],[-3.724,38.126],[-3.808,38.123],[-3.808,38.07]]]}},{"type":"Feature","properties":{},"geometry":{"type":"Polygon","coordinates":[[[-3.687,38.074],[-3.646,38.06],[-3.599,38.064],[-3.59,38.122],[-3.639,38.133],[-3.687,38.122],[-3.687,38.074]]]}},{"type":"Feature","properties":{},"geometry":{"type":"Polygon","coordinates":[[[-2.977,35.293],[-2.969,35.276],[-2.947,35.259],[-2.906,35.264],[-2.906,35.287],[-2.948,35.324],[-2.973,35.314],[-2.977,35.293]]]}},{"type":"Feature","properties":{},"geometry":{"type":"Polygon","coordinates":[[[-2.863,36.794],[-2.861,36.786],[-2.851,36.787],[-2.861,36.759],[-2.852,36.76],[-2.855,36.747],[-2.83,36.736],[-2.819,36.732],[-2.819,36.738],[-2.791,36.745],[-2.785,36.754],[-2.762,36.753],[-2.762,36.792],[-2.791,36.813],[-2.788,36.826],[-2.823,36.824],[-2.863,36.794]]]}},{"type":"Feature","properties":{},"geometry":{"type":"Polygon","coordinates":[[[-2.705,36.916],[-2.693,36.895],[-2.69,36.85],[-2.699,36.835],[-2.685,36.762],[-2.661,36.742],[-2.67108,36.733],[-2.672,36.733],[-2.672,36.73217857142857],[-2.689,36.717],[-2.692,36.676],[-2.648,36.689],[-2.622,36.71],[-2.593,36.753],[-2.593,36.769],[-2.56,36.804],[-2.484,36.819],[-2.422,36.802],[-2.394,36.82],[-2.357,36.831],[-2.296,36.811],[-2.255,36.776],[-2.199,36.711],[-2.122,36.721],[-2.105,36.732],[-2.097,36.748],[-2.052,36.773],[-2.049,36.8],[-2.032,36.815],[-1.991,36.833],[-1.986,36.853],[-1.991,36.875],[-1.98,36.886],[-1.961,36.891],[-1.934,36.927],[-1.908,36.925],[-1.894,36.937],[-2.672,36.943],[-2.7,36.94],[-2.705,36.916]],[[-2.418,36.9],[-2.406,36.906],[-2.402,36.888],[-2.409,36.886],[-2.418,36.9]]]}},{"type":"Feature","properties":{},"geometry":{"type":"Polygon","coordinates":[[[-2.129,37.734],[-2.113,37.716],[-2.108,37.688],[-2.097,37.677],[-2.113,37.611],[-2.109,37.594],[-2.126,37.567],[-2.118,37.53],[-2.122,37.473],[-2.101,37.342],[-2.126,37.298],[-2.115,37.284],[-2.118,37.243],[-2.101,37.231],[-2.043,37.24],[-1.924,37.231],[-1.87,37.254],[-1.828,37.241],[-1.796,37.254],[-1.783,37.226],[-1.773,37.228],[-1.712,37.292],[-1.697,37.298],[-1.67,37.344],[-1.647,37.337],[-1.638,37.363],[-1.62,37.365],[-1.589,37.388],[-1.542,37.397],[-1.52,37.418],[-1.48,37.414],[-1.468,37.426],[-1.471,37.449],[-1.446,37.484],[-1.39,37.497],[-1.357,37.526],[-1.296,37.536],[-1.262,37.529],[-1.232,37.55],[-1.187,37.543],[-1.181,37.523],[-1.162,37.516],[-1.108,37.509],[-1.1,37.511],[-1.097,37.524],[-1.107,37.543],[-1.075,37.555],[-1.037,37.545],[-0.994,37.558],[-0.985,37.545],[-0.97,37.557],[-0.92,37.554],[-0.921,37.666],[-0.949,37.672],[-0.949,37.665],[-0.953,37.673],[-0.959,37.752],[-0.948,37.877],[-0.949,37.993],[-0.97,38.009],[-1.03,38.011],[-1.03,38.07],[-1.125,38.063],[-1.133,38.071],[-1.133,38.13],[-1.333,38.127],[-1.333,38.069],[-1.274,38.069],[-1.279,38.031],[-1.272,38.016],[-1.353,38.008],[-1.354,37.844],[-1.368,37.815],[-1.382,37.804],[-1.42,37.807],[-1.421,37.798],[-1.432,37.808],[-1.5,37.769],[-1.623,37.786],[-1.689,37.778],[-1.697,37.792],[-1.739,37.8],[-1.754,37.79],[-1.788,37.789],[-1.848,37.808],[-1.935,37.795],[-1.946,37.776],[-1.96,37.769],[-1.975,37.785],[-2.032,37.776],[-2.118,37.795],[-2.123,37.782],[-2.115,37.767],[-2.129,37.734]],[[-1.244,37.951],[-1.233,37.962],[-1.221,37.959],[-1.225,37.946],[-1.244,37.951]],[[-1.041,37.6],[-1.033,37.612],[-1.019,37.601],[-0.992,37.606],[-0.983,37.59],[-0.971,37.592],[-0.979,37.585],[-0.965,37.578],[-0.982,37.576],[-0.992,37.565],[-1.003,37.572],[-1,37.586],[-1.019,37.585],[-1.041,37.6]]]}},{"type":"Feature","properties":{},"geometry":{"type":"Polygon","coordinates":[[[-1.962,38.942],[-1.909,38.94],[-1.909,38.955],[-1.829,38.963],[-1.817,38.986],[-1.825,39.022],[-1.843,39.039],[-1.892,39.038],[-1.946,38.997],[-1.962,38.996],[-1.962,38.942]]]}},{"type":"Feature","properties":{},"geometry":{"type":"Polygon","coordinates":[[[-0.846,39.455],[-0.817,39.443],[-0.816,39.433],[-0.829,39.418],[-0.807,39.401],[-0.806,39.381],[-0.82,39.377],[-0.809,39.325],[-0.824,39.324],[-0.828,39.302],[-0.838,39.296],[-0.825,39.185],[-0.823,38.907],[-0.813,38.892],[-0.798,38.885],[-0.758,38.894],[-0.685,38.893],[-0.676,38.88],[-0.632,38.878],[-0.604,38.892],[-0.386,38.892],[-0.323,38.889],[-0.255,38.873],[-0.216,38.889],[-0.157,38.882],[-0.111,38.888],[-0.093,38.721],[0.011,38.719],[0.011,38.736],[0.023,38.74],[0.023,38.728],[0.034,38.717],[0.026,38.683],[0.032,38.643],[0.036,38.633],[0.067,38.625],[0.092,38.624],[0.089,38.648],[0.1,38.66],[0.14,38.674],[0.152,38.669],[0.173,38.701],[0.24,38.729],[0.243,38.762],[0.232,38.773],[0.21,38.772],[0.198,38.783],[0.207,38.808],[0.19,38.82],[0.144,38.842],[0.128,38.858],[-0.015,38.882],[-0.118,38.967],[-0.136,38.989],[-0.137,39.003],[-0.157,39.016],[-0.194,39.071],[-0.225,39.141],[-0.229,39.167],[-0.213,39.182],[-0.214,39.198],[-0.306,39.361],[-0.319,39.41],[-0.298,39.421],[-0.286,39.45],[-0.286989010989011,39.54],[-0.286,39.54],[-0.286,39.541],[-0.287,39.541],[-0.269,39.56],[-0.253,39.605],[-0.232,39.626],[-0.213,39.62],[-0.199,39.628],[-0.224,39.631],[-0.2,39.64],[-0.199,39.677],[-0.199,39.659],[-0.181,39.718],[-0.115,39.801],[-0.122,39.81],[-0.21,39.819],[-0.228,39.804],[-0.235,39.812],[-0.273,39.821],[-0.428,39.828],[-0.423,39.804],[-0.442,39.809],[-0.449,39.79],[-0.453,39.692],[-0.626,39.695],[-0.623,39.644],[-0.63,39.628],[-0.644,39.644],[-0.661,39.644],[-0.654,39.662],[-0.676,39.68],[-0.68,39.719],[-0.652,39.724],[-0.656,39.81],[-0.762,39.818],[-0.776,39.811],[-0.777,39.819],[-0.812,39.819],[-0.824,39.809],[-0.832,39.785],[-0.829,39.746],[-0.813,39.724],[-0.824,39.696],[-0.81,39.67],[-0.839,39.658],[-0.821,39.625],[-0.82,39.603],[-0.829,39.473],[-0.846,39.455]],[[-0.486,39.619],[-0.467,39.629],[-0.464,39.623],[-0.475,39.609],[-0.486,39.619]],[[-0.365,39.309],[-0.365,39.351],[-0.36,39.375],[-0.324,39.362],[-0.32,39.315],[-0.365,39.309]]]}},{"type":"Feature","properties":{},"geometry":{"type":"Polygon","coordinates":[[[-0.838,37.8],[-0.824,37.791],[-0.798,37.8],[-0.795,37.782],[-0.781,37.784],[-0.781,37.617],[-0.694,37.617],[-0.681,37.625],[-0.681,37.645],[-0.702,37.652],[-0.728,37.699],[-0.728,37.727],[-0.699,37.716],[-0.696,37.727],[-0.715,37.752],[-0.732,37.76],[-0.753,37.856],[-0.737,37.894],[-0.709,37.907],[-0.711,37.924],[-0.696,37.938],[-0.694,37.952],[-0.645,37.979],[-0.628,38.135],[-0.6,38.182],[-0.802,38.185],[-0.803,37.875],[-0.817,37.83],[-0.832,37.82],[-0.838,37.8]]]}},{"type":"Feature","properties":{},"geometry":{"type":"Polygon","coordinates":[[[-0.836,38.455],[-0.827,38.439],[-0.807,38.433],[-0.758,38.456],[-0.758,38.476],[-0.747,38.487],[-0.754,38.496],[-0.806,38.504],[-0.836,38.455]]]}},{"type":"Feature","properties":{},"geometry":{"type":"Polygon","coordinates":[[[-0.732,38.277],[-0.724,38.253],[-0.698,38.246],[-0.662,38.255],[-0.654,38.263],[-0.658,38.274],[-0.536,38.282],[-0.558,38.268],[-0.558,38.22],[-0.533,38.219],[-0.525,38.226],[-0.499,38.22],[-0.507,38.31],[-0.492,38.308],[-0.453,38.347],[-0.406,38.342],[-0.396,38.347],[-0.394,38.401],[-0.369,38.432],[-0.349,38.441],[-0.343,38.456],[-0.368,38.454],[-0.4,38.465],[-0.428,38.443],[-0.523,38.442],[-0.531,38.456],[-0.564,38.464],[-0.589,38.443],[-0.574,38.391],[-0.585,38.341],[-0.57,38.317],[-0.592,38.308],[-0.637,38.306],[-0.636,38.293],[-0.644,38.286],[-0.728,38.293],[-0.732,38.277]]]}},{"type":"Feature","properties":{},"geometry":{"type":"Polygon","coordinates":[[[-0.655,38.842],[-0.637,38.832],[-0.644,38.823],[-0.644,38.794],[-0.636,38.792],[-0.637,38.784],[-0.586,38.77],[-0.559,38.791],[-0.558,38.825],[-0.577,38.853],[-0.629,38.863],[-0.655,38.842]]]}},{"type":"Feature","properties":{},"geometry":{"type":"Polygon","coordinates":[[[-0.523,38.68],[-0.5,38.664],[-0.472,38.66],[-0.427,38.71],[-0.415,38.749],[-0.466,38.746],[-0.507,38.708],[-0.523,38.68]]]}},{"type":"Feature","properties":{},"geometry":{"type":"Polygon","coordinates":[[[-0.302,39.972],[-0.295,39.941],[-0.269,39.942],[-0.261,39.935],[-0.261,39.869],[-0.148,39.869],[-0.144,39.851],[-0.067,39.852],[-0.032,39.884],[0.001,39.901],[0.001,39.923],[0.01,39.929],[0.011,40.048],[-0.041,40.033],[-0.066,40.035],[-0.081,40.019],[-0.111,40.006],[-0.128,39.982],[-0.126,39.991],[-0.146,40.006],[-0.148,40.079],[-0.224,40.079],[-0.28,40.028],[-0.277,40.004],[-0.298,39.987],[-0.302,39.972]]]}},{"type":"Feature","properties":{},"geometry":{"type":"Polygon","coordinates":[[[-0.269,38.496],[-0.218,38.494],[-0.169,38.505],[-0.144,38.526],[-0.093,38.514],[-0.065,38.53],[-0.044,38.554],[-0.04,38.591],[-0.001,38.629],[0.01,38.631],[0.011,38.66],[-0.066,38.661],[-0.067,38.627],[-0.11,38.625],[-0.11,38.617],[-0.118,38.624],[-0.124,38.615],[-0.152,38.608],[-0.181,38.566],[-0.268,38.565],[-0.269,38.496]]]}},{"type":"Feature","properties":{},"geometry":{"type":"Polygon","coordinates":[[[-124.82,49.21],[-124.777,49.21],[-124.777,49.292],[-124.82,49.295],[-124.82,49.21]]]}},{"type":"Feature","properties":{},"geometry":{"type":"Polygon","coordinates":[[[-124.082,49.171],[-124.011,49.171],[-124.01,49.143],[-123.948,49.125],[-123.948,49.119],[-123.915,49.119],[-123.916,49.21],[-123.944,49.23],[-123.957,49.23],[-123.955,49.237],[-123.97,49.247],[-124.082,49.263],[-124.082,49.171]]]}},{"type":"Feature","properties":{},"geometry":{"type":"Polygon","coordinates":[[[-123.573,48.417],[-123.544,48.398],[-123.466,48.4],[-123.448,48.418],[-123.409,48.405],[-123.301,48.397],[-123.258,48.411],[-123.236,48.462],[-123.256,48.494],[-123.304,48.53],[-123.536,48.534],[-123.543,48.531],[-123.551,48.483],[-123.569,48.474],[-123.573,48.417]]]}},{"type":"Feature","properties":{},"geometry":{"type":"Polygon","coordinates":[[[-123.54,45.201],[-123.523,45.126],[-123.526,45.085],[-122.254,45.081],[-122.271,45.279],[-122.263,45.287],[-122.279,45.307],[-122.283,45.333],[-122.278,45.356],[-122.26,45.357],[-122.261,45.368],[-122.246,45.377],[-122.245,45.395],[-122.267,45.425],[-122.263,45.464],[-122.271,45.466],[-122.274,45.482],[-122.25,45.579],[-122.249,45.625],[-122.252,45.633],[-122.314,45.635],[-122.322,45.644],[-122.355,45.653],[-122.363,45.668],[-122.421,45.679],[-122.43,45.693],[-122.417,45.704],[-122.425,45.738],[-122.414,45.745],[-122.412,45.757],[-122.397,45.762],[-122.401,45.775],[-122.425,45.784],[-122.425,45.796],[-122.449,45.833],[-122.493,45.878],[-122.576,45.896],[-122.577,45.922],[-122.635,45.922],[-122.651,45.952],[-122.691,45.974],[-122.863,45.945],[-122.897,45.946],[-122.897,45.925],[-122.926,45.923],[-122.934,45.835],[-122.926,45.831],[-122.918,45.792],[-122.918,45.706],[-122.905,45.699],[-122.905,45.678],[-122.89230324543611,45.65846653144016],[-122.936,45.631],[-123.117,45.651],[-123.147,45.632],[-123.221,45.629],[-123.217,45.58],[-123.195,45.564],[-123.199,45.553],[-123.191,45.537],[-123.194,45.5],[-123.221,45.48],[-123.217,45.23],[-123.22,45.26],[-123.518,45.257],[-123.534,45.254],[-123.54,45.201]]]}},{"type":"Feature","properties":{},"geometry":{"type":"Polygon","coordinates":[[[-123.306,49.365],[-123.3,49.33],[-123.285,49.33],[-123.273,49.312],[-123.273,49.275],[-123.289,49.264],[-123.289,49.251],[-123.282,49.234],[-123.247,49.211],[-123.251,49.185],[-123.239,49.179],[-123.228,49.139],[-123.227,49.146],[-123.223,49.101],[-123.201,49.076],[-123.173,49.009],[-123.122,48.995],[-123.092,48.965],[-123.013,48.965],[-123.013,49.069],[-123.022,49.082],[-122.904,49.082],[-122.903,49.041],[-122.897,49.041],[-122.892,49.021],[-122.85618032786886,49.014770491803276],[-122.882,49.016],[-122.881,49.014],[-122.85175,49.014],[-122.8,49.005],[-122.797,48.996],[-122.818,48.976],[-122.818,48.966],[-122.746,48.957],[-122.713,48.963],[-122.713,49.017],[-122.546,49.016],[-122.561,48.959],[-122.605,48.959],[-122.601,48.929],[-122.635,48.915],[-122.609,48.915],[-122.625,48.906],[-122.68,48.905],[-122.683,48.798],[-122.693,48.794],[-122.693,48.774],[-122.675,48.745],[-122.605,48.746],[-122.601,48.704],[-122.576,48.697],[-122.572,48.595],[-122.749,48.593],[-122.75,48.569],[-122.735,48.556],[-122.73,48.528],[-122.716,48.525],[-122.671,48.537],[-122.658,48.522],[-122.693,48.518],[-122.723,48.486],[-122.726,48.473],[-122.715,48.45],[-122.688,48.45],[-122.676,48.473],[-122.666,48.465],[-122.687,48.451],[-122.687,48.428],[-122.673,48.408],[-122.676,48.376],[-122.763,48.268],[-122.78,48.231],[-122.783,48.204],[-122.793,48.193],[-122.796,48.154],[-122.844,48.147],[-122.9009638554217,48.11614457831325],[-122.897,48.132],[-122.934,48.143],[-122.959,48.126],[-122.96,48.109],[-123.032,48.095],[-123.048,48.12],[-123.069,48.134],[-123.054,48.047],[-123.056,47.959],[-122.943,47.962],[-122.98,47.867],[-123.033,47.683],[-123.047,47.67],[-123.055,47.568],[-123.043,47.441],[-123.056,47.392],[-123.052,47.292],[-123.065,47.291],[-123.063,47.251],[-123.055,47.248],[-123.056,47.219],[-123.047,47.199],[-123.055,47.13],[-123.063,47.125],[-123.051,47.099],[-123.056,47.085],[-123.063,47.085],[-123.065,47.048],[-123.065,47.066],[-123.081,47.042],[-123.084,46.977],[-123.072,46.955],[-123.08,46.951],[-123.088,46.916],[-123.085,46.89],[-123.109,46.881],[-123.125,46.857],[-123.106,46.79],[-123.105,46.751],[-123.08,46.678],[-123.067,46.668],[-123.056,46.64],[-123.051,46.61],[-122.914,46.598],[-122.91,46.592],[-122.89,46.599],[-122.892,46.714],[-122.877,46.731],[-122.897,46.762],[-122.918,46.772],[-122.922,46.782],[-122.758,46.782],[-122.638,46.802],[-122.585,46.779],[-122.529,46.787],[-122.504,46.811],[-122.504,46.847],[-122.495,46.872],[-122.5,46.903],[-122.488,46.923],[-122.5,46.932],[-122.509,46.966],[-122.434,46.969],[-122.429,46.98],[-122.341,46.972],[-122.254,46.98],[-122.253,46.971],[-122.231,46.973],[-122.231,46.965],[-122.22,46.96],[-122.011,46.959],[-121.984,47.008],[-121.983,47.037],[-121.966,47.028],[-121.963,46.939],[-121.933,46.923],[-121.913,46.865],[-121.924,46.859],[-121.925,46.844],[-121.948,46.837],[-122.016,46.844],[-122.134,46.837],[-122.136,46.816],[-122.124,46.803],[-122.141,46.802],[-122.154,46.765],[-122.138,46.758],[-122.134,46.741],[-122.145,46.735],[-122.139,46.709],[-122.154,46.67],[-122.142,46.643],[-122.103,46.633],[-121.992,46.64],[-121.863,46.628],[-121.8,46.642],[-121.759,46.642],[-121.741,46.653],[-121.704,46.65],[-121.698,46.661],[-121.649,46.646],[-121.509,46.639],[-121.462,46.647],[-121.451,46.636],[-121.425,46.65],[-121.418,46.655],[-121.418,46.681],[-121.399,46.685],[-121.384,46.733],[-121.392,46.744],[-121.387,46.752],[-121.37,46.752],[-121.37,46.768],[-121.411,46.794],[-121.514,46.815],[-121.551,46.866],[-121.562,46.869],[-121.565,46.892],[-121.561,46.931],[-121.546,46.96],[-121.542,47.067],[-121.523,47.138],[-121.555,47.143],[-121.553,47.281],[-121.568,47.285],[-121.565,47.294],[-121.547,47.298],[-121.54,47.35],[-121.558,47.363],[-121.546,47.376],[-121.542,47.41],[-121.573,47.426],[-121.544,47.438],[-121.546,47.46],[-121.534,47.461],[-121.532,47.475],[-121.542,47.517],[-121.549,47.518],[-121.55,47.783],[-121.557,47.822],[-121.547,47.835],[-121.554,48.039],[-121.569,48.042],[-121.569,48.062],[-121.561,48.071],[-121.569,48.088],[-121.679,48.098],[-121.733,48.095],[-121.759,48.082],[-121.856,48.089],[-121.862,48.16],[-121.859,48.437],[-121.848,48.475],[-121.851,48.503],[-121.866,48.509],[-121.86,48.542],[-121.875,48.578],[-122.077,48.59],[-122.119,48.581],[-122.16,48.584],[-122.146,48.805],[-122.171,48.818],[-122.178,48.83],[-122.178,48.842],[-122.165,48.849],[-122.158,48.92],[-122.169,48.975],[-122.157,49.002],[-122.171,49.002],[-122.176,49.032],[-122.175,49.042],[-122.158,49.041],[-122.146,49.07],[-122.171,49.074],[-122.169,49.09],[-122.183,49.097],[-122.231,49.105],[-122.246,49.096],[-122.272,49.095],[-122.319,49.103],[-122.325,49.093],[-122.406,49.087],[-122.421,49.079],[-122.441,49.086],[-122.514,49.084],[-122.509,49.256],[-122.541,49.255],[-122.55,49.259],[-122.546,49.267],[-122.581,49.268],[-122.581,49.279],[-122.617,49.279],[-122.617,49.286],[-122.709,49.293],[-122.709,49.304],[-122.72,49.304],[-122.721,49.315],[-122.756,49.325],[-122.761,49.333],[-122.86,49.333],[-122.901,49.34],[-122.897,49.35],[-122.993,49.352],[-123.006,49.376],[-123.241,49.377],[-123.258,49.388],[-123.302,49.389],[-123.306,49.365]],[[-122.997,47.02],[-122.971,47.014],[-122.967,46.989],[-122.971,46.999],[-122.989,47.001],[-122.997,47.02]],[[-122.969,46.967],[-122.959,46.975],[-122.955,46.96],[-122.967,46.96],[-122.969,46.967]],[[-122.774,46.962],[-122.771,46.972],[-122.75,46.977],[-122.75,46.963],[-122.774,46.962]],[[-122.612,48.76],[-122.572,48.765],[-122.563,48.763],[-122.563,48.752],[-122.61,48.753],[-122.612,48.76]],[[-122.563,48.7],[-122.562,48.711],[-122.54,48.709],[-122.525,48.691],[-122.499,48.679],[-122.426,48.687],[-122.401,48.707],[-122.36,48.707],[-122.36,48.7],[-122.399,48.7],[-122.422,48.678],[-122.5,48.668],[-122.525,48.677],[-122.537,48.696],[-122.563,48.7]],[[-122.458,47.686],[-122.439,47.694],[-122.43,47.829],[-122.437,47.694],[-122.456,47.663],[-122.449,47.687],[-122.458,47.686]]]}},{"type":"Feature","properties":{},"geometry":{"type":"Polygon","coordinates":[[[-123.063,45.058],[-123.061,45.019],[-122.988,45.028],[-122.98,45.016],[-122.96,45.01],[-122.956,45.064],[-123.062,45.069],[-123.063,45.058]]]}},{"type":"Feature","properties":{},"geometry":{"type":"Polygon","coordinates":[[[-123.035,46.066],[-122.871,46.066],[-122.86,46.127],[-122.871,46.127],[-122.871,46.15],[-122.86,46.149],[-122.86,46.187],[-122.871,46.187],[-122.871,46.203],[-122.86,46.203],[-122.86,46.279],[-122.871,46.282],[-122.871,46.294],[-122.937,46.294],[-122.937,46.262],[-122.947,46.262],[-122.959,46.247],[-122.98,46.247],[-122.981,46.24],[-122.992,46.24],[-122.992,46.247],[-123.035,46.247],[-123.035,46.066]]]}},{"type":"Feature","properties":{},"geometry":{"type":"Polygon","coordinates":[[[-122.981,48.555],[-122.978,48.441],[-122.897,48.409],[-122.805,48.407],[-122.791,48.418],[-122.789,48.436],[-122.8,48.48],[-122.779,48.497],[-122.768,48.497],[-122.771,48.477],[-122.752,48.48],[-122.75,48.493],[-122.763,48.497],[-122.758,48.516],[-122.778,48.534],[-122.758,48.549],[-122.758,48.565],[-122.789,48.598],[-122.934,48.599],[-122.956,48.584],[-122.964,48.562],[-122.981,48.555]]]}},{"type":"Feature","properties":{},"geometry":{"type":"Polygon","coordinates":[[[-122.857,48.312],[-122.842,48.303],[-122.813,48.312],[-122.805,48.329],[-122.846,48.333],[-122.855,48.328],[-122.857,48.312]]]}},{"type":"Feature","properties":{},"geometry":{"type":"Polygon","coordinates":[[[-122.287,46.148],[-122.094,46.148],[-122.094,46.287],[-122.287,46.287],[-122.287,46.148]]]}},{"type":"Feature","properties":{},"geometry":{"type":"Polygon","coordinates":[[[-121.08,46.823],[-121.072,46.798],[-121.075,46.711],[-121.062,46.693],[-121.057,46.643],[-121.06,46.58],[-121.075,46.552],[-121.068,46.502],[-121.06,46.499],[-120.902,46.482],[-120.65,46.479],[-120.597,46.482],[-120.574,46.494],[-120.486,46.495],[-120.468,46.489],[-120.414,46.497],[-120.265,46.492],[-120.155,46.479],[-120.12,46.485],[-120.085,46.529],[-120.075,46.557],[-120.1,46.824],[-120.168,46.847],[-120.472,46.851],[-120.701,46.845],[-120.727,46.836],[-120.748,46.843],[-120.917,46.851],[-120.931,46.833],[-120.948,46.83],[-120.961,46.83],[-120.969,46.842],[-121.039,46.845],[-121.08,46.823]]]}},{"type":"Feature","properties":{},"geometry":{"type":"Polygon","coordinates":[[[-120.602,47.012],[-120.585,46.998],[-120.586,46.969],[-120.523,46.962],[-120.512,46.95],[-120.499,46.953],[-120.497,46.962],[-120.49,46.949],[-120.447,46.953],[-120.446,46.962],[-120.453,46.962],[-120.438,46.981],[-120.446,47],[-120.453,47],[-120.444,47.002],[-120.455,47.021],[-120.447,47.025],[-120.447,47.036],[-120.469,47.038],[-120.482,47.056],[-120.509,47.062],[-120.515,47.077],[-120.554,47.075],[-120.561,47.059],[-120.587,47.051],[-120.589,47.041],[-120.602,47.036],[-120.589,47.028],[-120.601,47.024],[-120.602,47.012]]]}},{"type":"Feature","properties":{},"geometry":{"type":"Polygon","coordinates":[[[-120.355,47.391],[-120.289,47.384],[-120.288,47.376],[-120.244,47.376],[-120.244,47.362],[-120.225,47.361],[-120.225,47.383],[-120.234,47.383],[-120.234,47.391],[-120.225,47.392],[-120.225,47.449],[-120.252,47.449],[-120.267,47.458],[-120.267,47.502],[-120.355,47.501],[-120.355,47.391]]]}},{"type":"Feature","properties":{},"geometry":{"type":"Polygon","coordinates":[[[-75.693,41.148],[-75.688,40.972],[-74.908,40.972],[-74.91,40.944],[-74.942,40.944],[-74.958,40.935],[-74.962,40.76],[-74.954,40.704],[-74.967,40.661],[-74.956,40.584],[-74.942,40.577],[-74.942,40.562],[-74.928,40.559],[-74.923,40.545],[-74.925,40.477],[-74.931,40.462],[-74.958,40.438],[-74.946,40.433],[-74.925,40.438],[-74.913,40.428],[-74.77,40.426],[-74.77,40.367],[-74.785,40.342],[-74.824,40.341],[-74.842,40.349],[-74.843,40.3],[-74.872,40.291],[-74.872,40.228],[-74.98,40.19],[-74.979,40.163],[-74.97291803278688,40.15604918032787],[-74.993,40.144],[-75.005,40.145],[-75,40.11],[-74.968,40.107],[-74.967,40.091],[-74.967,40.065],[-74.989,40.022],[-75,40.017],[-74.972,40.013],[-74.96,39.99],[-74.971,39.971],[-74.934,39.955],[-74.938,39.937],[-74.927,39.911],[-74.938,39.902],[-74.854,39.901],[-74.857,39.998],[-74.81,39.998],[-74.794,40.043],[-74.796,40.061],[-74.741,40.092],[-74.747,40.098],[-74.717,40.124],[-74.684,40.135],[-74.608,40.135],[-74.607,40.252],[-74.616,40.258],[-74.608,40.287],[-74.612,40.35],[-74.608,40.374],[-74.594,40.381],[-74.556,40.383],[-74.571,40.356],[-74.57,40.345],[-74.557,40.347],[-74.555,40.137],[-74.557,40.124],[-74.575,40.116],[-74.637,40.111],[-74.641,39.901],[-74.067,39.901],[-74.019,40.124],[-73.967,40.3],[-73.96,40.363],[-73.971,40.452],[-74,40.49],[-74.023,40.49],[-74.033,40.476],[-74.008,40.436],[-74.016,40.429],[-74.045,40.431],[-74.038,40.462],[-74.049,40.468],[-74.06,40.467],[-74.073,40.448],[-74.129,40.472],[-74.162,40.464],[-74.176,40.47],[-74.199,40.455],[-74.254,40.475],[-74.232,40.49],[-74.192,40.499],[-74.149,40.52],[-74.133,40.518],[-74.063,40.57],[-74.052,40.555],[-74.046,40.557],[-74.053,40.553],[-74.027,40.551],[-74.014,40.56],[-73.967,40.556],[-73.957,40.538],[-73.926,40.536],[-73.777,40.577],[-73.588,40.574],[-73.585,40.567],[-73.559,40.567],[-73.431,40.59692207792208],[-73.431,40.596],[-73.427,40.596],[-73.427,40.597],[-73.423,40.597],[-73.423,40.598],[-73.416,40.599],[-73.41895302013423,40.59973825503356],[-73.328,40.621],[-73.315,40.611],[-73.264,40.61],[-73.038,40.655],[-72.951,40.691],[-72.948,40.705],[-72.918,40.717],[-72.923,40.726],[-72.861,40.727],[-72.71,40.769],[-72.864,40.726],[-72.85,40.725],[-72.493,40.824],[-71.867,41.043],[-71.846,41.065],[-71.846,41.076],[-71.855,41.082],[-71.91,41.096],[-71.958,41.085],[-71.971,41.056],[-71.998,41.058],[-72.04,41.025],[-72.285,41.021],[-72.285,41.076],[-72.268,41.081],[-72.301,41.1],[-72.254,41.119],[-72.23,41.15],[-72.195,41.156],[-72.183,41.17],[-72.151,41.182],[-72.151,41.196],[-72.166,41.201],[-72.197,41.197],[-72.234,41.172],[-72.291,41.168],[-72.327,41.151],[-72.363,41.145],[-72.401,41.106],[-72.455,41.094],[-72.477,41.068],[-72.633,40.994],[-72.76,40.978],[-72.758,40.917],[-72.691,40.916],[-72.69,40.83],[-72.908,40.829],[-72.911,40.903],[-72.903,40.932],[-72.909,40.962],[-72.92,40.962],[-72.926,40.974],[-73.054,40.976],[-73.114,40.986],[-73.165,40.977],[-73.163,40.936],[-73.223,40.92],[-73.36,40.942],[-73.38,40.96],[-73.402,40.966],[-73.412,40.96],[-73.416,40.926],[-73.435,40.946],[-73.501,40.947],[-73.508,40.926],[-73.574,40.926],[-73.641,40.911],[-73.67,40.873],[-73.742,40.889],[-73.743,40.902],[-73.677,40.927],[-73.652,40.953],[-73.652,40.971],[-73.651,40.942],[-73.611,40.967],[-73.63,40.952],[-73.599,40.961],[-73.599,40.972],[-73.608,40.973],[-73.593,40.986],[-73.592,40.98],[-73.558,40.99],[-73.485,41.019],[-73.484,41.027],[-73.439,41.025],[-73.434,41.033],[-73.466,41.033],[-73.386,41.041],[-73.426,41.038],[-73.369,41.051],[-73.35,41.076],[-73.319,41.098],[-73.261,41.104],[-73.241,41.116],[-73.247,41.11],[-73.227,41.11],[-73.209,41.126],[-73.237,41.117],[-73.207,41.129],[-73.203,41.139],[-73.226,41.125],[-73.201,41.142],[-73.092,41.131],[-73.076,41.137],[-73.114,41.135],[-73.096,41.138],[-73.093,41.152],[-73.106,41.142],[-73.08,41.167],[-73.015,41.193],[-73.0038,41.2002],[-72.997,41.203],[-72.997,41.20457142857143],[-72.959,41.229],[-72.913,41.24],[-72.714,41.246],[-72.714,41.362],[-72.753,41.363],[-72.753,41.507],[-72.547,41.505],[-72.551,41.579],[-72.544,41.638],[-72.55,41.687],[-72.536,41.693],[-72.534,41.702],[-72.427,41.702],[-72.431,41.814],[-72.426,41.824],[-72.401,41.832],[-72.404,42.022],[-72.463,42.022],[-72.459,42.109],[-72.43,42.146],[-72.436,42.174],[-72.459,42.192],[-72.463,42.278],[-72.784,42.278],[-72.784,42.211],[-72.793,42.204],[-72.784,42.131],[-72.784,42.024],[-72.852,42.023],[-72.848,41.818],[-72.915,41.816],[-72.919,41.778],[-72.931,41.778],[-72.931,41.768],[-72.957,41.768],[-72.956,41.748],[-72.973,41.748],[-72.971,41.741],[-73.004,41.74],[-72.999,41.692],[-73.006,41.621],[-73.157,41.621],[-73.154,41.359],[-73.269,41.356],[-73.279,41.296],[-73.277,41.256],[-73.291,41.239],[-73.287,41.203],[-73.297,41.19],[-73.347,41.177],[-73.364,41.164],[-73.777,41.164],[-73.777,41.186],[-73.63,41.187],[-73.63,41.346],[-73.938,41.346],[-73.938,41.257],[-73.932,41.256],[-74.004,41.256],[-74.016,41.263],[-74.023,41.257],[-74.097,41.255],[-74.174,41.272],[-74.181,41.255],[-74.213,41.253],[-74.224,41.26],[-74.335,41.265],[-74.382,41.255],[-74.387,41.233],[-74.394,41.29],[-74.387,41.298],[-74.391,41.325],[-74.379,41.337],[-74.383,41.355],[-74.457,41.367],[-74.461,41.375],[-74.487,41.371],[-74.498,41.378],[-74.548,41.379],[-74.567,41.378],[-74.568,41.371],[-74.614,41.353],[-74.662,41.354],[-74.659,41.37],[-74.68,41.364],[-74.68,41.372],[-74.693,41.379],[-74.718,41.362],[-74.75,41.355],[-74.783,41.354],[-74.802,41.365],[-74.888,41.368],[-74.942,41.352],[-74.935,41.327],[-74.946,41.233],[-74.934,41.182],[-74.951,41.183],[-74.983,41.168],[-75.109,41.192],[-75.179,41.179],[-75.2,41.182],[-75.212,41.173],[-75.228,41.173],[-75.234,41.185],[-75.244,41.186],[-75.258,41.178],[-75.318,41.18],[-75.325,41.172],[-75.368,41.18],[-75.416,41.172],[-75.455,41.182],[-75.542,41.17],[-75.626,41.181],[-75.675,41.179],[-75.689,41.166],[-75.693,41.148]],[[-74.4,41.099],[-74.39,41.213],[-74.376,41.196],[-74.355,41.196],[-74.353,41.189],[-74.376,41.154],[-74.388,41.107],[-74.4,41.099]],[[-72.551,40.93],[-72.551,40.939],[-72.523,40.959],[-72.534,40.96],[-72.521,40.972],[-72.426,40.996],[-72.4,41.011],[-72.367,41.003],[-72.396,40.988],[-72.437,40.909],[-72.451,40.899],[-72.477,40.901],[-72.551,40.93]]]}},{"type":"Feature","properties":{},"geometry":{"type":"Polygon","coordinates":[[[-74.901,43.136],[-74.843,43.135],[-74.844,43.126],[-74.872,43.125],[-74.873,43.116],[-74.872,43.108],[-74.847,43.106],[-74.844,43.094],[-74.88,43.093],[-74.876,43.075],[-74.844,43.076],[-74.843,43.065],[-74.851,43.062],[-74.843,43.059],[-74.851,43.05],[-74.847,43.025],[-74.854,43.024],[-74.855,43.013],[-74.853,43.003],[-74.842,42.998],[-74.858,42.992],[-74.862,42.976],[-74.837,42.97],[-74.85,42.962],[-74.847,42.942],[-74.837,42.94],[-74.837,42.932],[-74.857,42.931],[-74.862,42.92],[-74.861,42.912],[-74.839,42.906],[-74.861,42.902],[-74.861,42.887],[-74.809,42.857],[-74.733,42.857],[-74.745,42.852],[-74.745,42.839],[-74.711,42.833],[-74.743,42.823],[-74.745,42.807],[-74.713,42.806],[-74.714,42.796],[-74.739,42.795],[-74.744,42.78],[-74.713,42.779],[-74.711,42.768],[-74.741,42.766],[-74.745,42.757],[-74.713,42.752],[-74.708,42.742],[-74.744,42.735],[-74.745,42.722],[-74.713,42.721],[-74.714,42.71],[-74.739,42.706],[-74.737,42.695],[-74.708,42.691],[-74.708,42.677],[-74.74,42.677],[-74.741,42.664],[-74.708,42.658],[-74.711,42.65],[-74.747,42.649],[-74.747,42.633],[-74.713,42.633],[-74.71,42.624],[-74.743,42.624],[-74.557,42.616],[-74.416,42.622],[-73.895,42.615],[-73.891,42.57],[-73.882,42.568],[-73.878,42.553],[-73.857,42.553],[-73.867,42.39],[-73.875,42.381],[-73.873,42.368],[-73.887,42.357],[-73.913,42.307],[-73.924,42.261],[-73.941,42.247],[-73.957,42.18],[-73.967,42.177],[-73.994,42.097],[-73.737,42.09],[-73.722,42.097],[-73.72,42.12],[-73.728,42.123],[-73.724,42.222],[-73.713,42.246],[-73.721,42.305],[-73.714,42.354],[-73.724,42.374],[-73.716,42.472],[-73.72,42.552],[-73.589,42.553],[-73.591,42.859],[-73.656,42.86],[-73.656,42.883],[-73.894,42.883],[-73.89,42.891],[-73.897,42.906],[-73.85,42.908],[-73.853,42.929],[-73.864,42.931],[-73.812,42.939],[-73.814,42.957],[-73.834,42.96],[-73.834,42.967],[-73.786,42.971],[-73.779,42.991],[-73.798,42.992],[-73.798,43.001],[-73.744,43.002],[-73.743,43.012],[-73.732,43.01],[-73.728,42.999],[-73.733,42.905],[-73.699,42.894],[-73.659,42.893],[-73.64,42.901],[-73.591,42.889],[-73.471,42.898],[-73.444,42.917],[-73.424,42.92],[-73.42,43.363],[-73.422,43.402],[-73.434,43.438],[-73.489,43.448],[-73.663,43.439],[-73.674,43.449],[-73.733,43.452],[-73.735,43.444],[-73.791,43.439],[-73.797,43.428],[-73.79,43.143],[-74.603,43.145],[-74.776,43.143],[-74.802,43.136],[-74.806,43.143],[-74.861,43.143],[-74.901,43.136]],[[-73.937,42.877],[-73.922,42.88],[-73.918,42.871],[-73.932,42.869],[-73.937,42.877]]]}},{"type":"Feature","properties":{},"geometry":{"type":"Polygon","coordinates":[[[-74.155,41.486],[-74.112,41.454],[-74.086,41.416],[-73.931,41.416],[-73.963,41.447],[-73.964,41.496],[-73.853,41.496],[-73.849,41.621],[-73.812,41.621],[-73.812,41.855],[-73.949,41.854],[-73.949,41.978],[-73.956,41.98],[-73.949,41.981],[-73.949,42.042],[-74.074,42.042],[-74.074,41.854],[-74.123,41.854],[-74.123,41.621],[-73.971,41.621],[-73.971,41.6],[-74.014,41.6],[-74.025,41.563],[-74.155,41.563],[-74.155,41.486]]]}},{"type":"Feature","properties":{},"geometry":{"type":"Polygon","coordinates":[[[-73.724,44.674],[-73.722,44.64],[-73.692,44.64],[-73.687,44.362],[-73.667,44.34],[-73.645,44.341],[-73.644,44.313],[-73.625,44.315],[-73.624,44.341],[-73.607,44.341],[-73.606,44.315],[-73.589,44.317],[-73.585,44.335],[-73.574,44.337],[-73.57,44.315],[-73.544,44.318],[-73.542,44.339],[-73.536,44.341],[-73.526,44.323],[-73.457,44.338],[-73.444,44.323],[-73.407,44.344],[-73.347,44.334],[-73.338,44.345],[-73.315,44.326],[-73.282,44.333],[-73.272,44.32],[-73.261,44.32],[-73.26,44.327],[-73.243,44.327],[-73.22,44.303],[-73.181,44.3],[-73.176,44.292],[-73.166,44.292],[-73.157,44.307],[-73.136,44.311],[-73.126,44.297],[-73.118,44.298],[-73.107,44.311],[-72.977,44.286],[-72.973,44.301],[-72.948,44.304],[-72.942,44.329],[-72.885,44.294],[-72.782,44.255],[-72.724,44.221],[-72.702,44.218],[-72.679,44.196],[-72.635,44.187],[-72.625,44.169],[-72.5,44.163],[-72.497,44.157],[-72.464,44.163],[-72.447,44.192],[-72.447,44.21],[-72.473,44.231],[-72.474,44.242],[-72.499,44.261],[-72.508,44.278],[-72.552,44.306],[-72.65,44.334],[-72.673,44.348],[-72.735,44.361],[-72.747,44.372],[-72.776,44.377],[-72.885,44.425],[-72.919,44.429],[-72.927,44.451],[-72.914,44.507],[-72.931,44.514],[-72.922,44.533],[-72.93,44.538],[-72.914,44.57],[-72.929,44.575],[-72.931,44.583],[-72.918,44.626],[-72.931,44.648],[-72.935,44.678],[-72.923,44.728],[-72.934,44.734],[-72.933,44.778],[-72.923,44.781],[-72.934,44.82],[-72.927,44.895],[-72.937,44.917],[-72.97,44.921],[-72.973,44.941],[-73.006,44.952],[-73.051,44.944],[-73.056,44.951],[-73.106,44.946],[-73.137,44.932],[-73.165,44.953],[-73.19,44.953],[-73.206,44.922],[-73.22,44.922],[-73.232,44.939],[-73.264,44.939],[-73.273,44.918],[-73.308,44.92],[-73.315,44.914],[-73.316,44.928],[-73.356,44.925],[-73.364,44.905],[-73.437,44.907],[-73.457,44.914],[-73.493,44.908],[-73.531,44.918],[-73.548,44.909],[-73.566,44.914],[-73.567,44.923],[-73.595,44.929],[-73.597,44.914],[-73.606,44.915],[-73.607,44.933],[-73.629,44.936],[-73.636,44.917],[-73.644,44.915],[-73.647,44.933],[-73.666,44.934],[-73.681,44.899],[-73.699,44.894],[-73.702,44.86],[-73.695,44.848],[-73.703,44.827],[-73.694,44.675],[-73.724,44.674]]]}},{"type":"Feature","properties":{},"geometry":{"type":"Polygon","coordinates":[[[-73.501,40.948],[-73.472,40.952],[-73.488,40.958],[-73.501,40.948]]]}},{"type":"Feature","properties":{},"geometry":{"type":"Polygon","coordinates":[[[-73.493,41.399],[-73.477,41.386],[-73.486,41.384],[-73.49,41.367],[-73.474,41.371],[-73.474,41.361],[-73.441,41.367],[-73.439,41.355],[-73.431,41.354],[-73.424,41.369],[-73.404,41.38],[-73.402,41.424],[-73.419,41.439],[-73.437,41.441],[-73.449,41.436],[-73.448,41.427],[-73.463,41.432],[-73.481,41.422],[-73.493,41.399]]]}},{"type":"Feature","properties":{},"geometry":{"type":"Polygon","coordinates":[[[-73.315,42.406],[-73.313,42.324],[-73.229,42.324],[-73.229,42.401],[-73.179,42.395],[-73.004,42.398],[-73.003,42.712],[-73.015,42.742],[-73.235,42.743],[-73.261,42.673],[-73.269,42.622],[-73.284,42.599],[-73.284,42.551],[-73.315,42.52],[-73.315,42.406]]]}},{"type":"Feature","properties":{},"geometry":{"type":"Polygon","coordinates":[[[-72.587,42.35],[-72.471,42.349],[-72.471,42.412],[-72.587,42.412],[-72.587,42.35]]]}},{"type":"Feature","properties":{},"geometry":{"type":"Polygon","coordinates":[[[-72.481,43.642],[-72.474,43.618],[-72.474,43.481],[-72.463,43.463],[-72.474,43.45],[-72.478,43.331],[-72.475,43.31],[-72.46,43.297],[-72.455,43.276],[-72.429,43.286],[-72.411,43.275],[-72.399,43.292],[-72.381,43.293],[-72.377,43.278],[-72.342,43.279],[-72.334,43.257],[-72.324,43.26],[-72.32,43.287],[-72.301,43.289],[-72.296,43.279],[-72.28,43.278],[-72.279,43.287],[-72.256,43.289],[-72.256,43.282],[-72.227,43.287],[-72.219,43.286],[-72.221,43.277],[-72.205,43.276],[-72.204,43.286],[-72.188,43.289],[-72.186,43.279],[-72.172,43.274],[-72.164,43.286],[-72.15,43.289],[-72.142,43.27],[-72.132,43.267],[-72.125,43.285],[-72.092,43.284],[-72.059,43.301],[-72.05,43.412],[-72.054,43.474],[-72.063,43.477],[-72.055,43.541],[-72.068,43.556],[-72.055,43.663],[-72.063,43.685],[-72.055,43.948],[-72.087,43.949],[-72.092,43.937],[-72.105,43.938],[-72.109,43.948],[-72.127,43.948],[-72.129,43.939],[-72.14,43.937],[-72.15,43.94],[-72.151,43.954],[-72.162,43.953],[-72.171,43.939],[-72.297,43.937],[-72.305,43.951],[-72.322,43.957],[-72.324,43.944],[-72.337,43.941],[-72.356,43.952],[-72.375,43.936],[-72.385,43.938],[-72.389,43.954],[-72.4,43.955],[-72.404,43.938],[-72.421,43.934],[-72.426,43.95],[-72.437,43.952],[-72.442,43.933],[-72.462,43.931],[-72.464,43.917],[-72.474,43.915],[-72.481,43.877],[-72.473,43.695],[-72.481,43.642]]]}},{"type":"Feature","properties":{},"geometry":{"type":"Polygon","coordinates":[[[-72.309,41.875],[-72.304,41.698],[-72.297,41.683],[-72.304,41.599],[-72.297,41.279],[-72.158,41.291],[-72.125,41.29],[-72.125,41.282],[-72.04,41.281],[-72.043,41.248],[-72.017,41.245],[-71.996,41.248],[-71.9,41.294],[-71.726,41.321],[-71.686,41.341],[-71.557,41.37],[-71.502,41.373],[-71.509,41.489],[-71.503,41.568],[-71.47,41.575],[-71.45,41.578],[-71.436,41.573],[-71.432,41.563],[-71.261,41.563],[-71.241,41.566],[-71.241,41.577],[-71.187,41.579],[-71.189,41.573],[-71.101,41.571],[-71.099,41.579],[-70.922,41.575],[-70.919,41.585],[-70.895,41.582],[-70.889,41.599],[-70.878,41.6],[-70.869,41.579],[-70.844,41.579],[-70.844,41.845],[-70.819,41.845],[-70.819,41.919],[-71.116,41.919],[-71.108,42],[-71.028,41.99],[-70.987,42],[-70.928,41.992],[-70.896,42.001],[-70.848,41.981],[-70.833,41.989],[-70.819,41.986],[-70.819,42.001],[-70.796,42.004],[-70.785,42.026],[-70.793,42.051],[-70.79,42.089],[-70.781,42.115],[-70.773,42.117],[-70.785,42.148],[-70.78464705882352,42.15],[-70.784,42.15],[-70.784,42.152],[-70.78429411764706,42.152],[-70.779,42.182],[-70.704,42.184],[-70.703,42.204],[-70.74,42.239],[-70.735,42.247],[-70.795,42.242],[-70.795,42.27],[-70.819,42.281],[-70.827,42.281],[-70.828,42.272],[-70.83,42.28],[-70.851,42.281],[-70.873,42.318],[-70.858,42.362],[-70.865,42.377],[-70.881,42.362],[-70.902,42.362],[-70.909,42.328],[-70.903,42.318],[-70.914,42.319],[-70.924,42.342],[-70.94,42.341],[-70.94,42.331],[-70.959,42.395],[-70.976,42.412],[-70.95,42.434],[-70.94,42.406],[-70.905,42.406],[-70.895,42.409],[-70.887,42.439],[-70.918,42.44],[-70.924,42.449],[-70.915,42.454],[-70.891,42.449],[-70.874,42.468],[-70.862,42.455],[-70.823,42.481],[-70.816,42.497],[-70.804,42.499],[-70.795,42.501],[-70.789,42.51],[-70.795,42.603],[-70.792,42.594],[-70.782,42.595],[-70.782,42.611],[-70.8,42.61],[-70.808,42.623],[-70.8,42.628],[-70.807,42.634],[-70.803,42.64],[-70.816,42.645],[-70.837,42.636],[-70.815,42.637],[-70.848,42.633],[-70.849,42.643],[-70.858,42.643],[-70.88,42.628],[-70.918,42.632],[-70.936,42.624],[-70.979,42.632],[-70.977,42.64],[-71.007,42.651],[-71.04,42.655],[-71.061,42.647],[-71.068,42.725],[-71.06,42.733],[-71.012,42.731],[-71.013,42.807],[-71.115,42.806],[-71.115,42.818],[-71.161,42.805],[-71.207,42.811],[-71.208,42.78],[-71.208,42.81],[-71.26,42.812],[-71.261,42.656],[-71.286,42.678],[-71.283,42.698],[-71.312,42.706],[-71.312,42.777],[-71.395,42.772],[-71.419,42.778],[-71.419,42.799],[-71.437,42.799],[-71.454,42.812],[-71.54,42.806],[-71.542,42.608],[-71.499,42.607],[-71.487,42.579],[-71.466,42.575],[-71.459,42.566],[-71.366,42.571],[-71.353,42.561],[-71.353,42.509],[-71.332,42.509],[-71.331,42.463],[-71.312,42.454],[-71.311,42.317],[-71.366,42.315],[-71.382,42.336],[-71.411,42.34],[-71.463,42.31],[-71.465,42.269],[-71.463,42.314],[-71.58,42.315],[-71.58,42.063],[-71.65,42.063],[-71.65,42.055],[-71.58,42.055],[-71.586,42.039],[-71.634,42.03],[-71.717,42.043],[-71.748,42.04],[-71.76,42.043],[-71.756,42.049],[-71.785,42.052],[-71.787,42.044],[-71.82,42.043],[-71.811,42.044],[-71.826,42.051],[-71.83,42.045],[-71.833,42.074],[-71.608,42.074],[-71.608,42.109],[-71.823,42.109],[-71.824,42.138],[-71.897,42.139],[-71.608,42.138],[-71.702,42.142],[-71.702,42.16],[-71.69,42.16],[-71.68,42.173],[-71.687,42.189],[-71.683,42.341],[-71.685,42.35],[-71.708,42.352],[-71.709,42.499],[-71.711,42.354],[-71.728,42.352],[-71.73,42.607],[-71.747,42.607],[-71.743,42.617],[-71.713,42.622],[-71.704,42.649],[-71.68,42.664],[-71.667,42.728],[-71.634,42.733],[-71.623,42.795],[-71.606,42.799],[-71.599,42.997],[-71.544,42.995],[-71.536,42.952],[-71.542,42.923],[-71.533,42.914],[-71.529,42.863],[-71.253,42.862],[-71.253,42.909],[-71.242,42.914],[-71.241,42.984],[-71.325,42.992],[-71.329,43.017],[-71.337,43.016],[-71.337,43.066],[-71.408,43.066],[-71.407,43.215],[-71.447,43.215],[-71.448,43.298],[-71.461,43.299],[-71.461,43.315],[-71.425,43.326],[-71.419,43.356],[-71.386,43.36],[-71.367,43.415],[-71.363,43.472],[-71.371,43.578],[-71.363,43.615],[-71.371,43.671],[-71.37,43.9],[-71.378,43.937],[-71.408,43.939],[-71.411,43.971],[-71.425,43.97],[-71.429,43.939],[-71.445,43.94],[-71.448,43.962],[-71.462,43.965],[-71.466,43.935],[-71.476,43.935],[-71.478,43.973],[-71.491,43.973],[-71.496,43.953],[-71.525,43.96],[-71.529,43.934],[-71.54,43.935],[-71.544,43.955],[-71.558,43.955],[-71.562,43.937],[-71.576,43.938],[-71.58,43.964],[-71.595,43.964],[-71.599,43.937],[-71.612,43.936],[-71.614,43.964],[-71.631,43.966],[-71.636,43.939],[-71.649,43.938],[-71.654,43.959],[-71.667,43.96],[-71.662,43.949],[-71.672,43.933],[-71.684,43.931],[-71.689,43.96],[-71.706,43.964],[-71.713,43.933],[-71.726,43.933],[-71.728,43.959],[-71.746,43.96],[-71.749,43.931],[-71.76,43.931],[-71.764,43.942],[-71.779,43.942],[-71.787,43.659],[-71.776,43.643],[-71.776,43.279],[-71.761,43.276],[-71.757,43.263],[-71.734,43.263],[-71.732,43.275],[-71.72,43.249],[-71.709,43.247],[-71.701,43.25],[-71.697,43.275],[-71.687,43.276],[-71.686,43.256],[-71.675,43.252],[-71.662,43.254],[-71.661,43.275],[-71.647,43.274],[-71.645,43.255],[-71.635,43.254],[-71.624,43.273],[-71.621,43.158],[-71.532,43.157],[-71.533,43.067],[-71.605,43.067],[-71.605,43.082],[-71.621,43.094],[-71.645,43.094],[-71.646,43.11],[-71.671,43.11],[-71.671,43.101],[-71.687,43.101],[-71.687,43.109],[-71.711,43.111],[-71.711,43.095],[-71.726,43.091],[-71.73,43.101],[-71.768,43.094],[-71.772,43.102],[-71.796,43.105],[-71.798,43.095],[-71.812,43.093],[-71.814,43.106],[-71.837,43.106],[-71.837,43.095],[-71.852,43.095],[-71.853,43.111],[-71.875,43.11],[-71.875,43.099],[-71.959,43.09],[-71.976,43.093],[-71.977,43.106],[-71.998,43.106],[-71.999,43.093],[-72.017,43.093],[-72.021,43.11],[-72.04,43.109],[-72.04,43.086],[-72.059,43.086],[-72.063,43.098],[-72.08,43.098],[-72.088,43.082],[-72.11,43.068],[-72.106,43.04],[-72.098,43.039],[-72.106,43.034],[-72.105,43.014],[-72.096,43.011],[-72.105,42.984],[-72.096,42.982],[-72.096,42.942],[-72.106,42.854],[-72.103,42.791],[-72.095,42.777],[-72.101,42.748],[-72.091,42.728],[-72.101,42.728],[-72.095,42.681],[-72.101,42.57],[-72.091,42.542],[-72.099,42.525],[-72.092,42.493],[-72.057,42.489],[-72.051,42.473],[-72.029,42.483],[-72.004,42.474],[-71.98,42.483],[-71.97,42.47],[-71.959,42.469],[-71.958,42.485],[-71.875,42.498],[-71.859,42.513],[-71.857,42.35],[-72.044,42.35],[-72.043,42.164],[-71.951,42.162],[-71.951,42.139],[-71.918,42.139],[-71.918,42.046],[-71.947,42.054],[-71.967,42.041],[-71.967,42.029],[-71.976,42.029],[-71.982,42.046],[-72.002,42.047],[-72.004,42.024],[-72.013,42.021],[-72.079,42.022],[-72.085,42.004],[-72.101,42.002],[-72.117,42.02],[-72.127,42.015],[-72.129,41.993],[-72.175,41.984],[-72.195,41.992],[-72.204,41.988],[-72.205,41.976],[-72.243,41.973],[-72.264,41.961],[-72.267,41.948],[-72.293,41.951],[-72.305,41.935],[-72.309,41.875]],[[-71.465,42.269],[-71.463,42.172],[-71.466,42.121],[-71.465,42.269]],[[-71.967,41.296],[-71.94,41.315],[-71.922,41.312],[-71.925,41.304],[-71.967,41.296]],[[-71.709,42.249],[-71.702,42.258],[-71.709,42.275],[-71.708,42.319],[-71.697,42.305],[-71.693,42.26],[-71.687,42.259],[-71.696,42.249],[-71.694,42.221],[-71.708,42.217],[-71.709,42.249]],[[-71.378,42.065],[-71.378,42.084],[-71.323,42.084],[-71.323,42.077],[-71.315,42.078],[-71.316,42.017],[-71.337,42.017],[-71.337,42.064],[-71.378,42.065]],[[-71.175,41.856],[-71.175,41.871],[-71.146,41.871],[-71.146,41.831],[-71.165,41.831],[-71.165,41.856],[-71.175,41.856]]]}},{"type":"Feature","properties":{},"geometry":{"type":"Polygon","coordinates":[[[-72.135,41.196],[-72.128,41.189],[-72.101,41.197],[-72.096,41.211],[-72.124,41.213],[-72.135,41.196]]]}},{"type":"Feature","properties":{},"geometry":{"type":"Polygon","coordinates":[[[-71.053,43.509],[-71.044,43.366],[-71.01,43.335],[-71.01,43.188],[-70.981,43.188],[-70.98,42.995],[-70.733,42.995],[-70.727,43.021],[-70.701,43.04],[-70.698,43.166],[-70.764,43.166],[-70.766,43.328],[-70.753,43.336],[-70.751,43.351],[-70.74,43.352],[-70.741,43.282],[-70.735,43.266],[-70.745,43.226],[-70.735,43.202],[-70.715,43.196],[-70.707,43.181],[-70.676,43.159],[-70.652,43.162],[-70.645,43.151],[-70.623,43.145],[-70.587,43.154],[-70.58,43.171],[-70.586,43.177],[-70.565,43.229],[-70.578,43.243],[-70.576,43.259],[-70.562,43.275],[-70.553,43.304],[-70.531,43.326],[-70.462,43.329],[-70.41,43.349],[-70.403,43.365],[-70.407,43.378],[-70.385,43.386],[-70.365,43.423],[-70.336,43.426],[-70.323,43.435],[-70.319,43.468],[-70.343,43.47],[-70.352,43.491],[-70.37,43.49],[-70.35,43.522],[-70.333,43.528],[-70.332,43.502],[-70.312,43.493],[-70.299,43.501],[-70.302,43.519],[-70.281,43.547],[-70.241,43.529],[-70.212,43.534],[-70.21,43.546],[-70.188,43.559],[-70.185,43.573],[-70.201,43.6],[-70.197,43.621],[-70.179,43.622],[-70.16,43.66],[-70.133,43.68],[-70.123,43.669],[-70.134,43.663],[-70.139,43.641],[-70.119,43.636],[-70.056,43.693],[-70.035,43.694],[-70.021,43.705],[-69.997,43.701],[-69.984,43.714],[-69.965,43.714],[-69.936,43.703],[-69.913,43.719],[-69.901,43.708],[-69.892,43.711],[-69.892,43.731],[-69.91,43.723],[-69.921,43.754],[-69.89,43.736],[-69.885,43.9],[-69.861,43.908],[-69.866,43.843],[-69.825,43.84],[-69.81,43.871],[-69.806,43.907],[-69.817,43.932],[-69.81,43.942],[-69.829,43.959],[-69.833,43.996],[-69.814,44.018],[-69.809,44.041],[-69.788,44.059],[-69.798,44.093],[-70.302,44.095],[-70.302,44.117],[-70.238,44.122],[-69.907,44.116],[-69.873,44.117],[-69.857,44.125],[-69.839,44.147],[-69.851,44.158],[-69.843,44.26],[-69.857,44.315],[-69.835,44.368],[-69.835,44.395],[-69.859,44.403],[-69.979,44.406],[-70.01,44.4],[-70.63,44.399],[-70.628,44.258],[-70.641,44.254],[-70.641,44.246],[-70.635,44.176],[-70.617,44.142],[-70.643,44.111],[-70.637,44.001],[-70.627,43.984],[-70.653,43.941],[-70.697,43.947],[-70.734,43.936],[-70.803,43.949],[-70.823,43.941],[-70.837,43.948],[-70.891,43.95],[-70.907,43.934],[-70.929,43.932],[-70.951,43.937],[-70.966,43.95],[-71.021,43.949],[-71.04,43.96],[-71.049,43.953],[-71.051,43.708],[-71.043,43.629],[-71.053,43.509]],[[-70.862,43.327],[-70.862,43.348],[-70.843,43.327],[-70.862,43.327]],[[-70.166,43.899],[-70.148,43.902],[-70.141,43.891],[-70.149,43.886],[-70.166,43.899]],[[-70.122,43.905],[-70.122,43.915],[-70.104,43.92],[-70.102,43.914],[-70.122,43.905]],[[-70.045,43.908],[-70.038,43.922],[-70.016,43.916],[-70.023,43.91],[-70.017,43.903],[-70.036,43.899],[-70.045,43.908]],[[-69.95,43.883],[-69.944,43.898],[-69.923,43.898],[-69.933,43.879],[-69.95,43.883]]]}},{"type":"Feature","properties":{},"geometry":{"type":"Polygon","coordinates":[[[-70.33,41.609],[-70.289,41.612],[-70.277,41.602],[-70.255,41.599],[-70.24,41.604],[-70.238,41.746],[-70.329,41.746],[-70.33,41.609]]]}},{"type":"Feature","properties":{},"geometry":{"type":"Polygon","coordinates":[[[-70.047,43.651],[-70.024,43.654],[-70.025,43.661],[-70.041,43.667],[-70.047,43.651]]]}},{"type":"Feature","properties":{},"geometry":{"type":"Polygon","coordinates":[[[-95.18,29.113],[-95.055,29.113],[-94.937,29.188],[-95.04,29.186],[-95.041,29.165],[-95.133,29.164],[-95.135,29.123],[-95.176,29.123],[-95.18,29.113]]]}},{"type":"Feature","properties":{},"geometry":{"type":"Polygon","coordinates":[[[-94.916,29.201],[-94.72,29.32],[-94.719,29.338],[-94.757,29.338],[-94.756,29.352],[-94.833,29.356],[-94.833,29.344],[-94.855,29.344],[-94.874,29.291],[-94.914,29.272],[-94.914,29.235],[-94.901,29.237],[-94.897,29.224],[-94.914,29.216],[-94.916,29.201]]]}},{"type":"Feature","properties":{},"geometry":{"type":"Polygon","coordinates":[[[-94.055,29.878],[-94.047,29.878],[-94.054,29.875],[-94.054,29.831],[-93.987,29.831],[-93.987,29.813],[-93.94,29.813],[-93.94,29.831],[-93.923,29.831],[-93.921,29.844],[-93.893,29.87],[-93.845,29.936],[-93.834,29.959],[-93.836,29.975],[-93.753,29.975],[-93.753,30.01],[-93.708,30.01],[-93.708,30.136],[-93.833,30.136],[-93.833,30.276],[-93.845,30.276],[-93.845,30.048],[-93.88,30.047],[-93.88,30.029],[-93.94,30.027],[-93.94,30.005],[-93.987,30.004],[-93.987,30.05],[-94.054,30.05],[-94.055,29.878]]]}},{"type":"Feature","properties":{},"geometry":{"type":"Polygon","coordinates":[[[-92.335,29.98],[-92.332,29.959],[-92.196,29.924],[-92.032,29.91],[-91.858,29.91],[-91.78,29.859],[-91.692,29.814],[-91.673,29.813],[-91.671,29.819],[-91.557,29.768],[-91.541,29.739],[-91.479,29.723],[-91.408,29.663],[-91.395,29.657],[-91.388,29.667],[-91.369,29.65],[-91.309,29.645],[-91.251,29.659],[-91.247,29.651],[-91.193,29.655],[-91.17,29.668],[-91.148,29.649],[-91.143,29.634],[-91.099,29.615],[-91.075,29.625],[-91.059,29.661],[-91.063,29.704],[-91.133,29.707],[-91.217,29.752],[-91.225,29.764],[-91.272,29.783],[-91.338,29.837],[-91.376,29.892],[-91.467,29.936],[-91.519,29.951],[-91.538,29.956],[-91.553,29.931],[-91.567,29.93],[-91.586,29.948],[-91.618,29.959],[-91.616,29.968],[-91.638,29.976],[-91.658,29.997],[-91.671,30.051],[-91.702,30.085],[-91.697,29.999],[-91.7,29.941],[-91.708,29.932],[-91.853,29.936],[-91.858,29.949],[-91.846,29.956],[-91.851,29.975],[-91.88,30],[-91.887,30.024],[-91.912,30.037],[-91.96,30.043],[-92.326,30.042],[-92.335,30.019],[-92.335,29.98]]]}},{"type":"Feature","properties":{},"geometry":{"type":"Polygon","coordinates":[[[-91.103,30.134],[-91.079,30.113],[-91.084,30.038],[-91.071,30.033],[-91.092,30.014],[-91.1,29.981],[-91.075,29.956],[-91.088,29.948],[-91.09,29.92],[-91.077,29.894],[-91.085,29.808],[-90.961,29.761],[-90.883,29.764],[-90.858,29.805],[-90.803,29.798],[-90.791,29.806],[-90.742,29.791],[-90.64,29.793],[-90.599,29.766],[-90.552,29.761],[-90.47,29.773],[-90.482,29.776],[-90.49,29.795],[-90.5,29.863],[-90.5,30.055],[-90.493,30.085],[-90.501,30.108],[-90.501,30.15],[-90.574,30.168],[-90.634,30.164],[-90.652,30.199],[-90.779,30.216],[-90.813,30.203],[-90.965,30.201],[-90.979,30.149],[-90.998,30.149],[-91.029,30.165],[-91.088,30.155],[-91.103,30.134]]]}},{"type":"Feature","properties":{},"geometry":{"type":"Polygon","coordinates":[[[-90.84,29.503],[-90.736,29.502],[-90.733,29.507],[-90.779,29.504],[-90.779,29.523],[-90.733,29.526],[-90.648,29.524],[-90.647,29.506],[-90.658,29.504],[-90.615,29.503],[-90.615,29.656],[-90.647,29.655],[-90.648,29.661],[-90.683,29.655],[-90.702,29.655],[-90.704,29.661],[-90.839,29.656],[-90.84,29.503]]]}},{"type":"Feature","properties":{},"geometry":{"type":"Polygon","coordinates":[[[-90.394,29.643],[-90.386,29.59],[-90.374,29.589],[-90.371,29.573],[-90.389,29.548],[-90.391,29.515],[-90.378,29.383],[-90.378,29.339],[-90.39,29.318],[-90.378,29.295],[-90.347,29.314],[-90.33,29.296],[-90.265,29.28],[-90.236,29.261],[-90.166,29.277],[-90.161,29.406],[-90.154,29.425],[-90.163,29.567],[-90.157,29.67],[-90.181,29.688],[-90.213,29.698],[-90.239,29.695],[-90.251,29.677],[-90.261,29.677],[-90.346,29.707],[-90.386,29.689],[-90.394,29.643]]]}},{"type":"Feature","properties":{},"geometry":{"type":"Polygon","coordinates":[[[-90.295,29.975],[-90.275,29.922],[-90.25,29.898],[-90.249,29.885],[-90.211,29.862],[-90.148,29.839],[-90.136,29.829],[-90.128,29.803],[-89.986,29.799],[-89.989,29.887],[-90.007,29.874],[-90.016,29.856],[-90.062,29.843],[-90.074,29.825],[-90.115,29.823],[-90.124,29.828],[-90.141,29.867],[-90.144,29.889],[-90.128,29.917],[-90.132,29.953],[-90.14,29.962],[-90.161,29.959],[-90.21,29.926],[-90.214,29.953],[-90.238,29.975],[-90.29,29.994],[-90.295,29.975]]]}},{"type":"Feature","properties":{},"geometry":{"type":"Polygon","coordinates":[[[-90.119,29.963],[-90.107,29.953],[-90.114,29.936],[-90.108,29.92],[-90.077,29.917],[-90.043,29.93],[-90.037,29.924],[-90.029,29.962],[-90.036,29.972],[-90.077,29.979],[-90.087,29.969],[-90.103,29.98],[-90.119,29.963]]]}},{"type":"Feature","properties":{},"geometry":{"type":"Polygon","coordinates":[[[-90.011,29.939],[-89.992,29.929],[-89.989,29.939],[-89.99,30.056],[-90.011,30.056],[-90.011,29.939]]]}},{"type":"Feature","properties":{},"geometry":{"type":"Polygon","coordinates":[[[-119.934,34.441],[-119.931,34.423],[-119.884,34.394],[-119.854,34.391],[-119.837,34.394],[-119.829,34.404],[-119.795,34.404],[-119.706,34.384],[-119.655,34.407],[-119.561,34.404],[-119.52,34.377],[-119.464,34.363],[-119.404,34.317],[-119.372,34.309],[-119.36,34.299],[-119.399,34.298],[-119.372,34.291],[-119.325,34.256],[-119.279,34.236],[-119.27,34.208],[-119.265,34.211],[-119.229,34.141],[-119.129,34.094],[-119.066,34.087],[-119.059,34.097],[-119.042,34.073],[-118.961,34.036],[-118.853,34.023],[-118.816,33.992],[-118.788,33.993],[-118.779,34.006],[-118.732,34.022],[-118.698,34.017],[-118.667,34.028],[-118.544,34.026],[-118.477,33.97],[-118.415,33.862],[-118.402,33.817],[-118.41556164383562,33.80631506849315],[-118.415,33.808],[-118.416,33.807],[-118.416,33.8059696969697],[-118.435,33.791],[-118.441,33.775],[-118.42,33.735],[-118.4,33.725],[-118.367,33.727],[-118.357,33.715],[-118.29,33.691],[-118.214,33.708],[-118.135,33.713],[-118.111,33.728],[-118.106,33.717],[-118.089,33.717],[-118.056,33.689],[-118.014,33.645],[-117.935,33.599],[-117.874,33.578],[-117.826,33.545],[-117.79,33.531],[-117.717,33.454],[-117.697,33.445],[-117.677,33.449],[-117.637,33.422],[-117.594,33.372],[-117.576,33.37],[-117.572,33.444],[-117.58,33.446],[-117.572,33.482],[-117.614,33.539],[-117.606,33.547],[-117.602,33.594],[-117.603,33.572],[-117.588,33.568],[-117.555,33.592],[-117.554,33.627],[-117.539,33.659],[-117.562,33.68],[-117.621,33.687],[-117.605,33.691],[-117.688,33.72],[-117.719,33.722],[-117.677,33.721],[-117.684,33.726],[-117.684,33.804],[-117.673,33.786],[-117.65,33.786],[-117.626,33.773],[-117.621,33.755],[-117.592,33.723],[-117.544,33.711],[-117.536,33.696],[-117.522,33.695],[-117.513,33.676],[-117.491,33.673],[-117.484,33.652],[-117.458,33.653],[-117.434,33.642],[-117.421,33.615],[-117.375,33.6],[-117.367,33.572],[-117.318,33.569],[-117.302,33.557],[-117.294,33.537],[-117.275,33.535],[-117.258,33.508],[-117.217,33.509],[-117.221,33.431],[-117.234,33.43],[-117.232,33.42],[-117.246,33.412],[-117.239,33.314],[-117.249,33.312],[-117.264,33.283],[-117.283,33.278],[-117.297,33.288],[-117.322,33.283],[-117.355,33.263],[-117.393,33.262],[-117.393,33.281],[-117.418,33.281],[-117.418,33.219],[-117.404,33.203],[-117.41,33.198],[-117.372,33.163],[-117.36,33.142],[-117.36,33.141],[-117.35942857142857,33.141],[-117.35828571428571,33.139],[-117.359,33.139],[-117.359,33.138],[-117.35771428571428,33.138],[-117.356,33.135],[-117.346,33.132],[-117.293,33.009],[-117.264,32.875],[-117.268,32.862],[-117.282,32.86],[-117.293,32.847],[-117.293,32.827],[-117.267,32.786],[-117.267,32.695],[-117.256,32.663],[-117.236,32.653],[-117.216,32.675],[-117.194,32.675],[-117.164,32.644],[-117.146,32.604],[-117.142,32.555],[-117.133,32.551],[-117.138,32.543],[-117.131,32.477],[-117.05,32.282],[-117.024,32.257],[-116.978,32.248],[-116.938,32.23],[-116.917,32.158],[-116.899,32.126],[-116.892,32.081],[-116.888,32.073],[-116.863,32.071],[-116.857,32.06],[-116.783,32.074],[-116.765,32.087],[-116.763,32.101],[-116.787,32.184],[-116.855,32.317],[-116.874,32.388],[-116.867,32.409],[-116.811,32.415],[-116.783,32.433],[-116.768,32.473],[-116.759,32.473],[-116.756,32.494],[-116.765,32.532],[-116.787,32.55],[-116.814,32.555],[-116.835,32.577],[-116.863,32.588],[-116.889,32.587],[-116.888,32.659],[-116.877,32.684],[-116.838,32.691],[-116.833,32.699],[-116.837,32.791],[-116.824,32.791],[-116.823,32.802],[-116.676,32.802],[-116.671,32.876],[-116.782,32.878],[-116.796,32.885],[-116.801,32.91],[-116.926,32.904],[-116.937,32.904],[-116.938,32.912],[-116.959,32.905],[-116.982,32.91],[-116.985,32.949],[-116.976,32.965],[-116.966,32.979],[-116.915,32.987],[-116.917,33.008],[-116.906,33.041],[-116.93,33.043],[-116.93,33.055],[-116.947,33.056],[-116.945,33.077],[-116.963,33.08],[-116.963,33.093],[-116.977,33.094],[-116.978,33.167],[-116.965,33.169],[-116.963,33.177],[-116.907,33.179],[-116.912,33.292],[-116.841,33.259],[-116.812,33.263],[-116.721,33.298],[-116.723,33.34],[-116.713,33.34],[-116.706,33.458],[-116.712,33.6],[-116.7,33.759],[-116.708,33.86],[-116.686,33.917],[-116.708,33.931],[-116.69,33.933],[-116.667,33.919],[-116.686,33.836],[-116.683,33.817],[-116.66,33.818],[-116.68,33.817],[-116.678,33.812],[-116.603,33.77],[-116.575,33.741],[-116.526,33.723],[-116.462,33.736],[-116.443,33.732],[-116.429,33.715],[-116.418,33.668],[-116.425,33.658],[-116.413,33.641],[-116.29,33.583],[-116.228,33.571],[-116.217,33.561],[-116.178,33.551],[-116.125,33.502],[-116.123,33.592],[-116.079,33.605],[-116.064,33.632],[-116.125,33.738],[-116.174,33.772],[-116.02,33.762],[-115.97,33.77],[-115.914,33.8],[-115.88,33.874],[-115.921,33.925],[-115.915,33.992],[-115.891,34.014],[-115.891,34.042],[-115.996,34.098],[-116.025,34.1],[-116.027,34.171],[-116.104,34.171],[-116.104,34.135],[-116.093,34.135],[-116.099,34.122],[-116.19,34.124],[-116.227,34.116],[-116.29,34.122],[-116.316,34.106],[-116.345,34.102],[-116.371,34.115],[-116.417,34.104],[-116.417,34.11],[-116.45,34.117],[-116.484,34.106],[-116.496,34.124],[-116.591,34.141],[-116.948,34.136],[-116.948,34.221],[-116.792,34.22],[-116.793,34.279],[-116.834,34.289],[-116.879,34.275],[-116.919,34.275],[-116.896,34.29],[-116.888,34.321],[-116.89,34.353],[-116.904,34.371],[-116.871,34.368],[-116.87,34.379],[-116.859,34.38],[-116.857,34.367],[-116.831,34.368],[-116.833,34.387],[-116.842,34.388],[-116.842,34.402],[-116.859,34.415],[-116.859,34.494],[-116.885,34.501],[-116.885,34.544],[-116.859,34.544],[-116.857,34.594],[-116.868,34.621],[-116.906,34.624],[-116.91,34.646],[-117.201,34.666],[-117.33,34.666],[-117.33,34.654],[-117.357,34.652],[-117.364,34.672],[-117.506,34.673],[-117.513,34.63],[-117.543,34.62],[-117.552,34.635],[-117.539,34.639],[-117.54,34.672],[-117.552,34.69],[-117.569,34.696],[-117.573,34.713],[-117.64,34.712],[-117.64,34.684],[-117.751,34.69],[-117.751,34.681],[-117.776,34.681],[-117.778,34.699],[-117.852,34.7],[-117.87,34.725],[-117.886,34.726],[-117.885,34.737],[-117.874,34.738],[-117.872,34.784],[-118.066,34.788],[-118.179,34.773],[-118.181,34.782],[-118.227,34.784],[-118.227,34.798],[-118.36,34.799],[-118.36,34.789],[-118.4,34.788],[-118.404,34.69],[-118.4,34.673],[-118.376,34.664],[-118.372,34.643],[-118.39,34.642],[-118.394,34.582],[-118.386,34.521],[-118.407,34.501],[-118.411,34.487],[-118.47,34.483],[-118.488,34.492],[-118.552,34.499],[-118.553,34.507],[-118.578,34.512],[-118.578,34.526],[-118.641,34.533],[-118.676,34.514],[-118.788,34.534],[-118.799,34.525],[-118.808,34.531],[-118.873,34.519],[-118.887,34.533],[-118.894,34.563],[-118.987,34.56],[-118.987,34.539],[-119.003,34.537],[-119.048,34.556],[-119.125,34.569],[-119.184,34.553],[-119.229,34.551],[-119.35,34.568],[-119.384,34.552],[-119.384,34.415],[-119.45,34.411],[-119.458,34.423],[-119.501,34.435],[-119.501,34.456],[-119.537,34.456],[-119.542,34.465],[-119.671,34.482],[-119.908,34.485],[-119.925,34.478],[-119.934,34.441]],[[-119.062,34.114],[-119.052,34.141],[-119.033,34.144],[-119.033,34.137],[-119.053,34.125],[-119.053,34.115],[-119.062,34.114]],[[-118.737,34.031],[-118.736,34.054],[-118.721,34.059],[-118.707,34.077],[-118.689,34.073],[-118.687,34.08],[-118.637,34.089],[-118.625,34.078],[-118.604,34.074],[-118.604,34.089],[-118.566,34.094],[-118.569,34.106],[-118.58,34.106],[-118.49904510385757,34.11578575667656],[-118.507,34.078],[-118.496,34.065],[-118.518,34.026],[-118.57,34.038],[-118.737,34.031]],[[-118.382,34.383],[-118.376,34.402],[-118.349,34.418],[-118.341,34.443],[-118.206,34.454],[-118.144,34.433],[-117.945,34.435],[-117.946,34.457],[-117.931,34.46],[-117.867,34.462],[-117.82,34.452],[-117.768,34.414],[-117.76,34.363],[-117.727,34.347],[-117.703,34.346],[-117.698,34.335],[-117.677,34.335],[-117.686,34.278],[-117.672,34.186],[-117.661,34.175],[-117.701,34.174],[-117.714,34.163],[-117.761,34.175],[-117.78,34.168],[-117.793,34.174],[-117.9,34.177],[-117.878,34.178],[-118.051,34.219],[-118.029,34.192],[-118.007,34.185],[-118.018,34.172],[-118.093,34.16],[-118.106,34.165],[-118.102,34.18],[-118.139,34.173],[-118.143,34.182],[-118.161,34.178],[-118.165,34.213],[-118.152,34.225],[-118.176,34.233],[-118.139,34.222],[-118.114,34.238],[-118.168,34.256],[-118.382,34.383]],[[-118.049,34.524],[-118.047,34.526],[-117.949,34.524],[-118.049,34.524]]]}},{"type":"Feature","properties":{},"geometry":{"type":"Polygon","coordinates":[[[-119.914,34.392],[-119.897,34.389],[-119.898,34.396],[-119.913,34.398],[-119.914,34.392]]]}},{"type":"Feature","properties":{},"geometry":{"type":"Polygon","coordinates":[[[-117.367,34.724],[-117.323,34.724],[-117.323,34.76],[-117.334,34.76],[-117.334,34.769],[-117.356,34.769],[-117.356,34.76],[-117.367,34.76],[-117.367,34.724]]]}},{"type":"Feature","properties":{},"geometry":{"type":"Polygon","coordinates":[[[-117.081,34.859],[-117.015,34.858],[-117.014,34.869],[-116.982,34.868],[-116.982,34.904],[-117.081,34.902],[-117.081,34.859]]]}},{"type":"Feature","properties":{},"geometry":{"type":"Polygon","coordinates":[[[-116.759,31.907],[-116.756,31.896],[-116.702,31.881],[-116.683,31.858],[-116.651,31.857],[-116.636,31.848],[-116.635,31.838],[-116.621,31.829],[-116.634,31.756],[-116.544,31.756],[-116.544,31.914],[-116.594,31.932],[-116.671,31.908],[-116.73,31.931],[-116.759,31.907]]]}},{"type":"Feature","properties":{},"geometry":{"type":"Polygon","coordinates":[[[-115.63,32.808],[-115.616,32.739],[-115.486,32.74],[-115.477,32.814],[-115.528,32.883],[-115.608,32.883],[-115.611,32.839],[-115.63,32.808]]]}},{"type":"Feature","properties":{},"geometry":{"type":"Polygon","coordinates":[[[-115.547,32.602],[-115.491,32.561],[-115.411,32.563],[-115.354,32.555],[-115.336,32.558],[-115.323,32.572],[-115.323,32.591],[-115.366,32.701],[-115.518,32.702],[-115.543,32.663],[-115.547,32.602]]]}},{"type":"Feature","properties":{},"geometry":{"type":"Polygon","coordinates":[[[10.004,49.701],[10.092,49.701],[10.092,49.865],[10.042,49.862],[10.037,49.779],[10.047,49.767],[10.035,49.766],[10.047,49.747],[10.046,49.736],[10.037,49.735],[10.054,49.721],[10.054,49.709],[10.004,49.701]]]}},{"type":"Feature","properties":{},"geometry":{"type":"Polygon","coordinates":[[[10.046,45.548],[10.05,45.514],[10.08,45.495],[10.08,45.477],[10.101,45.469],[10.246,45.459],[10.322,45.466],[10.355,45.458],[10.359,45.482],[10.427,45.485],[10.429,45.466],[10.416,45.439],[10.532,45.426],[10.535,45.408],[10.53,45.361],[10.51,45.36],[10.492,45.339],[10.062,45.342],[10.066,45.328],[10.055,45.323],[10.07,45.309],[10.068,45.288],[10.116,45.297],[10.138,45.289],[10.21,45.297],[10.221,45.289],[10.254,45.289],[10.267,45.296],[10.294,45.287],[10.312,45.295],[10.405,45.282],[10.43,45.293],[10.471,45.294],[10.566,45.278],[10.584,45.28],[10.603,45.297],[10.664,45.291],[10.717,45.298],[10.742,45.293],[10.87,45.298],[10.914,45.291],[11.091,45.299],[11.102,45.292],[11.113,45.294],[11.121,45.321],[11.106,45.413],[11.084,45.422],[11.114,45.426],[11.106,45.472],[11.121,45.601],[11.104,45.609],[10.868,45.606],[10.886,45.649],[10.856,45.657],[10.629,45.675],[10.526,45.673],[10.492,45.663],[10.469,45.618],[10.463,45.586],[10.344,45.601],[10.326,45.587],[10.305,45.602],[10.293,45.66],[10.23,45.673],[10.154,45.675],[10.129,45.665],[10.128,45.655],[10.105,45.641],[10.105,45.627],[10.092,45.625],[10.077,45.61],[10.073,45.602],[10.08,45.598],[10.046,45.578],[10.046,45.548]],[[10.349,45.556],[10.372,45.565],[10.416,45.562],[10.434,45.571],[10.434,45.564],[10.455,45.562],[10.452,45.547],[10.432,45.539],[10.359,45.543],[10.36,45.552],[10.349,45.556]]]}},{"type":"Feature","properties":{},"geometry":{"type":"Polygon","coordinates":[[[10.066,44.454],[10.068,44.437],[10.079,44.431],[10.142,44.428],[10.173,44.434],[10.176,44.425],[10.213,44.432],[10.271,44.428],[10.294,44.435],[10.326,44.425],[10.331,44.432],[10.363,44.427],[10.408,44.434],[10.447,44.427],[10.482,44.432],[10.481,44.579],[10.488,44.597],[10.481,44.629],[10.475,44.63],[10.481,44.775],[10.475,44.863],[10.484,44.891],[10.477,44.905],[10.481,44.938],[10.475,44.941],[10.48,44.985],[10.471,44.994],[10.477,45.014],[10.434,45.027],[10.341,45.011],[10.243,45.025],[10.234,45.013],[10.197,45.021],[10.177,45.015],[10.153,45.019],[10.146,45.009],[10.076,45.01],[10.083,44.978],[10.076,44.899],[10.084,44.813],[10.076,44.711],[10.08,44.688],[10.087,44.686],[10.074,44.664],[10.074,44.646],[10.084,44.639],[10.076,44.624],[10.083,44.572],[10.079,44.552],[10.07,44.549],[10.069,44.507],[10.081,44.48],[10.066,44.454]],[[10.238,44.767],[10.239,44.785],[10.254,44.803],[10.25,44.812],[10.258,44.813],[10.261,44.829],[10.316,44.859],[10.36,44.864],[10.401,44.849],[10.393,44.827],[10.383,44.823],[10.397,44.82],[10.389,44.813],[10.396,44.792],[10.389,44.782],[10.392,44.75],[10.283,44.752],[10.246,44.759],[10.238,44.767]]]}},{"type":"Feature","properties":{},"geometry":{"type":"Polygon","coordinates":[[[10.109,47.202],[10.147,47.222],[10.286,47.223],[10.276,47.289],[10.301,47.392],[10.309,47.476],[10.226,47.479],[10.226,47.421],[10.121,47.351],[10.109,47.202]]]}},{"type":"Feature","properties":{},"geometry":{"type":"Polygon","coordinates":[[[10.139,49.407],[10.188,49.347],[10.209,49.345],[10.242,49.371],[10.243,49.407],[10.188,49.428],[10.145,49.422],[10.139,49.407]]]}},{"type":"Feature","properties":{},"geometry":{"type":"Polygon","coordinates":[[[10.223,48.171],[10.422,48.167],[10.43,48.125],[10.422,48.099],[10.43,48.096],[10.433,48.077],[10.422,48.066],[10.426,48.026],[10.432,48.025],[10.419,48.013],[10.418,47.993],[10.427,47.976],[10.44,47.972],[10.882,47.981],[11.261,47.977],[11.335,47.988],[11.328,47.998],[11.335,48.036],[11.352,48.029],[11.361,48.037],[11.378,48.03],[11.391,48.012],[11.407,48.017],[11.427,47.992],[11.467,47.995],[11.464,47.969],[11.518,47.973],[11.536,47.962],[11.575,47.968],[11.64,47.962],[11.656,47.968],[11.691,47.96],[11.696,47.972],[11.716,47.975],[11.724,47.962],[11.798,47.962],[11.849,47.975],[11.853,47.981],[11.827,47.983],[11.865,48.003],[11.883,48.004],[11.905,47.991],[11.941,47.993],[11.939,48.012],[11.924,48.019],[11.92,48.04],[11.941,48.053],[11.933,48.063],[11.941,48.069],[11.934,48.081],[11.935,48.113],[11.939,48.119],[11.957,48.117],[11.958,48.159],[11.936,48.168],[11.95,48.179],[11.942,48.185],[11.942,48.211],[11.934,48.212],[11.946,48.228],[11.931,48.244],[11.996,48.293],[11.991,48.3],[11.98,48.296],[12.001,48.318],[11.986,48.324],[11.985,48.334],[11.939,48.353],[11.92,48.344],[11.927,48.374],[11.89,48.383],[11.883,48.391],[11.898,48.394],[11.897,48.4],[11.862,48.406],[11.854,48.419],[11.803,48.432],[11.812,48.433],[11.758,48.436],[11.757,48.426],[11.739,48.433],[11.707,48.426],[11.713,48.432],[11.691,48.433],[11.676,48.421],[11.644,48.415],[11.632,48.402],[11.637,48.384],[11.611,48.374],[11.613,48.362],[11.602,48.356],[11.562,48.347],[11.507,48.355],[11.485,48.327],[11.446,48.329],[11.441,48.322],[11.376,48.309],[11.365,48.363],[11.371,48.372],[11.364,48.422],[11.343,48.427],[11.365,48.476],[11.349,48.501],[11.361,48.51],[11.338,48.548],[11.315,48.558],[11.257,48.546],[11.253,48.553],[11.213,48.553],[11.206,48.542],[11.195,48.542],[11.191,48.563],[11.131,48.558],[11.118,48.545],[10.887,48.548],[10.872,48.547],[10.87,48.537],[10.797,48.539],[10.772,48.53],[10.756,48.541],[10.676,48.538],[10.675,48.548],[10.547,48.548],[10.517,48.562],[10.422,48.538],[10.418,48.459],[10.367,48.458],[10.361,48.433],[10.372,48.426],[10.371,48.406],[10.35,48.367],[10.355,48.361],[10.344,48.35],[10.34,48.32],[10.322,48.315],[10.309,48.276],[10.293,48.275],[10.279,48.242],[10.263,48.234],[10.252,48.2],[10.23,48.195],[10.223,48.171]],[[11.265,48.121],[11.283,48.124],[11.335,48.11],[11.345,48.073],[11.323,48.071],[11.312,48.102],[11.316,48.109],[11.302,48.107],[11.265,48.121]],[[11.342,48.24],[11.358,48.257],[11.379,48.256],[11.361,48.242],[11.342,48.24]],[[11.56,48.271],[11.582,48.273],[11.616,48.243],[11.597,48.238],[11.56,48.271]],[[11.637,48.264],[11.661,48.267],[11.669,48.28],[11.691,48.278],[11.682,48.267],[11.637,48.264]],[[11.644,48.237],[11.666,48.242],[11.678,48.236],[11.674,48.227],[11.713,48.22],[11.735,48.198],[11.713,48.197],[11.698,48.216],[11.662,48.223],[11.652,48.228],[11.655,48.237],[11.644,48.237]],[[11.735,48.196],[11.754,48.198],[11.803,48.174],[11.832,48.139],[11.831,48.102],[11.814,48.105],[11.806,48.119],[11.812,48.137],[11.786,48.168],[11.735,48.196]],[[11.775,48.28],[11.781,48.291],[11.799,48.283],[11.775,48.28]]]}},{"type":"Feature","properties":{},"geometry":{"type":"Polygon","coordinates":[[[10.256,47.713],[10.28,47.686],[10.3,47.678],[10.335,47.68],[10.375,47.694],[10.379,47.723],[10.348,47.771],[10.313,47.773],[10.272,47.761],[10.258,47.736],[10.263,47.726],[10.256,47.713]]]}},{"type":"Feature","properties":{},"geometry":{"type":"Polygon","coordinates":[[[10.377,50.055],[10.379,50.003],[10.385,50.001],[10.379,49.994],[10.389,49.985],[10.379,49.977],[10.381,49.945],[10.383,49.934],[10.394,49.928],[10.385,49.926],[10.385,49.911],[10.396,49.904],[10.385,49.891],[10.396,49.875],[10.39,49.842],[10.383,49.838],[10.389,49.812],[10.383,49.743],[10.416,49.728],[10.844,49.732],[10.936,49.724],[11.059,49.725],[11.078,49.731],[11.19,49.724],[11.258,49.728],[11.315,49.717],[11.397,49.725],[11.409,49.719],[11.477,49.723],[11.503,49.717],[11.536,49.725],[11.641,49.72],[11.706,49.731],[11.707,49.836],[11.261,49.836],[11.261,49.994],[10.394,49.994],[10.385,50.02],[10.392,50.038],[10.381,50.046],[10.389,50.065],[10.4,50.07],[10.383,50.076],[10.388,50.095],[10.377,50.09],[10.378,50.074],[10.388,50.069],[10.378,50.069],[10.377,50.055]]]}},{"type":"Feature","properties":{},"geometry":{"type":"Polygon","coordinates":[[[10.618,47.55],[10.633,47.538],[10.684,47.531],[10.778,47.553],[10.75,47.598],[10.719,47.603],[10.643,47.588],[10.618,47.55]]]}},{"type":"Feature","properties":{},"geometry":{"type":"Polygon","coordinates":[[[10.692,45.743],[10.772,45.712],[10.822,45.708],[10.876,45.789],[10.909,45.823],[10.929,45.829],[10.988,45.814],[11.044,45.815],[11.06,45.86],[11.088,45.881],[11.106,45.914],[11.023,45.942],[10.835,45.971],[10.822,45.935],[10.805,45.912],[10.784,45.899],[10.692,45.743]]]}},{"type":"Feature","properties":{},"geometry":{"type":"Polygon","coordinates":[[[10.717,45.124],[10.742,45.118],[10.743,45.109],[10.76,45.109],[10.769,45.094],[10.797,45.091],[10.805,45.109],[10.864,45.109],[10.868,45.155],[10.876,45.164],[10.864,45.172],[10.859,45.193],[10.834,45.201],[10.846,45.207],[10.833,45.218],[10.739,45.232],[10.742,45.158],[10.727,45.145],[10.73,45.132],[10.717,45.124]]]}},{"type":"Feature","properties":{},"geometry":{"type":"Polygon","coordinates":[[[10.835,49.347],[10.86,49.347],[10.971,49.308],[10.973,49.288],[11.139,49.288],[11.147,49.28],[11.207,49.279],[11.223,49.289],[11.257,49.293],[11.29,49.287],[11.405,49.293],[11.401,49.302],[11.419,49.304],[11.423,49.36],[11.415,49.424],[11.407,49.427],[11.415,49.436],[11.418,49.502],[11.402,49.511],[11.415,49.516],[11.419,49.604],[11.255,49.622],[11.228,49.643],[11.22,49.667],[11.227,49.669],[11.227,49.689],[11.212,49.704],[11.147,49.703],[11.144,49.691],[11.152,49.679],[11.135,49.647],[11.148,49.61],[11.143,49.601],[11.125,49.601],[11.132,49.564],[11.144,49.557],[11.128,49.551],[11.077,49.653],[11.073,49.681],[10.997,49.68],[10.963,49.658],[10.912,49.653],[10.905,49.631],[10.918,49.629],[10.859,49.59],[10.835,49.588],[10.835,49.347]]]}},{"type":"Feature","properties":{},"geometry":{"type":"Polygon","coordinates":[[[10.979,47.456],[11.026,47.47],[11.047,47.465],[11.082,47.483],[11.14,47.483],[11.152,47.497],[11.128,47.516],[11.155,47.558],[11.073,47.614],[11.039,47.603],[11.063,47.592],[11.06,47.586],[11.106,47.555],[11.08,47.514],[11.017,47.478],[11.001,47.477],[10.979,47.456]]]}},{"type":"Feature","properties":{},"geometry":{"type":"Polygon","coordinates":[[[11.036,46.056],[11.045,46.04],[11.071,46.035],[11.115,45.989],[11.172,45.995],[11.232,45.976],[11.286,45.973],[11.306,45.985],[11.305,46.004],[11.293,46.017],[11.302,46.063],[11.322,46.066],[11.31,46.081],[11.308,46.129],[11.294,46.156],[11.239,46.161],[11.185,46.183],[11.176,46.195],[11.177,46.21],[11.166,46.212],[11.14,46.242],[11.069,46.227],[11.07,46.195],[11.056,46.175],[11.05,46.095],[11.04,46.085],[11.036,46.056]]]}},{"type":"Feature","properties":{},"geometry":{"type":"Polygon","coordinates":[[[11.246,48.8],[11.255,48.782],[11.297,48.768],[11.295,48.687],[11.284,48.676],[11.29,48.672],[11.295,48.592],[11.339,48.588],[11.357,48.594],[11.396,48.584],[11.486,48.603],[11.581,48.591],[11.614,48.609],[11.603,48.683],[11.607,48.774],[11.816,48.763],[11.967,48.771],[11.994,48.763],[12.192,48.765],[12.207,48.794],[12.207,48.891],[12.191,48.935],[12.225,48.938],[12.225,48.967],[12.253,48.978],[12.261,48.994],[12.226,49.029],[12.224,49.049],[12.166,49.078],[12.045,49.086],[12.045,49.079],[11.996,49.078],[11.996,49.063],[11.928,49.065],[11.895,49.058],[11.67,49.069],[11.548,49.062],[11.544,49.068],[11.494,49.069],[11.294,49.064],[11.273,49.055],[11.272,49.041],[11.273,49.023],[11.282,49.022],[11.273,49.009],[11.268,48.948],[11.28,48.852],[11.258,48.828],[11.246,48.8]]]}},{"type":"Feature","properties":{},"geometry":{"type":"Polygon","coordinates":[[[11.247,47.243],[11.251,47.228],[11.337,47.219],[11.489,47.226],[11.529,47.234],[11.516,47.275],[11.522,47.275],[11.531,47.247],[11.596,47.262],[11.643,47.276],[11.643,47.295],[11.636,47.299],[11.643,47.309],[11.632,47.324],[11.611,47.326],[11.501,47.314],[11.505,47.308],[11.496,47.314],[11.352,47.308],[11.345,47.29],[11.312,47.28],[11.305,47.269],[11.258,47.269],[11.247,47.243]]]}},{"type":"Feature","properties":{},"geometry":{"type":"Polygon","coordinates":[[[11.265,46.49],[11.282,46.481],[11.315,46.405],[11.349,46.404],[11.387,46.484],[11.416,46.491],[11.374,46.513],[11.315,46.518],[11.277,46.505],[11.265,46.49]]]}},{"type":"Feature","properties":{},"geometry":{"type":"Polygon","coordinates":[[[11.308,45.5],[11.368,45.457],[11.494,45.452],[11.537,45.483],[11.626,45.504],[11.628,45.578],[11.614,45.583],[11.606,45.614],[11.51,45.627],[11.422,45.545],[11.308,45.54],[11.308,45.5]]]}},{"type":"Feature","properties":{},"geometry":{"type":"Polygon","coordinates":[[[11.501,49.943],[11.518,49.938],[11.519,49.921],[11.544,49.907],[11.57,49.903],[11.585,49.912],[11.599,49.902],[11.603,49.91],[11.621,49.907],[11.628,49.926],[11.618,49.928],[11.617,49.943],[11.646,49.952],[11.632,49.961],[11.648,49.969],[11.647,49.981],[11.632,49.981],[11.635,49.987],[11.606,49.996],[11.602,49.988],[11.549,49.977],[11.538,49.963],[11.505,49.954],[11.501,49.943]]]}},{"type":"Feature","properties":{},"geometry":{"type":"Polygon","coordinates":[[[11.636,46.572],[11.707,46.492],[11.744,46.463],[11.806,46.459],[11.915,46.516],[11.911,46.604],[11.902,46.605],[11.911,46.61],[11.909,46.617],[11.749,46.619],[11.702,46.591],[11.643,46.587],[11.636,46.572]]]}},{"type":"Feature","properties":{},"geometry":{"type":"Polygon","coordinates":[[[11.673,45.736],[11.681,45.725],[11.727,45.71],[11.728,45.702],[11.728,45.456],[11.72,45.442],[11.728,45.408],[11.728,45.155],[11.812,45.142],[11.835,45.15],[11.875,45.144],[11.924,45.15],[11.928,45.143],[11.965,45.147],[11.987,45.141],[12.029,45.144],[12.033,45.15],[12.107,45.15],[12.122,45.156],[12.123,45.292],[12.29,45.288],[12.27,45.269],[12.156,45.268],[12.152,45.15],[12.163,45.135],[12.255,45.135],[12.261,45.132],[12.259,45.116],[12.328,45.113],[12.342,45.167],[12.316,45.199],[12.312,45.216],[12.324,45.216],[12.345,45.247],[12.329,45.253],[12.321,45.242],[12.312,45.246],[12.317,45.28],[12.332,45.315],[12.353,45.323],[12.354,45.336],[12.342,45.351],[12.399,45.417],[12.43,45.407],[12.45,45.425],[12.487,45.439],[12.761,45.529],[12.851,45.573],[12.875,45.577],[12.908,45.6],[13.105,45.627],[13.12,45.657],[13.155,45.678],[13.163,45.692],[13.188,45.699],[13.237,45.704],[13.339,45.671],[13.402,45.665],[13.434,45.653],[13.504,45.695],[13.501,45.767],[13.552,45.768],[13.567,45.777],[13.564,45.787],[13.583,45.797],[13.578,45.813],[13.552,45.838],[13.532,45.839],[13.534,45.845],[13.501,45.854],[13.498,46.118],[13.505,46.181],[13.501,46.198],[13.471,46.195],[13.471,46.204],[13.491,46.218],[13.486,46.237],[13.472,46.246],[13.271,46.245],[13.237,46.235],[13.234,46.243],[13.212,46.244],[13.204,46.234],[13.138,46.247],[13.133,46.227],[13.112,46.22],[13.109,46.194],[13.103,46.207],[13.035,46.212],[12.991,46.21],[12.95,46.195],[12.924,46.205],[12.866,46.205],[12.825,46.196],[12.813,46.198],[12.817,46.21],[12.81,46.214],[12.806,46.207],[12.788,46.212],[12.787,46.206],[12.763,46.203],[12.725,46.207],[12.717,46.186],[12.612,46.152],[12.603,46.128],[12.581,46.108],[12.515,46.074],[12.498,46.081],[12.475,46.068],[12.498,46.066],[12.437,46.026],[12.43,45.998],[12.386,46],[12.373,45.994],[12.393,45.982],[12.382,45.975],[12.372,45.943],[12.383,45.941],[12.383,45.934],[12.366,45.934],[12.354,45.922],[12.338,45.92],[12.334,45.907],[12.295,45.906],[12.29932558139535,45.89446511627907],[12.301,45.902],[12.314,45.903],[12.34,45.895],[12.321,45.885],[12.300013157894737,45.892631578947366],[12.301,45.89],[12.296,45.879],[12.298333333333334,45.876333333333335],[12.296,45.874],[12.299,45.873],[12.299,45.875571428571426],[12.303,45.871],[12.296,45.871],[12.291,45.815],[12.266,45.808],[12.071,45.81],[12.07,45.773],[12.057,45.758],[12.06,45.748],[12.052,45.732],[12.031,45.728],[11.927,45.729],[11.917,45.738],[11.883,45.733],[11.865,45.738],[11.836,45.729],[11.825,45.736],[11.795,45.73],[11.803,45.82],[11.765,45.829],[11.733,45.826],[11.699,45.811],[11.694,45.796],[11.683,45.791],[11.673,45.736]],[[12.575,45.944],[12.579,45.951],[12.596,45.947],[12.612,45.927],[12.645,45.919],[12.645,45.904],[12.612,45.912],[12.6,45.929],[12.579,45.933],[12.583,45.941],[12.575,45.944]],[[12.671,46.003],[12.684,46.012],[12.695,46.008],[12.689,46],[12.671,46.003]]]}},{"type":"Feature","properties":{},"geometry":{"type":"Polygon","coordinates":[[[11.758,45.107],[11.765,45.026],[11.836,45.025],[11.836,45.091],[11.828,45.106],[11.803,45.125],[11.773,45.131],[11.758,45.129],[11.758,45.107]]]}},{"type":"Feature","properties":{},"geometry":{"type":"Polygon","coordinates":[[[11.761,47.812],[11.769,47.802],[11.769,47.783],[11.776,47.78],[11.777,47.71],[11.791,47.705],[11.824,47.71],[11.832,47.7],[11.886,47.68],[11.891,47.692],[11.902,47.695],[11.919,47.683],[11.926,47.705],[11.937,47.71],[11.97,47.712],[11.967,47.729],[12.011,47.729],[12.011,47.75],[12.025,47.753],[12.033,47.73],[12.06,47.729],[12.06,47.737],[12.074,47.737],[12.075,47.729],[12.166,47.715],[12.174,47.744],[12.182,47.746],[12.188,47.732],[12.206,47.724],[12.294,47.724],[12.299,47.753],[12.426,47.756],[12.424,47.833],[12.412,47.833],[12.413,47.866],[12.406,47.873],[12.42,47.912],[12.402,47.915],[12.399,47.922],[12.371,47.91],[12.316,47.906],[12.309,47.919],[12.279,47.924],[12.277,47.915],[12.182,47.903],[12.18,47.909],[12.136,47.903],[11.817,47.915],[11.787,47.909],[11.786,47.891],[11.775,47.883],[11.795,47.861],[11.781,47.857],[11.777,47.821],[11.761,47.812]]]}},{"type":"Feature","properties":{},"geometry":{"type":"Polygon","coordinates":[[[12.036,46.51],[12.042,46.498],[12.111,46.507],[12.166,46.489],[12.174,46.503],[12.165,46.552],[12.128,46.571],[12.107,46.569],[12.082,46.529],[12.047,46.524],[12.036,46.51]]]}},{"type":"Feature","properties":{},"geometry":{"type":"Polygon","coordinates":[[[12.051,48.54],[12.075,48.487],[12.1,48.48],[12.165,48.487],[12.207,48.511],[12.246,48.57],[12.207,48.623],[12.196,48.623],[12.187,48.61],[12.068,48.562],[12.053,48.551],[12.051,48.54]]]}},{"type":"Feature","properties":{},"geometry":{"type":"Polygon","coordinates":[[[12.496,48.246],[12.537,48.226],[12.648,48.22],[12.691,48.164],[12.726,48.154],[12.832,48.145],[12.868,48.172],[13.019,48.206],[13.052,48.217],[13.092,48.243],[13.163,48.242],[13.175,48.256],[13.192,48.261],[13.218,48.259],[13.302,48.286],[13.335,48.283],[13.348,48.299],[13.384,48.304],[13.385,48.313],[13.401,48.312],[13.436,48.331],[13.461,48.331],[13.465,48.344],[13.48,48.343],[13.484,48.422],[13.475,48.438],[13.482,48.443],[13.476,48.464],[13.49,48.545],[13.502,48.558],[13.563,48.581],[13.571,48.615],[13.567,48.621],[13.465,48.632],[13.471,48.638],[13.458,48.691],[13.464,48.705],[13.456,48.74],[13.464,48.746],[13.458,48.755],[13.468,48.789],[13.456,48.795],[12.566,48.795],[12.563,48.773],[12.57,48.763],[12.559,48.754],[12.566,48.706],[12.561,48.652],[12.57,48.632],[12.563,48.628],[12.567,48.621],[12.559,48.602],[12.567,48.578],[12.557,48.563],[12.574,48.547],[12.571,48.539],[12.548,48.539],[12.534,48.518],[12.545,48.512],[12.537,48.486],[12.546,48.477],[12.541,48.457],[12.549,48.447],[12.541,48.414],[12.551,48.396],[12.551,48.386],[12.537,48.379],[12.545,48.358],[12.534,48.339],[12.553,48.322],[12.559,48.275],[12.518,48.275],[12.496,48.246]]]}},{"type":"Feature","properties":{},"geometry":{"type":"Polygon","coordinates":[[[12.575,47.366],[12.746,47.343],[12.726,47.256],[12.754,47.261],[12.798,47.252],[12.843,47.256],[12.838,47.383],[12.901,47.384],[12.935,47.41],[12.858,47.441],[12.699,47.448],[12.686,47.403],[12.588,47.41],[12.575,47.366]]]}},{"type":"Feature","properties":{},"geometry":{"type":"Polygon","coordinates":[[[12.774,47.794],[12.788,47.696],[12.862,47.7],[12.853,47.674],[12.805,47.646],[12.802,47.627],[12.818,47.608],[12.884,47.586],[12.895,47.589],[12.909,47.581],[12.913,47.569],[12.96,47.559],[12.972,47.535],[12.989,47.554],[12.991,47.575],[13.006,47.577],[13.012,47.554],[13.072,47.504],[13.136,47.49],[13.218,47.494],[13.222,47.538],[13.21,47.586],[13.201,47.59],[13.217,47.624],[13.208,47.637],[13.214,47.677],[13.207,47.711],[13.217,47.737],[13.218,47.773],[13.218,47.809],[13.207,47.821],[13.21,47.904],[13.171,47.903],[13.17,47.914],[13.159,47.915],[13.155,47.909],[13.098,47.902],[13.037,47.908],[12.901,47.903],[12.881,47.911],[12.789,47.904],[12.783,47.889],[12.791,47.832],[12.774,47.794]]]}},{"type":"Feature","properties":{},"geometry":{"type":"Polygon","coordinates":[[[13.008,49.848],[13.016,49.726],[13.017,49.481],[13.034,49.48],[13.039,49.468],[13.079,49.478],[13.087,49.47],[13.225,49.473],[13.237,49.466],[13.314,49.475],[13.333,49.469],[13.527,49.478],[13.53,49.633],[13.563,49.638],[13.564,49.647],[13.576,49.653],[13.58,49.682],[13.574,49.697],[13.58,49.721],[13.575,49.789],[13.564,49.837],[13.571,49.848],[13.554,49.873],[13.521,49.885],[13.41,49.893],[13.363,49.888],[13.359,49.877],[13.326,49.871],[13.25,49.877],[13.222,49.868],[13.2,49.876],[13.024,49.871],[13.009,49.86],[13.008,49.848]]]}},{"type":"Feature","properties":{},"geometry":{"type":"Polygon","coordinates":[[[13.331,47.756],[13.454,47.698],[13.572,47.693],[13.609,47.596],[13.623,47.59],[13.615,47.583],[13.627,47.552],[13.733,47.546],[13.667,47.733],[13.343,47.789],[13.331,47.756]]]}},{"type":"Feature","properties":{},"geometry":{"type":"Polygon","coordinates":[[[13.571,45.946],[13.579,45.938],[13.579,45.92],[13.594,45.913],[13.591,45.907],[13.609,45.903],[13.635,45.92],[13.648,45.92],[13.629,45.883],[13.627,45.823],[13.659,45.812],[13.697,45.771],[13.78,45.721],[13.771,45.704],[13.745,45.713],[13.749,45.706],[13.727,45.69],[13.748,45.661],[13.73,45.649],[13.734,45.574],[13.846,45.577],[13.865,45.591],[13.867,45.602],[13.869,45.627],[13.857,45.649],[13.87,45.645],[13.889,45.61],[13.88,45.595],[13.889,45.564],[13.881,45.543],[13.927,45.535],[14.071,45.535],[14.12,45.544],[14.214,45.533],[14.345,45.534],[14.352,45.543],[14.361,45.718],[14.35,45.758],[14.356,45.787],[14.347,45.801],[14.356,45.882],[14.399,45.89],[14.551,45.882],[14.797,45.888],[14.807,45.886],[14.811,45.863],[14.792,45.849],[14.793,45.839],[14.782,45.832],[14.774,45.811],[14.786,45.783],[14.814,45.78],[14.829,45.789],[14.837,45.78],[14.854,45.778],[14.869,45.789],[14.88,45.777],[14.895,45.776],[14.902,45.787],[14.932,45.774],[15.002,45.771],[15.007,45.781],[15,45.787],[15.028,45.793],[15.029,45.767],[15.054,45.764],[15.108,45.766],[15.11,45.773],[15.128,45.777],[15.124,45.795],[15.114,45.803],[15.131,45.837],[15.123,45.86],[15.141,46.045],[15.132,46.127],[15.141,46.194],[15.128,46.204],[15.141,46.275],[15.132,46.279],[15.138,46.298],[15.132,46.302],[15.132,46.33],[15.121,46.337],[15.083,46.329],[15.057,46.336],[15.031,46.325],[15.009,46.332],[14.999,46.329],[15.002,46.321],[14.995,46.316],[14.977,46.323],[14.973,46.303],[14.943,46.308],[14.886,46.297],[14.884,46.307],[14.858,46.319],[14.854,46.327],[14.86,46.328],[14.849,46.335],[14.823,46.333],[14.812,46.316],[14.821,46.307],[14.816,46.294],[14.79,46.302],[14.686,46.301],[14.641,46.308],[14.572,46.302],[14.535,46.309],[14.51,46.303],[14.481,46.31],[14.42,46.306],[14.297,46.315],[14.29,46.3],[14.292,46.09],[14.279,46.091],[14.277,46.083],[14.289,46.081],[14.293,46.042],[14.295,45.967],[14.282,45.969],[14.29,45.943],[14.266,45.946],[14.264,45.969],[14.275,45.998],[14.198,46.005],[14.144,45.991],[14.071,46.004],[14.053,46.002],[14.042,45.989],[13.903,46.008],[13.881,46.004],[13.861,45.989],[13.808,45.987],[13.795,46.003],[13.693,46.006],[13.686,46.004],[13.685,45.985],[13.622,45.986],[13.571,45.946]],[[14.895,46.083],[14.908,46.091],[14.954,46.095],[14.988,46.119],[14.999,46.114],[14.995,46.102],[14.978,46.107],[14.954,46.085],[14.928,46.077],[14.913,46.089],[14.895,46.083]]]}},{"type":"Feature","properties":{},"geometry":{"type":"Polygon","coordinates":[[[13.819,48.25],[13.83,48.248],[13.826,48.226],[13.835,48.216],[13.824,48.162],[13.832,48.148],[13.83,48.107],[14.733,48.106],[14.746,48.121],[14.735,48.133],[14.749,48.14],[14.753,48.184],[14.744,48.19],[14.749,48.208],[14.737,48.228],[14.749,48.249],[14.737,48.258],[14.748,48.318],[14.74,48.324],[14.752,48.351],[14.741,48.374],[14.749,48.394],[14.744,48.403],[13.83,48.403],[13.826,48.282],[13.833,48.271],[13.819,48.25]]]}},{"type":"Feature","properties":{},"geometry":{"type":"Polygon","coordinates":[[[14.209,46.617],[14.211,46.611],[14.229,46.612],[14.231,46.599],[14.24,46.598],[14.24,46.582],[14.385,46.582],[14.387,46.653],[14.328,46.675],[14.299,46.668],[14.24,46.669],[14.24,46.642],[14.225,46.64],[14.231,46.63],[14.209,46.617]]]}},{"type":"Feature","properties":{},"geometry":{"type":"Polygon","coordinates":[[[14.218,50.102],[14.266,50.086],[14.27,50.074],[14.258,50.071],[14.26,50.061],[14.286,50.028],[14.378,50.025],[14.389,50.019],[14.389,50.007],[14.382,50.004],[14.439,49.991],[14.545,50.018],[14.568,50.031],[14.554,50.063],[14.565,50.073],[14.598,50.069],[14.591,50.081],[14.595,50.099],[14.586,50.102],[14.59,50.108],[14.562,50.118],[14.561,50.133],[14.54,50.145],[14.466,50.14],[14.436,50.151],[14.393,50.139],[14.389,50.128],[14.395,50.123],[14.355,50.103],[14.297,50.1],[14.274,50.118],[14.218,50.102]],[[14.385,50.059],[14.391,50.068],[14.391,50.083],[14.385,50.083],[14.391,50.087],[14.389,50.104],[14.422,50.11],[14.477,50.104],[14.481,50.061],[14.385,50.059]]]}},{"type":"Feature","properties":{},"geometry":{"type":"Polygon","coordinates":[[[14.227,49.782],[14.233,49.778],[14.233,49.753],[14.344,49.747],[14.365,49.757],[14.389,49.751],[14.402,49.757],[14.483,49.751],[14.502,49.757],[14.536,49.749],[14.573,49.755],[14.683,49.751],[14.711,49.762],[14.698,49.777],[14.7,49.825],[14.707,49.833],[14.7,49.842],[14.231,49.845],[14.227,49.782]]]}},{"type":"Feature","properties":{},"geometry":{"type":"Polygon","coordinates":[[[14.251,45.274],[14.285,45.274],[14.319,45.325],[14.361,45.329],[14.51,45.277],[14.531,45.287],[14.536,45.302],[14.527,45.314],[14.527,45.351],[14.512,45.368],[14.491,45.37],[14.468,45.392],[14.426,45.392],[14.402,45.41],[14.352,45.405],[14.344,45.392],[14.303,45.391],[14.286,45.375],[14.285,45.361],[14.252,45.322],[14.251,45.274]]]}},{"type":"Feature","properties":{},"geometry":{"type":"Polygon","coordinates":[[[14.251,48.857],[14.262,48.835],[14.26,48.818],[14.273,48.809],[14.268,48.754],[14.29,48.757],[14.299,48.749],[14.374,48.74],[14.398,48.755],[14.72,48.752],[14.716,48.888],[14.724,48.9],[14.72,48.959],[14.73,48.984],[14.722,49.004],[14.72,49.067],[14.733,49.094],[14.723,49.106],[14.716,49.145],[14.72,49.183],[14.713,49.208],[14.724,49.218],[14.715,49.267],[14.619,49.265],[14.558,49.273],[14.483,49.265],[14.466,49.271],[14.458,49.264],[14.308,49.266],[14.268,49.258],[14.259,49.128],[14.268,49.123],[14.27,49.057],[14.263,49.029],[14.273,48.986],[14.258,48.932],[14.26,48.882],[14.251,48.857]]]}},{"type":"Feature","properties":{},"geometry":{"type":"Polygon","coordinates":[[[14.286,48.037],[14.312,48.01],[14.411,48.004],[14.459,48.034],[14.49,48.09],[14.362,48.089],[14.356,48.075],[14.301,48.051],[14.286,48.037]]]}},{"type":"Feature","properties":{},"geometry":{"type":"Polygon","coordinates":[[[14.741,46.771],[14.752,46.746],[14.745,46.731],[14.759,46.732],[14.823,46.682],[14.896,46.696],[14.913,46.703],[14.921,46.72],[14.915,46.736],[14.922,46.755],[14.915,46.756],[14.899,46.786],[14.91,46.818],[14.892,46.821],[14.892,46.835],[14.878,46.848],[14.865,46.848],[14.862,46.859],[14.875,46.869],[14.869,46.883],[14.825,46.889],[14.768,46.884],[14.771,46.864],[14.762,46.861],[14.764,46.836],[14.757,46.825],[14.762,46.815],[14.749,46.797],[14.752,46.78],[14.741,46.771]]]}},{"type":"Feature","properties":{},"geometry":{"type":"Polygon","coordinates":[[[-120.499,34.861],[-120.451,34.825],[-120.381,34.819],[-120.384,34.872],[-120.377,34.885],[-120.384,34.888],[-120.383,34.926],[-120.368,34.978],[-120.418,35.01],[-120.457,35.012],[-120.468,35],[-120.494,35.003],[-120.499,34.861]]]}},{"type":"Feature","properties":{},"geometry":{"type":"Polygon","coordinates":[[[-120.406,34.738],[-120.403,34.711],[-120.392,34.703],[-120.398,34.67],[-120.392,34.632],[-120.398,34.598],[-120.392,34.541],[-120.396,34.441],[-120.326,34.445],[-120.288,34.458],[-120.137,34.462],[-120.097,34.45],[-120.009,34.45],[-119.967,34.423],[-119.947,34.421],[-119.931,34.423],[-119.931,34.469],[-119.921,34.482],[-119.704,34.483],[-119.7,34.786],[-119.708,34.815],[-119.755,34.827],[-119.802,34.828],[-120.074,34.817],[-120.103,34.828],[-120.105,34.836],[-120.156,34.84],[-120.188,34.835],[-120.186,34.81],[-120.243,34.795],[-120.244,34.804],[-120.311,34.807],[-120.401,34.795],[-120.396,34.784],[-120.405,34.775],[-120.406,34.738]]]}},{"type":"Feature","properties":{},"geometry":{"type":"Polygon","coordinates":[[[-94.108,44.439],[-94.097,44.323],[-94.099,43.991],[-94.064,44.001],[-94.032,44.001],[-94.028,43.994],[-93.837,43.994],[-93.803,44],[-93.771,43.992],[-93.712,43.998],[-93.708,44.061],[-93.724,44.108],[-93.716,44.195],[-93.724,44.208],[-93.717,44.341],[-93.723,44.356],[-93.716,44.383],[-93.728,44.399],[-93.728,44.414],[-93.717,44.415],[-93.72,44.457],[-93.625,44.443],[-93.601,44.428],[-93.602,44.418],[-93.54,44.422],[-93.362,44.411],[-93.366,44.425],[-93.349,44.424],[-93.343,44.436],[-93.332,44.437],[-93.326,44.407],[-93.34,44.399],[-93.345,44.321],[-93.336,44.313],[-93.349,44.256],[-93.337,44.248],[-93.34,44.229],[-93.333,44.229],[-93.34,44.201],[-93.329,44.145],[-93.332,44.04],[-93.091,44.038],[-93.084,44.154],[-93.09,44.187],[-93.083,44.224],[-93.09,44.249],[-93.082,44.326],[-93.09,44.327],[-93.094,44.343],[-93.091,44.385],[-93.08,44.392],[-93.08,44.42],[-93.091,44.426],[-93.084,44.431],[-93.091,44.441],[-93.027,44.475],[-92.987,44.47],[-92.981,44.487],[-92.94,44.491],[-92.944,44.587],[-92.907,44.592],[-92.874,44.584],[-92.759,44.585],[-92.668,44.604],[-92.663,44.632],[-92.613,44.657],[-92.608,44.692],[-92.579,44.704],[-92.571,44.719],[-92.538,44.726],[-92.527,44.768],[-92.514,44.77],[-92.506,44.795],[-92.49,44.797],[-92.487,44.872],[-92.469,44.888],[-92.461,44.949],[-92.462,44.989],[-92.471,44.997],[-92.472,45.013],[-92.443,45.022],[-92.439,45.081],[-92.421,45.093],[-92.766,45.097],[-92.786,45.085],[-92.826,45.083],[-92.844,45.064],[-92.955,45.066],[-92.959,44.997],[-92.975,44.997],[-92.975,45.007],[-93.02,45.015],[-93.018,45.028],[-93.106,45.042],[-93.113,45.018],[-93.106,44.951],[-93.111,44.941],[-93.104,44.932],[-93.112,44.918],[-93.106,44.92],[-93.106,44.905],[-93.165,44.889],[-93.17,44.876],[-93.226,44.838],[-93.234,44.845],[-93.308,44.84],[-93.329,44.833],[-93.329,44.827],[-93.344,44.84],[-93.365,44.84],[-93.371,44.859],[-93.389,44.859],[-93.41,44.876],[-93.411,44.935],[-93.419,44.936],[-93.415,44.99],[-93.428,45.006],[-93.415,45.022],[-93.421,45.067],[-93.414,45.069],[-93.413,45.086],[-93.572,45.077],[-93.599,45.093],[-93.641,45.086],[-93.641,45.079],[-93.656,45.085],[-93.713,45.074],[-93.75,45.076],[-93.757,45.085],[-93.829,45.086],[-93.838,45.078],[-93.929,45.085],[-93.954,45.074],[-93.965,45.084],[-93.987,45.086],[-93.989,44.985],[-93.978,44.935],[-93.987,44.935],[-93.985,44.924],[-93.991,44.924],[-93.991,44.906],[-93.984,44.903],[-93.984,44.891],[-93.991,44.892],[-93.991,44.862],[-93.98,44.746],[-93.875,44.731],[-93.737,44.731],[-93.734,44.694],[-93.745,44.655],[-93.733,44.654],[-93.724,44.641],[-93.733,44.62],[-93.728,44.594],[-93.745,44.594],[-93.761,44.62],[-93.816,44.621],[-93.856,44.612],[-94.044,44.625],[-94.108,44.616],[-94.101,44.523],[-94.108,44.512],[-94.108,44.476],[-94.101,44.473],[-94.108,44.471],[-94.108,44.439]]]}},{"type":"Feature","properties":{},"geometry":{"type":"Polygon","coordinates":[[[-93.981,41.878],[-93.966,41.75],[-93.972,41.75],[-93.974,41.704],[-93.97,41.695],[-93.95,41.689],[-93.95,41.672],[-93.966,41.669],[-93.966,41.663],[-93.955,41.627],[-93.954,41.567],[-93.945,41.563],[-93.943,41.539],[-93.892,41.534],[-93.886,41.523],[-93.812,41.533],[-93.816,41.521],[-93.829,41.517],[-93.936,41.515],[-93.944,41.486],[-93.937,41.45],[-93.94,41.412],[-93.778,41.42],[-93.598,41.415],[-93.495,41.397],[-93.352,41.393],[-93.349,41.427],[-93.356,41.43],[-93.358,41.462],[-93.369,41.474],[-93.411,41.479],[-93.447,41.471],[-93.461,41.485],[-93.424,41.485],[-93.424,41.536],[-93.337,41.531],[-93.327,41.559],[-93.327,41.639],[-93.369,41.647],[-93.369,41.679],[-93.325,41.681],[-93.337,41.829],[-93.333,42.017],[-93.341,42.023],[-93.332,42.031],[-93.332,42.127],[-93.299,42.127],[-93.308,42.134],[-93.349,42.136],[-93.349,42.142],[-93.315,42.142],[-93.332,42.146],[-93.333,42.157],[-93.654,42.158],[-93.657,42.114],[-93.66,42.158],[-93.95,42.161],[-93.958,42.121],[-93.978,42.114],[-93.981,41.878]]]}},{"type":"Feature","properties":{},"geometry":{"type":"Polygon","coordinates":[[[-93.327,44.94],[-93.312,44.929],[-93.311,44.917],[-93.231,44.915],[-93.224,44.929],[-93.216,44.929],[-93.216,44.94],[-93.2,44.943],[-93.194,44.969],[-93.205,44.988],[-93.237,45.011],[-93.282,45.004],[-93.311,44.983],[-93.323,44.983],[-93.326,44.955],[-93.319,44.945],[-93.327,44.94]]]}},{"type":"Feature","properties":{},"geometry":{"type":"Polygon","coordinates":[[[-92.9,44.037],[-92.894,43.981],[-92.878,43.983],[-92.878,43.991],[-92.848,43.983],[-92.822,43.987],[-92.822,43.994],[-92.62,43.994],[-92.598,43.989],[-92.598,43.964],[-92.58,43.961],[-92.58,43.953],[-92.593,43.953],[-92.593,43.945],[-92.351,43.945],[-92.351,43.963],[-92.339,43.963],[-92.339,44.086],[-92.351,44.086],[-92.351,44.102],[-92.582,44.103],[-92.582,44.086],[-92.626,44.078],[-92.895,44.084],[-92.9,44.037]]]}},{"type":"Feature","properties":{},"geometry":{"type":"Polygon","coordinates":[[[-92.66,42.764],[-92.657,42.742],[-92.609,42.742],[-92.609,42.723],[-92.65,42.723],[-92.652,42.354],[-92.63,42.354],[-92.622,42.34],[-92.476,42.34],[-92.476,42.33],[-92.363,42.33],[-92.362,42.34],[-92.31,42.342],[-92.309,42.355],[-92.284,42.355],[-92.281,42.341],[-92.126,42.34],[-92.126,42.53],[-92.12,42.534],[-92.115,42.678],[-92.122,42.681],[-92.119,42.785],[-92.138,42.807],[-92.219,42.808],[-92.259,42.795],[-92.635,42.802],[-92.66,42.793],[-92.66,42.764]]]}},{"type":"Feature","properties":{},"geometry":{"type":"Polygon","coordinates":[[[-91.931,41.818],[-91.918,41.806],[-91.865,41.806],[-91.858,41.808],[-91.85,41.841],[-91.512,41.818],[-91.35,41.833],[-91.336,41.845],[-91.342,41.919],[-91.324,41.924],[-91.324,41.942],[-91.338,41.944],[-91.336,42.081],[-91.329,42.095],[-91.338,42.127],[-91.358,42.137],[-91.53,42.148],[-91.763,42.138],[-91.817,42.143],[-91.909,42.129],[-91.921,42.121],[-91.925,42.097],[-91.928,41.917],[-91.916,41.906],[-91.923,41.899],[-91.931,41.818]]]}},{"type":"Feature","properties":{},"geometry":{"type":"Polygon","coordinates":[[[-91.868,41.79],[-91.864,41.772],[-91.831,41.76],[-91.833,41.732],[-91.847,41.728],[-91.847,41.714],[-91.854,41.714],[-91.85,41.633],[-91.837,41.63],[-91.842,41.621],[-91.858,41.621],[-91.857,41.564],[-91.751,41.562],[-91.75,41.572],[-91.729,41.574],[-91.64,41.564],[-91.542,41.564],[-91.542,41.573],[-91.509,41.579],[-91.504,41.566],[-91.471,41.57],[-91.457,41.559],[-91.295,41.556],[-91.292,41.567],[-91.281,41.568],[-91.292,41.607],[-91.273,41.61],[-91.273,41.623],[-91.291,41.625],[-91.291,41.639],[-91.277,41.643],[-91.276,41.813],[-91.321,41.817],[-91.329,41.788],[-91.346,41.787],[-91.375,41.79],[-91.405,41.815],[-91.442,41.813],[-91.458,41.798],[-91.48,41.793],[-91.509,41.798],[-91.574,41.789],[-91.644,41.796],[-91.666,41.812],[-91.756,41.8],[-91.843,41.813],[-91.868,41.79]]]}},{"type":"Feature","properties":{},"geometry":{"type":"Polygon","coordinates":[[[-91.708,45.032],[-91.706,45.015],[-91.696,45.013],[-91.686,44.964],[-91.702,44.953],[-91.691,44.822],[-91.7,44.667],[-91.688,44.626],[-91.658,44.632],[-91.638,44.623],[-91.578,44.623],[-91.568,44.633],[-91.555,44.623],[-91.482,44.623],[-91.454,44.616],[-91.421,44.632],[-91.421,44.621],[-91.375,44.617],[-91.372,44.623],[-91.334,44.623],[-91.32,44.606],[-91.299,44.604],[-91.262,44.609],[-91.244,44.621],[-91.238,44.638],[-91.202,44.627],[-91.18,44.63],[-91.173,44.623],[-91.159,44.623],[-91.156,44.634],[-91.114,44.631],[-91.111,44.679],[-91.119,44.681],[-91.124,44.756],[-91.115,44.79],[-91.121,44.799],[-91.124,44.916],[-91.115,45.036],[-91.124,45.043],[-91.119,45.087],[-91.192,45.086],[-91.224,45.077],[-91.228,45.097],[-91.308,45.097],[-91.313,45.073],[-91.443,45.079],[-91.456,45.07],[-91.506,45.084],[-91.538,45.076],[-91.578,45.078],[-91.579,45.07],[-91.663,45.075],[-91.696,45.065],[-91.708,45.032]]]}},{"type":"Feature","properties":{},"geometry":{"type":"Polygon","coordinates":[[[-91.594,39.914],[-91.592,39.901],[-91.395,39.901],[-91.395,40.179],[-91.559,40.173],[-91.575,40.179],[-91.582,40.135],[-91.579,40.085],[-91.589,40.085],[-91.588,40.055],[-91.579,40.052],[-91.583,40.043],[-91.575,40.026],[-91.582,39.954],[-91.593,39.94],[-91.594,39.914]]]}},{"type":"Feature","properties":{},"geometry":{"type":"Polygon","coordinates":[[[-91.494,43.873],[-91.483,43.781],[-91.489,43.669],[-91.471,43.648],[-91.416,43.635],[-91.369,43.642],[-91.281,43.631],[-91.055,43.645],[-91.048,43.657],[-91.053,43.716],[-91.044,43.752],[-91.051,43.776],[-91.044,43.812],[-91.049,43.865],[-91.033,43.895],[-91.04,43.916],[-91.034,43.917],[-91.026,43.983],[-91.044,44.039],[-91.055,44.045],[-91.041,44.095],[-91.06,44.095],[-91.059,44.24],[-91.089,44.267],[-91.169,44.276],[-91.35,44.282],[-91.449,44.269],[-91.463,44.251],[-91.487,44.181],[-91.493,44.071],[-91.475,43.989],[-91.487,43.929],[-91.479,43.916],[-91.494,43.873]],[[-91.215,43.987],[-91.215,44.001],[-91.196,44.001],[-91.196,43.987],[-91.215,43.987]],[[-91.185,43.874],[-91.182,43.979],[-91.18,43.987],[-91.161,43.987],[-91.163,43.729],[-91.182,43.729],[-91.185,43.874]]]}},{"type":"Feature","properties":{},"geometry":{"type":"Polygon","coordinates":[[[-91.199,40.818],[-91.187,40.794],[-91.155,40.777],[-91.132,40.745],[-91.104,40.739],[-91.07,40.75],[-91.048,40.746],[-90.851,40.778],[-90.821,40.789],[-90.788,40.789],[-90.787,40.796],[-90.673,40.801],[-90.6,40.814],[-90.596,40.824],[-90.562,40.82],[-90.415,40.848],[-90.378,40.858],[-90.361,40.881],[-90.36,40.875],[-90.298,40.877],[-90.302,40.887],[-90.291,40.903],[-90.302,40.916],[-90.29,40.924],[-90.286,41.015],[-90.303,41.021],[-90.31,41.013],[-90.402,41.017],[-90.74,40.959],[-90.838,40.932],[-91.112,40.889],[-91.17,40.872],[-91.192,40.847],[-91.199,40.818]]]}},{"type":"Feature","properties":{},"geometry":{"type":"Polygon","coordinates":[[[-90.934,42.474],[-90.921,42.464],[-90.92,42.452],[-90.912,42.451],[-90.909,42.428],[-90.921,42.412],[-90.916,42.333],[-90.923,42.319],[-90.915,42.28],[-90.921,42.263],[-90.912,42.259],[-90.916,42.229],[-90.898,42.208],[-90.798,42.188],[-90.644,42.18],[-90.612,42.187],[-90.607,42.178],[-90.577,42.18],[-90.548,42.166],[-90.515,42.174],[-90.512,42.194],[-90.519,42.213],[-90.527,42.215],[-90.519,42.224],[-90.525,42.255],[-90.511,42.264],[-90.515,42.287],[-90.508,42.303],[-90.504,42.396],[-90.511,42.419],[-90.508,42.462],[-90.519,42.472],[-90.514,42.521],[-90.519,42.54],[-90.512,42.594],[-90.503,42.611],[-90.512,42.63],[-90.519,42.697],[-90.52,42.83],[-90.537,42.828],[-90.558,42.848],[-90.599,42.857],[-90.607,42.867],[-90.699,42.862],[-90.731,42.875],[-90.824,42.871],[-90.901,42.823],[-90.931,42.816],[-90.932,42.74],[-90.919,42.658],[-90.928,42.633],[-90.921,42.614],[-90.93,42.609],[-90.934,42.585],[-90.926,42.564],[-90.934,42.533],[-90.928,42.516],[-90.934,42.512],[-90.934,42.474]]]}},{"type":"Feature","properties":{},"geometry":{"type":"Polygon","coordinates":[[[-90.703,41.602],[-90.691,41.451],[-90.699,41.401],[-90.678,41.379],[-90.591,41.37],[-90.4,41.367],[-90.349,41.39],[-90.341,41.487],[-90.352,41.551],[-90.353,41.637],[-90.453,41.638],[-90.468,41.654],[-90.523,41.684],[-90.596,41.699],[-90.648,41.7],[-90.699,41.685],[-90.703,41.602]]]}},{"type":"Feature","properties":{},"geometry":{"type":"Polygon","coordinates":[[[-99.874,29.159],[-99.871,29.127],[-99.862,29.122],[-99.72,29.163],[-99.712,29.181],[-99.712,29.256],[-99.72,29.261],[-99.72,29.283],[-99.759,29.291],[-99.859,29.271],[-99.867,29.236],[-99.862,29.235],[-99.867,29.212],[-99.859,29.2],[-99.874,29.159]]]}},{"type":"Feature","properties":{},"geometry":{"type":"Polygon","coordinates":[[[-99.536,27.572],[-99.529,27.494],[-99.495,27.486],[-99.495,27.414],[-99.456,27.411],[-99.454,27.435],[-99.429,27.458],[-99.422,27.615],[-99.465,27.632],[-99.532,27.634],[-99.529,27.596],[-99.536,27.572]]]}},{"type":"Feature","properties":{},"geometry":{"type":"Polygon","coordinates":[[[-98.97,29.05],[-98.968,28.975],[-98.954,28.97],[-98.95,28.955],[-98.821,28.949],[-98.661,28.965],[-98.665,28.797],[-98.659,28.778],[-98.582,28.757],[-98.513,28.756],[-98.354,28.776],[-98.35,28.81],[-98.332,28.813],[-98.322,28.876],[-98.332,28.893],[-98.328,28.935],[-98.293,28.944],[-98.281,28.967],[-98.234,28.968],[-98.227,28.985],[-98.15,28.995],[-98.079,28.988],[-98.047,28.997],[-98.042,29.093],[-98.049,29.212],[-98.043,29.23],[-98.049,29.258],[-98.043,29.261],[-98.047,29.351],[-98.041,29.361],[-98.046,29.533],[-97.925,29.526],[-97.925,29.605],[-98.02,29.606],[-98.015,29.721],[-98.049,29.723],[-98.05,29.76],[-98.107,29.766],[-98.131,29.764],[-98.135,29.752],[-98.152,29.757],[-98.146,29.804],[-98.15,29.822],[-98.166,29.837],[-98.16,29.892],[-98.196,29.906],[-98.21,29.92],[-98.216,30.02],[-98.208,30.212],[-98.218,30.314],[-98.164,30.323],[-98.19,30.325],[-98.212,30.367],[-98.21,30.379],[-98.242,30.387],[-98.255,30.378],[-98.256,30.384],[-98.318,30.389],[-98.377,30.381],[-98.448,30.385],[-98.448,29.96],[-98.519,29.966],[-98.583,29.957],[-98.698,29.963],[-98.727,29.948],[-98.755,29.951],[-98.768,29.945],[-98.777,29.954],[-98.833,29.943],[-98.839,29.913],[-98.828,29.91],[-98.837,29.898],[-98.844,29.812],[-98.832,29.748],[-98.832,29.669],[-98.815,29.655],[-98.815,29.644],[-98.795,29.619],[-98.749,29.615],[-98.744,29.601],[-98.725,29.59],[-98.763,29.597],[-98.767,29.573],[-98.779,29.573],[-98.784,29.552],[-98.786,29.559],[-98.865,29.564],[-98.874,29.552],[-98.918,29.556],[-98.929,29.544],[-98.965,29.557],[-98.97,29.05]],[[-98.746,29.454],[-98.736,29.502],[-98.731,29.5],[-98.737,29.46],[-98.746,29.454]]]}},{"type":"Feature","properties":{},"geometry":{"type":"Polygon","coordinates":[[[-98.631,26.265],[-98.613,26.24],[-98.597,26.243],[-98.595,26.229],[-98.586,26.233],[-98.578,26.216],[-98.561,26.212],[-98.539,26.221],[-98.532,26.217],[-98.531,26.2],[-98.495,26.192],[-98.455,26.195],[-98.448,26.192],[-98.448,26.163],[-98.399,26.152],[-98.362,26.158],[-98.356,26.154],[-98.359,26.133],[-98.291,26.125],[-98.277,26.102],[-98.237,26.107],[-98.024,26.084],[-97.98,26.101],[-97.863,26.094],[-97.854,26.1],[-97.755,26.084],[-97.745,26.11],[-97.787,26.131],[-97.796,26.168],[-97.755,26.179],[-97.756,26.211],[-97.728,26.211],[-97.722,26.155],[-97.679,26.148],[-97.648,26.157],[-97.644,26.167],[-97.641,26.234],[-97.668,26.234],[-97.67,26.254],[-97.642,26.264],[-97.631,26.359],[-97.623,26.531],[-97.634,26.565],[-97.631,26.735],[-97.646,26.757],[-97.668,26.766],[-97.67,26.76],[-97.688,26.762],[-97.697,26.776],[-97.733,26.771],[-97.846,26.782],[-97.872,26.771],[-97.888,26.776],[-97.896,26.763],[-97.917,26.755],[-97.98,26.762],[-97.976,26.461],[-98.023,26.463],[-98.028,26.446],[-98.046,26.439],[-98.093,26.434],[-98.137,26.419],[-98.144,26.434],[-98.218,26.44],[-98.31,26.428],[-98.319,26.418],[-98.422,26.425],[-98.427,26.431],[-98.462,26.421],[-98.486,26.43],[-98.586,26.428],[-98.597,26.418],[-98.602,26.375],[-98.615,26.371],[-98.611,26.351],[-98.62,26.306],[-98.608,26.3],[-98.608,26.29],[-98.627,26.292],[-98.631,26.265]]]}},{"type":"Feature","properties":{},"geometry":{"type":"Polygon","coordinates":[[[-98.002,29.861],[-97.997,29.818],[-97.957,29.813],[-97.936,29.818],[-97.884,29.878],[-97.891,29.929],[-97.923,29.935],[-97.964,29.93],[-97.99,29.909],[-98.002,29.861]]]}},{"type":"Feature","properties":{},"geometry":{"type":"Polygon","coordinates":[[[-97.818,28.353],[-97.644,28.325],[-97.631,28.327],[-97.625,28.347],[-97.646,28.431],[-97.66,28.457],[-97.704,28.469],[-97.733,28.465],[-97.798,28.477],[-97.818,28.353]]]}},{"type":"Feature","properties":{},"geometry":{"type":"Polygon","coordinates":[[[-97.708,27.852],[-97.704,27.761],[-97.63,27.764],[-97.631,27.755],[-97.6,27.76],[-97.587,27.754],[-97.592,27.58],[-97.578,27.564],[-97.434,27.558],[-97.215,27.564],[-97.099,27.759],[-97.048,27.818],[-97.03,27.82],[-97.022,27.861],[-96.963,27.939],[-96.908,27.994],[-96.908,28.01],[-96.897,28.026],[-96.904,28.037],[-96.905,28.074],[-96.913,28.093],[-96.941,28.111],[-96.912,28.147],[-96.91,28.292],[-96.987,28.3],[-97.027,28.313],[-97.101,28.307],[-97.147,28.314],[-97.171,28.307],[-97.213,28.319],[-97.259,28.307],[-97.267,28.282],[-97.287,28.266],[-97.295,28.244],[-97.288,28.199],[-97.303,28.083],[-97.303,27.96],[-97.354,27.954],[-97.354,27.994],[-97.475,28],[-97.482,28.111],[-97.554,28.11],[-97.556,27.997],[-97.611,27.992],[-97.609,27.939],[-97.664,27.939],[-97.667,27.911],[-97.707,27.909],[-97.708,27.852]]]}},{"type":"Feature","properties":{},"geometry":{"type":"Polygon","coordinates":[[[-97.542,25.962],[-97.534,25.937],[-97.538,25.919],[-97.519,25.896],[-97.486,25.879],[-97.451,25.874],[-97.446,25.863],[-97.413,25.865],[-97.417,25.994],[-97.542,25.993],[-97.542,25.962]]]}},{"type":"Feature","properties":{},"geometry":{"type":"Polygon","coordinates":[[[-97.513,29.76],[-97.512,29.736],[-97.493,29.72],[-97.434,29.724],[-97.416,29.71],[-97.373,29.718],[-97.375,29.69],[-97.361,29.683],[-97.342,29.695],[-97.329,29.693],[-97.328,29.683],[-97.311,29.673],[-97.305,29.688],[-97.225,29.68],[-97.173,29.688],[-97.174,29.677],[-97.163,29.674],[-97.159,29.695],[-97.175,29.745],[-97.181,29.746],[-97.184,29.775],[-97.186,30.109],[-97.175,30.17],[-97.188,30.174],[-97.215,30.162],[-97.244,30.169],[-97.291,30.165],[-97.317,30.174],[-97.331,30.164],[-97.35,30.169],[-97.376,30.162],[-97.408,30.17],[-97.45,30.161],[-97.468,30.183],[-97.484,30.19],[-97.501,30.174],[-97.509,30.139],[-97.513,29.76]]]}},{"type":"Feature","properties":{},"geometry":{"type":"Polygon","coordinates":[[[-97.053,28.729],[-96.912,28.73],[-96.912,28.901],[-96.923,28.901],[-96.921,28.911],[-96.965,28.901],[-96.996,28.919],[-96.998,28.931],[-97.042,28.93],[-97.042,28.92],[-97.053,28.919],[-97.053,28.729]]]}},{"type":"Feature","properties":{},"geometry":{"type":"Polygon","coordinates":[[[-95.986,29.864],[-95.981,29.829],[-95.908,29.816],[-95.907,29.787],[-95.901,29.775],[-95.893,29.775],[-95.904,29.758],[-95.916,29.754],[-95.911,29.717],[-95.904,29.717],[-95.919,29.588],[-95.919,29.551],[-95.911,29.55],[-95.908,29.534],[-95.918,29.522],[-95.904,29.49],[-95.915,29.475],[-95.911,29.462],[-95.919,29.458],[-95.919,29.446],[-95.911,29.441],[-95.882,29.431],[-95.812,29.431],[-95.804,29.437],[-95.768,29.43],[-95.753,29.438],[-95.556,29.438],[-95.527,29.455],[-95.431,29.452],[-95.431,29.43],[-95.415,29.431],[-95.415,29.411],[-95.397,29.411],[-95.398,29.367],[-95.331,29.367],[-95.32,29.359],[-95.315,29.339],[-95.326,29.331],[-95.323,29.307],[-95.315,29.304],[-95.315,29.286],[-95.301,29.283],[-95.297,29.274],[-95.194,29.276],[-95.188,29.282],[-95.165,29.278],[-95.164,29.272],[-95.006,29.268],[-95.006,29.262],[-95.017,29.261],[-95.018,29.219],[-95.052,29.219],[-95.054,29.186],[-94.931,29.192],[-94.916,29.201],[-94.914,29.216],[-94.897,29.224],[-94.912,29.234],[-94.914,29.272],[-94.893,29.273],[-94.872,29.292],[-94.85,29.392],[-94.875,29.436],[-94.897,29.51],[-94.938,29.529],[-94.938,29.556],[-94.89,29.573],[-94.882,29.634],[-94.863,29.651],[-94.871,29.661],[-95.039,29.661],[-95.04,29.667],[-95.072,29.674],[-95.072,29.665],[-95.105,29.669],[-95.173,29.659],[-95.322,29.663],[-95.327,29.736],[-95.32,29.766],[-95.328,29.831],[-95.32,29.86],[-95.329,29.903],[-95.322,29.925],[-95.327,29.944],[-95.322,29.973],[-95.297,29.979],[-95.309,29.985],[-95.309,30.004],[-95.33,30.011],[-95.323,30.063],[-95.315,30.074],[-95.324,30.089],[-95.319,30.098],[-95.349,30.105],[-95.346,30.094],[-95.463,30.092],[-95.524,30.101],[-95.522,30.093],[-95.58,30.099],[-95.614,30.092],[-95.691,30.094],[-95.692,30.102],[-95.782,30.102],[-95.782,30.254],[-95.687,30.258],[-95.688,30.269],[-95.672,30.269],[-95.67,30.318],[-95.823,30.318],[-95.825,30.03],[-95.828,29.999],[-95.852,29.999],[-95.853,29.913],[-95.878,29.907],[-95.966,29.913],[-95.977,29.903],[-95.986,29.864]]]}},{"type":"Feature","properties":{},"geometry":{"type":"Polygon","coordinates":[[[-95.548,29.065],[-95.527,29.049],[-95.523,29.015],[-95.464,29.011],[-95.453,28.968],[-95.459,28.967],[-95.456,28.931],[-95.446,28.926],[-95.446,28.905],[-95.471,28.905],[-95.473,28.893],[-95.319,28.893],[-95.293,28.911],[-95.289,28.932],[-95.268,28.929],[-95.25,28.958],[-95.206,28.99],[-95.214,28.997],[-95.238,28.989],[-95.304,28.997],[-95.306,29.044],[-95.331,29.049],[-95.331,29.086],[-95.343,29.085],[-95.343,29.234],[-95.313,29.234],[-95.313,29.243],[-95.485,29.244],[-95.484,29.201],[-95.514,29.201],[-95.514,29.083],[-95.544,29.084],[-95.548,29.065]]]}},{"type":"Feature","properties":{},"geometry":{"type":"Polygon","coordinates":[[[9.998,44.318],[10.18,44.191],[10.16,44.169],[10.112,44.146],[10.143,44.112],[10.201,44.081],[10.176,44.08],[10.272,44.012],[10.338,43.988],[10.35,43.971],[10.421,43.938],[10.495,43.884],[10.456,43.874],[10.374,43.812],[10.285,43.815],[10.322,43.822],[10.3,43.891],[10.271,43.949],[10.234,43.985],[10.239,43.988],[10.221,43.996],[10.217,44.008],[10.184,44.023],[10.184,44.032],[10.147,44.021],[10.143,44.028],[10.16,44.038],[10.161,44.047],[10.106,44.059],[10.103,44.08],[10.132,44.075],[10.128,44.09],[10.102,44.089],[10.105,44.099],[10.092,44.11],[10.08,44.091],[10.062,44.095],[10.052,44.086],[10.033,44.088],[10.028,44.081],[10.062,44.08],[10.052,44.07],[10.033,44.072],[10.006,44.05],[10.013,44.047],[10.006,44.041],[10.018,44.019],[10.062,44.001],[10.118,43.963],[10.139,43.957],[10.143,43.962],[10.193,43.916],[10.223,43.874],[10.223,43.857],[10.241,43.83],[10.267,43.738],[10.271,43.694],[10.263,43.672],[10.275,43.605],[10.291,43.591],[10.28,43.532],[10.297,43.519],[10.322,43.466],[10.388,43.426],[10.401,43.396],[10.631,43.392],[10.635,43.45],[10.624,43.458],[10.627,43.471],[10.61,43.503],[10.606,43.571],[10.778,43.58],[10.951,43.571],[11.001,43.576],[11.163,43.571],[11.249,43.58],[11.358,43.573],[11.369,43.555],[11.32,43.557],[11.308,43.55],[11.298,43.557],[11.192,43.56],[11.165,43.552],[11.12,43.559],[11.056,43.556],[11.04,43.544],[11.001,43.56],[10.975,43.555],[10.97,43.506],[10.982,43.485],[10.971,43.426],[10.977,43.424],[10.974,43.261],[10.99,43.247],[11.092,43.242],[11.131,43.243],[11.136,43.249],[11.207,43.246],[11.223,43.258],[11.239,43.247],[11.261,43.245],[11.299,43.245],[11.314,43.253],[11.357,43.245],[11.404,43.25],[11.419,43.259],[11.529,43.252],[11.54,43.289],[11.545,43.366],[11.533,43.464],[11.541,43.479],[11.53,43.484],[11.567,43.491],[11.64,43.485],[11.644,43.455],[11.666,43.454],[11.658,43.44],[11.665,43.423],[11.652,43.376],[11.661,43.365],[11.659,43.336],[11.681,43.289],[11.687,43.113],[11.635,43.11],[11.633,43.051],[11.846,43.051],[11.845,43.091],[11.882,43.084],[11.908,43.09],[11.906,43.308],[11.912,43.329],[11.905,43.342],[11.906,43.355],[11.919,43.355],[11.923,43.365],[11.904,43.43],[11.933,43.444],[11.942,43.459],[11.933,43.479],[11.904,43.494],[11.904,43.516],[11.92,43.519],[11.922,43.534],[11.911,43.608],[11.831,43.626],[11.798,43.622],[11.786,43.635],[11.711,43.636],[11.652,43.626],[11.585,43.642],[11.548,43.623],[11.511,43.616],[11.508,43.609],[11.481,43.608],[11.46,43.613],[11.46,43.622],[11.445,43.617],[11.433,43.627],[11.397,43.631],[11.389,43.651],[11.397,43.683],[11.385,43.719],[11.407,43.743],[11.394,43.783],[11.407,43.794],[11.412,43.827],[11.393,43.9],[11.38,43.914],[11.378,43.929],[11.32,43.938],[11.299,43.933],[11.269,43.942],[11.214,43.937],[11.176,43.948],[11.118,43.941],[11.043,43.964],[10.997,43.969],[10.959,43.96],[10.898,43.985],[10.892,43.975],[10.865,43.966],[10.868,43.951],[10.622,43.948],[10.617,44],[10.629,44.163],[10.622,44.195],[10.6,44.205],[10.602,44.213],[10.252,44.223],[10.179,44.217],[10.017,44.319],[9.998,44.318]]]}},{"type":"Feature","properties":{},"geometry":{"type":"Polygon","coordinates":[[[10.096,42.786],[10.103,42.759],[10.143,42.727],[10.195,42.731],[10.242,42.723],[10.246,42.737],[10.285,42.733],[10.305,42.749],[10.313,42.736],[10.324,42.734],[10.331,42.753],[10.342,42.755],[10.371,42.717],[10.434,42.711],[10.437,42.737],[10.414,42.75],[10.412,42.764],[10.434,42.77],[10.434,42.823],[10.447,42.848],[10.426,42.868],[10.394,42.867],[10.372,42.839],[10.356,42.8],[10.335,42.8],[10.334,42.82],[10.311,42.822],[10.263,42.814],[10.231,42.791],[10.204,42.811],[10.176,42.816],[10.118,42.806],[10.096,42.786]]]}},{"type":"Feature","properties":{},"geometry":{"type":"Polygon","coordinates":[[[10.238,44.767],[10.243,44.76],[10.289,44.752],[10.392,44.75],[10.396,44.791],[10.389,44.813],[10.397,44.82],[10.383,44.822],[10.392,44.823],[10.389,44.83],[10.401,44.845],[10.363,44.863],[10.316,44.863],[10.309,44.85],[10.263,44.833],[10.263,44.821],[10.25,44.812],[10.239,44.785],[10.238,44.767]]]}},{"type":"Feature","properties":{},"geometry":{"type":"Polygon","coordinates":[[[10.452,44.429],[10.624,44.429],[10.661,44.437],[10.742,44.43],[10.741,44.406],[10.782,44.402],[10.784,44.371],[10.813,44.365],[10.835,44.372],[10.973,44.376],[11.103,44.366],[11.152,44.373],[11.187,44.368],[11.245,44.38],[11.262,44.37],[11.368,44.378],[11.38,44.366],[11.407,44.373],[11.548,44.365],[11.566,44.352],[11.564,44.341],[11.595,44.339],[11.602,44.327],[11.591,44.297],[11.603,44.284],[11.591,44.269],[11.593,44.19],[11.602,44.181],[11.591,44.143],[11.603,44.117],[12.152,44.118],[12.191,44.08],[12.203,44.082],[12.229,44.068],[12.225,44.056],[12.254,44.043],[12.253,44.018],[12.27,44.001],[12.329,43.946],[12.365,43.931],[12.365,43.915],[12.421,43.859],[12.45,43.84],[12.465,43.819],[12.49,43.818],[12.483,43.805],[12.509,43.79],[12.761,43.789],[12.866,43.797],[12.936,43.787],[12.958,43.791],[12.98,43.774],[13.048,43.773],[13.048,43.738],[13.038,43.714],[13.046,43.709],[13.05,43.688],[13.045,43.683],[13.053,43.623],[13.046,43.612],[13.053,43.612],[13.049,43.593],[13.057,43.574],[13.05,43.497],[13.055,43.457],[13.046,43.45],[13.05,43.435],[13.038,43.432],[13.038,43.422],[13.055,43.411],[13.049,43.4],[13.055,43.399],[13.048,43.383],[13.052,43.363],[13.022,43.34],[13.053,43.267],[13.046,43.247],[13.063,43.207],[13.056,43.152],[13.126,43.132],[13.159,43.144],[13.211,43.145],[13.237,43.137],[13.256,43.143],[13.353,43.138],[13.384,43.149],[13.453,43.139],[13.477,43.147],[13.575,43.142],[13.607,43.08],[13.613,43.047],[13.668,42.952],[13.673,42.88],[13.556,42.88],[13.556,42.837],[13.675,42.832],[13.677,42.818],[13.664,42.788],[13.675,42.77],[13.667,42.647],[13.679,42.643],[13.677,42.596],[13.701,42.596],[13.705,42.589],[13.726,42.598],[13.76,42.587],[13.77,42.595],[13.781,42.589],[13.752,42.579],[13.743,42.549],[13.748,42.518],[13.74,42.463],[13.751,42.447],[13.736,42.398],[13.741,42.346],[13.734,42.317],[13.756,42.277],[13.78,42.27],[13.778,42.257],[13.797,42.254],[13.888,42.261],[13.903,42.252],[13.928,42.254],[13.947,42.262],[13.976,42.26],[13.979,42.268],[14.01,42.274],[14.014,42.26],[14.024,42.258],[14.086,42.271],[14.119,42.265],[14.143,42.27],[14.168,42.255],[14.175,42.263],[14.194,42.264],[14.207,42.264],[14.208,42.256],[14.272,42.266],[14.292,42.259],[14.334,42.271],[14.338,42.256],[14.362,42.252],[14.371,42.266],[14.433,42.278],[14.432,42.307],[14.445,42.313],[14.436,42.335],[14.419,42.343],[14.418,42.36],[14.366,42.385],[14.322,42.364],[14.352,42.379],[14.361,42.398],[14.264,42.451],[14.244,42.477],[14.209,42.489],[14.115,42.574],[14.106,42.574],[14.088,42.595],[14.097,42.597],[14.005,42.715],[13.99,42.757],[13.977,42.766],[13.951,42.812],[13.935,42.895],[13.902,42.945],[13.902,42.967],[13.891,42.97],[13.873,43.034],[13.866,43.033],[13.857,43.103],[13.83,43.145],[13.824,43.171],[13.81,43.182],[13.788,43.241],[13.743,43.322],[13.73,43.326],[13.677,43.437],[13.635,43.502],[13.638,43.559],[13.583,43.576],[13.552,43.62],[13.513,43.64],[13.495,43.642],[13.479,43.622],[13.465,43.62],[13.407,43.64],[13.405,43.65],[13.39,43.656],[13.369,43.656],[13.296,43.685],[13.055,43.843],[13.024,43.853],[13.022,43.865],[13.001,43.868],[12.95,43.908],[12.913,43.921],[12.914,43.93],[12.813,43.97],[12.715,43.985],[12.681,44.007],[12.691,43.997],[12.684,43.997],[12.61,44.052],[12.583,44.077],[12.586,44.086],[12.563,44.088],[12.526,44.111],[12.388,44.234],[12.342,44.346],[12.328,44.41],[12.299,44.464],[12.296,44.477],[12.32,44.486],[12.324,44.501],[12.292,44.508],[12.292,44.598],[12.265,44.656],[12.262,44.683],[12.254,44.687],[12.254,44.729],[12.262,44.769],[12.285,44.795],[12.328,44.777],[12.408,44.777],[12.426,44.798],[12.432,44.82],[12.471,44.833],[12.52,44.917],[12.478,44.929],[12.229,44.928],[12.225,44.922],[12.115,44.929],[11.997,44.92],[11.678,44.926],[11.665,44.929],[11.648,44.957],[11.632,44.959],[11.57,44.948],[11.464,44.962],[11.437,44.951],[11.423,44.959],[11.348,44.962],[11.31,44.953],[11.15,44.962],[11.128,44.959],[11.124,44.952],[11.069,44.948],[11.034,44.955],[10.898,44.953],[10.89,44.972],[10.893,44.988],[10.835,44.985],[10.844,45.007],[10.833,45.018],[10.714,45.022],[10.624,45.009],[10.547,45.027],[10.484,45.028],[10.464,45.022],[10.478,45.013],[10.471,44.994],[10.48,44.985],[10.475,44.945],[10.482,44.922],[10.475,44.909],[10.484,44.882],[10.475,44.867],[10.481,44.765],[10.475,44.754],[10.48,44.723],[10.475,44.63],[10.481,44.629],[10.488,44.59],[10.477,44.51],[10.484,44.473],[10.478,44.444],[10.485,44.434],[10.452,44.429]],[[12.491,44.057],[12.497,44.07],[12.504,44.069],[12.616,43.991],[12.59,43.998],[12.553,44.02],[12.551,44.028],[12.537,44.029],[12.504,44.055],[12.491,44.057]],[[14.204,42.309],[14.288,42.351],[14.281,42.342],[14.204,42.309]],[[14.29,42.35],[14.312,42.364],[14.321,42.364],[14.299,42.35],[14.29,42.35]]]}},{"type":"Feature","properties":{},"geometry":{"type":"Polygon","coordinates":[[[10.489,42.96],[10.504,42.92],[10.514,42.914],[10.552,42.914],[10.565,42.925],[10.565,42.936],[10.621,42.946],[10.672,42.94],[10.751,42.911],[10.775,42.91],[10.79,42.966],[10.489,42.96]]]}},{"type":"Feature","properties":{},"geometry":{"type":"Polygon","coordinates":[[[11.04,42.763],[11.044,42.751],[11.069,42.738],[11.065,42.734],[11.076,42.721],[11.12,42.712],[11.165,42.734],[11.181,42.763],[11.172,42.768],[11.173,42.789],[11.162,42.802],[11.133,42.804],[11.131,42.822],[11.114,42.825],[11.06,42.811],[11.051,42.801],[11.059,42.789],[11.048,42.785],[11.04,42.763]]]}},{"type":"Feature","properties":{},"geometry":{"type":"Polygon","coordinates":[[[11.724,42.151],[11.753,42.114],[11.754,42.1],[11.794,42.076],[11.825,42.023],[11.915,42.028],[11.959,42.004],[11.972,41.989],[12.011,41.979],[12.041,41.947],[12.132,41.91],[12.187,41.841],[12.21,41.788],[12.204,41.766],[12.213,41.76],[12.215,41.735],[12.361,41.687],[12.529,41.543],[12.612,41.438],[12.641,41.432],[12.649,41.443],[12.681,41.443],[12.759,41.397],[12.776,41.406],[12.799,41.406],[12.807,41.397],[12.835,41.405],[12.897,41.383],[12.967,41.335],[13.011,41.277],[13.024,41.235],[13.046,41.216],[13.101,41.215],[13.118,41.238],[13.16,41.259],[13.214,41.273],[13.263,41.272],[13.271,41.283],[13.302,41.286],[13.368,41.273],[13.543,41.199],[13.576,41.21],[13.576,41.241],[13.583,41.219],[13.601,41.208],[13.596,41.223],[13.601,41.24],[13.626,41.247],[13.646,41.248],[13.678,41.234],[13.71,41.242],[13.826,41.193],[13.881,41.189],[13.885,41.196],[13.906,41.198],[13.922,41.219],[13.931,41.219],[13.922,41.232],[13.924,41.25],[13.931,41.253],[13.924,41.306],[13.928,41.362],[13.918,41.427],[13.936,41.472],[13.931,41.569],[13.922,41.573],[13.925,41.636],[13.914,41.693],[13.913,41.788],[13.844,41.794],[13.814,41.813],[13.788,41.816],[13.58,41.808],[13.546,41.821],[13.368,41.819],[13.292,41.828],[13.252,41.823],[13.25,41.839],[13.239,41.844],[13.241,41.853],[13.254,41.855],[13.254,41.874],[13.237,41.874],[13.233,41.887],[13.234,41.909],[13.245,41.915],[13.251,41.943],[13.26,42.016],[13.245,42.02],[13.26,42.03],[13.245,42.034],[13.251,42.04],[13.239,42.046],[13.233,42.063],[12.902,42.063],[12.787,42.07],[12.763,42.062],[12.74,42.081],[12.739,42.094],[12.75,42.428],[12.747,42.55],[12.7,42.549],[12.706,42.579],[12.7,42.596],[12.684,42.605],[12.588,42.613],[12.578,42.603],[12.574,42.613],[12.563,42.581],[12.578,42.572],[12.585,42.556],[12.571,42.56],[12.559,42.551],[12.472,42.556],[12.373,42.549],[12.366,42.348],[12.375,42.249],[12.342,42.24],[12.334,42.242],[12.335,42.249],[12.307,42.249],[12.17,42.239],[12.088,42.249],[12.016,42.233],[12.003,42.15],[12.011,42.026],[11.891,42.05],[11.849,42.107],[11.799,42.151],[11.724,42.151]],[[12.383,41.688],[12.442,41.7],[12.497,41.694],[12.54,41.702],[12.542,41.691],[12.553,41.691],[12.383,41.688]],[[12.708,41.555],[12.708,41.638],[12.733,41.649],[12.767,41.712],[12.791,41.722],[12.816,41.746],[12.828,41.767],[12.827,41.783],[12.821,41.783],[12.827,41.8],[12.829,41.789],[12.859,41.79],[12.903,41.77],[12.973,41.773],[13.011,41.766],[13.03,41.772],[13.056,41.762],[13.087,41.773],[13.21,41.768],[13.214,41.62],[13.204,41.6],[13.212,41.598],[13.212,41.577],[13.197,41.564],[13.035,41.553],[13.024,41.561],[12.956,41.551],[12.708,41.555]],[[12.81,41.864],[12.84,41.898],[12.839,41.877],[12.821,41.86],[12.81,41.864]]]}},{"type":"Feature","properties":{},"geometry":{"type":"Polygon","coordinates":[[[12.052,42.428],[12.057,42.399],[12.108,42.38],[12.139,42.376],[12.15,42.382],[12.158,42.409],[12.133,42.426],[12.14,42.438],[12.132,42.453],[12.101,42.466],[12.057,42.467],[12.052,42.428]]]}},{"type":"Feature","properties":{},"geometry":{"type":"Polygon","coordinates":[[[12.15,43.125],[12.193,43.088],[12.158,43.07],[12.166,43.061],[12.158,43.054],[12.171,43.022],[12.195,43.014],[12.187,42.977],[12.178,42.975],[12.176,42.958],[12.159,42.953],[12.158,42.945],[12.162,42.875],[12.18,42.853],[12.243,42.854],[12.285,42.875],[12.331,42.882],[12.371,42.874],[12.402,42.882],[12.428,42.87],[12.5,42.878],[12.541,42.864],[12.582,42.877],[12.667,42.88],[12.667,42.896],[12.695,42.893],[12.696,42.902],[12.722,42.877],[12.751,42.876],[12.751,42.91],[12.783,42.896],[12.787,42.878],[12.833,42.879],[12.847,42.896],[12.846,42.927],[12.858,42.94],[12.858,42.957],[12.853,43.028],[12.839,43.032],[12.838,43.041],[12.85,43.048],[12.853,43.068],[12.842,43.073],[12.854,43.084],[12.842,43.114],[12.854,43.121],[12.842,43.216],[12.795,43.217],[12.785,43.203],[12.759,43.204],[12.757,43.212],[12.751,43.204],[12.725,43.205],[12.717,43.215],[12.68,43.217],[12.666,43.229],[12.625,43.219],[12.61,43.231],[12.578,43.239],[12.544,43.23],[12.505,43.245],[12.48,43.23],[12.45,43.23],[12.442,43.213],[12.395,43.206],[12.377,43.205],[12.371,43.217],[12.324,43.216],[12.302,43.228],[12.2,43.226],[12.182,43.212],[12.184,43.184],[12.176,43.182],[12.15,43.125]]]}},{"type":"Feature","properties":{},"geometry":{"type":"Polygon","coordinates":[[[12.619,43.71],[12.634,43.664],[12.654,43.664],[12.663,43.676],[12.667,43.662],[12.674,43.663],[12.697,43.687],[12.688,43.727],[12.667,43.748],[12.667,43.722],[12.654,43.747],[12.622,43.748],[12.619,43.71]]]}},{"type":"Feature","properties":{},"geometry":{"type":"Polygon","coordinates":[[[13.278,42.368],[13.418,42.294],[13.56,42.293],[13.563,42.323],[13.332,42.444],[13.28,42.443],[13.278,42.368]]]}},{"type":"Feature","properties":{},"geometry":{"type":"Polygon","coordinates":[[[13.782,44.87],[13.862,44.796],[13.889,44.796],[13.888,44.773],[13.896,44.764],[13.932,44.756],[13.96,44.759],[13.96,44.892],[13.877,44.891],[13.873,44.931],[13.782,44.93],[13.782,44.87]]]}},{"type":"Feature","properties":{},"geometry":{"type":"Polygon","coordinates":[[[13.851,40.707],[13.894,40.691],[13.958,40.7],[13.976,40.712],[13.98,40.734],[14.006,40.73],[14.035,40.744],[14.049,40.762],[14.047,40.771],[14.073,40.763],[14.073,40.783],[14.115,40.773],[14.116,40.78],[14.152,40.784],[14.19,40.78],[14.214,40.791],[14.223,40.814],[14.263,40.823],[14.304,40.817],[14.354,40.774],[14.374,40.775],[14.41,40.752],[14.44,40.751],[14.461,40.735],[14.465,40.707],[14.395,40.662],[14.391,40.648],[14.373,40.64],[14.354,40.645],[14.33,40.63],[14.31,40.593],[14.319,40.559],[14.35,40.562],[14.381,40.578],[14.41,40.578],[14.41,40.586],[14.396,40.581],[14.428,40.601],[14.485,40.616],[14.514,40.6],[14.55,40.607],[14.568,40.601],[14.628,40.637],[14.676,40.623],[14.698,40.626],[14.722,40.655],[14.709,40.656],[14.753,40.655],[14.76,40.661],[14.789,40.653],[14.839,40.613],[14.904,40.529],[14.918,40.535],[14.925,40.526],[14.936,40.535],[14.933,40.542],[14.972,40.524],[15.01,40.542],[15.172,40.54],[15.179,40.587],[15.175,40.668],[15.083,40.701],[14.781,40.839],[14.729,40.829],[14.702,40.846],[14.61,40.861333333333334],[14.61,40.863],[14.609,40.862],[14.6096,40.8614],[14.594,40.864],[14.608,40.863],[14.565,40.902],[14.577,40.902],[14.579,40.916],[14.569,40.917],[14.575,40.935],[14.564,40.945],[14.577,40.952],[14.58,40.978],[14.561,40.99],[14.586,41.008],[14.59,41.045],[14.582,41.067],[14.597,41.095],[14.59,41.109],[14.512,41.138],[14.453,41.135],[14.435,41.141],[14.418,41.125],[14.377,41.112],[14.297,41.128],[14.268,41.124],[14.253,41.112],[14.236,41.119],[14.218,41.112],[14.161,41.121],[14.148,41.132],[14.098,41.119],[14.093,41.102],[14.073,41.097],[14.065,41.09],[14.064,41.071],[14.046,41.062],[14.052,41.049],[14.006,41.027],[14.001,41.016],[13.98,41.017],[13.994,40.992],[14.001,40.992],[13.997,40.981],[13.98,40.976],[13.998,40.972],[13.98,40.963],[13.998,40.946],[13.998,40.931],[14.007,40.932],[14.034,40.87],[14.035,40.812],[14.027,40.794],[14.035,40.778],[14.014,40.782],[13.995,40.769],[13.977,40.739],[13.957,40.758],[13.866,40.764],[13.851,40.739],[13.851,40.707]],[[14.035,40.79],[14.047,40.814],[14.043,40.788],[14.035,40.79]],[[14.227,40.971],[14.253,40.971],[14.267,40.958],[14.249,40.955],[14.227,40.971]],[[14.329,40.968],[14.351,40.972],[14.362,40.958],[14.362,40.905],[14.395,40.877],[14.399,40.855],[14.386,40.819],[14.392,40.812],[14.366,40.796],[14.369,40.844],[14.377,40.855],[14.373,40.879],[14.34,40.905],[14.344,40.95],[14.329,40.968]],[[14.404,40.805],[14.413,40.812],[14.447,40.798],[14.404,40.805]],[[14.456,40.962],[14.492,40.96],[14.485,40.952],[14.456,40.962]]]}},{"type":"Feature","properties":{},"geometry":{"type":"Polygon","coordinates":[[[14.186,40.532],[14.203,40.525],[14.242,40.533],[14.26,40.529],[14.277,40.548],[14.277,40.563],[14.258,40.572],[14.193,40.57],[14.186,40.532]]]}},{"type":"Feature","properties":{},"geometry":{"type":"Polygon","coordinates":[[[14.42,40.581],[14.444,40.587],[14.428,40.592],[14.42,40.581]]]}},{"type":"Feature","properties":{},"geometry":{"type":"Polygon","coordinates":[[[14.598,41.586],[14.606,41.536],[14.713,41.531],[14.712,41.6],[14.598,41.6],[14.598,41.586]]]}},{"type":"Feature","properties":{},"geometry":{"type":"Polygon","coordinates":[[[14.712,40.911],[14.724,40.897],[14.741,40.904],[14.738,40.888],[14.748,40.884],[14.807,40.875],[14.862,40.904],[14.866,40.918],[14.841,40.954],[14.803,40.956],[14.763,40.95],[14.748,40.939],[14.724,40.947],[14.712,40.911]]]}},{"type":"Feature","properties":{},"geometry":{"type":"Polygon","coordinates":[[[14.724,41.129],[14.737,41.06],[14.881,41.061],[14.865,41.155],[14.803,41.156],[14.792,41.168],[14.771,41.167],[14.749,41.162],[14.724,41.129]]]}},{"type":"Feature","properties":{},"geometry":{"type":"Polygon","coordinates":[[[-89.843,40.74],[-89.831,40.716],[-89.819,40.61],[-89.794,40.549],[-89.819,40.532],[-89.817,40.506],[-89.769,40.501],[-89.745,40.506],[-89.661,40.487],[-89.596,40.484],[-89.554,40.5],[-89.497,40.503],[-89.459,40.49],[-89.368,40.488],[-89.357,40.494],[-89.349,40.551],[-89.339,40.558],[-89.342,40.595],[-89.322,40.613],[-89.312,40.674],[-89.305,40.674],[-89.305,40.698],[-89.297,40.7],[-89.294,40.734],[-89.302,40.751],[-89.294,40.794],[-89.301,40.811],[-89.297,40.858],[-89.32,40.87],[-89.316,40.878],[-89.302,40.88],[-89.302,40.9],[-89.334,40.954],[-89.438,40.952],[-89.464,40.973],[-89.558,40.989],[-89.598,40.992],[-89.742,40.978],[-89.749,40.986],[-89.783,40.988],[-89.784,40.981],[-89.816,40.975],[-89.817,40.954],[-89.839,40.907],[-89.843,40.885],[-89.831,40.822],[-89.843,40.74]]]}},{"type":"Feature","properties":{},"geometry":{"type":"Polygon","coordinates":[[[-89.841,43.558],[-89.731,43.556],[-89.731,43.683],[-89.839,43.68],[-89.841,43.558]]]}},{"type":"Feature","properties":{},"geometry":{"type":"Polygon","coordinates":[[[-89.611,43.106],[-89.61,43.031],[-89.604,43.031],[-89.604,43.006],[-89.578,43.005],[-89.578,42.963],[-89.254,42.962],[-89.253,43.02],[-89.234,43.031],[-89.176,43.033],[-89.175,43.044],[-89.168,43.043],[-89.164,43.116],[-89.166,43.141],[-89.173,43.141],[-89.179,43.252],[-89.504,43.253],[-89.512,43.143],[-89.54,43.123],[-89.61,43.124],[-89.611,43.106]]]}},{"type":"Feature","properties":{},"geometry":{"type":"Polygon","coordinates":[[[-89.298,42.415],[-89.289,42.383],[-89.294,42.37],[-89.283,42.366],[-89.287,42.343],[-89.275,42.298],[-89.285,42.294],[-89.285,42.285],[-89.296,42.284],[-89.289,42.162],[-89.274,42.152],[-89.274,42.138],[-89.223,42.12],[-89.209,42.129],[-89.146,42.131],[-89.131,42.117],[-89.072,42.115],[-89.039,42.123],[-89,42.119],[-88.989,42.121],[-88.987,42.132],[-88.94,42.133],[-88.915,42.124],[-88.915,42.115],[-88.87,42.114],[-88.867,41.96],[-88.873,41.935],[-88.867,41.935],[-88.86,41.904],[-88.896,41.904],[-88.896,41.85],[-88.884,41.841],[-88.871,41.809],[-88.863,41.768],[-88.871,41.729],[-88.868,41.68],[-88.86,41.672],[-88.868,41.654],[-88.862,41.56],[-88.75,41.567],[-88.624,41.563],[-88.616,41.573],[-88.588,41.577],[-88.584,41.567],[-88.568,41.577],[-88.568,41.567],[-88.463,41.564],[-88.433,41.573],[-88.404,41.563],[-88.404,41.511],[-88.422,41.511],[-88.421,41.486],[-88.476,41.486],[-88.496,41.479],[-88.503,41.407],[-89.236,41.408],[-89.242,41.287],[-89.051,41.293],[-88.823,41.289],[-88.801,41.292],[-88.801,41.298],[-88.613,41.303],[-88.443,41.297],[-88.432,41.307],[-88.38,41.31],[-88.38,41.291],[-88.37,41.277],[-88.371,41.232],[-88.364,41.227],[-88.165,41.235],[-88.043,41.229],[-87.97,41.24],[-87.836,41.233],[-87.55,41.242],[-87.549,41.235],[-87.502,41.238],[-87.469,41.231],[-87.469,41.238],[-87.458,41.238],[-87.458,41.231],[-87.414,41.226],[-87.356,41.233],[-87.189,41.225],[-87.189,41.31],[-87.177,41.312],[-87.178,41.329],[-87.172,41.329],[-87.172,41.363],[-87.179,41.375],[-87.144,41.377],[-87.141,41.295],[-87.161,41.294],[-87.161,41.238],[-87.137,41.239],[-87.137,41.264],[-87.089,41.26],[-87.046,41.262],[-87.016,41.272],[-86.955,41.272],[-86.951,41.289],[-86.932,41.293],[-86.928,41.31],[-86.932,41.346],[-86.949,41.36],[-86.951,41.373],[-86.94,41.453],[-86.931,41.455],[-86.927,41.483],[-86.909,41.5],[-86.881,41.503],[-86.865,41.545],[-86.781,41.56],[-86.648,41.562],[-86.644,41.728],[-86.645,41.761],[-86.651,41.764],[-86.841,41.77],[-87.102,41.666],[-87.281,41.632],[-87.35,41.637],[-87.402,41.651],[-87.406,41.655],[-87.393,41.667],[-87.391,41.682],[-87.428,41.701],[-87.472,41.689],[-87.486,41.699],[-87.491,41.715],[-87.483,41.731],[-87.528,41.758],[-87.532,41.768],[-87.556,41.777],[-87.571,41.81],[-87.582,41.818],[-87.598,41.85],[-87.594,41.86],[-87.58,41.864],[-87.578,41.9],[-87.609,41.914],[-87.619,41.928],[-87.627,41.953],[-87.62,41.961],[-87.623,41.973],[-87.637,41.98],[-87.661,42.065],[-87.674,42.085],[-87.715,42.114],[-87.777,42.193],[-87.805,42.243],[-87.821,42.296],[-87.815,42.302],[-87.821,42.321],[-87.815,42.346],[-87.803,42.357],[-87.792,42.387],[-87.786,42.474],[-87.786,42.493],[-87.804,42.534],[-87.796,42.595],[-87.805,42.605],[-87.807,42.643],[-87.77,42.703],[-87.76,42.735],[-87.77,42.749],[-87.766,42.761],[-87.749,42.77],[-87.746,42.782],[-87.773,42.805],[-87.792,42.806],[-87.808,42.82],[-87.814,42.85],[-87.823,42.85],[-87.832,42.867],[-87.826,42.867],[-87.834,42.879],[-87.827,42.904],[-87.833,42.964],[-87.844,42.989],[-87.865,43],[-87.871,43.021],[-87.867,43.049],[-87.852,43.077],[-87.865,43.10485714285714],[-87.865,43.105],[-87.865125,43.105125],[-87.866,43.107],[-87.887,43.124],[-87.87,43.175],[-87.9,43.247],[-87.882,43.291],[-87.859,43.382],[-87.862,43.396],[-87.854,43.407],[-87.83,43.413],[-87.825,43.43],[-87.815,43.43],[-87.814,43.444],[-87.794,43.456],[-87.781,43.488],[-87.782,43.521],[-87.8,43.525],[-87.8,43.543],[-87.807,43.547],[-87.856,43.542],[-87.856,43.548],[-87.878,43.554],[-87.915,43.554],[-87.915,43.546],[-87.94,43.55],[-87.981,43.543],[-87.998,43.552],[-88.009,43.544],[-88.009,43.552],[-88.087,43.555],[-88.087,43.545],[-88.132,43.55],[-88.132,43.541],[-88.142,43.54],[-88.158,43.556],[-88.179,43.558],[-88.183,43.55],[-88.215,43.562],[-88.216,43.545],[-88.22,43.553],[-88.234,43.553],[-88.234,43.54],[-88.255,43.542],[-88.267,43.529],[-88.342,43.523],[-88.353,43.528],[-88.362,43.519],[-88.425,43.53],[-88.425,43.515],[-88.462,43.51],[-88.463,43.516],[-88.478,43.515],[-88.48,43.501],[-88.487,43.501],[-88.483,43.428],[-88.507,43.428],[-88.507,43.4],[-88.481,43.399],[-88.478,43.387],[-88.483,43.383],[-88.478,43.34],[-88.485,43.328],[-88.478,43.309],[-88.487,43.309],[-88.478,43.281],[-88.485,43.268],[-88.495,43.289],[-88.612,43.293],[-88.632,43.253],[-88.796,43.252],[-88.804,43.218],[-88.822,43.217],[-88.822,43.205],[-88.849,43.197],[-88.852,43.182],[-88.884,43.175],[-88.89,43.16],[-88.903,43.16],[-88.933,43.136],[-88.937,43.112],[-88.955,43.082],[-88.955,43.065],[-88.949,43.039],[-88.937,43.035],[-88.933,42.981],[-88.916,42.921],[-88.955,42.922],[-88.974,42.934],[-89.272,42.919],[-89.272,42.795],[-89.254,42.783],[-89.254,42.774],[-89.268,42.774],[-89.269,42.766],[-89.267,42.449],[-89.287,42.453],[-89.298,42.415]],[[-88.838,42.566],[-88.834,42.851],[-88.797,42.85],[-88.797,42.823],[-88.693,42.824],[-88.691,42.852],[-88.613,42.852],[-88.596,42.862],[-88.613,42.845],[-88.605,42.827],[-88.493,42.827],[-88.493,42.757],[-88.54,42.747],[-88.592,42.753],[-88.647,42.749],[-88.649,42.733],[-88.657,42.728],[-88.656,42.718],[-88.647,42.716],[-88.646,42.703],[-88.656,42.702],[-88.638,42.651],[-88.646,42.638],[-88.639,42.61],[-88.65,42.608],[-88.643,42.543],[-88.667,42.541],[-88.667,42.522],[-88.665,42.514],[-88.642,42.514],[-88.649,42.484],[-88.642,42.467],[-88.699,42.474],[-88.702,42.44],[-88.702,42.464],[-88.724,42.459],[-88.734,42.466],[-88.826,42.468],[-88.824,42.502],[-88.838,42.566]],[[-88.288,42.957],[-88.288,42.973],[-88.248,42.97],[-88.246,42.978],[-88.241,42.962],[-88.234,42.962],[-88.233,42.945],[-88.222,42.94],[-88.222,42.924],[-88.233,42.929],[-88.241,42.952],[-88.288,42.957]],[[-88.277,42.48],[-88.271,42.502],[-88.237,42.51],[-88.25,42.5],[-88.252,42.48],[-88.277,42.48]],[[-88.133,42.447],[-88.131,42.49],[-88.116,42.488],[-88.116,42.452],[-88.133,42.447]]]}},{"type":"Feature","properties":{},"geometry":{"type":"Polygon","coordinates":[[[-89.068,40.388],[-88.951,40.381],[-88.879,40.387],[-88.879,40.57],[-89.039,40.578],[-89.041,40.571],[-89.068,40.57],[-89.068,40.388]]]}},{"type":"Feature","properties":{},"geometry":{"type":"Polygon","coordinates":[[[-88.97,43.641],[-88.955,43.641],[-88.955,43.625],[-88.717,43.633],[-88.686,43.622],[-88.485,43.632],[-88.311,43.625],[-88.312,43.609],[-88.285,43.61],[-88.263,43.594],[-88.216,43.589],[-88.053,43.603],[-87.977,43.6],[-87.966,43.598],[-87.965,43.591],[-87.854,43.588],[-87.748,43.602],[-87.698,43.669],[-87.691,43.712],[-87.698,43.736],[-87.687,43.739],[-87.682,43.754],[-87.683,43.769],[-87.707,43.798],[-87.719,43.837],[-87.723,43.88],[-87.707,43.929],[-87.689,43.951],[-87.67,44.014],[-87.642,44.05],[-87.632,44.101],[-87.553,44.134],[-87.506,44.178],[-87.571,44.188],[-87.569,44.239],[-87.61,44.238],[-87.61,44.208],[-87.733,44.206],[-87.733,44.188],[-88.174,44.189],[-88.174,44.241],[-88.183,44.254],[-88.171,44.257],[-88.171,44.322],[-88.182,44.328],[-88.182,44.344],[-88.211,44.349],[-88.241,44.373],[-88.25,44.399],[-88.283,44.406],[-88.392,44.404],[-88.395,44.365],[-88.575,44.361],[-88.601,44.347],[-88.603,44.335],[-88.605,44.137],[-88.595,44.118],[-88.642,44.113],[-88.64,43.939],[-88.834,43.941],[-88.834,43.931],[-88.915,43.937],[-88.921,43.92],[-88.965,43.911],[-88.956,43.9],[-88.955,43.873],[-88.963,43.869],[-88.959,43.843],[-88.966,43.842],[-88.967,43.83],[-88.963,43.819],[-88.948,43.816],[-88.954,43.813],[-88.955,43.745],[-88.947,43.744],[-88.954,43.712],[-88.947,43.71],[-88.947,43.692],[-88.967,43.689],[-88.96,43.665],[-88.97,43.641]],[[-88.483,43.939],[-88.474,43.971],[-88.476,44.08],[-88.462,44.079],[-88.476,44.082],[-88.476,44.094],[-88.462,44.093],[-88.415,44.135],[-88.366,44.136],[-88.366,44.124],[-88.33,44.123],[-88.331,44.111],[-88.363,44.104],[-88.363,44.093],[-88.333,44.09],[-88.363,44.088],[-88.334,44.083],[-88.333,44.071],[-88.369,44.065],[-88.367,44.053],[-88.337,44.052],[-88.333,44.039],[-88.355,44.034],[-88.355,44.021],[-88.333,44.02],[-88.331,44.009],[-88.362,44.002],[-88.362,43.993],[-88.333,43.989],[-88.333,43.972],[-88.358,43.965],[-88.358,43.945],[-88.333,43.943],[-88.333,43.936],[-88.483,43.939]]]}},{"type":"Feature","properties":{},"geometry":{"type":"Polygon","coordinates":[[[-88.901,43.431],[-88.756,43.43],[-88.756,43.495],[-88.901,43.494],[-88.901,43.431]]]}},{"type":"Feature","properties":{},"geometry":{"type":"Polygon","coordinates":[[[-88.877,41.091],[-88.822,41.082],[-88.809,41.091],[-88.796,41.112],[-88.792,41.162],[-88.875,41.162],[-88.877,41.091]]]}},{"type":"Feature","properties":{},"geometry":{"type":"Polygon","coordinates":[[[-88.455,40.144],[-88.375,40.137],[-88.374,40.123],[-88.355,40.113],[-88.369,40.106],[-88.369,40.07],[-88.375,40.067],[-88.371,39.902],[-87.983,39.901],[-87.99,39.994],[-87.983,40.031],[-87.99,40.067],[-87.984,40.113],[-87.984,40.352],[-87.991,40.392],[-88.01,40.395],[-88.016,40.409],[-88.035,40.412],[-88.036,40.426],[-88.054,40.428],[-88.055,40.421],[-88.068,40.418],[-88.073,40.44],[-88.091,40.442],[-88.095,40.418],[-88.113,40.413],[-88.117,40.44],[-88.135,40.446],[-88.139,40.42],[-88.149,40.416],[-88.156,40.42],[-88.157,40.446],[-88.171,40.448],[-88.176,40.424],[-88.191,40.421],[-88.2,40.426],[-88.2,40.448],[-88.216,40.45],[-88.222,40.426],[-88.237,40.425],[-88.238,40.439],[-88.259,40.442],[-88.264,40.425],[-88.279,40.424],[-88.29,40.441],[-88.304,40.44],[-88.303,40.424],[-88.34,40.426],[-88.345,40.412],[-88.358,40.41],[-88.367,40.419],[-88.374,40.383],[-88.36,40.382],[-88.363,40.353],[-88.375,40.353],[-88.377,40.321],[-88.362,40.319],[-88.362,40.31],[-88.373,40.308],[-88.374,40.267],[-88.363,40.266],[-88.362,40.24],[-88.454,40.241],[-88.455,40.144]]]}},{"type":"Feature","properties":{},"geometry":{"type":"Polygon","coordinates":[[[-88.157,44.432],[-88.147,44.432],[-88.149,44.415],[-88.084,44.412],[-88.044,44.414],[-88.003,44.433],[-87.902,44.432],[-87.9,44.568],[-87.921,44.569],[-87.936,44.546],[-87.966,44.545],[-87.983,44.549],[-87.991,44.568],[-88.157,44.569],[-88.157,44.432]]]}},{"type":"Feature","properties":{},"geometry":{"type":"Polygon","coordinates":[[[-87.946,41.021],[-87.803,41.021],[-87.803,41.212],[-87.946,41.211],[-87.946,41.021]]]}},{"type":"Feature","properties":{},"geometry":{"type":"Polygon","coordinates":[[[-87.759,40.117],[-87.757,40.054],[-87.746,40.053],[-87.746,40.036],[-87.561,40.036],[-87.56,40.079],[-87.539,40.094],[-87.495,40.095],[-87.495,40.204],[-87.759,40.203],[-87.759,40.117]]]}},{"type":"Feature","properties":{},"geometry":{"type":"Polygon","coordinates":[[[-86.98,40.307],[-86.808,40.307],[-86.806,40.244],[-86.813,40.234],[-86.804,40.111],[-86.811,40.059],[-86.802,40.033],[-86.806,40.002],[-86.795,39.953],[-86.756,39.953],[-86.754,39.939],[-86.734,39.94],[-86.723,39.951],[-86.715,39.947],[-86.714,39.931],[-86.693,39.932],[-86.688,39.951],[-86.646,39.949],[-86.618,39.958],[-86.576,39.954],[-86.571,39.933],[-86.552,39.935],[-86.552,39.954],[-86.46,39.946],[-86.446,39.947],[-86.442,39.955],[-86.423,39.94],[-86.406,39.944],[-86.405,39.956],[-86.3,39.953],[-86.298,40.02],[-86.259,40.026],[-86.196,40.019],[-86.192,40.03],[-86.164,40.039],[-86.158,40.055],[-86.13,40.057],[-85.975,40.024],[-85.95,40.009],[-85.924,40.008],[-85.913,39.998],[-85.914,39.972],[-85.88,39.967],[-85.88,39.973],[-85.843,39.973],[-85.843,39.98],[-85.816,39.978],[-85.806,39.962],[-85.809,39.944],[-85.77,39.933],[-85.77,40.6],[-85.792,40.566],[-85.814,40.566],[-85.818,40.577],[-85.833,40.578],[-85.838,40.562],[-85.849,40.56],[-85.866,40.572],[-85.897,40.568],[-85.902,40.59],[-85.916,40.593],[-85.93,40.568],[-85.936,40.577],[-85.954,40.574],[-85.958,40.56],[-85.974,40.556],[-85.984,40.59],[-86.005,40.589],[-86.005,40.566],[-86.017,40.566],[-86.026,40.591],[-86.044,40.586],[-86.046,40.571],[-86.086,40.585],[-86.083,40.7],[-86.093,40.759],[-86.087,40.76],[-86.085,40.964],[-86.096,40.992],[-86.087,41.005],[-86.087,41.062],[-86.097,41.082],[-86.138,41.093],[-86.153,41.094],[-86.155,41.087],[-86.236,41.1],[-86.247,41.086],[-86.262,41.096],[-86.28,41.095],[-86.28,41.089],[-86.315,41.091],[-86.335,41.082],[-86.34,41.091],[-86.354,41.092],[-86.355,41.082],[-86.385,41.089],[-86.435,41.079],[-86.435,41.085],[-86.451,41.085],[-86.472,41.069],[-86.476,41.038],[-86.467,41.038],[-86.467,41.029],[-86.475,41.029],[-86.475,41.013],[-86.467,40.991],[-86.468,40.939],[-86.462,40.939],[-86.468,40.929],[-86.461,40.927],[-86.467,40.839],[-86.46,40.828],[-86.467,40.792],[-86.461,40.791],[-86.467,40.766],[-86.46,40.749],[-86.464,40.648],[-86.479,40.65],[-86.491,40.633],[-86.508,40.633],[-86.513,40.628],[-86.508,40.61],[-86.53,40.604],[-86.564,40.602],[-86.575,40.61],[-86.576,40.626],[-86.589,40.63],[-86.598,40.605],[-86.612,40.612],[-86.64,40.602],[-86.732,40.609],[-86.752,40.596],[-86.786,40.604],[-86.802,40.592],[-86.808,40.57],[-86.814,40.522],[-86.808,40.511],[-86.98,40.51],[-86.98,40.307]]]}},{"type":"Feature","properties":{},"geometry":{"type":"Polygon","coordinates":[[[-86.48,42.152],[-86.475,42.142],[-86.438,42.134],[-86.364,42.131],[-86.364,42.139],[-86.355,42.142],[-86.346,42.14],[-86.346,42.131],[-86.315,42.135],[-86.287,42.128],[-86.009,42.14],[-85.746,42.131],[-85.717,42.138],[-85.714,42.154],[-85.666,42.166],[-85.659,42.176],[-85.416,42.177],[-85.42,42.346],[-85.405,42.353],[-85.328,42.353],[-85.328,42.213],[-85.302,42.213],[-85.301,42.202],[-85.266,42.208],[-85.25,42.201],[-85.167,42.2],[-85.09,42.213],[-85.09,42.348],[-84.819,42.35],[-84.711,42.36],[-84.724,42.394],[-84.714,42.397],[-84.714,42.414],[-84.724,42.416],[-84.718,42.444],[-84.72,42.564],[-84.728,42.566],[-84.72,42.594],[-84.713,42.594],[-84.707,42.631],[-84.714,42.639],[-84.714,42.714],[-84.72,42.717],[-84.716,42.776],[-84.731,42.795],[-84.724,42.804],[-84.744,42.853],[-84.81,42.855],[-84.828,42.845],[-84.857,42.85],[-85.437,42.845],[-85.437,43.102],[-85.184,43.104],[-85.06,43.096],[-85.016,43.103],[-84.938,43.097],[-84.814,43.101],[-84.794,43.133],[-84.806,43.162],[-84.794,43.193],[-84.801,43.204],[-84.79,43.226],[-84.795,43.24],[-84.786,43.254],[-84.794,43.271],[-84.783,43.286],[-84.799,43.294],[-84.799,43.303],[-84.781,43.306],[-84.781,43.317],[-84.798,43.324],[-84.79,43.353],[-84.802,43.386],[-84.97,43.392],[-85.182,43.385],[-85.431,43.392],[-85.491,43.386],[-85.557,43.392],[-85.735,43.388],[-85.765,43.375],[-85.849,43.397],[-85.906,43.388],[-86.138,43.39],[-86.16,43.382],[-86.159,43.389],[-86.225,43.393],[-86.376,43.39],[-86.396,43.383],[-86.447,43.392],[-86.409,43.315],[-86.359,43.241],[-86.358,43.219],[-86.335,43.204],[-86.276,43.098],[-86.259,43.104],[-86.241,43.098],[-86.2,43.104],[-86.155,43.099],[-86.156,43.106],[-86.126,43.106],[-86.126,43.162],[-86.089,43.15],[-86.05,43.148],[-85.611,43.138],[-85.599,43.125],[-85.583,43.123],[-85.582,43.103],[-85.861,43.103],[-85.861,43.082],[-85.897,43.082],[-85.897,42.84],[-85.96,42.841],[-85.96,42.867],[-86.218,42.867],[-86.223,42.706],[-86.248,42.635],[-86.247,42.584],[-86.273,42.465],[-86.355,42.291],[-86.413,42.215],[-86.48,42.152]]]}},{"type":"Feature","properties":{},"geometry":{"type":"Polygon","coordinates":[[[-86.365,41.61],[-86.364,41.591],[-86.085,41.59],[-86.085,41.844],[-86.364,41.844],[-86.365,41.61]]]}},{"type":"Feature","properties":{},"geometry":{"type":"Polygon","coordinates":[[[-85.871,41.137],[-85.828,41.131],[-85.828,41.117],[-85.854,41.115],[-85.854,41.107],[-85.85,41.098],[-85.825,41.098],[-85.825,41.091],[-85.86,41.085],[-85.862,41.076],[-85.857,41.069],[-85.833,41.067],[-85.832,41.056],[-85.854,41.053],[-85.854,41.04],[-85.835,41.036],[-85.827,41.023],[-85.75,41.017],[-85.349,41.02],[-85.349,40.942],[-85.125,40.943],[-85.121,40.98],[-84.975,40.98],[-84.977,41.274],[-85.136,41.274],[-85.141,41.308],[-85.104,41.309],[-85.099,41.319],[-85.137,41.321],[-85.137,41.392],[-85.143,41.398],[-85.141,41.428],[-85.15,41.431],[-85.15,41.439],[-85.133,41.443],[-85.136,41.457],[-85.115,41.459],[-85.115,41.465],[-85.136,41.467],[-85.125,41.493],[-85.141,41.5],[-85.152,41.547],[-85.147,41.56],[-85.156,41.577],[-85.809,41.573],[-85.813,41.558],[-85.824,41.557],[-85.821,41.551],[-85.839,41.548],[-85.838,41.541],[-85.825,41.54],[-85.825,41.528],[-85.853,41.528],[-85.861,41.521],[-85.862,41.507],[-85.829,41.5],[-85.822,41.463],[-85.825,41.41],[-85.835,41.402],[-85.835,41.384],[-85.829,41.383],[-85.835,41.369],[-85.822,41.362],[-85.825,41.344],[-85.832,41.343],[-85.824,41.331],[-85.825,41.214],[-85.858,41.204],[-85.862,41.196],[-85.828,41.192],[-85.825,41.182],[-85.86,41.177],[-85.861,41.165],[-85.829,41.161],[-85.825,41.15],[-85.868,41.148],[-85.871,41.137]]]}},{"type":"Feature","properties":{},"geometry":{"type":"Polygon","coordinates":[[[-85.772,40.658],[-85.762,40.655],[-85.766,40.644],[-85.759,40.642],[-85.768,40.637],[-85.77,40.607],[-85.674,40.637],[-85.621,40.604],[-85.614,40.135],[-85.625,40.115],[-85.621,40.091],[-85.615,40.091],[-85.615,39.983],[-85.626,39.969],[-85.616,39.955],[-85.574,39.962],[-85.573,39.951],[-85.553,39.952],[-85.553,39.967],[-85.537,39.969],[-85.534,39.956],[-85.515,39.955],[-85.511,39.975],[-85.491,39.971],[-85.49,39.981],[-85.45,39.984],[-85.449,39.993],[-85.402,40.004],[-85.402,40.012],[-85.39,40.018],[-85.369,40.018],[-85.361,40.028],[-85.313,40.038],[-85.307,40.049],[-85.24,40.063],[-85.24,40.119],[-85.246,40.119],[-85.24,40.317],[-85.478,40.319],[-85.491,40.31],[-85.494,40.71],[-85.518,40.715],[-85.529,40.73],[-85.549,40.737],[-85.604,40.738],[-85.621,40.743],[-85.621,40.75],[-85.637,40.748],[-85.638,40.737],[-85.654,40.737],[-85.663,40.753],[-85.674,40.752],[-85.682,40.74],[-85.7,40.749],[-85.752,40.751],[-85.762,40.745],[-85.763,40.684],[-85.77,40.681],[-85.772,40.658]]]}},{"type":"Feature","properties":{},"geometry":{"type":"Polygon","coordinates":[[[-85.717,44.781],[-85.711,44.595],[-85.622,44.595],[-85.622,44.625],[-85.5,44.624],[-85.5,44.808],[-85.511,44.809],[-85.512,44.829],[-85.593,44.833],[-85.59,44.805],[-85.717,44.805],[-85.717,44.781]]]}},{"type":"Feature","properties":{},"geometry":{"type":"Polygon","coordinates":[[[-85.174,40.045],[-85.144,40.039],[-85.145,40.017],[-85.154,40.016],[-85.156,39.901],[-84.771,39.901],[-84.769,39.99],[-84.775,39.992],[-84.769,40.045],[-85.174,40.045]]]}},{"type":"Feature","properties":{},"geometry":{"type":"Polygon","coordinates":[[[-84.743,41.191],[-84.735,41.184],[-83.948,41.185],[-83.934,41.209],[-83.956,41.227],[-83.948,41.251],[-83.956,41.294],[-83.949,41.308],[-83.963,41.312],[-83.963,41.323],[-83.951,41.328],[-83.945,41.362],[-83.953,41.377],[-83.951,41.403],[-83.963,41.414],[-83.956,41.432],[-83.981,41.457],[-84.018,41.461],[-84.059,41.455],[-84.312,41.461],[-84.711,41.457],[-84.727,41.446],[-84.721,41.421],[-84.728,41.409],[-84.728,41.37],[-84.716,41.365],[-84.727,41.364],[-84.732,41.321],[-84.732,41.31],[-84.713,41.295],[-84.731,41.289],[-84.727,41.247],[-84.717,41.235],[-84.733,41.227],[-84.733,41.202],[-84.743,41.191]]]}},{"type":"Feature","properties":{},"geometry":{"type":"Polygon","coordinates":[[[-84.722,42.746],[-84.716,42.639],[-84.707,42.616],[-84.714,42.601],[-84.711,42.547],[-84.389,42.547],[-84.386,42.677],[-84.367,42.679],[-84.361,42.693],[-84.354,42.693],[-84.353,42.859],[-84.331,42.859],[-84.331,42.833],[-84.33,42.86],[-84.665,42.859],[-84.666,42.811],[-84.672,42.811],[-84.666,42.791],[-84.7,42.791],[-84.702,42.775],[-84.716,42.771],[-84.722,42.746]]]}},{"type":"Feature","properties":{},"geometry":{"type":"Polygon","coordinates":[[[-84.49,42.146],[-84.463,42.146],[-84.463,42.137],[-84.364,42.137],[-84.356,42.146],[-84.294,42.147],[-84.293,42.342],[-84.359,42.342],[-84.356,42.376],[-84.463,42.378],[-84.463,42.337],[-84.49,42.337],[-84.49,42.146]]]}},{"type":"Feature","properties":{},"geometry":{"type":"Polygon","coordinates":[[[-84.265,43.659],[-84.264,43.564],[-84.18,43.564],[-84.18,43.686],[-84.264,43.686],[-84.265,43.659]]]}},{"type":"Feature","properties":{},"geometry":{"type":"Polygon","coordinates":[[[-84.231,40.657],[-84.17,40.65],[-84.164,40.635],[-84.147,40.631],[-84.096,40.637],[-84.098,40.645],[-84.061,40.657],[-84.028,40.657],[-84.028,40.812],[-84.131,40.82],[-84.231,40.812],[-84.231,40.657]]]}},{"type":"Feature","properties":{},"geometry":{"type":"Polygon","coordinates":[[[-84.135,43.294],[-84.124,43.215],[-84.115,43.207],[-84.122,43.13],[-84.114,43.104],[-84.122,43.097],[-84.122,43.061],[-83.794,43.061],[-83.806,42.955],[-83.756,42.93],[-83.732,42.929],[-83.701,42.908],[-83.6,42.909],[-83.6,42.927],[-83.61,42.925],[-83.613,42.941],[-83.603,42.941],[-83.613,42.945],[-83.613,42.96],[-83.605,42.96],[-83.6,42.971],[-83.605,43.025],[-83.627,43.058],[-83.242,43.061],[-83.238,43.121],[-83.246,43.144],[-83.239,43.205],[-83.25,43.265],[-83.239,43.291],[-83.237,43.343],[-83.26,43.377],[-83.445,43.373],[-83.496,43.381],[-83.58,43.356],[-83.627,43.374],[-83.691,43.377],[-83.745,43.358],[-83.786,43.362],[-83.859,43.35],[-83.93,43.36],[-84.124,43.352],[-84.126,43.301],[-84.135,43.294]]]}},{"type":"Feature","properties":{},"geometry":{"type":"Polygon","coordinates":[[[-84.115,42.034],[-84.11,41.998],[-84.103,41.998],[-84.111,41.996],[-84.111,41.94],[-84.106,41.915],[-84.099,41.915],[-84.11,41.905],[-84.11,41.845],[-84.104,41.839],[-84.087,41.838],[-84.084,41.83],[-84.056,41.83],[-84.001,41.831],[-84.001,41.839],[-83.844,41.843],[-83.84,41.941],[-83.75,41.936],[-83.68,41.942],[-83.672,41.935],[-83.438,41.944],[-83.447,41.96],[-83.436,41.98],[-83.441,42.101],[-83.43,42.102],[-83.433,42.164],[-83.414,42.171],[-83.319,42.166],[-83.318,42.057],[-83.342,42.058],[-83.342,42.021],[-83.388,42.021],[-83.388,41.841],[-83.364,41.873],[-83.342,41.866],[-83.334,41.873],[-83.334,41.915],[-83.287,41.933],[-83.275,41.919],[-83.264,41.922],[-83.254,41.934],[-83.254,41.967],[-83.212,41.992],[-83.205,42.016],[-83.193,42.003],[-83.193,42.028],[-83.179,42.03],[-83.183,42.057],[-83.147,42.076],[-83.147,42.095],[-83.129,42.136],[-83.127,42.067],[-83.079,42.068],[-83.083,42.23],[-83.076,42.243],[-83.052,42.245],[-83.043,42.243],[-83.043,42.235],[-82.976,42.217],[-82.977,42.205],[-82.907,42.174],[-82.859,42.137],[-82.823,42.038],[-82.829,42.005],[-82.812,41.986],[-82.822,41.973],[-82.722,42.007],[-82.639,42.012],[-82.603,42.005],[-82.554,41.967],[-82.544,41.971],[-82.536,42.02],[-82.542,42.044],[-82.554,42.044],[-82.542,42.067],[-82.546,42.087],[-82.536,42.101],[-82.525,42.161],[-82.532,42.259],[-82.569,42.284],[-82.612,42.293],[-82.636,42.307],[-82.767,42.311],[-82.895,42.346],[-82.896,42.362],[-82.908,42.375],[-82.884,42.386],[-82.864,42.43],[-82.867,42.468],[-82.878,42.474],[-82.877,42.502],[-82.858,42.536],[-82.834,42.556],[-82.807,42.559],[-82.783,42.552],[-82.776,42.56],[-82.772,42.589],[-82.812,42.625],[-82.804,42.639],[-82.764,42.645],[-82.749,42.661],[-82.702,42.676],[-82.639,42.656],[-82.663,42.643],[-82.701,42.641],[-82.728,42.616],[-82.658,42.604],[-82.643,42.616],[-82.646,42.604],[-82.617,42.589],[-82.573,42.582],[-82.557,42.589],[-82.538,42.575],[-82.488,42.57],[-82.413,42.548],[-82.341,42.558],[-82.327,42.574],[-82.325,42.616],[-82.363,42.659],[-82.4,42.686],[-82.429,42.724],[-82.446,42.727],[-82.461,42.741],[-82.683,42.738],[-82.733,42.731],[-82.734,42.758],[-83.33,42.759],[-83.344,42.768],[-83.421,42.766],[-83.423,42.807],[-83.546,42.795],[-83.61,42.807],[-83.688,42.798],[-83.714,42.804],[-83.786,42.798],[-83.845,42.804],[-83.848,42.635],[-83.981,42.635],[-83.986,42.555],[-83.988,42.417],[-83.878,42.417],[-83.879,42.347],[-83.925,42.347],[-83.92,42.285],[-83.89,42.275],[-83.889,42.211],[-83.856,42.211],[-83.85,42.138],[-83.856,42.129],[-83.859,42.054],[-83.904,42.048],[-83.904,42.054],[-83.978,42.057],[-84.012,42.05],[-84.099,42.053],[-84.115,42.034]]]}},{"type":"Feature","properties":{},"geometry":{"type":"Polygon","coordinates":[[[-83.962,40.377],[-83.944,40.37],[-83.942,40.36],[-83.956,40.359],[-83.96,40.345],[-83.941,40.336],[-83.94,40.3],[-83.948,40.286],[-83.94,40.276],[-83.951,40.217],[-83.942,40.201],[-83.952,40.199],[-83.944,40.187],[-83.951,40.111],[-83.945,40.111],[-83.944,40.09],[-83.934,40.078],[-83.944,39.99],[-83.838,39.981],[-83.844,39.953],[-83.795,39.953],[-83.797,39.927],[-83.79,39.924],[-83.633,39.927],[-83.632,39.913],[-83.572,39.901],[-83.547,39.907],[-83.491,39.902],[-83.48,39.915],[-83.449,39.918],[-83.416,39.913],[-83.421,39.952],[-83.411,39.966],[-83.403,39.973],[-83.352,39.978],[-83.199,39.97],[-83.175,39.91],[-83.154,39.901],[-82.958,39.901],[-82.958,40.043],[-82.904,40.044],[-82.895,40.035],[-82.862,40.039],[-82.867,40.006],[-82.814,40],[-82.812,40.006],[-82.794,40.006],[-82.792,39.984],[-82.77,39.978],[-82.771,39.964],[-82.761,39.963],[-82.757,39.952],[-82.755,40.016],[-82.749,40.016],[-82.752,39.994],[-82.73,39.983],[-82.654,39.976],[-82.132,39.969],[-82.12,40.219],[-82.091,40.218],[-82.077,40.228],[-82.075,40.244],[-82.082,40.258],[-82.075,40.336],[-82.087,40.37],[-82.086,40.411],[-82.076,40.43],[-82.108,40.455],[-82.175,40.455],[-82.198,40.474],[-82.344,40.47],[-82.41,40.459],[-82.524,40.464],[-82.562,40.458],[-82.904,40.457],[-83.142,40.464],[-83.154,40.454],[-83.205,40.45],[-83.872,40.455],[-83.914,40.452],[-83.919,40.434],[-83.936,40.423],[-83.936,40.407],[-83.962,40.377]],[[-83.09,40.183],[-83.087,40.195],[-83.07,40.195],[-83.057,40.205],[-83.062,40.228],[-83.054,40.228],[-83.054,40.236],[-83.026,40.237],[-83,40.222],[-82.962,40.228],[-82.912,40.222],[-82.918,40.19],[-82.939,40.182],[-83.009,40.199],[-83.026,40.197],[-83.031,40.184],[-83.046,40.177],[-83.085,40.173],[-83.09,40.183]]]}},{"type":"Feature","properties":{},"geometry":{"type":"Polygon","coordinates":[[[-83.845,41.501],[-83.75,41.502],[-83.749,41.48],[-83.393,41.478],[-83.393,41.695],[-83.426,41.695],[-83.419,41.703],[-83.432,41.706],[-83.447,41.725],[-83.441,41.741],[-83.43,41.741],[-83.432,41.808],[-83.845,41.807],[-83.845,41.501]]]}},{"type":"Feature","properties":{},"geometry":{"type":"Polygon","coordinates":[[[-83.316,40.999],[-83.296,40.912],[-82.877,40.921],[-82.871,40.901],[-82.896,40.891],[-82.899,40.862],[-82.896,40.852],[-82.879,40.846],[-82.875,40.826],[-82.888,40.745],[-82.884,40.689],[-82.864,40.678],[-82.127,40.675],[-82.112,40.676],[-82.108,40.689],[-82.115,40.696],[-82.109,40.713],[-82.119,40.721],[-82.124,40.752],[-82.116,40.801],[-82.117,40.854],[-82.123,40.857],[-82.12,40.94],[-82.138,40.961],[-82.532,40.963],[-82.533,41.071],[-82.527,41.087],[-82.542,41.117],[-82.546,41.141],[-82.54,41.151],[-82.546,41.16],[-82.54,41.19],[-82.459,41.191],[-82.446,41.201],[-82.441,41.281],[-82.451,41.315],[-82.444,41.322],[-82.451,41.329],[-82.441,41.33],[-82.439,41.34],[-82.446,41.338],[-82.444,41.348],[-82.454,41.358],[-82.45,41.383],[-82.462,41.399],[-82.503,41.395],[-82.577,41.424],[-82.673,41.494],[-82.693,41.495],[-82.694,41.509],[-82.724,41.507],[-82.731,41.486],[-82.767,41.479],[-82.756,41.469],[-82.759,41.459],[-82.786,41.475],[-82.792,41.444],[-82.787,41.38],[-82.772,41.379],[-82.774,41.313],[-82.76,41.313],[-82.759,41.348],[-82.664,41.348],[-82.66,41.262],[-82.694,41.264],[-82.73,41.28],[-82.787,41.291],[-82.804,41.287],[-82.8,41.298],[-82.809,41.303],[-82.921,41.341],[-82.971,41.356],[-82.982,41.352],[-82.981,41.358],[-82.999,41.364],[-83.117,41.384],[-83.184,41.384],[-83.191,41.321],[-83.179,41.311],[-83.09,41.291],[-83.307,41.291],[-83.301,41.116],[-83.309,41.012],[-83.316,40.999]],[[-82.988,41.229],[-82.977,41.245],[-82.98,41.259],[-82.786,41.213],[-82.973,41.211],[-82.978,41.225],[-82.988,41.229]]]}},{"type":"Feature","properties":{},"geometry":{"type":"Polygon","coordinates":[[[-82.514,42.872],[-82.404,42.872],[-82.413,42.888],[-82.404,42.888],[-82.404,42.902],[-82.411,42.901],[-82.404,42.912],[-82.345,42.914],[-82.332,42.934],[-82.308,42.946],[-82.294,42.97],[-82.294,43.036],[-82.375,43.028],[-82.421,43.012],[-82.448,43.058],[-82.511,43.053],[-82.514,42.872]]]}},{"type":"Feature","properties":{},"geometry":{"type":"Polygon","coordinates":[[[-82.196,41.272],[-82.149,41.272],[-82.149,41.299],[-81.974,41.299],[-81.972,41.282],[-81.617,41.283],[-81.616,41.341],[-81.594,41.346],[-81.586,41.338],[-81.58,41.209],[-81.744,41.191],[-81.771,41.198],[-81.869,41.177],[-81.973,41.181],[-81.994,41.177],[-81.994,41.167],[-82.045,41.164],[-82.057,41.112],[-82.049,41.08],[-82.054,41.049],[-82.047,41.039],[-82.053,40.873],[-82.045,40.843],[-82.049,40.724],[-82.04,40.697],[-82.02,40.697],[-82.023,40.685],[-81.983,40.696],[-81.931,40.697],[-81.771,40.675],[-81.741,40.683],[-81.74,40.691],[-81.707,40.693],[-81.671,40.689],[-81.664,40.675],[-81.652,40.675],[-81.584,40.691],[-81.584,40.226],[-81.56,40.222],[-81.556,40.193],[-81.525,40.212],[-81.475,40.202],[-81.367,40.211],[-81.343,40.203],[-81.259,40.205],[-81.23,40.222],[-81.222,40.277],[-81.223,40.679],[-81.193,40.685],[-81.152,40.679],[-81.09,40.701],[-81.091,40.821],[-81.086,40.845],[-81.071,40.847],[-81.006,40.83],[-80.965,40.835],[-80.946,40.829],[-80.818,40.83],[-80.605,40.815],[-80.567,40.801],[-80.502,40.793],[-80.366,40.794],[-80.358,40.596],[-80.28,40.596],[-80.28,40.563],[-80.263,40.563],[-80.263,40.532],[-80.284,40.526],[-80.28,40.418],[-80.263,40.409],[-80.263,40.324],[-79.968,40.324],[-79.967,40.338],[-79.917,40.332],[-79.891,40.338],[-79.879,40.352],[-79.882,40.362],[-79.869,40.378],[-79.876,40.405],[-79.869,40.423],[-79.877,40.444],[-79.868,40.466],[-79.873,40.488],[-79.866,40.531],[-79.921,40.534],[-79.965,40.527],[-79.967,40.542],[-79.904,40.543],[-79.895,40.578],[-79.95,40.581],[-79.958,40.56],[-79.965,40.56],[-79.991,40.571],[-80.049,40.571],[-80.061,40.563],[-80.079,40.581],[-80.1,40.584],[-80.112,40.582],[-80.122,40.544],[-80.18,40.543],[-80.18,40.751],[-80.307,40.751],[-80.307,40.789],[-80.222,40.789],[-80.215,40.852],[-80.218,40.889],[-80.262,40.978],[-80.269,41.018],[-80.288,41.04],[-80.285,41.053],[-80.3,41.087],[-80.354,41.097],[-80.395,41.091],[-80.526,41.1],[-80.53,41.072],[-80.522,40.993],[-80.53,40.976],[-80.576,40.958],[-80.605,40.967],[-80.571,40.968],[-80.572,41.034],[-80.538,41.033],[-80.538,41.121],[-80.43,41.121],[-80.43,41.276],[-80.571,41.276],[-80.572,41.346],[-80.934,41.346],[-80.934,41.251],[-81.002,41.251],[-81.002,41.035],[-80.826,41.035],[-80.826,40.988],[-80.792,40.988],[-80.792,40.978],[-80.696,40.978],[-80.696,40.966],[-80.855,40.962],[-81.005,40.968],[-81.086,40.961],[-81.093,40.98],[-81.086,41.227],[-81.102,41.256],[-81.145,41.258],[-81.156,41.244],[-81.275,41.244],[-81.304,41.239],[-81.318,41.221],[-81.416,41.225],[-81.418,41.524],[-81.341,41.525],[-81.34,41.547],[-81.264,41.546],[-81.264,41.559],[-81.226,41.559],[-81.226,41.656],[-81.215,41.656],[-81.21,41.673],[-81.212,41.784],[-81.363,41.735],[-81.377,41.718],[-81.4,41.709],[-81.506,41.626],[-81.531,41.623],[-81.56,41.596],[-81.729,41.504],[-81.76,41.498],[-81.819,41.507],[-81.896,41.49],[-81.977,41.515],[-82.02,41.519],[-82.191,41.482],[-82.196,41.272]]]}},{"type":"Feature","properties":{},"geometry":{"type":"Polygon","coordinates":[[[-82.053,39.901],[-81.953,39.901],[-81.953,40.045],[-82.053,40.044],[-82.053,39.901]]]}},{"type":"Feature","properties":{},"geometry":{"type":"Polygon","coordinates":[[[-81.394,42.865],[-81.225,42.866],[-81.225,42.709],[-81.109,42.709],[-81.109,42.846],[-81.119,42.846],[-81.12,43.092],[-81.394,43.092],[-81.389,43.002],[-81.394,42.865]]]}},{"type":"Feature","properties":{},"geometry":{"type":"Polygon","coordinates":[[[-81.146,41.762],[-81.135,41.75],[-81.135,41.682],[-80.987,41.72],[-80.945,41.738],[-80.865,41.752],[-80.792,41.78],[-80.769,41.781],[-80.734,41.798],[-80.693,41.806],[-80.695,41.816],[-80.634,41.816],[-80.626,41.837],[-80.605,41.849],[-80.539,41.852],[-80.501,41.875],[-80.46,41.885],[-80.454,41.875],[-80.462,41.849],[-80.457,41.808],[-80.447,41.804],[-80.456,41.795],[-80.447,41.79],[-80.446,41.774],[-80.447,41.663],[-80.458,41.631],[-80.446,41.594],[-80.454,41.562],[-80.45,41.498],[-80.442,41.488],[-80.457,41.469],[-80.454,41.408],[-80.421,41.398],[-80.372,41.413],[-80.317,41.404],[-80.256,41.41],[-80.25,41.393],[-80.233,41.393],[-80.2,41.402],[-80.112,41.398],[-80.088,41.408],[-80.074,41.399],[-80.042,41.413],[-80.037,41.494],[-80.053,41.519],[-80.041,41.522],[-80.035,41.534],[-80.041,41.555],[-80.038,41.614],[-80.045,41.625],[-80.037,41.633],[-80.037,41.663],[-80.045,41.677],[-80.038,41.698],[-80.045,41.796],[-80.035,41.801],[-80.042,41.843],[-80.033,41.857],[-80.045,41.95],[-80.088,41.956],[-80.09,41.967],[-80.108,41.963],[-80.112,41.954],[-80.229,41.951],[-80.25,41.942],[-80.27,41.955],[-80.284,41.94],[-80.284,41.979],[-80.295,41.986],[-80.284,41.99],[-80.288,42.014],[-80.27,42.027],[-80.283,42.029],[-80.274,42.044],[-80.288,42.047],[-80.284,42.057],[-80.291,42.066],[-80.483,42.007],[-80.512,42.005],[-80.559,41.973],[-80.751,41.927],[-80.75,41.917],[-80.793,41.915],[-80.818,41.898],[-80.896,41.872],[-81.013,41.852],[-81.133,41.812],[-81.134,41.769],[-81.146,41.768],[-81.146,41.762]]]}},{"type":"Feature","properties":{},"geometry":{"type":"Polygon","coordinates":[[[-80.804,40.023],[-80.793,40.01],[-80.789,39.982],[-80.789,39.904],[-80.685,39.901],[-80.688,40.003],[-80.674,40.014],[-80.622,40.014],[-80.62,40.08],[-80.626,40.088],[-80.693,40.091],[-80.699,40.115],[-80.696,40.195],[-80.745,40.195],[-80.747,40.095],[-80.755,40.086],[-80.798,40.088],[-80.804,40.023]]]}},{"type":"Feature","properties":{},"geometry":{"type":"Polygon","coordinates":[[[-80.685,40.308],[-80.684,40.247],[-80.583,40.247],[-80.585,40.528],[-80.647,40.529],[-80.647,40.451],[-80.684,40.451],[-80.685,40.308]]]}},{"type":"Feature","properties":{},"geometry":{"type":"Polygon","coordinates":[[[-80.631,43.459],[-80.579,43.397],[-80.579,43.32],[-80.392,43.32],[-80.392,43.326],[-80.359,43.326],[-80.331,43.312],[-80.18,43.32],[-80.163,43.313],[-80.133,43.255],[-80.074,43.183],[-79.994,43.152],[-79.818,43.14],[-79.753,43.141],[-79.748,43.147],[-79.68,43.14],[-79.571,43.143],[-79.452,43.119],[-79.431,43.128],[-79.423,43.197],[-79.433,43.203],[-79.531,43.204],[-79.579,43.212],[-79.617,43.229],[-79.707,43.24],[-79.772,43.272],[-79.787,43.295],[-79.79,43.316],[-79.722,43.362],[-79.684,43.399],[-79.67,43.426],[-79.596,43.492],[-79.592,43.527],[-79.552,43.558],[-80.14,43.554],[-80.145,43.587],[-80.127,43.581],[-79.538,43.578],[-79.498,43.584],[-79.453,43.626],[-79.408,43.617],[-79.398,43.604],[-79.378,43.602],[-79.357,43.612],[-79.336,43.602],[-79.321,43.607],[-79.312,43.642],[-79.298,43.654],[-79.232,43.694],[-79.174,43.744],[-79.146,43.751],[-79.097,43.796],[-79.184,43.8],[-79.258,43.79],[-79.261,43.796],[-79.306,43.799],[-79.314,43.808],[-79.346,43.805],[-79.352,43.812],[-79.397,43.804],[-79.398,43.81],[-79.449,43.803],[-79.449,43.811],[-79.526,43.803],[-79.564,43.832],[-79.607,43.823],[-79.621,43.832],[-79.706,43.823],[-79.732,43.83],[-79.801,43.826],[-79.813,43.814],[-79.805,43.803],[-79.825,43.793],[-79.816,43.782],[-79.846,43.774],[-79.838,43.767],[-79.842,43.763],[-79.866,43.756],[-79.949,43.67],[-79.938,43.659],[-79.996,43.61],[-80.137,43.602],[-80.173,43.613],[-80.255,43.615],[-80.254,43.601],[-80.276,43.607],[-80.304,43.585],[-80.299,43.591],[-80.328,43.591],[-80.329,43.552],[-80.355,43.536],[-80.395,43.534],[-80.392,43.527],[-80.397,43.537],[-80.579,43.534],[-80.579,43.522],[-80.605,43.507],[-80.63,43.475],[-80.631,43.459]]]}},{"type":"Feature","properties":{},"geometry":{"type":"Polygon","coordinates":[[[-80.331,43.177],[-80.321,43.169],[-80.329,43.145],[-80.324,43.111],[-80.309,43.101],[-80.254,43.093],[-80.239,43.103],[-80.21,43.103],[-80.211,43.12],[-80.192,43.149],[-80.215,43.21],[-80.305,43.201],[-80.331,43.177]]]}},{"type":"Feature","properties":{},"geometry":{"type":"Polygon","coordinates":[[[-80.251,42.053],[-80.25,42.044],[-80.015,42.043],[-80.016,42.097],[-79.954,42.105],[-79.954,42.129],[-79.938,42.134],[-79.904,42.132],[-79.904,42.177],[-80.016,42.177],[-80.053,42.16],[-80.051,42.176],[-80.116,42.176],[-80.148,42.162],[-80.163,42.121],[-80.247,42.089],[-80.251,42.053]]]}},{"type":"Feature","properties":{},"geometry":{"type":"Polygon","coordinates":[[[-106.53,42.837],[-106.529,42.828],[-106.47,42.822],[-106.471,42.811],[-106.508,42.81],[-106.51,42.793],[-106.486,42.79],[-106.486,42.784],[-106.508,42.782],[-106.507,42.766],[-106.496,42.764],[-106.497,42.743],[-106.477,42.741],[-106.506,42.733],[-106.507,42.718],[-106.479,42.716],[-106.481,42.688],[-106.492,42.671],[-106.479,42.667],[-106.479,42.618],[-106.473,42.611],[-106.486,42.594],[-106.479,42.58],[-106.497,42.545],[-106.473,42.538],[-106.473,42.53],[-106.519,42.528],[-106.519,42.518],[-106.477,42.513],[-106.477,42.505],[-106.499,42.502],[-106.451,42.469],[-106.451,42.453],[-106.403,42.443],[-106.1,42.438],[-106.033,42.469],[-106.006,42.472],[-106.007,42.486],[-106.037,42.487],[-106.037,42.497],[-105.997,42.501],[-105.996,42.513],[-106.029,42.514],[-106.028,42.527],[-106.003,42.534],[-106.004,42.54],[-106.026,42.543],[-106.026,42.55],[-106.014,42.553],[-106.017,42.566],[-106.037,42.568],[-106.039,42.576],[-106.018,42.579],[-106.018,42.593],[-106.041,42.594],[-106.04,42.602],[-105.989,42.604],[-105.989,42.62],[-106.039,42.62],[-106.039,42.628],[-106.018,42.63],[-106.018,42.639],[-106.04,42.641],[-106.041,42.651],[-106.035,42.681],[-106.017,42.685],[-106.013,42.714],[-106.03,42.727],[-106,42.73],[-106,42.748],[-106.028,42.749],[-106.035,42.776],[-106.002,42.78],[-106.004,42.794],[-106.017,42.797],[-106.018,42.807],[-105.98,42.812],[-105.98,42.826],[-106.035,42.828],[-106.035,42.837],[-106.002,42.838],[-106.002,42.855],[-106.039,42.857],[-106.039,42.865],[-106.004,42.871],[-106.013,42.884],[-106.036,42.885],[-106.036,42.895],[-106.017,42.897],[-106.017,42.913],[-106.041,42.919],[-106.017,42.947],[-106.019,42.955],[-106.044,42.958],[-106.046,42.968],[-106.022,42.971],[-106.022,42.988],[-106.043,42.99],[-106.068,43.005],[-106.438,43.002],[-106.444,42.988],[-106.469,42.986],[-106.471,42.976],[-106.493,42.971],[-106.493,42.955],[-106.47,42.953],[-106.471,42.942],[-106.493,42.94],[-106.492,42.927],[-106.444,42.917],[-106.441,42.9],[-106.453,42.889],[-106.473,42.889],[-106.474,42.867],[-106.51,42.866],[-106.511,42.853],[-106.475,42.85],[-106.475,42.841],[-106.53,42.837]]]}},{"type":"Feature","properties":{},"geometry":{"type":"Polygon","coordinates":[[[-105.308,40.107],[-105.307,40.072],[-105.286,40.082],[-105.282,40.075],[-105.238,40.073],[-105.22,40.054],[-105.201,40.052],[-105.194,40.034],[-105.187,40.033],[-105.194,40.073],[-105.187,40.073],[-105.187,40.109],[-105.308,40.107]]]}},{"type":"Feature","properties":{},"geometry":{"type":"Polygon","coordinates":[[[-105.237,40.356],[-104.928,40.356],[-104.919,40.638],[-105.237,40.637],[-105.237,40.573],[-105.22,40.565],[-105.219,40.553],[-105.237,40.549],[-105.237,40.356]]]}},{"type":"Feature","properties":{},"geometry":{"type":"Polygon","coordinates":[[[-105.154,40.154],[-105.13,40.154],[-105.131,40.138],[-105.102,40.138],[-105.102,40.145],[-105.068,40.153],[-105.055,40.165],[-105.054,40.202],[-105.077,40.217],[-105.142,40.215],[-105.154,40.203],[-105.147,40.183],[-105.154,40.154]]]}},{"type":"Feature","properties":{},"geometry":{"type":"Polygon","coordinates":[[[-109.94,38.056],[-109.744,38.056],[-109.744,38.044],[-109.729,38.035],[-109.694,38.045],[-109.69,38.033],[-109.666,38.035],[-109.655,38.043],[-109.653,38.03],[-109.645,38.037],[-109.635,38.031],[-109.633,38.039],[-109.624,38.031],[-109.622,38.039],[-109.622,38.032],[-109.611,38.036],[-109.611,38.043],[-109.598,38.036],[-109.576,38.043],[-109.571,38.035],[-109.557,38.038],[-109.557,38.031],[-109.549,38.035],[-109.552,38.042],[-109.52,38.046],[-109.517,38.036],[-109.483,38.036],[-109.483,38.043],[-109.473,38.044],[-109.473,38.051],[-109.482,38.05],[-109.473,38.053],[-109.473,38.062],[-109.482,38.061],[-109.476,38.091],[-109.482,38.121],[-109.468,38.125],[-109.468,38.144],[-109.482,38.144],[-109.482,38.15],[-109.468,38.154],[-109.48,38.157],[-109.468,38.168],[-109.48,38.169],[-109.468,38.173],[-109.469,38.184],[-109.495,38.194],[-109.523,38.194],[-109.525,38.187],[-109.547,38.2],[-109.554,38.213],[-109.55,38.221],[-109.561,38.216],[-109.553,38.241],[-109.567,38.252],[-109.565,38.259],[-109.652,38.26],[-109.653,38.251],[-109.683,38.259],[-109.698,38.258],[-109.698,38.251],[-109.711,38.255],[-109.708,38.264],[-109.718,38.264],[-109.714,38.26],[-109.727,38.26],[-109.722,38.255],[-109.744,38.251],[-109.744,38.226],[-109.937,38.226],[-109.94,38.056]],[[-109.547,38.2],[-109.541,38.191],[-109.552,38.197],[-109.564,38.189],[-109.564,38.2],[-109.547,38.2]]]}},{"type":"Feature","properties":{},"geometry":{"type":"Polygon","coordinates":[[[-109.895,37.62],[-109.755,37.621],[-109.755,37.637],[-109.895,37.64],[-109.895,37.62]]]}},{"type":"Feature","properties":{},"geometry":{"type":"Polygon","coordinates":[[[-109.764,38.445],[-109.696,38.437],[-109.626,38.448],[-109.579,38.468],[-109.407,38.465],[-109.41,38.728],[-109.466,38.728],[-109.465,38.833],[-109.617,38.833],[-109.617,38.847],[-109.66,38.847],[-109.66,38.858],[-109.719,38.858],[-109.719,38.661],[-109.759,38.659],[-109.758,38.462],[-109.764,38.445]]]}},{"type":"Feature","properties":{},"geometry":{"type":"Polygon","coordinates":[[[-109.758,37.227],[-109.745,37.213],[-109.748,37.201],[-109.756,37.199],[-109.747,37.187],[-109.738,37.193],[-109.703,37.188],[-109.693,37.195],[-109.677,37.188],[-109.677,37.195],[-109.667,37.188],[-109.564,37.191],[-109.568,37.255],[-109.758,37.254],[-109.758,37.227]]]}},{"type":"Feature","properties":{},"geometry":{"type":"Polygon","coordinates":[[[-109.701,37.42],[-109.594,37.42],[-109.594,37.608],[-109.701,37.608],[-109.701,37.42]]]}},{"type":"Feature","properties":{},"geometry":{"type":"Polygon","coordinates":[[[-108.754,39.129],[-108.728,39.129],[-108.737,38.99],[-108.715,38.986],[-108.704,38.973],[-108.607,38.967],[-108.383,38.976],[-108.383,38.984],[-108.362,39.002],[-108.354,39.057],[-108.362,39.08],[-108.371,39.085],[-108.376,39.116],[-108.361,39.125],[-108.362,39.143],[-108.383,39.163],[-108.421,39.178],[-108.581,39.179],[-108.688,39.169],[-108.688,39.212],[-108.754,39.213],[-108.754,39.129]]]}},{"type":"Feature","properties":{},"geometry":{"type":"Polygon","coordinates":[[[-108.642,37.131],[-108.354,37.131],[-108.354,37.195],[-108.642,37.195],[-108.642,37.131]]]}},{"type":"Feature","properties":{},"geometry":{"type":"Polygon","coordinates":[[[-108.604,36.795],[-108.592,36.749],[-108.6,36.638],[-108.542,36.616],[-108.446,36.629],[-108.251,36.635],[-108.085,36.624],[-108.057,36.631],[-107.867,36.631],[-107.783,36.645],[-107.773,36.654],[-107.766,36.73],[-107.783,36.781],[-107.779,36.943],[-107.801,36.955],[-107.857,36.96],[-107.895,36.949],[-108.158,36.958],[-108.191,36.946],[-108.229,36.944],[-108.395,36.954],[-108.56,36.946],[-108.586,36.936],[-108.598,36.911],[-108.604,36.795]]]}},{"type":"Feature","properties":{},"geometry":{"type":"Polygon","coordinates":[[[-107.853,38.62],[-107.842,38.599],[-107.736,38.551],[-107.676,38.505],[-107.641,38.504],[-107.584,38.45],[-107.511,38.45],[-107.599,38.527],[-107.623,38.531],[-107.645,38.555],[-107.736,38.616],[-107.853,38.62]]]}},{"type":"Feature","properties":{},"geometry":{"type":"Polygon","coordinates":[[[-106.937,39.278],[-106.841,39.188],[-106.815,39.146],[-106.794,39.141],[-106.765,39.165],[-106.889,39.28],[-106.911,39.309],[-106.937,39.278]]]}},{"type":"Feature","properties":{},"geometry":{"type":"Polygon","coordinates":[[[-106.666,35.532],[-106.659,35.348],[-106.65,35.359],[-106.622,35.369],[-106.53,35.37],[-106.5,35.386],[-106.464,35.385],[-106.459,35.31],[-106.479,35.288],[-106.522,35.284],[-106.525,35.241],[-106.511,35.227],[-106.477,35.218],[-106.466,35.195],[-106.467,35.158],[-106.407,35.157],[-106.376,35.175],[-106.294,35.177],[-106.267,35.293],[-105.623,35.301],[-105.576,35.313],[-105.57,35.358],[-105.584,35.457],[-105.55,35.577],[-105.57,35.59],[-105.651,35.569],[-105.638,35.622],[-105.646,35.675],[-105.657,35.696],[-105.658,35.814],[-105.677,35.847],[-105.716,35.859],[-105.734,35.877],[-105.77,35.869],[-105.855,35.872],[-105.896,35.86],[-105.904,35.843],[-105.912,35.846],[-105.912,35.862],[-105.926,35.865],[-105.996,35.852],[-106.013,35.857],[-106.025,35.873],[-106.05,35.873],[-106.191,35.859],[-106.214,35.833],[-106.308,35.779],[-106.32,35.752],[-106.643,35.757],[-106.655,35.73],[-106.666,35.532]]]}},{"type":"Feature","properties":{},"geometry":{"type":"Polygon","coordinates":[[[-106.447,39.65],[-106.442,39.622],[-106.301,39.618],[-106.302,39.651],[-106.447,39.65]]]}},{"type":"Feature","properties":{},"geometry":{"type":"Polygon","coordinates":[[[-106.28,35.047],[-106.279,35.041],[-106.236,35.041],[-106.235,35.012],[-106.158,35.012],[-106.158,34.978],[-105.947,34.978],[-105.947,35.02],[-105.966,35.02],[-105.966,35.045],[-106.127,35.045],[-106.127,35.126],[-106.28,35.126],[-106.28,35.047]]]}},{"type":"Feature","properties":{},"geometry":{"type":"Polygon","coordinates":[[[-105.367,39.982],[-105.353,39.967],[-105.358,39.926],[-105.345,39.9],[-105.358,39.874],[-105.345,39.712],[-105.259,39.704],[-105.252,39.71],[-105.248,39.684],[-105.217,39.638],[-105.226,39.633],[-105.219,39.609],[-105.224,39.572],[-105.204,39.552],[-105.204,39.52],[-105.19,39.521],[-105.183,39.498],[-105.124,39.433],[-105.075,39.348],[-104.984,39.228],[-104.958,39.218],[-104.818,39.209],[-104.734,39.21],[-104.73,39.217],[-104.571,39.217],[-104.545,39.233],[-104.539,39.241],[-104.54,39.3],[-104.56,39.318],[-104.553,39.326],[-104.557,39.387],[-104.542,39.603],[-104.553,39.632],[-104.542,39.71],[-104.729,39.71],[-104.734,39.717],[-104.751,39.717],[-104.737,39.679],[-104.716,39.666],[-104.698,39.609],[-104.713,39.577],[-104.737,39.575],[-104.74,39.549],[-104.756,39.544],[-104.807,39.538],[-104.811,39.549],[-104.83,39.549],[-104.882,39.54],[-104.903,39.546],[-104.962,39.54],[-104.983,39.546],[-104.987,39.574],[-104.98,39.58],[-104.988,39.583],[-104.983,39.628],[-104.991,39.869],[-104.957,39.875],[-104.941,39.868],[-104.895,39.869],[-104.878,39.901],[-104.54,39.901],[-104.557,39.931],[-104.547,39.956],[-104.547,39.976],[-104.557,39.978],[-104.547,40.021],[-104.557,40.026],[-104.556,40.056],[-104.565,40.058],[-104.565,40.067],[-104.55,40.072],[-104.566,40.128],[-104.602,40.144],[-104.615,40.131],[-104.619,40.137],[-104.741,40.139],[-104.83,40.126],[-104.83,40.135],[-104.87,40.131],[-104.87,40.137],[-104.903,40.139],[-104.904,40.133],[-105.027,40.13],[-105.025,40.137],[-105.055,40.138],[-105.055,40.148],[-105.077,40.155],[-105.099,40.148],[-105.102,40.138],[-105.131,40.138],[-105.13,40.154],[-105.145,40.156],[-105.154,40.154],[-105.15,40.131],[-105.205,40.134],[-105.223,40.126],[-105.233,40.143],[-105.246,40.143],[-105.282,40.133],[-105.283,40.123],[-105.312,40.12],[-105.337,40.128],[-105.358,40.104],[-105.367,40.076],[-105.362,40.059],[-105.367,39.982]],[[-105.308,40.107],[-105.187,40.109],[-105.187,40.073],[-105.195,40.068],[-105.187,40.033],[-105.194,40.034],[-105.201,40.052],[-105.22,40.054],[-105.235,40.072],[-105.271,40.072],[-105.29,40.082],[-105.304,40.075],[-105.308,40.107]],[[-105.173,39.949],[-105.163,39.956],[-105.146,39.943],[-105.173,39.949]],[[-105.154,39.88],[-105.154,39.89],[-105.128,39.889],[-105.128,39.872],[-105.154,39.88]]]}},{"type":"Feature","properties":{},"geometry":{"type":"Polygon","coordinates":[[[15.105,46.902],[15.113,46.827],[15.109,46.642],[15.113,46.609],[15.121,46.6],[15.276,46.6],[15.414,46.586],[15.466,46.594],[15.478,46.566],[15.465,46.549],[15.471,46.524],[15.462,46.444],[15.47,46.355],[15.465,46.309],[15.418,46.331],[15.363,46.324],[15.312,46.336],[15.256,46.337],[15.228,46.333],[15.212,46.312],[15.161,46.317],[15.136,46.312],[15.134,46.28],[15.141,46.269],[15.134,46.25],[15.136,46.218],[15.128,46.204],[15.138,46.198],[15.141,46.181],[15.132,46.127],[15.141,46.045],[15.123,45.857],[15.131,45.835],[15.114,45.803],[15.154,45.813],[15.154,45.819],[15.179,45.829],[15.204,45.831],[15.204,45.819],[15.255,45.841],[15.3,45.844],[15.309,45.859],[15.341,45.869],[15.353,45.892],[15.421,45.896],[15.47,45.927],[15.471,45.938],[15.492,45.943],[15.493,45.953],[15.511,45.964],[15.537,45.962],[15.558,45.975],[15.567,46.013],[15.561,46.03],[15.566,46.076],[15.572,46.078],[15.562,46.108],[15.567,46.19],[15.559,46.218],[15.552,46.219],[15.561,46.254],[15.547,46.261],[15.556,46.274],[15.543,46.282],[15.699,46.3],[15.749,46.297],[15.798,46.348],[15.845,46.358],[15.845,46.374],[15.882,46.377],[15.871,46.388],[15.896,46.38],[15.914,46.394],[15.916,46.407],[15.933,46.403],[15.934,46.419],[15.96,46.419],[15.963,46.431],[15.975,46.433],[15.992,46.426],[15.997,46.449],[16.017,46.457],[16.014,46.464],[16.024,46.473],[15.988,46.481],[15.997,46.495],[16.018,46.499],[16.017,46.508],[16.039,46.492],[16.072,46.504],[16.092,46.507],[16.1,46.499],[16.176,46.516],[16.181,46.531],[16.201,46.54],[16.195,46.564],[16.203,46.584],[16.227,46.6],[16.208,46.614],[16.21,46.632],[16.261,46.634],[16.293,46.644],[16.263,46.658],[16.264,46.663],[16.294,46.656],[16.295,46.665],[16.276,46.67],[16.272,46.683],[16.279,46.695],[16.267,46.7],[16.275,46.75],[16.236,46.759],[16.157,46.759],[16.151,46.773],[16.142,46.775],[16.128,46.759],[16.085,46.765],[16.072,46.752],[16.035,46.745],[16.029,46.705],[16.004,46.697],[16.018,46.686],[16.002,46.681],[15.996,46.665],[15.984,46.676],[15.955,46.672],[15.951,46.681],[15.934,46.681],[15.926,46.672],[15.849,46.683],[15.845,46.676],[15.72,46.678],[15.654,46.67],[15.623,46.676],[15.574,46.665],[15.551,46.641],[15.551,46.695],[15.562,46.7],[15.551,46.725],[15.554,46.738],[15.57,46.74],[15.566,46.766],[15.574,46.78],[15.559,46.804],[15.557,46.825],[15.555,46.896],[15.564,46.906],[15.558,46.944],[15.566,46.948],[15.557,47.036],[15.57,47.062],[15.559,47.069],[15.57,47.091],[15.565,47.12],[15.551,47.132],[15.558,47.165],[15.554,47.186],[15.522,47.186],[15.513,47.162],[15.412,47.17],[15.363,47.165],[15.347,47.17],[15.326,47.163],[15.117,47.167],[15.112,47.148],[15.119,47.146],[15.132,47.065],[15.121,47.058],[15.117,47.04],[15.12,46.982],[15.105,46.947],[15.105,46.902]],[[15.204,46.018],[15.216,46.053],[15.212,46.018],[15.204,46.018]]]}},{"type":"Feature","properties":{},"geometry":{"type":"Polygon","coordinates":[[[15.805,45.813],[15.863,45.759],[15.846,45.743],[15.856,45.726],[15.894,45.711],[15.93,45.725],[15.995,45.715],[16.014,45.722],[16.113,45.726],[16.166,45.783],[16.155,45.785],[16.165,45.794],[16.19,45.796],[16.205,45.833],[16.184,45.845],[16.184,45.872],[16.1,45.871],[16.089,45.901],[16.036,45.914],[15.971,45.879],[15.818,45.835],[15.805,45.813]]]}},{"type":"Feature","properties":{},"geometry":{"type":"Polygon","coordinates":[[[16.122,48.255],[16.142,48.247],[16.149,48.231],[16.149,48.217],[16.131,48.21],[16.144,48.201],[16.15,48.17],[16.142,48.143],[16.151,48.133],[16.143,48.122],[16.15,48.098],[16.135,48.06],[16.146,48.055],[16.147,48.029],[16.133,47.987],[16.138,47.962],[16.131,47.943],[16.15,47.93],[16.143,47.896],[16.188,47.763],[16.308,47.754],[16.348,47.911],[16.44,47.916],[16.459,47.905],[16.481,47.905],[16.552,47.92],[16.585,47.906],[16.632,47.902],[16.666,47.929],[16.646,47.964],[16.64,48.017],[16.631,48.024],[16.643,48.031],[16.644,48.042],[16.631,48.055],[16.65,48.082],[16.659,48.128],[16.644,48.154],[16.651,48.195],[16.643,48.261],[16.651,48.306],[16.64,48.316],[16.646,48.321],[16.64,48.324],[16.647,48.359],[16.636,48.361],[16.647,48.396],[16.643,48.497],[16.611,48.5],[16.581,48.486],[16.567,48.496],[16.368,48.488],[16.228,48.504],[16.147,48.492],[16.15,48.466],[16.135,48.447],[16.139,48.437],[16.131,48.427],[16.138,48.425],[16.146,48.385],[16.153,48.383],[16.153,48.375],[16.138,48.372],[16.133,48.339],[16.151,48.337],[16.151,48.303],[16.122,48.255]]]}},{"type":"Feature","properties":{},"geometry":{"type":"Polygon","coordinates":[[[16.397,48.996],[16.444,48.996],[16.455,48.987],[16.488,48.982],[16.522,48.996],[16.582,48.998],[16.585,48.993],[16.87,49.002],[16.912,48.995],[16.933,49.015],[16.905,49.076],[16.913,49.093],[16.909,49.157],[16.917,49.162],[16.908,49.207],[16.909,49.368],[16.919,49.402],[16.901,49.409],[16.845,49.41],[16.718,49.399],[16.714,49.406],[16.637,49.399],[16.447,49.406],[16.405,49.398],[16.409,49.356],[16.401,49.343],[16.4,49.245],[16.418,49.235],[16.414,49.227],[16.403,49.227],[16.405,49.216],[16.398,49.21],[16.398,49.194],[16.411,49.188],[16.405,49.181],[16.411,49.177],[16.398,49.104],[16.405,49.088],[16.398,49.072],[16.397,48.996]]]}},{"type":"Feature","properties":{},"geometry":{"type":"Polygon","coordinates":[[[16.525,47.183],[16.677,47.182],[16.677,47.293],[16.589,47.293],[16.534,47.256],[16.525,47.183]]]}},{"type":"Feature","properties":{},"geometry":{"type":"Polygon","coordinates":[[[16.6,48.804],[16.67,48.688],[16.878,48.725],[16.941,48.75],[16.871,48.847],[16.869,48.841],[16.846,48.847],[16.816,48.828],[16.632,48.826],[16.6,48.804]]]}},{"type":"Feature","properties":{},"geometry":{"type":"Polygon","coordinates":[[[16.986,48.188],[17.023,48.167],[17.023,48.147],[17.051,48.134],[17.052,48.124],[17.066,48.123],[17.078,48.086],[17.102,48.088],[17.119,48.077],[17.151,48.087],[17.157,48.099],[17.202,48.096],[17.257,48.118],[17.257,48.171],[17.236,48.196],[17.178,48.201],[17.177,48.221],[17.144,48.226],[17.108,48.205],[17.06,48.218],[17.007,48.22],[16.994,48.215],[16.986,48.188]]]}},{"type":"Feature","properties":{},"geometry":{"type":"Polygon","coordinates":[[[17.107,49.574],[17.126,49.551],[17.119,49.508],[17.157,49.49],[17.166,49.474],[17.146,49.448],[17.124,49.438],[17.124,49.424],[17.258,49.417],[17.281,49.423],[17.438,49.424],[17.438,49.432],[17.442,49.424],[17.456,49.422],[17.728,49.427],[17.742,49.419],[17.795,49.426],[18.107,49.427],[18.1,49.503],[18.108,49.529],[18.092,49.539],[18.108,49.58],[18.099,49.59],[18.108,49.61],[18.1,49.623],[18.108,49.626],[18.108,49.641],[18.1,49.647],[18.099,49.673],[18.085,49.684],[18.108,49.696],[18.099,49.711],[18.088,49.714],[18.067,49.702],[18.037,49.699],[18.013,49.717],[17.945,49.721],[17.875,49.708],[17.813,49.713],[17.806,49.72],[17.729,49.712],[17.564,49.727],[17.545,49.715],[17.335,49.714],[17.286,49.707],[17.239,49.716],[17.216,49.709],[17.202,49.72],[17.154,49.711],[17.122,49.715],[17.11,49.677],[17.118,49.668],[17.107,49.574]]]}},{"type":"Feature","properties":{},"geometry":{"type":"Polygon","coordinates":[[[17.448,49.162],[17.449,49.147],[17.619,49.142],[17.645,49.18],[17.829,49.183],[17.823,49.262],[17.828,49.288],[17.453,49.288],[17.448,49.162]]]}},{"type":"Feature","properties":{},"geometry":{"type":"Polygon","coordinates":[[[17.533,47.633],[17.595,47.59],[17.711,47.588],[17.753,47.646],[17.753,47.721],[17.533,47.723],[17.533,47.707],[17.54,47.706],[17.533,47.701],[17.533,47.664],[17.545,47.66],[17.533,47.647],[17.533,47.633]]]}},{"type":"Feature","properties":{},"geometry":{"type":"Polygon","coordinates":[[[17.952,45.164],[17.953,45.156],[17.967,45.155],[17.967,45.142],[18.077,45.142],[18.086,45.171],[18.062,45.207],[18.024,45.216],[17.972,45.197],[17.967,45.178],[17.952,45.164]]]}},{"type":"Feature","properties":{},"geometry":{"type":"Polygon","coordinates":[[[18.015,48.301],[18.042,48.268],[18.079,48.261],[18.088,48.269],[18.108,48.272],[18.111,48.266],[18.141,48.277],[18.138,48.289],[18.158,48.293],[18.16,48.321],[18.141,48.322],[18.151,48.343],[18.144,48.35],[18.092,48.354],[18.075,48.348],[18.049,48.322],[18.024,48.322],[18.015,48.301]],[[18.094,48.321],[18.097,48.329],[18.122,48.332],[18.125,48.322],[18.108,48.316],[18.094,48.321]]]}},{"type":"Feature","properties":{},"geometry":{"type":"Polygon","coordinates":[[[18.077,49.727],[18.221,49.726],[18.27,49.697],[18.296,49.698],[18.452,49.724],[18.475,49.731],[18.49,49.748],[18.479,49.693],[18.493,49.667],[18.578,49.667],[18.589,49.679],[18.67,49.691],[18.759,49.676],[18.763,49.682],[18.788,49.673],[18.85,49.682],[18.855,49.671],[18.872,49.669],[18.881,49.678],[18.898,49.679],[18.909,49.671],[18.968,49.682],[19.067,49.67],[19.119,49.69],[19.127,49.677],[19.193,49.685],[19.276,49.678],[19.288,49.685],[19.314,49.676],[19.365,49.684],[19.499,49.67],[19.56,49.686],[19.536,49.716],[19.543,49.725],[19.532,49.74],[19.541,49.748],[19.545,49.77],[19.531,49.779],[19.558,49.816],[19.553,49.854],[19.535,49.868],[19.535,49.885],[19.547,49.897],[19.546,49.93],[19.539,49.936],[19.545,49.951],[19.539,49.967],[19.51,49.978],[19.48,49.977],[19.461,49.962],[19.329,49.979],[19.299,49.975],[19.288,49.986],[19.251,49.98],[19.234,49.967],[19.177,49.973],[19.148,49.963],[19.115,49.967],[19.102,49.959],[19.019,49.981],[18.995,49.977],[18.993,49.966],[18.927,49.966],[18.88,49.981],[18.839,49.975],[18.813,49.988],[18.762,49.988],[18.75,49.994],[18.754,50.004],[18.729,50.012],[18.649,50.016],[18.627,50.042],[18.541,50.045],[18.541,50.038],[18.509,50.022],[18.5,50.007],[18.506,50.004],[18.482,49.982],[18.491,49.972],[18.484,49.965],[18.501,49.951],[18.522,49.949],[18.516,49.926],[18.544,49.918],[18.55,49.909],[18.6,49.903],[18.6,49.868],[18.567,49.859],[18.585,49.85],[18.583,49.834],[18.546,49.839],[18.537,49.833],[18.517,49.842],[18.495,49.837],[18.432,49.885],[18.432,49.892],[18.403,49.905],[18.311,49.918],[18.255,49.919],[18.241,49.906],[18.222,49.911],[18.217,49.922],[18.2,49.915],[18.101,49.921],[18.083,49.913],[18.103,49.902],[18.103,49.893],[18.079,49.894],[18.077,49.727]]]}},{"type":"Feature","properties":{},"geometry":{"type":"Polygon","coordinates":[[[18.107,46.038],[18.108,46.005],[18.258,46.006],[18.292,46.024],[18.292,46.015],[18.368,46.044],[18.369,46.081],[18.335,46.087],[18.336,46.133],[18.313,46.133],[18.313,46.141],[18.207,46.141],[18.206,46.131],[18.107,46.088],[18.107,46.038]]]}},{"type":"Feature","properties":{},"geometry":{"type":"Polygon","coordinates":[[[18.305,47.137],[18.316,47.137],[18.316,47.108],[18.405,47.108],[18.501,47.174],[18.501,47.204],[18.489,47.204],[18.49,47.22],[18.458,47.225],[18.305,47.226],[18.305,47.137]]]}},{"type":"Feature","properties":{},"geometry":{"type":"Polygon","coordinates":[[[18.552,45.52],[18.633,45.52],[18.701,45.508],[18.721,45.521],[18.755,45.521],[18.772,45.545],[18.772,45.563],[18.767,45.574],[18.663,45.593],[18.636,45.584],[18.555,45.583],[18.552,45.52]]]}},{"type":"Feature","properties":{},"geometry":{"type":"Polygon","coordinates":[[[18.681,49.204],[18.692,49.193],[18.689,49.175],[18.715,49.164],[18.784,49.177],[18.82,49.207],[18.806,49.215],[18.81,49.224],[18.784,49.253],[18.726,49.264],[18.688,49.247],[18.689,49.228],[18.715,49.227],[18.681,49.204]],[[18.719,49.212],[18.73,49.224],[18.739,49.213],[18.733,49.204],[18.719,49.212]]]}},{"type":"Feature","properties":{},"geometry":{"type":"Polygon","coordinates":[[[18.848,47.472],[18.854,47.471],[18.855,47.344],[18.876,47.344],[18.876,47.288],[18.885,47.263],[18.993,47.26],[19.068,47.248],[19.081,47.256],[19.096,47.254],[19.096,47.262],[19.115,47.262],[19.116,47.271],[19.135,47.276],[19.258,47.285],[19.263,47.303],[19.271,47.303],[19.277,47.341],[19.271,47.343],[19.328,47.343],[19.328,47.366],[19.373,47.371],[19.41,47.388],[19.405,47.408],[19.411,47.428],[19.402,47.428],[19.41,47.531],[19.402,47.538],[19.407,47.614],[19.394,47.631],[19.369,47.64],[19.339,47.666],[19.339,47.682],[19.324,47.691],[19.324,47.717],[19.21,47.716],[19.197,47.729],[19.2,47.765],[19.188,47.778],[19.123,47.791],[19.052,47.78],[19.032,47.769],[19.023,47.726],[19.026,47.7],[19.005,47.684],[18.905,47.673],[18.884,47.662],[18.875,47.619],[18.88,47.588],[18.859,47.575],[18.855,47.558],[18.877,47.553],[18.88,47.5],[18.855,47.501],[18.855,47.473],[18.848,47.472]],[[18.918,47.519],[18.923,47.548],[18.938,47.554],[18.982,47.551],[19.002,47.513],[18.99,47.501],[18.938,47.501],[18.921,47.503],[18.927,47.513],[18.918,47.519]]]}},{"type":"Feature","properties":{},"geometry":{"type":"Polygon","coordinates":[[[18.887,46.928],[18.972,46.928],[18.972,47.009],[18.887,47.01],[18.887,46.928]]]}},{"type":"Feature","properties":{},"geometry":{"type":"Polygon","coordinates":[[[19.076,48.728],[19.097,48.708],[19.091,48.702],[19.112,48.686],[19.141,48.683],[19.167,48.696],[19.164,48.703],[19.173,48.703],[19.179,48.722],[19.207,48.728],[19.214,48.763],[19.201,48.763],[19.205,48.77],[19.177,48.781],[19.105,48.77],[19.076,48.728]]]}},{"type":"Feature","properties":{},"geometry":{"type":"Polygon","coordinates":[[[19.547,46.861],[19.807,46.861],[19.807,46.956],[19.547,46.956],[19.547,46.861]]]}},{"type":"Feature","properties":{},"geometry":{"type":"Polygon","coordinates":[[[19.589,46.107],[19.606,46.097],[19.606,46.089],[19.635,46.077],[19.635,46.069],[19.62,46.066],[19.635,46.062],[19.639,46.05],[19.664,46.034],[19.698,46.03],[19.698,46.046],[19.714,46.058],[19.704,46.081],[19.715,46.084],[19.714,46.091],[19.686,46.088],[19.672,46.102],[19.672,46.113],[19.69,46.126],[19.677,46.144],[19.589,46.107]]]}},{"type":"Feature","properties":{},"geometry":{"type":"Polygon","coordinates":[[[19.672,45.229],[19.789,45.219],[19.793,45.228],[19.811,45.228],[19.817,45.219],[19.869,45.209],[19.903,45.235],[19.891,45.279],[19.862,45.288],[19.854,45.296],[19.856,45.307],[19.804,45.316],[19.738,45.261],[19.672,45.257],[19.672,45.229]]]}},{"type":"Feature","properties":{},"geometry":{"type":"Polygon","coordinates":[[[19.778,49.689],[19.795,49.688],[19.789,49.664],[19.797,49.661],[19.785,49.624],[19.797,49.622],[19.786,49.616],[19.785,49.579],[19.796,49.577],[19.789,49.556],[19.795,49.554],[19.785,49.548],[19.784,49.531],[19.793,49.517],[19.782,49.511],[19.784,49.497],[19.793,49.491],[19.793,49.471],[19.821,49.456],[19.823,49.448],[19.862,49.44],[19.865,49.408],[19.874,49.407],[19.873,49.372],[19.887,49.368],[19.885,49.351],[19.893,49.335],[19.928,49.313],[20.014,49.303],[20.032,49.305],[20.039,49.323],[20.064,49.327],[20.065,49.334],[20.056,49.336],[20.094,49.358],[20.099,49.413],[20.112,49.419],[20.117,49.433],[20.12,49.465],[20.102,49.469],[20.098,49.478],[20.128,49.498],[20.127,49.601],[20.095,49.618],[20.11,49.625],[20.113,49.642],[20.094,49.664],[20.123,49.677],[20.117,49.686],[20.102,49.681],[20.115,49.716],[20.062,49.715],[20.02,49.702],[19.976,49.71],[19.962,49.703],[19.94,49.715],[19.895,49.718],[19.867,49.708],[19.803,49.712],[19.782,49.706],[19.778,49.689]]]}},{"type":"Feature","properties":{},"geometry":{"type":"Polygon","coordinates":[[[19.957,49.972],[20.105,49.964],[20.123,49.994],[20.072,50.012],[20.047,49.987],[19.986,49.983],[19.957,49.972]]]}},{"type":"Feature","properties":{},"geometry":{"type":"Polygon","coordinates":[[[20.382,38.146],[20.448,38.152],[20.454,38.203],[20.428,38.205],[20.389,38.175],[20.382,38.146]]]}},{"type":"Feature","properties":{},"geometry":{"type":"Polygon","coordinates":[[[20.458,38.187],[20.469,38.168],[20.465,38.154],[20.487,38.117],[20.516,38.09],[20.579,38.085],[20.62,38.106],[20.602,38.112],[20.579,38.15],[20.586,38.155],[20.524,38.197],[20.462,38.2],[20.458,38.187]]]}},{"type":"Feature","properties":{},"geometry":{"type":"Polygon","coordinates":[[[20.608,37.815],[20.645,37.812],[20.678,37.795],[20.713,37.729],[20.741,37.724],[20.759,37.711],[20.72,37.71],[20.741,37.707],[20.783,37.664],[20.827,37.636],[20.849,37.644],[20.83,37.664],[20.882,37.724],[20.884,37.742],[20.875,37.765],[20.895,37.757],[20.896,37.732],[20.962,37.722],[20.974,37.711],[20.941,37.71],[20.977,37.692],[20.992,37.695],[20.984,37.7],[20.991,37.716],[20.984,37.718],[20.987,37.731],[20.967,37.734],[20.966,37.75],[20.95,37.769],[20.918,37.78],[20.912,37.789],[20.917,37.808],[20.895,37.827],[20.797,37.842],[20.761,37.84],[20.742,37.854],[20.717,37.885],[20.722,37.927],[20.706,37.943],[20.695,37.944],[20.642,37.913],[20.619,37.887],[20.61,37.849],[20.616,37.833],[20.608,37.828],[20.608,37.815]]]}},{"type":"Feature","properties":{},"geometry":{"type":"Polygon","coordinates":[[[20.774,39.71],[20.79,39.7],[20.777,39.695],[20.783,39.653],[20.807,39.64],[20.82,39.62],[20.849,39.61],[20.849,39.603],[20.82,39.599],[20.826,39.578],[20.93,39.579],[20.937,39.628],[20.917,39.653],[20.899,39.648],[20.896,39.678],[20.88,39.687],[20.874,39.703],[20.82,39.709],[20.833,39.695],[20.83,39.685],[20.808,39.696],[20.807,39.718],[20.779,39.723],[20.774,39.71]]]}},{"type":"Feature","properties":{},"geometry":{"type":"Polygon","coordinates":[[[21.187,38.329],[21.198,38.303],[21.226,38.325],[21.256,38.335],[21.256,38.356],[21.276,38.374],[21.331,38.391],[21.334,38.432],[21.364,38.435],[21.379,38.407],[21.404,38.391],[21.421,38.384],[21.444,38.394],[21.447,38.366],[21.462,38.36],[21.488,38.328],[21.488,38.3],[21.513,38.302],[21.524,38.314],[21.576,38.329],[21.585,38.344],[21.606,38.342],[21.642,38.359],[21.684,38.346],[21.713,38.366],[21.738,38.357],[21.75,38.384],[21.738,38.418],[21.705,38.44],[21.702,38.464],[21.709,38.497],[21.698,38.533],[21.708,38.596],[21.705,38.71],[21.308,38.705],[21.298,38.704],[21.296,38.696],[21.281,38.706],[21.195,38.707],[21.191,38.502],[21.199,38.483],[21.187,38.329]],[[21.318,38.603],[21.318,38.613],[21.355,38.61],[21.363,38.616],[21.377,38.599],[21.329,38.595],[21.318,38.603]]]}},{"type":"Feature","properties":{},"geometry":{"type":"Polygon","coordinates":[[[21.508,39.759],[21.6,39.688],[21.658,39.69],[21.66,39.741],[21.621,39.812],[21.519,39.817],[21.51,39.788],[21.517,39.778],[21.508,39.759]]]}},{"type":"Feature","properties":{},"geometry":{"type":"Polygon","coordinates":[[[21.537,37.039],[21.54,37.029],[21.562,37.028],[21.57,37.048],[21.588,37.038],[21.611,37.006],[21.635,36.996],[21.646,36.965],[21.644,36.943],[21.655,36.91],[21.671,36.895],[21.68,36.835],[21.693,36.815],[21.68,36.744],[21.684,36.729],[21.709,36.727],[21.717,36.751],[21.728,36.756],[21.73,36.742],[21.742,36.738],[21.742,36.706],[21.785,36.69],[21.789,36.718],[21.805,36.72],[21.796,36.753],[21.73,36.773],[21.736,36.788],[21.746,36.789],[21.752,36.776],[21.764,36.775],[21.787,36.791],[21.811,36.795],[21.822,36.765],[21.856,36.742],[21.875,36.707],[21.872,36.685],[21.907,36.683],[21.893,36.719],[21.942,36.751],[21.948,36.776],[21.973,36.784],[21.973,36.806],[21.948,36.816],[21.934,36.87],[21.948,36.963],[21.94,36.973],[21.942,36.98],[22.018,37.009],[22.018,37.086],[22.026,37.083],[22.037,37.054],[22.026,37.052],[22.021,37.02],[22.076,37.028],[22.077,37.034],[22.085,37.026],[22.076,37.027],[22.076,37.018],[22.143,37.009],[22.135,36.939],[22.126,36.937],[22.118,36.906],[22.155,36.886],[22.184,36.881],[22.199,36.89],[22.214,36.884],[22.214,36.899],[22.231,36.903],[22.235,36.932],[22.198,36.935],[22.197,36.946],[22.224,36.971],[22.227,37.02],[22.217,37.042],[22.227,37.051],[22.223,37.065],[22.21,37.066],[22.206,37.079],[22.227,37.112],[22.229,37.212],[22.209,37.236],[22.192,37.239],[22.183,37.229],[22.172,37.239],[22.128,37.241],[22.043,37.236],[22.043,37.213],[21.999,37.206],[21.985,37.212],[21.936,37.206],[21.93,37.237],[21.904,37.238],[21.901,37.226],[21.889,37.226],[21.889,37.238],[21.698,37.238],[21.677,37.23],[21.679,37.214],[21.643,37.211],[21.588,37.223],[21.57,37.204],[21.557,37.166],[21.568,37.074],[21.537,37.068],[21.537,37.039]]]}},{"type":"Feature","properties":{},"geometry":{"type":"Polygon","coordinates":[[[21.621,38.157],[21.639,38.141],[21.768,38.183],[21.772,38.193],[21.796,38.205],[21.793,38.216],[21.778,38.217],[21.779,38.226],[21.802,38.221],[21.826,38.241],[21.864,38.276],[21.864,38.302],[21.826,38.328],[21.785,38.321],[21.785,38.348],[21.747,38.348],[21.747,38.32],[21.765,38.313],[21.725,38.261],[21.708,38.222],[21.688,38.208],[21.672,38.178],[21.621,38.157]]]}},{"type":"Feature","properties":{},"geometry":{"type":"Polygon","coordinates":[[[21.712,39.559],[21.738,39.527],[21.743,39.531],[21.779,39.515],[21.804,39.521],[21.824,39.552],[21.817,39.552],[21.808,39.572],[21.765,39.589],[21.743,39.59],[21.742,39.579],[21.713,39.573],[21.712,39.559]]]}},{"type":"Feature","properties":{},"geometry":{"type":"Polygon","coordinates":[[[21.971,38.968],[21.977,38.956],[21.977,38.79],[21.989,38.778],[21.985,38.756],[22.164,38.771],[22.246,38.759],[22.286,38.773],[22.334,38.818],[22.321,38.821],[22.346,38.836],[22.356,38.836],[22.372,38.821],[22.361,38.821],[22.364,38.816],[22.411,38.78],[22.478,38.783],[22.501,38.777],[22.511,38.779],[22.511,38.789],[22.538,38.79],[22.626,38.786],[22.639,38.796],[22.648,38.831],[22.63,38.831],[22.632,38.847],[22.614,38.842],[22.606,38.853],[22.587,38.851],[22.591,38.871],[22.578,38.877],[22.593,38.886],[22.552,38.905],[22.56,38.944],[22.635,38.935],[22.628,39.007],[22.556,39.015],[22.489,39.012],[22.435,39.007],[22.405,38.996],[22.398,39.013],[22.349,39.013],[22.243,39.031],[22.192,39.009],[22.039,39.007],[22.043,38.979],[22.034,38.978],[22.022,39.006],[21.977,39.01],[21.971,38.968]]]}},{"type":"Feature","properties":{},"geometry":{"type":"Polygon","coordinates":[[[22.327,39.541],[22.559,39.542],[22.559,39.679],[22.519,39.679],[22.519,39.706],[22.511,39.706],[22.511,39.679],[22.497,39.679],[22.497,39.706],[22.416,39.706],[22.39,39.683],[22.327,39.68],[22.327,39.541]],[[22.427,39.638],[22.452,39.671],[22.493,39.658],[22.489,39.646],[22.468,39.642],[22.466,39.63],[22.427,39.638]]]}},{"type":"Feature","properties":{},"geometry":{"type":"Polygon","coordinates":[[[22.883,39.358],[22.909,39.34],[22.944,39.339],[22.939,39.35],[22.952,39.337],[23.014,39.35],[23.015,39.381],[22.961,39.415],[22.897,39.412],[22.885,39.395],[22.89,39.373],[22.883,39.358]]]}},{"type":"Feature","properties":{},"geometry":{"type":"Polygon","coordinates":[[[23.478,37.966],[23.487,37.943],[23.541,37.911],[23.604,37.936],[23.629,37.917],[23.667,37.923],[23.682,37.918],[23.706,37.899],[23.719,37.864],[23.732,37.858],[23.721,37.834],[23.746,37.824],[23.747,37.804],[23.759,37.794],[23.82,37.787],[23.829,37.795],[23.833,37.822],[23.829,37.865],[23.801,37.881],[23.79,37.904],[23.774,37.898],[23.772,37.91],[23.787,37.91],[23.784,37.926],[23.825,37.98],[23.849,37.979],[23.858,37.988],[23.86,37.979],[23.905,37.992],[23.916,38.031],[23.887,38.063],[23.866,38.074],[23.871,38.086],[23.849,38.118],[23.912,38.127],[23.909,38.192],[23.854,38.205],[23.843,38.198],[23.795,38.204],[23.557,38.203],[23.546,38.138],[23.57,38.127],[23.711,38.125],[23.616,38.044],[23.622,38.033],[23.615,38.018],[23.604,38.015],[23.588,38.028],[23.498,37.993],[23.478,37.966]],[[23.518,37.984],[23.52,37.995],[23.546,37.999],[23.546,37.959],[23.527,37.958],[23.518,37.984]],[[23.553,37.996],[23.555,38.004],[23.597,38.005],[23.599,37.996],[23.588,37.993],[23.603,37.984],[23.601,37.958],[23.589,37.952],[23.575,37.959],[23.588,37.979],[23.563,37.983],[23.562,37.993],[23.553,37.996]],[[23.607,37.945],[23.608,37.952],[23.636,37.954],[23.622,37.941],[23.633,37.944],[23.633,37.931],[23.619,37.932],[23.607,37.945]],[[23.669,38.063],[23.677,38.081],[23.684,38.081],[23.688,38.071],[23.682,38.062],[23.669,38.063]],[[23.691,37.986],[23.7,37.993],[23.70342857142857,37.984],[23.703,37.984],[23.703,37.983],[23.703809523809525,37.983],[23.708,37.972],[23.696,37.971],[23.7,37.982],[23.691,37.986]],[[23.71,38.173],[23.729,38.178],[23.737,38.169],[23.71,38.173]],[[23.719,38.106],[23.719,38.114],[23.735,38.117],[23.74,38.129],[23.75,38.127],[23.746,38.106],[23.719,38.106]],[[23.759,38.119],[23.762,38.127],[23.791,38.124],[23.809,38.121],[23.811,38.113],[23.787,38.099],[23.766,38.099],[23.768,38.111],[23.759,38.119]],[[23.766,37.985],[23.781,38.007],[23.791,38.003],[23.787,37.982],[23.776,37.977],[23.766,37.985]],[[23.809,37.992],[23.81,38.003],[23.847,38.01],[23.846,38],[23.809,37.992]],[[23.838,38.153],[23.857,38.153],[23.843,38.142],[23.838,38.153]]]}},{"type":"Feature","properties":{},"geometry":{"type":"Polygon","coordinates":[[[23.503,35.282],[23.516,35.24],[23.542,35.232],[23.563,35.239],[23.567,35.215],[23.586,35.204],[23.641,35.2],[23.659,35.209],[23.66,35.196],[23.674,35.191],[23.689,35.196],[23.696,35.209],[23.752,35.211],[23.77,35.201],[23.829,35.22],[23.909,35.2],[23.916,35.222],[23.931,35.218],[23.951,35.297],[23.964,35.303],[23.979,35.297],[23.968,35.232],[23.982,35.219],[24.012,35.218],[24.039,35.19],[24.101,35.182],[24.151,35.191],[24.16,35.183],[24.181,35.182],[24.218,35.19],[24.237,35.179],[24.238,35.194],[24.259,35.214],[24.267,35.324],[24.247,35.354],[24.247,35.397],[24.234,35.399],[24.23,35.411],[24.226,35.439],[24.232,35.442],[24.192,35.446],[24.185,35.457],[24.134,35.457],[24.127,35.469],[24.067,35.475],[23.989,35.473],[23.947,35.458],[23.938,35.47],[23.91864705882353,35.47],[23.921,35.48],[23.946,35.477],[23.946,35.489],[23.957,35.489],[23.954,35.474],[24.037,35.481],[24.026,35.491],[24.044,35.494],[24.042,35.505],[24.049,35.508],[24.055,35.5],[24.086,35.518],[24.097,35.514],[24.103,35.529],[23.916,35.532],[23.871,35.529],[23.871,35.514],[23.831,35.513],[23.774,35.532],[23.774,35.557],[23.788,35.558],[23.787,35.61],[23.776,35.649],[23.784,35.671],[23.746,35.704],[23.733,35.705],[23.7,35.664],[23.696,35.636],[23.699,35.593],[23.717,35.542],[23.713,35.517],[23.656,35.509],[23.645,35.529],[23.623,35.528],[23.619,35.616],[23.599,35.651],[23.567,35.653],[23.579,35.626],[23.567,35.622],[23.563,35.607],[23.573,35.564],[23.552,35.5],[23.557,35.492],[23.545,35.433],[23.556,35.414],[23.534,35.395],[23.533,35.378],[23.522,35.366],[23.524,35.309],[23.504,35.294],[23.503,35.282]]]}},{"type":"Feature","properties":{},"geometry":{"type":"Polygon","coordinates":[[[23.537,38.461],[23.557,38.427],[23.595,38.42],[23.604,38.432],[23.625,38.42],[23.673,38.466],[23.67,38.473],[23.656,38.47],[23.663,38.478],[23.654,38.492],[23.629,38.492],[23.616,38.457],[23.608,38.47],[23.584,38.476],[23.557,38.498],[23.549,38.491],[23.562,38.489],[23.556,38.471],[23.553,38.476],[23.538,38.47],[23.537,38.461]]]}},{"type":"Feature","properties":{},"geometry":{"type":"Polygon","coordinates":[[[24.409,35.358],[24.425,35.334],[24.53,35.324],[24.548,35.331],[24.631,35.315],[24.646,35.391],[24.608,35.405],[24.493,35.378],[24.468,35.383],[24.472,35.366],[24.443,35.361],[24.442,35.378],[24.423,35.379],[24.409,35.358]]]}},{"type":"Feature","properties":{},"geometry":{"type":"Polygon","coordinates":[[[24.979,35.324],[24.982,35.247],[24.991,35.234],[24.984,35.224],[24.986,35.196],[25.28,35.194],[25.302,35.196],[25.302,35.212],[25.323,35.223],[25.323,35.305],[25.311,35.307],[25.31,35.317],[25.278,35.316],[25.267,35.339],[25.24,35.331],[25.247,35.317],[25.275,35.314],[25.273,35.301],[25.255,35.299],[25.24,35.313],[25.211,35.314],[25.21,35.305],[25.15,35.29],[25.148,35.296],[25.126,35.295],[25.068,35.317],[25.053,35.312],[25.031,35.321],[25.019,35.336],[25.023,35.349],[25.013,35.382],[25.008,35.39],[24.994,35.391],[24.979,35.324]]]}},{"type":"Feature","properties":{},"geometry":{"type":"Polygon","coordinates":[[[14.951,50.789],[14.952,50.73],[15.016,50.724],[15.032,50.73],[15.233,50.731],[15.233,50.776],[15.141,50.814],[14.978,50.816],[14.951,50.802],[14.951,50.789]]]}},{"type":"Feature","properties":{},"geometry":{"type":"Polygon","coordinates":[[[15.439,51.954],[15.441,51.925],[15.463,51.908],[15.525,51.891],[15.576,51.923],[15.585,51.948],[15.58,51.967],[15.561,51.988],[15.53,51.99],[15.471,51.977],[15.441,51.962],[15.439,51.954]]]}},{"type":"Feature","properties":{},"geometry":{"type":"Polygon","coordinates":[[[15.45,54.141],[15.473,54.127],[15.564,54.117],[15.667,54.152],[15.679,54.165],[15.675,54.177],[15.635,54.184],[15.466,54.157],[15.45,54.141]]]}},{"type":"Feature","properties":{},"geometry":{"type":"Polygon","coordinates":[[[15.667,50.006],[15.672,49.991],[15.683,49.986],[15.885,49.994],[15.893,50.017],[15.889,50.077],[15.728,50.092],[15.673,50.087],[15.667,50.006]]]}},{"type":"Feature","properties":{},"geometry":{"type":"Polygon","coordinates":[[[15.75,50.199],[15.776,50.181],[15.818,50.171],[15.86,50.18],[15.874,50.174],[15.892,50.187],[15.886,50.207],[15.9,50.228],[15.888,50.229],[15.892,50.239],[15.881,50.264],[15.86,50.262],[15.846,50.24],[15.822,50.252],[15.818,50.244],[15.783,50.237],[15.78,50.227],[15.767,50.231],[15.75,50.199]]]}},{"type":"Feature","properties":{},"geometry":{"type":"Polygon","coordinates":[[[16.024,51.644],[16.039,51.638],[16.044,51.627],[16.085,51.627],[16.085,51.621],[16.106,51.619],[16.142,51.634],[16.158,51.67],[16.146,51.679],[16.05,51.692],[16.03,51.677],[16.024,51.644]]]}},{"type":"Feature","properties":{},"geometry":{"type":"Polygon","coordinates":[[[16.102,51.19],[16.113,51.185],[16.117,51.193],[16.125,51.185],[16.122,51.165],[16.142,51.157],[16.181,51.159],[16.234,51.174],[16.243,51.197],[16.238,51.196],[16.252,51.212],[16.231,51.237],[16.213,51.234],[16.213,51.241],[16.146,51.247],[16.118,51.237],[16.113,51.224],[16.12,51.224],[16.111,51.22],[16.113,51.209],[16.102,51.202],[16.102,51.19]]]}},{"type":"Feature","properties":{},"geometry":{"type":"Polygon","coordinates":[[[16.117,54.19],[16.139,54.162],[16.133,54.154],[16.198,54.138],[16.225,54.152],[16.246,54.147],[16.26,54.153],[16.268,54.193],[16.217,54.236],[16.206,54.237],[16.139,54.223],[16.117,54.19]]]}},{"type":"Feature","properties":{},"geometry":{"type":"Polygon","coordinates":[[[16.127,51.391],[16.135,51.375],[16.158,51.364],[16.212,51.351],[16.26,51.374],[16.269,51.394],[16.254,51.408],[16.256,51.424],[16.243,51.427],[16.242,51.437],[16.202,51.451],[16.155,51.426],[16.127,51.391]]]}},{"type":"Feature","properties":{},"geometry":{"type":"Polygon","coordinates":[[[16.201,50.777],[16.206,50.749],[16.221,50.732],[16.217,50.722],[16.235,50.707],[16.276,50.697],[16.317,50.718],[16.352,50.726],[16.317,50.73],[16.348,50.737],[16.366,50.75],[16.348,50.846],[16.352,50.868],[16.344,50.875],[16.348,50.886],[16.341,50.892],[16.305,50.887],[16.284,50.874],[16.28,50.862],[16.235,50.846],[16.231,50.824],[16.221,50.82],[16.225,50.81],[16.206,50.8],[16.201,50.777]]]}},{"type":"Feature","properties":{},"geometry":{"type":"Polygon","coordinates":[[[16.419,50.835],[16.444,50.822],[16.445,50.811],[16.477,50.801],[16.511,50.801],[16.543,50.811],[16.55,50.826],[16.561,50.83],[16.561,50.842],[16.53,50.873],[16.501,50.87],[16.469,50.88],[16.44,50.872],[16.419,50.835]]]}},{"type":"Feature","properties":{},"geometry":{"type":"Polygon","coordinates":[[[16.507,51.829],[16.522,51.808],[16.565,51.797],[16.621,51.811],[16.631,51.833],[16.643,51.836],[16.631,51.864],[16.606,51.888],[16.561,51.887],[16.53,51.873],[16.507,51.829]]]}},{"type":"Feature","properties":{},"geometry":{"type":"Polygon","coordinates":[[[16.69,53.14],[16.702,53.126],[16.76,53.112],[16.794,53.132],[16.802,53.143],[16.794,53.155],[16.806,53.161],[16.809,53.173],[16.798,53.176],[16.801,53.182],[16.764,53.191],[16.718,53.19],[16.696,53.171],[16.69,53.14]]]}},{"type":"Feature","properties":{},"geometry":{"type":"Polygon","coordinates":[[[16.813,51.138],[16.819,51.126],[16.865,51.101],[16.885,51.024],[16.886,51.093],[16.905,51.019],[17.204,51.018],[17.209,51.185],[17.177,51.185],[17.202,51.159],[17.202,51.147],[17.192,51.147],[17.18,51.112],[17.167,51.102],[17.163,51.085],[17.13,51.038],[17.088,51.028],[17.111,51.038],[17.148,51.102],[17.157,51.105],[17.17,51.144],[17.183,51.147],[17.183,51.159],[17.161,51.184],[17.119,51.191],[16.908,51.187],[16.913,51.186],[16.905,51.18],[16.906,51.186],[16.843,51.187],[16.848,51.17],[16.819,51.152],[16.813,51.138]],[[16.857,51.11],[16.861,51.116],[16.907,51.105],[16.909,51.097],[16.886,51.096],[16.857,51.11]]]}},{"type":"Feature","properties":{},"geometry":{"type":"Polygon","coordinates":[[[16.849,52.374],[16.852,52.346],[16.886,52.345],[16.886,52.36],[16.988,52.359],[16.994,52.368],[17.012,52.359],[17.041,52.359],[17.043,52.494],[16.85,52.493],[16.849,52.374]]]}},{"type":"Feature","properties":{},"geometry":{"type":"Polygon","coordinates":[[[17.53,52.527],[17.533,52.51],[17.548,52.51],[17.545,52.502],[17.567,52.489],[17.601,52.488],[17.637,52.5],[17.637,52.512],[17.666,52.54],[17.654,52.569],[17.6,52.58],[17.56,52.567],[17.582,52.55],[17.563,52.545],[17.562,52.535],[17.537,52.535],[17.53,52.527]]]}},{"type":"Feature","properties":{},"geometry":{"type":"Polygon","coordinates":[[[17.75,51.63],[17.769,51.619],[17.754,51.615],[17.768,51.604],[17.832,51.593],[17.85,51.609],[17.853,51.624],[17.867,51.629],[17.871,51.671],[17.775,51.683],[17.754,51.652],[17.75,51.63]]]}},{"type":"Feature","properties":{},"geometry":{"type":"Polygon","coordinates":[[[17.758,50.158],[17.769,50.149],[17.766,50.067],[17.773,50.049],[17.768,50.044],[17.775,50.041],[17.761,50.026],[17.772,50.012],[17.764,50.007],[17.766,49.966],[17.773,49.964],[17.766,49.938],[18.515,49.935],[18.52,49.947],[18.487,49.957],[18.491,49.972],[18.482,49.982],[18.495,49.999],[18.502,49.998],[18.509,50.022],[18.522,50.033],[18.538,50.034],[18.541,50.045],[18.597,50.039],[18.627,50.046],[18.642,50.022],[18.674,50.012],[18.728,50.01],[18.741,50.029],[18.734,50.031],[18.747,50.03],[18.758,50.054],[18.721,50.08],[18.688,50.084],[18.689,50.111],[18.696,50.116],[18.684,50.124],[18.695,50.146],[18.684,50.166],[18.692,50.181],[18.688,50.202],[18.875,50.198],[18.876,50.154],[18.947,50.083],[19.005,50.069],[19.116,50.071],[19.118,50.173],[19.12,50.186],[19.133,50.188],[19.135,50.196],[19.214,50.196],[19.218,50.202],[19.214,50.193],[19.223,50.18],[19.238,50.176],[19.238,50.169],[19.254,50.173],[19.258,50.162],[19.308,50.179],[19.313,50.193],[19.344,50.196],[19.344,50.38],[19.135,50.379],[19.064,50.39],[19.05,50.401],[19.027,50.392],[19.016,50.396],[19.015,50.405],[18.998,50.403],[18.997,50.435],[18.832,50.435],[18.835,50.381],[18.826,50.379],[18.66,50.372],[18.555,50.378],[18.553,50.322],[18.609,50.28],[18.63,50.281],[18.634,50.261],[18.73,50.251],[18.596,50.253],[18.587,50.248],[18.585,50.23],[17.779,50.229],[17.762,50.223],[17.77,50.206],[17.758,50.194],[17.768,50.168],[17.758,50.158]]]}},{"type":"Feature","properties":{},"geometry":{"type":"Polygon","coordinates":[[[17.84,50.665],[17.876,50.639],[17.912,50.642],[17.971,50.632],[18.007,50.642],[18.019,50.679],[17.996,50.703],[17.887,50.711],[17.858,50.698],[17.84,50.665]]]}},{"type":"Feature","properties":{},"geometry":{"type":"Polygon","coordinates":[[[17.861,53.135],[17.871,53.118],[17.875,53.081],[18.071,53.075],[18.086,53.081],[18.088,53.093],[18.126,53.089],[18.143,53.098],[18.155,53.114],[18.204,53.139],[18.213,53.158],[18.196,53.171],[18.192,53.212],[18.063,53.213],[17.953,53.19],[17.916,53.179],[17.917,53.17],[17.871,53.166],[17.861,53.135]]]}},{"type":"Feature","properties":{},"geometry":{"type":"Polygon","coordinates":[[[18.002,51.733],[18.033,51.718],[18.108,51.707],[18.122,51.726],[18.143,51.736],[18.137,51.748],[18.158,51.767],[18.158,51.782],[18.147,51.787],[18.149,51.798],[18.118,51.807],[18.059,51.798],[18.024,51.782],[18.002,51.733]]]}},{"type":"Feature","properties":{},"geometry":{"type":"Polygon","coordinates":[[[18.193,52.21],[18.203,52.203],[18.204,52.185],[18.241,52.176],[18.283,52.191],[18.321,52.222],[18.333,52.242],[18.313,52.268],[18.258,52.275],[18.225,52.264],[18.211,52.23],[18.196,52.229],[18.193,52.21]]]}},{"type":"Feature","properties":{},"geometry":{"type":"Polygon","coordinates":[[[18.196,52.777],[18.207,52.77],[18.203,52.762],[18.213,52.752],[18.274,52.745],[18.288,52.756],[18.289,52.745],[18.326,52.765],[18.343,52.797],[18.339,52.81],[18.315,52.828],[18.239,52.83],[18.214,52.814],[18.215,52.799],[18.207,52.798],[18.196,52.777]]]}},{"type":"Feature","properties":{},"geometry":{"type":"Polygon","coordinates":[[[18.351,54.583],[18.375,54.519],[18.417,54.519],[18.45,54.533],[18.491,54.523],[18.504,54.527],[18.506,54.522],[18.487,54.517],[18.478,54.504],[18.434,54.501],[18.376,54.511],[18.384,54.493],[18.53,54.419],[18.535,54.317],[18.546,54.304],[18.572,54.299],[18.572,54.313],[18.63,54.314],[18.63,54.289],[18.651,54.293],[18.655,54.307],[18.667,54.313],[18.759,54.317],[18.755,54.356],[18.761,54.357],[18.754,54.385],[18.741,54.386],[18.741,54.413],[18.669,54.42],[18.677,54.412],[18.669,54.406],[18.66,54.409],[18.655,54.423],[18.629,54.421],[18.59,54.444],[18.574,54.471],[18.581,54.492],[18.571,54.511],[18.579,54.551],[18.56,54.548],[18.563,54.536],[18.522,54.53],[18.504,54.537],[18.521772727272726,54.53931818181818],[18.524,54.539],[18.524,54.53960869565218],[18.55,54.543],[18.552,54.551],[18.537,54.565],[18.561,54.574],[18.546,54.598],[18.526,54.598],[18.538,54.587],[18.53,54.566],[18.513,54.566],[18.498,54.578],[18.495,54.59],[18.516,54.591],[18.52,54.598],[18.449,54.599],[18.45,54.59],[18.435,54.587],[18.432,54.599],[18.351,54.601],[18.351,54.583]],[[18.441,54.573],[18.458,54.577],[18.478,54.566],[18.457,54.563],[18.441,54.573]]]}},{"type":"Feature","properties":{},"geometry":{"type":"Polygon","coordinates":[[[18.471,53.942],[18.509,53.926],[18.546,53.925],[18.563,53.937],[18.561,53.944],[18.57,53.944],[18.564,53.951],[18.583,53.976],[18.541,54.002],[18.509,54.003],[18.484,53.978],[18.489,53.967],[18.471,53.942]]]}},{"type":"Feature","properties":{},"geometry":{"type":"Polygon","coordinates":[[[18.693,53.462],[18.697,53.45],[18.726,53.44],[18.783,53.446],[18.785,53.458],[18.809,53.462],[18.82,53.473],[18.825,53.492],[18.818,53.504],[18.832,53.512],[18.833,53.521],[18.822,53.523],[18.817,53.535],[18.776,53.536],[18.777,53.531],[18.71,53.517],[18.697,53.498],[18.712,53.498],[18.697,53.485],[18.703,53.469],[18.693,53.462]]]}},{"type":"Feature","properties":{},"geometry":{"type":"Polygon","coordinates":[[[18.712,54.073],[18.722,54.055],[18.817,54.049],[18.831,54.052],[18.855,54.086],[18.837,54.116],[18.804,54.128],[18.806,54.136],[18.772,54.14],[18.743,54.128],[18.712,54.073]]]}},{"type":"Feature","properties":{},"geometry":{"type":"Polygon","coordinates":[[[18.866,50.724],[18.872,50.707],[18.89,50.706],[18.873,50.697],[18.877,50.684],[18.902,50.678],[18.896,50.67],[18.947,50.658],[18.951,50.645],[18.972,50.642],[18.975,50.626],[18.997,50.629],[18.997,50.617],[18.98,50.615],[18.982,50.599],[18.973,50.594],[18.972,50.471],[19.2,50.473],[19.24,50.465],[19.328,50.48],[19.398,50.473],[19.424,50.486],[19.42,50.51],[19.442,50.541],[19.439,50.561],[19.418,50.567],[19.432,50.573],[19.422,50.583],[19.431,50.587],[19.438,50.629],[19.431,50.669],[19.436,50.681],[19.418,50.684],[19.424,50.709],[19.418,50.717],[19.435,50.718],[19.435,50.727],[18.869,50.73],[18.866,50.724]]]}},{"type":"Feature","properties":{},"geometry":{"type":"Polygon","coordinates":[[[18.975,54.037],[19.001,54.008],[19.065,54.005],[19.072,54.014],[19.065,54.017],[19.068,54.038],[19.087,54.049],[19.078,54.079],[19.048,54.081],[18.999,54.066],[18.975,54.037]]]}},{"type":"Feature","properties":{},"geometry":{"type":"Polygon","coordinates":[[[18.997,52.624],[19.075,52.616],[19.126,52.635],[19.144,52.652],[19.144,52.661],[19.098,52.679],[19.039,52.686],[19.002,52.654],[18.997,52.624]]]}},{"type":"Feature","properties":{},"geometry":{"type":"Polygon","coordinates":[[[19.021,50.835],[19.042,50.809],[19.035,50.806],[19.048,50.793],[19.046,50.782],[19.056,50.782],[19.068,50.761],[19.156,50.74],[19.155,50.747],[19.184,50.744],[19.204,50.769],[19.2,50.814],[19.192,50.815],[19.177,50.852],[19.168,50.855],[19.171,50.861],[19.122,50.868],[19.087,50.856],[19.039,50.855],[19.028,50.841],[19.034,50.84],[19.021,50.835]]]}},{"type":"Feature","properties":{},"geometry":{"type":"Polygon","coordinates":[[[19.14,51.448],[19.156,51.358],[19.152,51.262],[19.196,51.25],[19.188,51.228],[19.156,51.224],[19.148,51.159],[19.148,51.145],[19.157,51.141],[19.151,51.122],[19.157,51.099],[19.152,50.988],[19.24,50.972],[19.373,50.978],[19.44,50.973],[19.465,50.982],[19.524,50.969],[19.578,50.975],[19.59,50.986],[19.613,50.99],[19.605,51.059],[19.611,51.091],[19.605,51.097],[19.615,51.134],[19.606,51.169],[19.612,51.194],[19.601,51.212],[19.606,51.267],[19.613,51.277],[19.604,51.366],[19.609,51.404],[19.602,51.414],[19.611,51.449],[19.604,51.479],[19.611,51.567],[19.605,51.597],[19.558,51.611],[19.51,51.605],[19.433,51.619],[19.409,51.613],[19.167,51.609],[19.149,51.598],[19.156,51.587],[19.148,51.556],[19.185,51.567],[19.218,51.545],[19.204,51.54],[19.152,51.551],[19.152,51.471],[19.14,51.448]]]}},{"type":"Feature","properties":{},"geometry":{"type":"Polygon","coordinates":[[[19.146,50.016],[19.271,50.011],[19.297,50.024],[19.318,50.052],[19.271,50.056],[19.164,50.044],[19.146,50.016]]]}},{"type":"Feature","properties":{},"geometry":{"type":"Polygon","coordinates":[[[19.247,51.854],[19.252,51.709],[19.267,51.633],[19.3,51.633],[19.314,51.623],[19.372,51.626],[19.381,51.633],[19.619,51.633],[19.788,51.642],[19.696,51.833],[19.69,51.843],[19.687,51.826],[19.66,51.881],[19.454,51.878],[19.466,51.891],[19.447,51.902],[19.436,51.896],[19.403,51.901],[19.396,51.893],[19.355,51.886],[19.358,51.881],[19.247,51.877],[19.247,51.854]]]}},{"type":"Feature","properties":{},"geometry":{"type":"Polygon","coordinates":[[[19.617,51.406],[19.635,51.39],[19.631,51.382],[19.69,51.375],[19.69,51.368],[19.698,51.369],[19.698,51.377],[19.712,51.375],[19.712,51.368],[19.729,51.379],[19.767,51.379],[19.77,51.388],[19.779,51.386],[19.782,51.402],[19.796,51.408],[19.782,51.427],[19.761,51.429],[19.763,51.436],[19.702,51.445],[19.681,51.44],[19.66,51.452],[19.648,51.451],[19.655,51.444],[19.635,51.417],[19.617,51.416],[19.617,51.406]]]}},{"type":"Feature","properties":{},"geometry":{"type":"Polygon","coordinates":[[[19.619,52.576],[19.634,52.555],[19.623,52.55],[19.624,52.531],[19.641,52.528],[19.653,52.516],[19.678,52.517],[19.733,52.501],[19.76,52.498],[19.789,52.506],[19.812,52.54],[19.807,52.551],[19.769,52.563],[19.769,52.575],[19.758,52.574],[19.748,52.586],[19.707,52.601],[19.638,52.604],[19.619,52.576]]]}},{"type":"Feature","properties":{},"geometry":{"type":"Polygon","coordinates":[[[19.819,50.049],[19.84,50.039],[19.845,49.995],[19.861,49.992],[19.874,49.971],[19.928,49.964],[19.994,49.983],[20.045,49.985],[20.061,49.994],[20.087,50.035],[20.132,50.052],[20.15,50.078],[20.132,50.09],[20.12,50.112],[20.102,50.118],[20.049,50.129],[19.917,50.129],[19.885,50.121],[19.866,50.1],[19.852,50.106],[19.85,50.095],[19.826,50.077],[19.819,50.049]]]}},{"type":"Feature","properties":{},"geometry":{"type":"Polygon","coordinates":[[[19.948,51.54],[19.965,51.504],[20.013,51.496],[20.024,51.503],[20.031,51.497],[20.067,51.508],[20.065,51.523],[20.082,51.527],[20.086,51.559],[20.029,51.577],[19.977,51.569],[19.966,51.546],[19.948,51.54]]]}},{"type":"Feature","properties":{},"geometry":{"type":"Polygon","coordinates":[[[-104.928,40.356],[-104.598,40.355],[-104.598,40.442],[-104.656,40.442],[-104.665,40.455],[-104.674,40.455],[-104.682,40.443],[-104.774,40.457],[-104.774,40.45],[-104.785,40.447],[-104.928,40.442],[-104.928,40.356]]]}},{"type":"Feature","properties":{},"geometry":{"type":"Polygon","coordinates":[[[-104.924,40.93],[-104.891,40.907],[-104.891,40.87],[-104.882,40.854],[-104.873,40.853],[-104.873,40.844],[-104.852,40.843],[-104.851,40.827],[-104.829,40.826],[-104.829,40.835],[-104.811,40.835],[-104.797,40.83],[-104.794,40.821],[-104.575,40.821],[-104.509,40.802],[-104.49,40.802],[-104.469,40.827],[-104.474,40.916],[-104.469,41.101],[-104.473,41.15],[-104.485,41.153],[-104.485,41.172],[-104.499,41.172],[-104.498,41.221],[-104.458,41.231],[-104.453,41.275],[-104.468,41.291],[-104.462,41.338],[-104.469,41.338],[-104.461,41.344],[-104.462,41.355],[-104.479,41.392],[-104.494,41.491],[-104.524,41.526],[-104.543,41.538],[-104.588,41.54],[-104.604,41.537],[-104.63,41.509],[-104.646,41.511],[-104.663,41.534],[-104.698,41.545],[-104.782,41.534],[-104.833,41.541],[-104.902,41.516],[-104.919,41.498],[-104.906,41.487],[-104.921,41.482],[-104.915,41.445],[-104.921,41.338],[-104.906,41.309],[-104.882,41.296],[-104.895,41.283],[-104.885,41.25],[-104.886,41.121],[-104.911,41.108],[-104.882,41.09],[-104.877,41.066],[-104.884,41.064],[-104.882,41.037],[-104.899,41.021],[-104.891,41.009],[-104.915,40.972],[-104.924,40.93]]]}},{"type":"Feature","properties":{},"geometry":{"type":"Polygon","coordinates":[[[-104.794,44.577],[-104.637,44.577],[-104.637,44.6],[-104.794,44.6],[-104.794,44.577]]]}},{"type":"Feature","properties":{},"geometry":{"type":"Polygon","coordinates":[[[-103.635,43.72],[-103.564,43.72],[-103.565,43.83],[-103.313,43.831],[-103.313,43.87],[-103.265,43.867],[-103.101,43.882],[-102.975,43.87],[-102.958,43.892],[-102.942,43.948],[-102.95,44.446],[-102.976,44.463],[-103.093,44.467],[-103.142,44.478],[-103.207,44.465],[-103.368,44.461],[-103.359,44.411],[-103.361,44.392],[-103.372,44.381],[-103.368,44.215],[-103.374,44.205],[-103.368,44.159],[-103.359,44.152],[-103.366,44.139],[-103.361,44.105],[-103.368,44.101],[-103.373,44.072],[-103.373,44.001],[-103.365,43.999],[-103.376,43.981],[-103.368,43.927],[-103.372,43.881],[-103.391,43.881],[-103.392,43.953],[-103.615,43.953],[-103.615,43.881],[-103.635,43.881],[-103.635,43.72]]]}},{"type":"Feature","properties":{},"geometry":{"type":"Polygon","coordinates":[[[-9.513,38.777],[-9.484,38.746],[-9.496,38.705],[-9.483,38.694],[-9.419,38.679],[-9.392,38.691],[-9.349,38.669],[-9.315,38.664],[-9.304,38.651],[-9.261,38.65],[-9.241,38.627],[-9.204,38.56],[-9.193,38.514],[-9.198,38.477],[-9.227,38.428],[-9.23,38.405],[-9.191,38.4],[-9.163,38.419],[-9.131,38.419],[-9.097,38.431],[-9.058,38.426],[-8.999,38.447],[-8.952,38.474],[-8.909,38.46],[-8.635,38.464],[-8.635,38.68],[-8.768,38.681],[-8.768,38.706],[-8.834,38.709],[-8.834,38.721],[-8.865,38.737],[-8.866,38.766],[-8.882,38.781],[-8.878,38.788],[-8.862,38.785],[-8.86,38.863],[-8.852,38.886],[-8.877,38.897],[-8.877,38.932],[-8.86,38.974],[-8.87,39.013],[-8.914,39.013],[-8.944,39.001],[-9.064,39.013],[-9.187,39.005],[-9.437,39.011],[-9.429,38.938],[-9.467,38.851],[-9.513,38.777]],[[-9.259,38.794],[-9.246,38.795],[-9.245,38.782],[-9.255,38.783],[-9.259,38.794]],[[-9.157,38.667],[-9.145,38.674],[-9.128,38.658],[-9.138,38.648],[-9.157,38.667]],[[-9.127,38.549],[-9.123,38.563],[-9.104,38.552],[-9.127,38.549]],[[-9.049,38.691],[-9.043,38.718],[-9.013,38.727],[-9.007,38.704],[-9.049,38.691]]]}},{"type":"Feature","properties":{},"geometry":{"type":"Polygon","coordinates":[[[-9.411,39.357],[-9.371,39.343],[-9.358,39.31],[-9.329,39.31],[-9.329,39.385],[-9.352,39.385],[-9.353,39.371],[-9.359,39.37],[-9.37,39.381],[-9.402,39.379],[-9.411,39.373],[-9.411,39.357]]]}},{"type":"Feature","properties":{},"geometry":{"type":"Polygon","coordinates":[[[-9.363,39.073],[-9.227,39.068],[-9.223,39.111],[-9.362,39.115],[-9.363,39.073]]]}},{"type":"Feature","properties":{},"geometry":{"type":"Polygon","coordinates":[[[-9.186,39.382],[-9.183,39.344],[-9.077,39.343],[-9.083,39.457],[-9.186,39.452],[-9.186,39.382]]]}},{"type":"Feature","properties":{},"geometry":{"type":"Polygon","coordinates":[[[-9.097,39.605],[-9.082,39.581],[-9.028,39.574],[-8.871,39.579],[-8.852,39.597],[-8.815,39.591],[-8.814,39.579],[-8.795,39.575],[-8.745,39.581],[-8.716,39.576],[-8.676,39.589],[-8.611,39.578],[-8.52,39.578],[-8.476,39.614],[-8.483,39.62],[-8.49,39.679],[-8.481,39.723],[-8.473,39.73],[-8.479,39.784],[-8.494,39.801],[-8.495,39.814],[-8.523,39.822],[-8.602,39.812],[-8.704,39.82],[-8.725,39.812],[-8.869,39.822],[-8.896,39.815],[-8.991,39.828],[-9.049,39.735],[-9.097,39.605]],[[-8.826,39.731],[-8.81,39.742],[-8.803,39.737],[-8.808,39.724],[-8.826,39.731]]]}},{"type":"Feature","properties":{},"geometry":{"type":"Polygon","coordinates":[[[-9.007,37.02],[-8.991,37.01],[-8.97,37.015],[-8.957,36.985],[-8.943,36.984],[-8.899,37.015],[-8.895,37.043],[-8.862,37.044],[-8.856,37.055],[-8.781,37.069],[-8.715,37.075],[-8.663,37.069],[-8.652,37.102],[-8.595,37.112],[-8.54,37.106],[-8.444,37.076],[-8.358,37.09],[-8.302,37.064],[-8.179,37.079],[-8.09,37.051],[-7.946,36.963],[-7.876,36.955],[-7.784,37.001],[-7.778,37.039],[-7.667,37.098],[-7.642,37.101],[-7.631,37.119],[-7.616,37.123],[-7.615,37.136],[-7.611,37.131],[-7.472,37.175],[-7.471,37.184],[-7.462,37.185],[-7.462,37.166],[-7.397,37.154],[-7.28,37.19],[-7.142,37.198],[-7.024,37.191],[-6.869,37.129],[-6.853,37.129],[-6.832,37.118],[-6.819,37.1],[-6.803,37.099],[-6.798,37.117],[-6.766,37.107],[-6.76,37.233],[-6.766,37.259],[-6.755,37.28],[-6.762,37.335],[-6.758,37.392],[-6.779,37.417],[-6.78,37.45],[-6.758,37.467],[-6.746,37.604],[-6.758,37.619],[-6.808,37.625],[-7.508,37.629],[-7.545,37.619],[-7.554,37.612],[-7.561,37.573],[-7.559,37.449],[-7.605,37.443],[-7.651,37.452],[-7.708,37.45],[-7.784,37.435],[-7.781,37.397],[-7.792,37.378],[-7.784,37.355],[-7.776,37.336],[-7.755,37.332],[-7.738,37.316],[-7.754,37.309],[-7.758,37.278],[-7.743,37.263],[-7.771,37.255],[-7.771,37.23],[-7.784,37.229],[-7.781,37.214],[-7.754,37.219],[-7.752,37.211],[-7.791,37.193],[-7.802,37.175],[-7.81,37.144],[-7.802,37.096],[-7.809,37.063],[-8.005,37.145],[-8.372,37.147],[-8.369,37.164],[-8.376,37.164],[-8.377,37.173],[-8.367,37.204],[-8.369,37.235],[-8.377,37.246],[-8.37,37.389],[-8.377,37.442],[-8.567,37.443],[-8.584,37.431],[-8.593,37.441],[-8.597,37.432],[-8.611,37.441],[-8.72,37.438],[-8.779,37.449],[-8.806,37.427],[-8.807,37.412],[-8.841,37.351],[-8.874,37.319],[-8.856,37.272],[-8.895,37.199],[-8.915,37.195],[-8.907,37.191],[-8.9,37.161],[-8.946,37.092],[-8.955,37.084],[-8.965,37.095],[-8.983,37.074],[-9.007,37.02]],[[-8.459,37.18],[-8.457,37.198],[-8.444,37.2],[-8.436,37.192],[-8.437,37.185],[-8.459,37.18]],[[-6.864,37.322],[-6.841,37.322],[-6.831,37.306],[-6.838,37.271],[-6.832,37.212],[-6.839,37.201],[-6.825,37.147],[-6.828,37.138],[-6.852,37.129],[-6.86,37.132],[-6.85,37.138],[-6.847,37.156],[-6.86,37.204],[-6.853,37.311],[-6.864,37.322]]]}},{"type":"Feature","properties":{},"geometry":{"type":"Polygon","coordinates":[[[-8.891,37.939],[-8.807,37.923],[-8.8,37.929],[-8.808,37.975],[-8.891,37.972],[-8.891,37.939]]]}},{"type":"Feature","properties":{},"geometry":{"type":"Polygon","coordinates":[[[-8.845,39.141],[-8.561,39.148],[-8.557,39.268],[-8.733,39.266],[-8.844,39.176],[-8.845,39.141]]]}},{"type":"Feature","properties":{},"geometry":{"type":"Polygon","coordinates":[[[-7.95,38.54],[-7.874,38.542],[-7.87,38.6],[-7.95,38.599],[-7.95,38.54]]]}},{"type":"Feature","properties":{},"geometry":{"type":"Polygon","coordinates":[[[-7.88,37.966],[-7.855,37.97],[-7.807,38.015],[-7.809,38.03],[-7.88,38.029],[-7.88,37.966]]]}},{"type":"Feature","properties":{},"geometry":{"type":"Polygon","coordinates":[[[-7.413,38.701],[-7.408,38.653],[-7.397,38.634],[-7.405,38.574],[-7.395,38.535],[-7.403,38.44],[-7.395,38.416],[-7.372,38.403],[-7.37,38.39],[-7.335,38.389],[-7.327,38.377],[-7.222,38.369],[-7.192,38.371],[-7.166,38.386],[-7.151,38.376],[-7.116,38.372],[-6.812,38.36],[-6.775,38.373],[-6.762,38.363],[-6.707,38.363],[-6.678,38.374],[-6.65,38.361],[-6.602,38.363],[-6.589,38.37],[-6.584,38.386],[-6.538,38.395],[-6.537,38.5],[-6.554,38.505],[-6.555,38.512],[-6.529,38.544],[-6.537,38.596],[-6.533,38.831],[-6.549,38.831],[-6.563,38.987],[-6.588,39.035],[-6.691,39.032],[-6.7,39.038],[-6.813,39.044],[-6.835,39.035],[-6.862,39.036],[-6.875,39.012],[-6.904,39.009],[-6.913,39.036],[-7.004,39.044],[-7.037,39.038],[-7.049,39.03],[-7.049,39.012],[-7.075,39.007],[-7.085,39.033],[-7.121,39.036],[-7.129,38.986],[-7.147,38.969],[-7.155,38.902],[-7.133,38.895],[-7.147,38.884],[-7.153,38.865],[-7.182,38.861],[-7.193,38.847],[-7.25,38.827],[-7.335,38.781],[-7.35,38.758],[-7.405,38.716],[-7.413,38.701]]]}},{"type":"Feature","properties":{},"geometry":{"type":"Polygon","coordinates":[[[-6.482,39.48],[-6.479,39.404],[-6.316,39.41],[-6.312,39.505],[-6.383,39.586],[-6.478,39.588],[-6.482,39.48]]]}},{"type":"Feature","properties":{},"geometry":{"type":"Polygon","coordinates":[[[-6.46,36.721],[-6.411,36.65],[-6.386,36.64],[-6.394,36.612],[-6.294,36.601],[-6.272,36.573],[-6.235,36.564],[-6.24,36.539],[-6.25,36.538],[-6.308,36.558],[-6.331,36.523],[-6.328,36.517],[-6.299,36.516],[-6.257,36.436],[-6.237,36.418],[-6.232,36.373],[-6.192,36.363],[-6.15,36.287],[-6.113,36.279],[-6.069,36.205],[-6.052,36.189],[-6.052,36.178],[-6.019,36.169],[-5.994,36.177],[-5.999,36.282],[-5.99,36.347],[-5.994,36.644],[-5.988,36.657],[-5.994,36.666],[-5.986,36.694],[-5.993,36.714],[-5.986,36.775],[-5.994,36.803],[-6.005,36.81],[-6.08,36.814],[-6.306,36.808],[-6.34,36.814],[-6.419,36.77],[-6.457,36.737],[-6.46,36.721]],[[-6.373,36.645],[-6.354,36.651],[-6.353,36.663],[-6.306,36.664],[-6.306,36.643],[-6.32,36.642],[-6.324,36.634],[-6.373,36.645]],[[-6.237,36.438],[-6.236,36.449],[-6.207,36.443],[-6.211,36.43],[-6.236,36.43],[-6.237,36.438]]]}},{"type":"Feature","properties":{},"geometry":{"type":"Polygon","coordinates":[[[-6.427,38.878],[-6.298,38.878],[-6.298,38.943],[-6.353,38.944],[-6.353,38.983],[-6.369,38.983],[-6.369,38.944],[-6.427,38.944],[-6.427,38.924],[-6.42,38.923],[-6.427,38.878]]]}},{"type":"Feature","properties":{},"geometry":{"type":"Polygon","coordinates":[[[-6.145,37.392],[-6.139,37.361],[-6.086,37.289],[-6.085,37.247],[-6.025,37.247],[-6.015,37.264],[-5.997,37.265],[-5.977,37.265],[-5.981,37.247],[-5.817,37.247],[-5.819,37.322],[-5.808,37.352],[-5.819,37.358],[-5.819,37.498],[-6.086,37.498],[-6.086,37.435],[-6.143,37.406],[-6.145,37.392]]]}},{"type":"Feature","properties":{},"geometry":{"type":"Polygon","coordinates":[[[-5.953,37.173],[-5.952,37.126],[-5.856,37.133],[-5.854,37.196],[-5.953,37.195],[-5.953,37.173]]]}},{"type":"Feature","properties":{},"geometry":{"type":"Polygon","coordinates":[[[-5.823,37.169],[-5.747,37.163],[-5.724,37.169],[-5.727,37.223],[-5.823,37.22],[-5.823,37.169]]]}},{"type":"Feature","properties":{},"geometry":{"type":"Polygon","coordinates":[[[-5.806,36.187],[-5.799,36.139],[-5.804,36.14],[-5.805,36.12],[-5.772,36.118],[-5.773,36.091],[-5.751,36.074],[-5.729,36.067],[-5.731,36.085],[-5.706,36.086],[-5.698,36.069],[-5.646,36.054],[-5.618,36.03],[-5.618,36.021],[-5.614,36.044],[-5.596,36.03],[-5.588,36.01],[-5.539,36.057],[-5.532,36.076],[-5.489,36.08],[-5.497,36.064],[-5.484,36.042],[-5.452,36.042],[-5.415,36.072],[-5.401,36.139],[-5.39,36.139],[-5.364,36.103],[-5.33,36.11],[-5.319,36.198],[-5.311,36.221],[-5.297,36.227],[-5.297,36.212],[-5.293,36.225],[-5.301,36.233],[-5.294,36.233],[-5.308,36.235],[-5.302,36.241],[-5.313,36.244],[-5.308,36.259],[-5.276,36.261],[-5.248,36.287],[-5.248,36.3],[-5.226,36.31],[-5.201,36.373],[-5.175,36.404],[-5.154,36.401],[-5.139,36.416],[-5.11,36.421],[-5.077,36.44],[-4.997,36.452],[-4.936,36.486],[-4.93,36.5],[-4.91,36.506],[-4.908,36.5],[-4.868,36.495],[-4.813,36.499],[-4.776,36.481],[-4.743,36.485],[-4.731,36.477],[-4.706,36.479],[-4.686,36.499],[-4.651,36.506],[-4.639,36.523],[-4.655,36.531],[-4.697,36.518],[-4.833,36.527],[-4.846,36.522],[-4.927,36.534],[-5.007,36.505],[-5.039,36.502],[-4.929,36.535],[-5.043,36.532],[-5.04,36.509],[-5.052,36.509],[-5.056,36.499],[-5.133,36.496],[-5.135,36.472],[-5.143,36.472],[-5.147,36.458],[-5.166,36.456],[-5.172,36.457],[-5.184,36.507],[-5.23,36.525],[-5.721,36.527],[-5.802,36.517],[-5.806,36.187]]]}},{"type":"Feature","properties":{},"geometry":{"type":"Polygon","coordinates":[[[-5.191,36.756],[-5.179,36.726],[-5.143,36.717],[-5.122,36.766],[-5.121,36.81],[-5.142,36.814],[-5.166,36.777],[-5.187,36.77],[-5.191,36.756]]]}},{"type":"Feature","properties":{},"geometry":{"type":"Polygon","coordinates":[[[-109.031,45.767],[-109.017,45.755],[-109.01,45.729],[-109.009,45.688],[-109.017,45.675],[-109.006,45.667],[-109.013,45.645],[-109.005,45.636],[-109.005,45.604],[-108.988,45.596],[-108.929,45.594],[-108.916,45.615],[-108.857,45.619],[-108.784,45.619],[-108.772,45.613],[-108.767,45.594],[-108.203,45.607],[-108.186,45.641],[-108.197,45.677],[-108.196,45.721],[-108.178,45.763],[-108.193,45.781],[-108.204,45.919],[-108.228,45.925],[-108.23,45.942],[-108.938,45.94],[-108.939,45.947],[-108.957,45.949],[-108.975,45.944],[-108.98,45.93],[-109.001,45.927],[-109.019,45.894],[-109.008,45.83],[-109.026,45.805],[-109.031,45.767]]]}},{"type":"Feature","properties":{},"geometry":{"type":"Polygon","coordinates":[[[4.789,45.081],[5.117,45.081],[5.118,45.099],[5.102,45.114],[5.059,45.121],[4.889,45.107],[4.838,45.112],[4.822,45.103],[4.791,45.102],[4.789,45.081]]]}},{"type":"Feature","properties":{},"geometry":{"type":"Polygon","coordinates":[[[4.997,45.73],[5.008,45.719],[5.007,45.705],[5.032,45.719],[5.043,45.781],[5.022,45.757],[5.034,45.75],[5.01,45.745],[4.997,45.73]]]}},{"type":"Feature","properties":{},"geometry":{"type":"Polygon","coordinates":[[[5.644,45.203],[5.676,45.164],[5.669,45.16],[5.673,45.134],[5.695,45.124],[5.749,45.131],[5.824,45.181],[5.815,45.201],[5.793,45.206],[5.773,45.225],[5.733,45.228],[5.72,45.218],[5.688,45.23],[5.65,45.216],[5.644,45.203]]]}},{"type":"Feature","properties":{},"geometry":{"type":"Polygon","coordinates":[[[5.842,45.593],[5.861,45.558],[5.882,45.538],[5.937,45.532],[5.946,45.547],[5.968,45.542],[6.003,45.551],[6.004,45.572],[5.989,45.582],[5.99,45.593],[5.935,45.61],[5.864,45.617],[5.842,45.593]]]}},{"type":"Feature","properties":{},"geometry":{"type":"Polygon","coordinates":[[[5.886,47.22],[5.944,47.178],[5.981,47.168],[6.012,47.184],[6.111,47.185],[6.165,47.257],[6.165,47.27],[6.172,47.272],[6.169,47.307],[6.082,47.306],[6.07,47.324],[6.007,47.339],[5.946,47.331],[5.93,47.284],[5.898,47.264],[5.896,47.234],[5.886,47.22]]]}},{"type":"Feature","properties":{},"geometry":{"type":"Polygon","coordinates":[[[5.908,49.501],[5.919,49.484],[5.97,49.467],[6.003,49.466],[6.033,49.489],[6.04,49.514],[6.012,49.529],[6.015,49.535],[5.989,49.531],[5.963,49.538],[5.927,49.531],[5.908,49.501]]]}},{"type":"Feature","properties":{},"geometry":{"type":"Polygon","coordinates":[[[5.915,46.522],[5.944,46.512],[6.023,46.522],[6.078,46.508],[6.225,46.507],[6.253,46.513],[6.255,46.474],[6.269,46.473],[6.281,46.457],[6.253,46.446],[6.251,46.437],[6.207,46.437],[6.189,46.422],[6.156,46.42],[6.064,46.356],[6.066,46.345],[6.031,46.324],[5.994,46.283],[5.983,46.263],[5.994,46.244],[5.972,46.2],[6,46.15],[6.003,46.111],[6.015,46.102],[6.012,46.089],[6.048,46.074],[6.102,46.076],[6.145,46.107],[6.319,46.107],[6.327,46.111],[6.328,46.127],[6.368,46.136],[6.378,46.141],[6.378,46.151],[6.373,46.179],[6.342,46.203],[6.339,46.231],[6.329,46.235],[6.324,46.255],[6.334,46.262],[6.336,46.288],[6.356,46.3],[6.353,46.34],[6.361,46.372],[6.32,46.377],[6.294,46.396],[6.291,46.402],[6.312,46.424],[6.754,46.412],[6.791,46.415],[6.791,46.423],[6.821,46.396],[6.838,46.364],[6.887,46.349],[6.884,46.344],[6.923,46.34],[6.934,46.35],[6.967,46.356],[6.971,46.372],[6.954,46.4],[6.963,46.409],[6.953,46.424],[6.968,46.434],[6.964,46.457],[6.974,46.459],[6.978,46.495],[6.934,46.524],[6.968,46.527],[6.971,46.56],[6.952,46.567],[6.92,46.56],[6.909,46.58],[6.893,46.575],[6.866,46.582],[6.851,46.573],[6.85,46.581],[6.799,46.579],[6.803,46.606],[6.788,46.615],[6.796,46.653],[6.787,46.664],[6.817,46.677],[6.838,46.671],[6.85,46.706],[6.865,46.708],[6.869,46.716],[6.8761698113207546,46.71524528301887],[6.913,46.708],[7.081,46.719],[7.158,46.71],[7.506,46.709],[7.528,46.72],[7.533,46.732],[7.524,46.752],[7.53,46.804],[7.511,46.805],[7.543,46.805],[7.563,46.8],[7.563,46.745],[7.585,46.73],[7.585,46.72],[7.62,46.709],[7.668,46.677],[7.699,46.681],[7.732,46.721],[7.701,46.728],[7.673,46.762],[7.678,46.769],[7.659,46.8],[7.697,46.805],[7.712,46.823],[7.718,46.892],[7.704,46.907],[7.706,46.923],[7.695,46.941],[7.71,46.96],[7.712,46.954],[7.747,46.952],[8.201,46.951],[8.205,46.924],[8.223,46.918],[8.299,46.933],[8.384,46.935],[8.396,46.943],[8.448,46.934],[8.448,46.941],[8.608,46.953],[8.623,46.962],[8.621,46.977],[8.636,46.977],[8.635,46.967],[8.641,46.966],[8.679,46.991],[8.709,46.993],[8.717,47.021],[8.687,47.068],[8.66,47.082],[8.624,47.078],[8.619,47.09],[8.59,47.097],[8.516,47.094],[8.465,47.108],[8.466,47.115],[8.513,47.113],[8.527,47.132],[8.593,47.139],[8.59,47.155],[8.6,47.165],[8.587,47.18],[8.593,47.181],[8.584,47.211],[8.617,47.18],[8.633,47.176],[9.016,47.178],[9.012,47.257],[8.789,47.253],[8.77,47.254],[8.764,47.269],[8.751,47.269],[8.756,47.343],[8.77,47.347],[8.715,47.407],[8.697,47.407],[8.693,47.414],[8.712,47.446],[8.736,47.448],[8.736,47.462],[8.76,47.459],[8.795,47.469],[8.821,47.495],[8.814,47.497],[8.819,47.515],[8.814,47.538],[8.801,47.548],[8.719,47.556],[8.712,47.548],[8.689,47.546],[8.443,47.549],[8.446,47.516],[8.439,47.51],[8.446,47.51],[8.31,47.509],[8.281,47.518],[8.245,47.507],[8.16,47.506],[8.168,47.45],[8.272,47.447],[8.278,47.431],[8.297,47.427],[8.299,47.404],[8.333,47.403],[8.498,47.269],[8.519,47.268],[8.564,47.229],[8.457,47.222],[8.448,47.23],[8.387,47.222],[8.37,47.225],[8.377,47.232],[8.365,47.241],[8.34,47.245],[8.223,47.24],[8.219,47.255],[8.177,47.263],[8.181,47.276],[8.159,47.282],[8.156,47.314],[8.123,47.332],[8.1,47.323],[8.098,47.287],[8.089,47.275],[8.078,47.264],[8.047,47.255],[8.039,47.242],[7.984,47.243],[7.962,47.236],[7.928,47.243],[7.918,47.233],[7.921,47.258],[7.977,47.267],[7.987,47.279],[7.983,47.295],[7.957,47.325],[7.957,47.345],[7.966,47.353],[7.96,47.363],[7.968,47.372],[7.962,47.387],[7.909,47.396],[7.924,47.439],[7.924,47.471],[7.973,47.482],[8.015,47.469],[8.057,47.481],[8.065,47.473],[8.089,47.479],[8.108,47.472],[8.111,47.485],[8.102,47.489],[8.122,47.495],[8.122,47.52],[8.074,47.529],[8.019,47.526],[8.021,47.521],[7.975,47.529],[7.923,47.525],[7.909,47.562],[7.909,47.576],[7.917,47.577],[7.917,47.587],[7.91,47.588],[7.912,47.612],[7.962,47.618],[7.968,47.636],[7.947,47.654],[7.918,47.664],[7.927,47.671],[7.918,47.7],[7.927,47.704],[7.918,47.79],[7.876,47.787],[7.872,47.721],[7.861,47.728],[7.814,47.726],[7.802,47.689],[7.76,47.672],[7.747,47.681],[7.668,47.671],[7.585,47.681],[7.567,47.671],[7.549,47.68],[7.497,47.676],[7.464,47.685],[7.443,47.684],[7.414,47.67],[7.414,47.622],[7.427,47.612],[7.431,47.571],[7.421,47.528],[7.421,47.489],[7.43,47.461],[7.41,47.438],[7.428,47.426],[7.427,47.407],[7.413,47.4],[7.413,47.377],[7.434,47.341],[7.43,47.292],[7.446,47.278],[7.431,47.273],[7.43,47.244],[7.331,47.238],[6.75,47.24],[6.748,47.21],[6.74,47.203],[6.746,47.188],[6.741,47.118],[6.748,47.095],[6.689,47.051],[6.726,47.048],[6.74,47.013],[6.746,47.013],[6.744,46.982],[6.726,46.964],[6.735,46.958],[6.733,46.893],[6.74,46.885],[6.733,46.775],[6.691,46.731],[6.57,46.735],[6.52,46.725],[6.486,46.735],[6.398,46.727],[6.369,46.737],[6.294,46.74],[6.233,46.727],[6.221,46.738],[6.156,46.745],[6.048,46.743],[6.033,46.732],[5.978,46.727],[5.941,46.738],[5.916,46.706],[5.92,46.61],[5.93,46.586],[5.92,46.557],[5.924,46.531],[5.915,46.522]],[[6.858,46.947],[6.894,46.948],[7.001,46.997],[7.009,47.009],[7.02,47.005],[6.883,46.937],[6.858,46.947]],[[8.194,46.967],[8.194,46.973],[8.218,46.973],[8.218,46.967],[8.194,46.967]],[[8.218,46.957],[8.218,46.964],[8.253,46.966],[8.252,46.959],[8.218,46.957]]]}},{"type":"Feature","properties":{},"geometry":{"type":"Polygon","coordinates":[[[6.027,45.91],[6.033,45.901],[6.033,45.837],[6.178,45.753],[6.232,45.748],[6.243,45.76],[6.244,45.866],[6.233,45.877],[6.232,45.91],[6.225,45.913],[6.22,45.943],[6.199,45.976],[6.058,45.965],[6.033,45.954],[6.027,45.91]]]}},{"type":"Feature","properties":{},"geometry":{"type":"Polygon","coordinates":[[[6.029,49.61],[6.04,49.596],[6.074,49.59],[6.069,49.589],[6.081,49.579],[6.095,49.577],[6.092,49.57],[6.124,49.568],[6.117,49.567],[6.154,49.554],[6.242,49.6],[6.244,49.629],[6.25,49.63],[6.239,49.656],[6.165,49.657],[6.156,49.675],[6.122,49.693],[6.108,49.682],[6.097,49.656],[6.052,49.656],[6.048,49.631],[6.037,49.628],[6.029,49.61]]]}},{"type":"Feature","properties":{},"geometry":{"type":"Polygon","coordinates":[[[6.033,46.065],[6.069,46.057],[6.107,46.064],[6.033,46.065]]]}},{"type":"Feature","properties":{},"geometry":{"type":"Polygon","coordinates":[[[6.055,49.076],[6.107,49.046],[6.147,49.045],[6.17,49.054],[6.178,49.07],[6.253,49.084],[6.264,49.095],[6.262,49.117],[6.247,49.144],[6.211,49.149],[6.2,49.163],[6.205,49.222],[6.199,49.254],[6.206,49.267],[6.2,49.301],[6.211,49.329],[6.22,49.33],[6.225,49.357],[6.216,49.381],[6.202,49.389],[6.129,49.386],[6.108,49.366],[6.106,49.354],[6.073,49.326],[6.073,49.236],[6.093,49.227],[6.11,49.23],[6.128,49.208],[6.122,49.207],[6.128,49.144],[6.117,49.124],[6.092,49.111],[6.085,49.097],[6.06,49.089],[6.055,49.076]]]}},{"type":"Feature","properties":{},"geometry":{"type":"Polygon","coordinates":[[[6.077,48.604],[6.111,48.595],[6.261,48.601],[6.277,48.616],[6.276,48.64],[6.306,48.703],[6.308,48.724],[6.276,48.748],[6.22,48.751],[6.207,48.761],[6.161,48.766],[6.104,48.753],[6.102,48.729],[6.084,48.709],[6.077,48.604]]]}},{"type":"Feature","properties":{},"geometry":{"type":"Polygon","coordinates":[[[6.563,49.724],[6.566,49.689],[6.632,49.688],[6.629,49.675],[6.637,49.664],[6.625,49.634],[6.634,49.479],[6.644,49.442],[6.641,49.414],[6.63,49.401],[6.629,49.337],[6.636,49.324],[6.641,49.227],[6.647,49.225],[6.638,49.218],[6.641,49.201],[6.666,49.187],[6.674,49.171],[6.732,49.157],[6.754,49.138],[6.784,49.132],[6.821,49.133],[6.82,49.152],[6.833,49.156],[6.849,49.132],[6.897,49.134],[6.939,49.12],[6.967,49.126],[7.052,49.118],[7.119,49.131],[7.116,49.154],[7.131,49.157],[7.135,49.171],[7.115,49.186],[7.111,49.215],[7.123,49.236],[7.119,49.287],[7.127,49.302],[7.127,49.315],[7.115,49.315],[7.116,49.335],[7.124,49.342],[7.115,49.364],[7.127,49.379],[7.123,49.463],[7.112,49.462],[7.111,49.481],[7.12,49.49],[7.112,49.501],[7.119,49.517],[7.113,49.523],[7.126,49.526],[7.115,49.582],[7.122,49.582],[7.123,49.606],[7.111,49.61],[7.111,49.628],[7.119,49.629],[7.118,49.647],[7.112,49.649],[7.119,49.675],[7.116,49.751],[6.994,49.769],[6.821,49.768],[6.805,49.764],[6.801,49.746],[6.791,49.742],[6.792,49.763],[6.746,49.764],[6.743,49.826],[6.671,49.827],[6.566,49.776],[6.563,49.724]],[[7.046,49.256],[7.081,49.255],[7.085,49.236],[7.076,49.196],[7.06,49.192],[7.066,49.241],[7.063,49.253],[7.046,49.256]]]}},{"type":"Feature","properties":{},"geometry":{"type":"Polygon","coordinates":[[[6.725,47.56],[6.74,47.474],[6.732,47.467],[6.736,47.426],[6.879,47.424],[6.909,47.548],[6.961,47.616],[6.965,47.697],[6.779,47.7],[6.774,47.622],[6.725,47.617],[6.725,47.56]]]}},{"type":"Feature","properties":{},"geometry":{"type":"Polygon","coordinates":[[[6.842,45.906],[6.872,45.881],[6.897,45.879],[6.963,45.944],[6.963,45.964],[6.95,45.981],[6.93,45.986],[6.916,45.968],[6.851,45.921],[6.857,45.915],[6.842,45.906]]]}},{"type":"Feature","properties":{},"geometry":{"type":"Polygon","coordinates":[[[7.002,49.926],[7.038,49.903],[7.042,49.959],[7.002,49.926]]]}},{"type":"Feature","properties":{},"geometry":{"type":"Polygon","coordinates":[[[7.192,45.712],[7.206,45.696],[7.283,45.701],[7.37,45.722],[7.48,45.728],[7.48,45.749],[7.472,45.747],[7.476,45.756],[7.31,45.759],[7.199,45.722],[7.192,45.712]]]}},{"type":"Feature","properties":{},"geometry":{"type":"Polygon","coordinates":[[[7.24,45.074],[7.309,45.068],[7.375,45.089],[7.39,45.086],[7.388,45.067],[7.405,45.05],[7.412,44.964],[7.436,44.96],[7.438,44.95],[7.451,44.947],[7.458,44.908],[7.657,44.903],[7.69,44.909],[7.811,44.906],[7.817,44.917],[7.807,44.922],[7.818,44.939],[7.81,44.941],[7.811,44.948],[7.831,44.948],[7.839,44.962],[7.866,44.96],[7.859,44.971],[7.873,45.001],[7.861,45.009],[7.869,45.009],[7.861,45.042],[7.872,45.063],[7.863,45.071],[7.865,45.081],[8.046,45.081],[8.05,44.886],[8.153,44.886],[8.148,44.897],[8.155,44.899],[8.163,44.924],[8.185,44.939],[8.232,44.948],[8.263,44.927],[8.264,44.913],[8.251,44.908],[8.259,44.903],[8.256,44.885],[8.293,44.876],[8.311,44.889],[8.333,44.885],[8.348,44.892],[8.355,44.926],[8.348,44.985],[8.363,44.988],[8.365,45.001],[8.352,45.013],[8.365,45.048],[8.348,45.098],[8.361,45.126],[8.356,45.178],[8.365,45.253],[8.348,45.266],[8.355,45.314],[8.34,45.326],[8.347,45.328],[8.348,45.34],[8.355,45.339],[8.365,45.372],[8.38,45.372],[8.395,45.403],[8.477,45.406],[8.486,45.431],[7.476,45.433],[7.434,45.37],[7.446,45.255],[7.425,45.253],[7.413,45.23],[7.423,45.144],[7.369,45.132],[7.3,45.137],[7.292,45.126],[7.288,45.135],[7.245,45.135],[7.252,45.092],[7.24,45.074]],[[7.603,45.057],[7.622,45.081],[7.615,45.059],[7.603,45.057]]]}},{"type":"Feature","properties":{},"geometry":{"type":"Polygon","coordinates":[[[7.25,47.756],[7.262,47.718],[7.28,47.706],[7.364,47.698],[7.436,47.707],[7.442,47.795],[7.419,47.817],[7.405,47.82],[7.403,47.833],[7.355,47.843],[7.327,47.839],[7.284,47.818],[7.263,47.792],[7.25,47.756]]]}},{"type":"Feature","properties":{},"geometry":{"type":"Polygon","coordinates":[[[7.251,48.134],[7.252,48.108],[7.263,48.107],[7.263,48.042],[7.284,48.042],[7.285,48.028],[7.337,48.028],[7.337,48.034],[7.416,48.045],[7.414,48.143],[7.329,48.143],[7.322,48.151],[7.306,48.151],[7.306,48.158],[7.285,48.158],[7.285,48.151],[7.254,48.151],[7.251,48.134]]]}},{"type":"Feature","properties":{},"geometry":{"type":"Polygon","coordinates":[[[7.28,46.226],[7.283,46.205],[7.353,46.205],[7.409,46.227],[7.409,46.247],[7.462,46.247],[7.542,46.267],[7.565,46.281],[7.567,46.3],[7.526,46.3],[7.516,46.321],[7.467,46.324],[7.366,46.277],[7.347,46.258],[7.309,46.255],[7.284,46.244],[7.28,46.226]]]}},{"type":"Feature","properties":{},"geometry":{"type":"Polygon","coordinates":[[[7.579,45.989],[7.593,45.967],[7.611,45.961],[7.604,45.937],[7.616,45.901],[7.752,45.906],[7.759,45.935],[7.734,45.94],[7.736,45.95],[7.806,45.965],[7.813,45.978],[7.847,45.969],[7.876,45.982],[7.869,45.996],[7.821,46.006],[7.822,46.012],[7.85,46.012],[7.901,45.993],[7.923,45.998],[7.95,46.018],[7.993,46.075],[7.994,46.097],[7.91,46.267],[7.898,46.272],[7.866,46.257],[7.76,46.23],[7.635,46.148],[7.634,46.124],[7.601,46.067],[7.579,45.989]]]}},{"type":"Feature","properties":{},"geometry":{"type":"Polygon","coordinates":[[[7.638,48.565],[7.651,48.564],[7.656,48.548],[7.671,48.55],[7.67,48.541],[7.655,48.533],[7.681,48.5],[7.695,48.506],[7.704,48.492],[7.717,48.495],[7.718,48.502],[7.782,48.502],[7.814,48.514],[7.82,48.525],[7.851,48.542],[7.859,48.604],[7.857,48.612],[7.81,48.621],[7.78,48.651],[7.73,48.662],[7.729,48.652],[7.718,48.655],[7.682,48.625],[7.656,48.614],[7.645,48.597],[7.659,48.584],[7.638,48.576],[7.638,48.565]]]}},{"type":"Feature","properties":{},"geometry":{"type":"Polygon","coordinates":[[[7.671,49.427],[7.681,49.415],[7.788,49.395],[7.843,49.436],[7.826,49.445],[7.839,49.46],[7.817,49.468],[7.815,49.48],[7.78,49.493],[7.685,49.46],[7.673,49.448],[7.684,49.442],[7.677,49.435],[7.686,49.433],[7.671,49.427]]]}},{"type":"Feature","properties":{},"geometry":{"type":"Polygon","coordinates":[[[7.74,48.004],[7.747,47.963],[7.756,47.963],[7.749,47.949],[7.765,47.941],[7.935,47.938],[7.946,48.055],[7.938,48.096],[7.895,48.139],[7.855,48.138],[7.744,48.077],[7.74,48.004]]]}},{"type":"Feature","properties":{},"geometry":{"type":"Polygon","coordinates":[[[7.799,46.669],[7.844,46.673],[7.851,46.665],[7.91,46.681],[7.906,46.689],[7.914,46.703],[8.027,46.758],[8.153,46.748],[8.064,46.775],[8.026,46.777],[7.997,46.75],[7.905,46.702],[7.858,46.685],[7.802,46.681],[7.799,46.669]]]}},{"type":"Feature","properties":{},"geometry":{"type":"Polygon","coordinates":[[[7.95,46.654],[8.047,46.652],[8.052,46.661],[8.031,46.691],[8.012,46.691],[7.976,46.676],[7.95,46.654]]]}},{"type":"Feature","properties":{},"geometry":{"type":"Polygon","coordinates":[[[7.999,45.552],[8.015,45.533],[8.05,45.523],[8.08,45.525],[8.089,45.552],[8.105,45.553],[8.096,45.572],[8.072,45.591],[8.068,45.608],[8.06,45.609],[8.023,45.596],[8.027,45.583],[8.019,45.566],[7.999,45.552]]]}},{"type":"Feature","properties":{},"geometry":{"type":"Polygon","coordinates":[[[8.006,47.357],[8.013,47.343],[8.032,47.34],[8.079,47.347],[8.076,47.356],[8.093,47.369],[8.115,47.374],[8.108,47.383],[8.115,47.39],[8.109,47.416],[8.086,47.428],[8.024,47.426],[8.019,47.419],[8.027,47.396],[8.017,47.393],[8.017,47.373],[8.006,47.357]]]}},{"type":"Feature","properties":{},"geometry":{"type":"Polygon","coordinates":[[[8.163,46.729],[8.201,46.705],[8.251,46.701],[8.249,46.723],[8.289,46.743],[8.291,46.753],[8.325,46.757],[8.341,46.771],[8.446,46.769],[8.45,46.792],[8.472,46.802],[8.468,46.815],[8.45,46.827],[8.446,46.817],[8.425,46.829],[8.42,46.854],[8.374,46.849],[8.319,46.821],[8.302,46.822],[8.26,46.793],[8.236,46.764],[8.167,46.75],[8.163,46.729]]]}},{"type":"Feature","properties":{},"geometry":{"type":"Polygon","coordinates":[[[8.167,50.039],[8.171,49.945],[8.289,49.948],[8.281,49.842],[8.289,49.79],[8.286,49.717],[8.439,49.724],[8.448,49.719],[8.448,49.732],[8.488,49.735],[8.549,49.724],[8.55,49.631],[8.557,49.629],[8.516,49.612],[8.451,49.598],[8.436,49.601],[8.372,49.581],[8.264,49.581],[8.264,49.484],[8.321,49.387],[8.326,49.365],[8.34,49.36],[8.391,49.274],[8.582,49.271],[8.582,49.256],[8.598,49.245],[8.508,49.237],[8.302,49.238],[8.285,49.23],[8.286,49.208],[8.297,49.189],[8.286,49.177],[8.3,49.166],[8.303,49.148],[8.289,49.113],[8.293,49.101],[8.259,49.1],[8.255,49.088],[8.229,49.087],[8.218,49.068],[8.227,48.924],[8.257,48.915],[8.227,48.91],[8.277,48.895],[8.277,48.904],[8.281,48.891],[8.271,48.88],[8.282,48.876],[8.278,48.839],[8.285,48.83],[8.277,48.782],[8.278,48.747],[8.285,48.736],[8.277,48.695],[8.281,48.568],[8.44,48.563],[8.506,48.572],[8.545,48.563],[8.622,48.575],[8.674,48.564],[8.686,48.573],[8.7,48.571],[8.696,48.479],[8.711,48.436],[8.685,48.433],[8.683,48.425],[8.689,48.421],[8.686,48.396],[8.712,48.366],[8.694,48.364],[8.694,48.344],[8.656,48.317],[8.661,48.299],[8.69,48.298],[8.692,48.269],[8.711,48.271],[8.716,48.262],[8.705,48.261],[8.697,48.249],[8.707,48.23],[8.663,48.217],[8.652,48.198],[8.624,48.204],[8.59,48.193],[8.565,48.202],[8.545,48.197],[8.53,48.209],[8.499,48.201],[8.453,48.217],[8.444,48.216],[8.451,48.202],[8.444,48.198],[8.431,48.215],[8.403,48.2],[8.395,48.213],[8.299,48.217],[8.271,48.199],[8.266,48.155],[8.256,48.139],[8.269,48.126],[8.269,48.113],[8.256,48.079],[8.267,48.073],[8.275,48.042],[8.267,48.008],[8.273,48.007],[8.277,47.963],[8.263,47.911],[8.274,47.85],[8.267,47.796],[8.281,47.756],[8.339,47.748],[8.355,47.76],[8.42,47.746],[8.495,47.759],[8.565,47.742],[8.628,47.748],[8.597,47.732],[8.584,47.719],[8.582,47.704],[8.582,47.713],[8.536,47.713],[8.536,47.676],[8.582,47.658],[8.687,47.657],[8.718,47.688],[8.719,47.704],[8.703,47.729],[8.674,47.751],[8.712,47.757],[8.744,47.748],[8.745,47.755],[8.756,47.754],[8.76,47.783],[8.748,47.837],[8.755,47.891],[8.742,47.902],[8.755,47.924],[8.749,47.961],[8.756,47.963],[8.76,48.017],[8.746,48.055],[8.723,48.062],[8.712,48.076],[8.719,48.087],[8.741,48.096],[8.748,48.124],[8.741,48.143],[8.755,48.162],[8.907,48.146],[8.932,48.165],[9.012,48.144],[9.072,48.146],[9.106,48.164],[9.113,48.154],[9.145,48.149],[9.165,48.156],[9.196,48.152],[9.196,48.162],[9.204,48.165],[9.231,48.153],[9.348,48.162],[9.415,48.152],[9.47,48.168],[9.503,48.163],[9.529,48.173],[9.533,48.162],[9.562,48.163],[9.579,48.151],[9.647,48.172],[9.706,48.166],[9.803,48.173],[9.949,48.167],[9.995,48.172],[9.984,48.179],[10.002,48.183],[10.021,48.17],[10.184,48.148],[10.239,48.156],[10.247,48.191],[10.269,48.194],[10.284,48.234],[10.298,48.242],[10.315,48.275],[10.328,48.276],[10.343,48.301],[10.343,48.315],[10.36,48.317],[10.365,48.35],[10.372,48.35],[10.371,48.364],[10.393,48.406],[10.393,48.423],[10.383,48.437],[10.39,48.467],[10.378,48.472],[10.378,48.484],[10.365,48.488],[10.364,48.5],[10.28,48.528],[10.168,48.55],[10.048,48.537],[9.989,48.52],[9.892,48.508],[9.877,48.5],[9.859,48.441],[9.855,48.497],[9.845,48.461],[9.833,48.458],[9.7,48.458],[9.614,48.467],[9.616,48.558],[9.61,48.562],[9.617,48.611],[9.603,48.635],[9.612,48.66],[9.601906545741326,48.674681388012615],[9.76,48.653],[9.877,48.676],[9.877,48.689],[9.812,48.701],[9.753,48.743],[9.62,48.756],[9.612,48.785],[9.62,48.801],[9.608,48.814],[9.62,48.859],[9.614,48.871],[9.62,48.883],[9.614,48.904],[9.617,48.948],[9.587,48.951],[10.063,48.949],[10.074,49.024],[10.063,49.036],[10.072,49.058],[10.063,49.077],[10.068,49.123],[10.059,49.145],[10.068,49.216],[10.059,49.236],[9.873,49.241],[9.316,49.236],[9.294,49.238],[9.293,49.279],[9.112,49.279],[9.112,49.239],[9.104,49.238],[8.782,49.241],[8.836,49.308],[8.839,49.472],[8.753,49.474],[8.735,49.493],[8.72,49.509],[8.719,49.621],[8.694,49.622],[8.678,49.643],[8.678,49.731],[8.725,49.73],[8.736,49.737],[8.738,49.82],[8.73,49.84],[9.069,49.883],[9.075,49.885],[9.065,49.892],[9.071,49.9],[9.091,49.906],[9.124,49.891],[9.245,49.907],[9.245,50.024],[9.137,50.023],[9.115,50.006],[9.08,49.999],[9.082,50.005],[9.069,50.006],[9.064,50.043],[9.083,50.047],[9.086,50.105],[8.967461538461539,50.151],[8.969,50.151],[8.969,50.152],[8.966,50.152],[8.966,50.151567164179106],[8.952,50.157],[8.84,50.175],[8.811,50.165],[8.803,50.151],[8.756,50.129],[8.744,50.114],[8.698,50.103],[8.703,50.096],[8.686,50.084],[8.623,50.062],[8.59,50.022],[8.561,50.011],[8.547,49.988],[8.553,49.979],[8.573,49.979],[8.579,49.972],[8.578,49.949],[8.53,49.954],[8.527,49.981],[8.472,49.967],[8.447,49.97],[8.447,50.025],[8.418,50.04],[8.41,50.024],[8.354,50.007],[8.336,50.01],[8.336,50.022],[8.31,50.047],[8.307,50.071],[8.293,50.096],[8.274,50.105],[8.233,50.111],[8.175,50.093],[8.168,50.068],[8.177,50.059],[8.167,50.039]],[[8.448,48.877],[8.448,48.9],[8.505,48.879],[8.536,48.885],[8.577,48.866],[8.63,48.856],[8.632,48.848],[8.719,48.833],[8.794,48.862],[8.694,48.819],[8.623,48.83],[8.611,48.84],[8.558,48.849],[8.514,48.869],[8.483,48.865],[8.448,48.877]],[[8.448,49.295],[8.452,49.3],[8.488,49.279],[8.448,49.295]],[[8.603,49.309],[8.661,49.3],[8.641,49.296],[8.603,49.309]],[[8.665,49.295],[8.722,49.287],[8.701,49.284],[8.665,49.295]],[[8.796,48.863],[8.844,48.884],[8.833,48.874],[8.796,48.863]],[[8.928,48.715],[8.929,48.726],[8.954,48.675],[8.948,48.669],[8.946,48.687],[8.928,48.715]],[[8.969,48.686],[9.006,48.7],[9.031,48.699],[8.996,48.686],[8.969,48.686]],[[9.128,48.765],[9.132,48.77],[9.135,48.76],[9.163,48.749],[9.186,48.755],[9.196,48.749],[9.212,48.76],[9.253,48.759],[9.252,48.765],[9.266,48.765],[9.27,48.755],[9.253,48.745],[9.212,48.745],[9.202,48.736],[9.187,48.741],[9.15,48.735],[9.135,48.745],[9.128,48.765]],[[9.246,48.915],[9.26,48.915],[9.286,48.894],[9.286,48.882],[9.332,48.845],[9.341,48.822],[9.388,48.817],[9.351,48.816],[9.386,48.777],[9.448,48.728],[9.443,48.728],[9.452,48.706],[9.476,48.683],[9.467,48.677],[9.461,48.683],[9.43,48.727],[9.352,48.796],[9.308,48.855],[9.281,48.874],[9.285,48.882],[9.263,48.891],[9.246,48.915]],[[9.98,48.326],[10.085,48.366],[10.087,48.401],[10.069,48.436],[10.047,48.44],[10.087,48.438],[10.11,48.398],[10.107,48.367],[10.03,48.334],[9.98,48.326]]]}},{"type":"Feature","properties":{},"geometry":{"type":"Polygon","coordinates":[[[8.293,49.611],[8.302,49.61],[8.311,49.592],[8.372,49.592],[8.394,49.61],[8.402,49.646],[8.374,49.683],[8.332,49.68],[8.311,49.661],[8.308,49.649],[8.317,49.64],[8.306,49.637],[8.293,49.611]]]}},{"type":"Feature","properties":{},"geometry":{"type":"Polygon","coordinates":[[[8.328,47.376],[8.34,47.376],[8.34,47.354],[8.392,47.355],[8.333,47.403],[8.328,47.376]]]}},{"type":"Feature","properties":{},"geometry":{"type":"Polygon","coordinates":[[[8.516,45.397],[8.52,45.372],[8.531,45.357],[8.52,45.337],[8.524,45.235],[8.532,45.219],[8.545,45.214],[9.077,45.214],[9.113,45.211],[9.11,45.201],[9.116,45.198],[9.095,45.178],[9.112,45.158],[9.123,45.153666666666666],[9.123,45.153],[9.124,45.153],[9.124,45.15327272727273],[9.145,45.145],[9.163,45.156],[9.163,45.145],[9.223,45.141],[9.285,45.147],[9.435,45.14],[9.466,45.15],[9.485,45.142],[9.978,45.142],[9.976,45.117],[9.984,45.109],[10.063,45.106],[10.068,45.144],[10.077,45.157],[10.033,45.181],[10.07,45.17],[10.069,45.195],[10.083,45.205],[10.074,45.217],[10.084,45.23],[10.081,45.309],[10.066,45.323],[10.077,45.333],[10.08,45.364],[10.065,45.379],[10.074,45.43],[10.066,45.442],[10.029,45.445],[10.039,45.447],[10.043,45.468],[10.03,45.472],[10.035,45.481],[10.054,45.485],[10.08,45.47735294117647],[10.08,45.495],[10.054,45.513],[10.046,45.552],[10.046,45.578],[10.08,45.598],[10.073,45.601],[10.077,45.61],[10.059,45.623],[10.058,45.641],[10.017,45.663],[10.013,45.678],[10.004,45.68],[10.014,45.687],[10.014,45.723],[10.022,45.73],[10.014,45.742],[10.017,45.771],[10.006,45.804],[10.013,45.821],[10.014,45.883],[10.021,45.893],[9.977,45.902],[9.914,45.899],[9.818,45.91],[9.76,45.901],[9.761,45.911],[9.741,45.913],[9.724,45.907],[9.683,45.913],[9.678,45.904],[9.662,45.901],[9.487,45.903],[9.483,45.831],[9.472,45.822],[9.458,45.825],[9.454,45.813],[9.459,45.77],[9.458,45.778],[9.437,45.776],[9.445,45.777],[9.458,45.856],[9.445,45.872],[9.447,45.897],[9.428,45.897],[9.429,45.886],[9.421,45.884],[9.407,45.9],[9.341,45.9],[9.342,45.894],[9.333,45.893],[9.332,45.901],[9.303,45.901],[9.25,45.888],[9.253,45.874],[9.241,45.866],[9.189,45.877],[9.149,45.873],[9.075,45.883],[9.064,45.861],[9.005,45.871],[8.987,45.857],[8.995,45.855],[8.915,45.856],[8.922,45.874],[8.91,45.876],[8.771,45.855],[8.757,45.834],[8.771,45.815],[8.77,45.727],[8.683,45.727],[8.682,45.603],[8.692,45.566],[8.682,45.504],[8.63,45.503],[8.611,45.489],[8.593,45.489],[8.59,45.47],[8.573,45.468],[8.564,45.433],[8.528,45.43],[8.516,45.397]]]}},{"type":"Feature","properties":{},"geometry":{"type":"Polygon","coordinates":[[[8.837,45.965],[8.84,45.954],[8.87,45.939],[8.977,45.937],[8.977,45.956],[8.999,45.979],[8.998,46.006],[9.006,46.015],[9.009,46.044],[9.005,46.081],[8.961,46.086],[8.957,46.073],[8.957,46.085],[8.914,46.085],[8.906,46.061],[8.86,46.011],[8.869,46.001],[8.849,46],[8.841,45.991],[8.837,45.965]]]}},{"type":"Feature","properties":{},"geometry":{"type":"Polygon","coordinates":[[[8.94,47.664],[8.954,47.647],[9.135,47.646],[9.132,47.634],[9.182,47.615],[9.194,47.625],[9.211,47.619],[9.22,47.625],[9.219,47.636],[9.229,47.642],[9.227,47.668],[9.245,47.695],[9.329,47.664],[9.362,47.657],[9.415,47.662],[9.487,47.642],[9.484,47.616],[9.499,47.602],[9.522,47.604],[9.55,47.585],[9.664,47.551],[9.664,47.517],[9.62,47.517],[9.62,47.5],[9.553,47.513],[9.505,47.498],[9.478,47.501],[9.441,47.529],[9.417,47.532],[9.3,47.461],[9.272,47.436],[9.22,47.427],[9.259,47.37],[9.345,47.373],[9.587,47.482],[9.616,47.474],[9.603,47.444],[9.608,47.428],[9.601,47.413],[9.616,47.387],[9.738,47.379],[9.771,47.395],[9.808,47.474],[9.786,47.51],[9.757,47.526],[9.759,47.542],[9.752,47.551],[9.728,47.564],[9.735,47.598],[9.748,47.609],[9.738,47.627],[9.734,47.664],[9.744,47.688],[9.733,47.74],[9.716,47.772],[9.722,47.821],[9.716,47.83],[9.687,47.828],[9.709,47.833],[9.722,47.845],[9.709,47.916],[9.679,47.92],[9.57,47.911],[9.506,47.917],[9.478,47.906],[9.47,47.891],[9.488,47.874],[9.474,47.857],[9.473,47.793],[9.481,47.785],[9.47,47.716],[9.478,47.697],[9.473,47.688],[9.316,47.697],[9.25,47.755],[9.168,47.783],[9.124,47.772],[9.053,47.737],[9.016,47.709],[8.941,47.681],[8.94,47.664]]]}},{"type":"Feature","properties":{},"geometry":{"type":"Polygon","coordinates":[[[9.384,46.814],[9.448,46.815],[9.499,46.828],[9.592,46.828],[9.592,46.836],[9.576,46.836],[9.55,46.857],[9.57,46.912],[9.525,46.911],[9.495,46.854],[9.388,46.834],[9.384,46.814]]]}},{"type":"Feature","properties":{},"geometry":{"type":"Polygon","coordinates":[[[9.592,45.055],[9.594,45.042],[9.628,45.035],[9.649,45.013],[9.679,45.013],[9.7,45.004],[9.709,45.011],[9.733,45.009],[9.744,45.022],[9.767,45.023],[9.77,45.042],[9.746,45.065],[9.748,45.074],[9.724,45.078],[9.724,45.071],[9.708,45.071],[9.689,45.084],[9.639,45.067],[9.594,45.065],[9.592,45.055]]]}},{"type":"Feature","properties":{},"geometry":{"type":"Polygon","coordinates":[[[9.812,49.862],[9.816,49.78],[9.912,49.709],[9.963,49.7],[10.05,49.708],[10.054,49.721],[10.039,49.731],[10.046,49.753],[10.037,49.753],[10.035,49.766],[10.047,49.767],[10.039,49.775],[10.035,49.849],[10.046,49.856],[10.043,49.861],[10.018,49.87],[9.812,49.862]]]}},{"type":"Feature","properties":{},"geometry":{"type":"Polygon","coordinates":[[[20.119,50.046],[20.139,50.047],[20.139,50.065],[20.119,50.046]]]}},{"type":"Feature","properties":{},"geometry":{"type":"Polygon","coordinates":[[[20.12,50.108],[20.132,50.09],[20.137,50.108],[20.12,50.108]]]}},{"type":"Feature","properties":{},"geometry":{"type":"Polygon","coordinates":[[[20.382,53.772],[20.417,53.748],[20.44,53.72],[20.503,53.712],[20.527,53.72],[20.528,53.729],[20.551,53.747],[20.562,53.776],[20.579,53.785],[20.571,53.802],[20.503,53.817],[20.48,53.812],[20.476,53.799],[20.473,53.799807692307695],[20.473,53.8],[20.472285714285714,53.8],[20.45,53.806],[20.415,53.797],[20.382,53.772]]]}},{"type":"Feature","properties":{},"geometry":{"type":"Polygon","coordinates":[[[20.546,50.887],[20.571,50.862],[20.583,50.834],[20.649,50.822],[20.646,50.838],[20.654,50.845],[20.69,50.842],[20.716,50.908],[20.635,50.924],[20.573,50.926],[20.561,50.921],[20.546,50.887]]]}},{"type":"Feature","properties":{},"geometry":{"type":"Polygon","coordinates":[[[20.733,52.166],[20.746,52.139],[20.77,52.133],[20.929,52.132],[20.992,52.123],[20.992,52.117],[21.025,52.116],[21.025,52.131],[21.042,52.131],[21.043,52.118],[21.087,52.122],[21.068,52.085],[21.051,52.08],[21.047,52.067],[21.029,52.056],[21.029,52.044],[21.05,52.044],[21.075,52.078],[21.091,52.085],[21.121,52.132],[21.14,52.138],[21.187,52.138],[21.217,52.086],[21.242,52.078857142857146],[21.242,52.078],[21.243,52.078],[21.243,52.07857142857143],[21.252,52.076],[21.289,52.085],[21.309,52.108],[21.3,52.129],[21.286,52.127],[21.257,52.154],[21.26,52.364],[21.018,52.363],[20.959,52.37],[20.934,52.363],[20.818,52.364],[20.816,52.256],[20.803,52.251],[20.788,52.229],[20.772,52.225],[20.766,52.21],[20.742,52.198],[20.733,52.166]],[[20.881,52.272],[20.91,52.274],[20.929,52.266],[20.912,52.266],[20.911,52.255],[20.881,52.272]]]}},{"type":"Feature","properties":{},"geometry":{"type":"Polygon","coordinates":[[[21.062,51.365],[21.088,51.342],[21.197,51.341],[21.254,51.361],[21.262,51.4],[21.246,51.403],[21.234,51.445],[21.161,51.458],[21.157,51.451],[21.117,51.444],[21.105,51.433],[21.105,51.445],[21.084,51.431],[21.083,51.417],[21.066,51.412],[21.065,51.397],[21.073,51.393],[21.062,51.365]]]}},{"type":"Feature","properties":{},"geometry":{"type":"Polygon","coordinates":[[[21.202,50.09],[21.209,50.054],[21.221,50.05],[21.212,49.983],[21.219,49.941],[21.212,49.932],[21.219,49.913],[21.212,49.898],[21.22,49.893],[21.217,49.866],[21.592,49.863],[21.768,49.87],[21.881,49.864],[21.952,49.871],[22.084,49.865],[22.109,49.869],[22.115,49.88],[22.128,49.883],[22.118,49.896],[22.126,49.923],[22.122,49.94],[22.129,49.944],[22.122,49.974],[22.131,49.975],[22.122,50.001],[22.129,50.012],[22.122,50.018],[22.126,50.041],[22.12,50.06],[22.128,50.069],[22.118,50.128],[22.125,50.135],[22.095,50.157],[22.034,50.166],[22.018,50.158],[21.719,50.155],[21.616,50.162],[21.558,50.155],[21.466,50.165],[21.462,50.158],[21.256,50.163],[21.216,50.151],[21.221,50.121],[21.202,50.09]]]}},{"type":"Feature","properties":{},"geometry":{"type":"Polygon","coordinates":[[[21.324,50.956],[21.338,50.955],[21.333,50.941],[21.344,50.938],[21.338,50.934],[21.356,50.92],[21.355,50.905],[21.368,50.895],[21.4,50.899],[21.449,50.919],[21.445,50.932],[21.451,50.938],[21.436,50.961],[21.436,50.976],[21.422,50.982],[21.367,50.981],[21.335,50.971],[21.324,50.956]]]}},{"type":"Feature","properties":{},"geometry":{"type":"Polygon","coordinates":[[[21.384,50.288],[21.393,50.279],[21.39,50.268],[21.418,50.257],[21.44,50.258],[21.488,50.275],[21.491,50.288],[21.503,50.291],[21.508,50.311],[21.487,50.33],[21.458,50.338],[21.416,50.328],[21.384,50.288]]]}},{"type":"Feature","properties":{},"geometry":{"type":"Polygon","coordinates":[[[21.911,51.42],[22.019,51.42],[22.006,51.456],[21.973,51.475],[21.942,51.468],[21.911,51.42]]]}},{"type":"Feature","properties":{},"geometry":{"type":"Polygon","coordinates":[[[22.008,50.582],[22.019,50.54],[22.039,50.523],[22.096,50.527],[22.121,50.54],[22.126,50.555],[22.122,50.573],[22.114,50.572],[22.114,50.584],[22.106,50.586],[22.102,50.607],[22.095,50.609],[22.03,50.607],[22.01,50.595],[22.008,50.582]]]}},{"type":"Feature","properties":{},"geometry":{"type":"Polygon","coordinates":[[[22.283,53.818],[22.298,53.789],[22.339,53.78],[22.376,53.781],[22.393,53.798],[22.413,53.797],[22.413,53.806],[22.434,53.815],[22.42,53.82],[22.397,53.857],[22.352,53.866],[22.31,53.853],[22.283,53.818]]]}},{"type":"Feature","properties":{},"geometry":{"type":"Polygon","coordinates":[[[22.349,51.177],[22.368,51.169],[22.36,51.103],[22.39,51.082],[22.448,51.076],[22.471,51.083],[22.511,51.073],[22.556,51.076],[22.598,51.068],[22.604,51.075],[22.765,51.079],[22.819,51.097],[22.841,51.11],[22.841,51.13],[22.827,51.146],[22.836,51.153],[22.824,51.173],[22.832,51.188],[22.823,51.217],[22.836,51.24],[22.828,51.258],[22.841,51.288],[22.816,51.373],[22.802,51.396],[22.773,51.415],[22.72,51.43],[22.681,51.421],[22.661,51.426],[22.628,51.421],[22.606,51.429],[22.589,51.422],[22.507,51.427],[22.485,51.42],[22.473,51.426],[22.415,51.42],[22.396,51.409],[22.389,51.392],[22.37,51.383],[22.361,51.362],[22.367,51.35],[22.36,51.322],[22.361,51.289],[22.368,51.285],[22.361,51.264],[22.365,51.216],[22.357,51.199],[22.361,51.191],[22.349,51.177]]]}},{"type":"Feature","properties":{},"geometry":{"type":"Polygon","coordinates":[[[23.027,53.122],[23.074,53.092],[23.129,53.079],[23.184,53.09],[23.236,53.089],[23.257,53.111],[23.262,53.134],[23.25,53.141],[23.248,53.161],[23.236,53.171],[23.178,53.188],[23.06,53.176],[23.037,53.162],[23.027,53.122]]]}},{"type":"Feature","properties":{},"geometry":{"type":"Polygon","coordinates":[[[23.779,54.902],[23.824,54.894],[23.824,54.878],[23.833,54.864],[23.85,54.858],[23.855,54.838],[23.921,54.824],[23.939,54.836],[23.975,54.824],[24.015,54.834],[24.02,54.846],[24.033,54.851],[24.038,54.88],[24.083,54.912],[24.072,54.922],[24.077,54.926],[24.02,54.958],[23.968,54.953],[23.88,54.969],[23.839,54.955],[23.831,54.938],[23.779,54.927],[23.785,54.912],[23.779,54.902]]]}},{"type":"Feature","properties":{},"geometry":{"type":"Polygon","coordinates":[[[23.946,54.397],[23.993,54.361],[24.034,54.353],[24.088,54.366],[24.119,54.396],[24.112,54.413],[24.094,54.416],[24.092,54.428],[24.067,54.438],[24.026,54.429],[23.976,54.432],[23.946,54.397]]]}},{"type":"Feature","properties":{},"geometry":{"type":"Polygon","coordinates":[[[24.497,54.931],[24.509,54.924],[24.513,54.91],[24.502,54.885],[24.53,54.874],[24.542,54.86],[24.593,54.867],[24.64,54.852],[24.813,54.869],[24.847,54.866],[24.888,54.761],[24.888,54.674],[24.89,54.657],[24.896,54.656],[24.876,54.617],[24.896,54.489],[25.054,54.488],[25.115,54.502],[25.131,54.522],[25.244,54.524],[25.26,54.543],[25.275,54.548],[25.273,54.561],[25.291,54.577],[25.285,54.585],[25.314,54.603],[25.323,54.639],[25.319,54.632],[25.274,54.621],[25.278,54.629],[25.223,54.629],[25.189,54.613],[25.182,54.619],[25.177,54.609],[25.15,54.599],[25.142,54.603],[25.138,54.596],[25.102,54.6],[25.082,54.632],[25.086,54.658],[25.102,54.663],[25.109,54.679],[25.126,54.684],[25.15,54.714],[25.168,54.714],[25.222,54.76],[25.277,54.775],[25.323,54.759],[25.323,54.915],[25.145,54.919],[25.097,54.909],[25.093,54.917],[25.054,54.933],[25.053,54.949],[25.074,54.965],[25.067,54.976],[24.502,54.978],[24.505,54.956],[24.497,54.931]]]}},{"type":"Feature","properties":{},"geometry":{"type":"Polygon","coordinates":[[[9.833,52.476],[10.011,52.476],[10.029,52.483],[10.021,52.504],[10,52.509],[9.995,52.521],[10.009,52.536],[10.014,52.562],[10,52.606],[9.833,52.608],[9.833,52.476]]]}},{"type":"Feature","properties":{},"geometry":{"type":"Polygon","coordinates":[[[9.984,53.411],[10.059,53.41],[10.276,53.462],[10.307,53.453],[10.329,53.468],[10.331,53.48],[10.312,53.483],[10.309,53.49],[10.331,53.515],[10.322,53.557],[10.33,53.584],[10.323,53.588],[10.33,53.622],[10.346,53.639],[10.341,53.654],[10.331,53.655],[10.338,53.67],[10.333,53.693],[10.341,53.698],[10.33,53.717],[10.344,53.73],[10.33,53.741],[10.33,53.75],[10.308,53.763],[10.253,53.756],[10.235,53.762],[10.205,53.753],[10.164,53.767],[10.138,53.747],[10.123,53.724],[10.134,53.687],[10.125,53.653],[10.136,53.635],[10.138,53.607],[10.129,53.603],[10.142,53.591],[10.136,53.57],[10.155,53.536],[10.149,53.519],[10.047,53.487],[10.037,53.469],[10.039,53.443],[10.014,53.429],[10.013,53.419],[9.984,53.411]]]}},{"type":"Feature","properties":{},"geometry":{"type":"Polygon","coordinates":[[[10.114,53.227],[10.127,53.214],[10.124,53.06],[10.134,53.026],[10.118,53.004],[10.129,52.988],[10.18,52.955],[10.297,52.955],[10.315,52.961],[10.353,52.954],[10.432,52.96],[10.475,52.955],[10.551,52.966],[10.725,52.955],[10.909,52.962],[10.929,52.991],[10.927,53.001],[10.936,53.002],[10.936,53.023],[10.925,53.044],[10.936,53.055],[10.927,53.096],[10.938,53.196],[10.931,53.228],[10.942,53.242],[10.942,53.287],[10.914,53.306],[10.628,53.315],[10.316,53.313],[10.279,53.305],[10.166,53.312],[10.15,53.296],[10.132,53.292],[10.134,53.255],[10.114,53.227]]]}},{"type":"Feature","properties":{},"geometry":{"type":"Polygon","coordinates":[[[10.121,52.054],[10.129,52.021],[10.149,52.014],[10.15,52.003],[10.134,51.997],[10.125,51.974],[10.138,51.951],[10.155,51.928],[10.201,51.92],[10.308,51.925],[10.318,51.931],[10.344,51.923],[10.375,51.934],[10.426,51.924],[10.469,51.931],[10.606,51.925],[10.633,51.934],[10.668,51.924],[10.746,51.926],[10.757,51.934],[10.809,51.921],[10.909,51.926],[10.931,51.952],[10.936,51.975],[10.926,51.985],[10.94,52.017],[10.938,52.073],[10.918,52.092],[10.936,52.104],[10.938,52.117],[10.931,52.184],[10.937,52.196],[10.929,52.199],[10.94,52.229],[10.94,52.349],[10.926,52.356],[10.937,52.376],[10.936,52.385],[10.926,52.387],[10.933,52.394],[10.929,52.412],[10.936,52.421],[10.94,52.48],[10.922,52.482],[10.922,52.49],[10.638,52.491],[10.636,52.484],[10.602,52.479],[10.455,52.478],[10.379,52.486],[10.263,52.479],[10.258,52.487],[10.195,52.49],[10.138,52.478],[10.135,52.419],[10.146,52.409],[10.136,52.394],[10.142,52.371],[10.132,52.352],[10.134,52.227],[10.125,52.186],[10.143,52.171],[10.127,52.161],[10.138,52.144],[10.125,52.139],[10.121,52.128],[10.142,52.093],[10.121,52.054]]]}},{"type":"Feature","properties":{},"geometry":{"type":"Polygon","coordinates":[[[10.164,50.043],[10.168,50.01],[10.23,50.003],[10.286,50.031],[10.286,50.096],[10.213,50.096],[10.194,50.089],[10.175,50.074],[10.164,50.043]]]}},{"type":"Feature","properties":{},"geometry":{"type":"Polygon","coordinates":[[[10.379,50.145],[10.388,50.141],[10.393,50.119],[10.383,50.1],[10.385,50.077],[10.397,50.071],[10.383,50.047],[10.392,50.038],[10.385,50.012],[10.394,49.994],[11.243,49.994],[11.25,49.993],[11.249,49.831],[11.707,49.831],[11.71,50.255],[11.673,50.279],[11.017,50.275],[10.999,50.276],[11,50.285],[10.989,50.29],[10.949,50.292],[10.934,50.265],[10.931,50.278],[10.408,50.274],[10.396,50.272],[10.381,50.246],[10.392,50.232],[10.392,50.216],[10.389,50.191],[10.382,50.187],[10.389,50.158],[10.379,50.145]],[[11.501,49.943],[11.505,49.954],[11.536,49.961],[11.549,49.976],[11.602,49.988],[11.603,49.995],[11.635,49.987],[11.632,49.981],[11.646,49.983],[11.648,49.969],[11.632,49.962],[11.646,49.952],[11.617,49.943],[11.618,49.928],[11.628,49.926],[11.624,49.91],[11.603,49.91],[11.603,49.903],[11.578,49.91],[11.566,49.903],[11.541,49.907],[11.521,49.919],[11.518,49.938],[11.501,49.943]]]}},{"type":"Feature","properties":{},"geometry":{"type":"Polygon","coordinates":[[[10.536,53.925],[10.551,53.924],[10.589,53.902],[10.592,53.869],[10.585,53.851],[10.591,53.847],[10.592,53.793],[10.672,53.79],[10.68,53.818],[10.673,53.831],[10.688,53.832],[10.69,53.79],[10.773,53.792],[10.831,53.781],[10.911,53.794],[10.916,53.875],[10.909,53.886],[10.907,53.971],[10.897,53.969],[10.893,53.993],[10.874,54.004],[10.801,54.006],[10.769,54.032],[10.765,54.05],[10.813,54.077],[10.801,54.102],[10.694,54.109],[10.643,54.1],[10.64,54.106],[10.594,54.109],[10.595,54.03],[10.583,53.98],[10.585,53.962],[10.596,53.957],[10.588,53.948],[10.539,53.945],[10.536,53.925]]]}},{"type":"Feature","properties":{},"geometry":{"type":"Polygon","coordinates":[[[10.9,51.025],[10.901,50.974],[10.948,50.925],[11.066,50.912],[11.077,50.92],[11.152,50.921],[11.151,50.999],[11.071,51.062],[10.9,51.066],[10.9,51.025]]]}},{"type":"Feature","properties":{},"geometry":{"type":"Polygon","coordinates":[[[11.29,51.989],[11.301,51.965],[11.293,51.904],[11.301,51.894],[11.302,51.824],[11.357,51.814],[11.382,51.824],[11.42,51.815],[11.607,51.812],[11.707,51.816],[11.72,51.825],[11.749,51.828],[11.744,51.841],[11.755,51.884],[11.744,51.895],[11.759,51.924],[11.761,51.963],[11.753,52.007],[11.758,52.006],[11.751,52.014],[11.75,52.13],[11.765,52.133],[11.757,52.166],[11.759,52.244],[11.75,52.266],[11.758,52.296],[11.746,52.328],[11.753,52.358],[11.706,52.371],[11.433,52.374],[11.306,52.361],[11.298,52.328],[11.297,52.21],[11.298,52.113],[11.306,52.098],[11.301,52.025],[11.29,51.989]],[[11.529,52.129],[11.549,52.18],[11.562,52.183],[11.566,52.172],[11.573,52.173],[11.586,52.189],[11.606,52.187],[11.628,52.199],[11.628,52.209],[11.687,52.227],[11.689,52.219],[11.699,52.219],[11.711,52.191],[11.707,52.169],[11.714,52.144],[11.703,52.138],[11.703,52.128],[11.724,52.132],[11.713,52.107],[11.705,52.107],[11.71,52.101],[11.698,52.071],[11.644,52.056],[11.637,52.062],[11.619,52.059],[11.618,52.069],[11.602,52.061],[11.541,52.074],[11.532,52.094],[11.549,52.096],[11.532,52.11],[11.545,52.11],[11.545,52.118],[11.533,52.114],[11.529,52.129]]]}},{"type":"Feature","properties":{},"geometry":{"type":"Polygon","coordinates":[[[11.335,53.621],[11.378,53.586],[11.456,53.575],[11.481,53.588],[11.475,53.599],[11.485,53.605],[11.47,53.631],[11.482,53.658],[11.413,53.677],[11.378,53.678],[11.369,53.668],[11.352,53.667],[11.337,53.645],[11.343,53.635],[11.335,53.621]]]}},{"type":"Feature","properties":{},"geometry":{"type":"Polygon","coordinates":[[[11.508,50.875],[11.51,50.851],[11.526,50.851],[11.525,50.842],[11.56,50.835],[11.661,50.837],[11.665,50.852],[11.677,50.852],[11.677,50.865],[11.666,50.868],[11.678,50.875],[11.673,50.93],[11.68,50.932],[11.681,50.966],[11.665,50.969],[11.67,50.981],[11.519,50.986],[11.51,50.979],[11.508,50.875]]]}},{"type":"Feature","properties":{},"geometry":{"type":"Polygon","coordinates":[[[11.683,51.503],[11.698,51.497],[11.695,51.469],[11.702,51.465],[11.695,51.461],[11.695,51.446],[11.703,51.436],[11.691,51.344],[11.699,51.24],[11.691,51.21],[11.691,51.114],[11.695,51.065],[11.71,51.059],[11.711,51.049],[11.695,51.047],[11.699,51.027],[11.884,51.026],[11.941,51.038],[11.981,51.03],[11.996,51.034],[12.005,51.018],[12.025,51.012],[12.036,50.998],[12.136,51.013],[12.16,51.001],[12.18,51.005],[12.177,51.014],[12.185,51.02],[12.229,51.023],[12.257,51.016],[12.299,51.024],[12.336,51.015],[12.379,51.028],[12.395,51.018],[12.474,51.024],[12.487,51.007],[12.534,51.009],[12.588,51.035],[12.592,51.045],[12.571,51.057],[12.599,51.067],[12.593,51.095],[12.6,51.112],[12.618,51.123],[12.6,51.139],[12.575,51.142],[12.574,51.159],[12.588,51.166],[12.59,51.19],[12.888,51.198],[13.079,51.192],[13.123,51.199],[13.164,51.192],[13.368,51.197],[13.405,51.191],[13.435,51.207],[13.445,51.233],[13.451,51.379],[13.435,51.392],[13.434,51.412],[13.447,51.436],[13.451,51.467],[13.442,51.482],[13.423,51.488],[13.25,51.494],[13.226,51.487],[13.182,51.493],[12.902,51.49],[12.887,51.496],[12.619,51.491],[12.6,51.493],[12.594,51.504],[12.601,51.508],[12.6,51.525],[12.588,51.531],[12.588,51.539],[12.604,51.543],[12.605,51.558],[12.594,51.566],[12.599,51.582],[12.557,51.592],[12.544,51.587],[12.541,51.595],[12.457,51.584],[12.453,51.597],[12.486,51.601],[12.49,51.609],[12.463,51.624],[12.43,51.621],[12.421,51.613],[12.355,51.609],[12.327,51.592],[12.305,51.592],[12.294,51.603],[12.258,51.61],[12.246,51.611],[12.222,51.597],[12.178,51.603],[12.173,51.615],[12.117,51.614],[12.045,51.633],[12.037,51.63],[12.04,51.611],[12.004,51.609],[11.978,51.625],[11.97,51.59],[11.941,51.583],[11.699,51.584],[11.703,51.558],[11.692,51.557],[11.691,51.549],[11.692,51.531],[11.699,51.531],[11.688,51.524],[11.683,51.503]]]}},{"type":"Feature","properties":{},"geometry":{"type":"Polygon","coordinates":[[[11.858,54.091],[11.869,54.078],[11.869,54.063],[11.882,54.058],[11.883,54.042],[11.869,54.033],[11.867,54.018],[11.878,54.017],[11.879,54.009],[11.865,54.009],[11.908,53.994],[11.905,53.983],[11.931,53.976],[11.935,53.968],[11.945,53.966],[11.961,53.988],[11.975,53.979],[12.031,53.976],[12.071,53.985],[12.082,53.979],[12.156,53.984],[12.158,53.975],[12.209,53.976],[12.221,53.994],[12.217,54.026],[12.232,54.03],[12.233,54.044],[12.254,54.051],[12.254,54.104],[12.261,54.113],[12.228,54.125],[12.225,54.224],[12.187,54.251],[12.119,54.194],[12.09,54.199],[12.068,54.19],[12.007,54.189],[11.862,54.158],[11.858,54.091]]]}},{"type":"Feature","properties":{},"geometry":{"type":"Polygon","coordinates":[[[12.012,50.819],[12.026,50.81],[12.089,50.807],[12.095,50.814],[12.144,50.808],[12.154,50.93],[12.042,50.929],[12.029,50.923],[12.012,50.819]]]}},{"type":"Feature","properties":{},"geometry":{"type":"Polygon","coordinates":[[[12.417,50.714],[12.445,50.681],[12.442,50.673],[12.456,50.669],[12.501,50.676],[12.533,50.709],[12.544,50.674],[12.608,50.668],[12.667,50.67],[12.667,50.683],[13.394,50.682],[13.45,50.685],[13.484,50.703],[13.475,50.734],[13.44,50.743],[13.432,50.769],[13.439,50.781],[13.432,50.826],[13.439,50.832],[13.442,50.882],[13.431,50.909],[13.439,50.915],[13.439,50.944],[13.388,50.964],[13.258,50.958],[12.938,50.967],[12.767,50.964],[12.751,50.955],[12.725,50.963],[12.567,50.963],[12.538,50.948],[12.529,50.924],[12.524,50.857],[12.538,50.845],[12.524,50.83],[12.537,50.823],[12.529,50.809],[12.537,50.778],[12.531,50.76],[12.479,50.772],[12.446,50.753],[12.445,50.738],[12.424,50.734],[12.437,50.725],[12.42,50.722],[12.417,50.714]]]}},{"type":"Feature","properties":{},"geometry":{"type":"Polygon","coordinates":[[[12.868,52.396],[12.883,52.388],[12.88,52.378],[12.92,52.371],[12.93,52.353],[12.921,52.345],[12.92,52.33],[12.925,52.279],[12.939,52.257],[12.931,52.226],[12.938,52.173],[12.934,52.136],[12.954,52.112],[13.832,52.112],[13.865,52.151],[13.859,52.244],[13.867,52.259],[13.861,52.275],[13.872,52.349],[13.861,52.38],[13.804,52.397],[13.788,52.392],[13.785,52.422],[13.825,52.432],[13.826,52.446],[13.807,52.452],[13.807,52.464],[13.793,52.471],[13.818,52.478],[13.83,52.498],[13.824,52.5],[13.835,52.515],[13.822,52.531],[13.835,52.544],[13.837,52.577],[13.822,52.575],[13.806,52.586],[13.759,52.579],[13.741,52.587],[13.732,52.581],[13.726,52.583],[13.726,52.606],[13.729,52.614],[13.829,52.611],[13.872,52.621],[13.869,52.69],[13.859,52.724],[13.865,52.811],[13.852,52.826],[13.865,52.834],[13.869,52.867],[13.859,52.877],[13.869,52.887],[13.863,52.899],[13.869,52.92],[13.835,52.932],[13.694,52.935],[13.343,52.934],[13.267,52.925],[13.093,52.932],[12.92,52.923],[12.91,52.911],[12.923,52.876],[12.913,52.87],[12.91,52.838],[12.92,52.826],[12.903,52.734],[12.912,52.694],[12.93,52.681],[12.908,52.621],[12.993,52.621],[12.995,52.606],[13.03,52.583],[13.005,52.567],[13.001,52.548],[13.022,52.546],[13.019,52.525],[12.993,52.52],[12.968,52.503],[12.93,52.502],[12.93,52.489],[12.892,52.504],[12.894,52.489],[12.883,52.486],[12.883,52.468],[12.876,52.467],[12.876,52.433],[12.897,52.427],[12.899,52.419],[12.872,52.419],[12.868,52.396]]]}},{"type":"Feature","properties":{},"geometry":{"type":"Polygon","coordinates":[[[13.339,50.428],[13.443,50.411],[13.456,50.426],[13.45,50.43],[13.458,50.443],[13.493,50.478],[13.486,50.517],[13.442,50.526],[13.402,50.52],[13.381,50.507],[13.343,50.464],[13.339,50.428]]]}},{"type":"Feature","properties":{},"geometry":{"type":"Polygon","coordinates":[[[13.476,51.171],[13.49,51.156],[13.484,50.888],[13.512,50.88],[13.667,50.876],[13.681,50.886],[13.756,50.892],[13.769,50.884],[13.995,50.885],[14.014,50.892],[14.012,50.921],[14.028,50.902],[14.102,50.882],[14.204,50.878],[14.225,50.882],[14.256,50.905],[14.258,50.928],[14.236,50.937],[14.149,50.941],[14.144,50.987],[14.019,50.984],[14.017,50.948],[14.002,50.958],[14.014,50.984],[14.002,50.987],[14.014,50.991],[14.014,51.021],[14.005,51.022],[14.006,51.032],[14.016,51.034],[14.016,51.06],[14.01,51.061],[14.019,51.067],[14.027,51.092],[14.023,51.135],[14.01,51.152],[14.031,51.18],[14.027,51.193],[14.013,51.193],[14.008,51.213],[13.711,51.21],[13.651,51.218],[13.646,51.207],[13.637,51.207],[13.597,51.222],[13.576,51.221],[13.576,51.21],[13.564,51.21],[13.564,51.219],[13.53,51.221],[13.484,51.207],[13.476,51.171]]]}},{"type":"Feature","properties":{},"geometry":{"type":"Polygon","coordinates":[[[13.773,50.647],[13.789,50.626],[13.832,50.602],[13.869,50.63],[13.88,50.644],[13.876,50.652],[13.889,50.662],[13.854,50.675],[13.818,50.677],[13.773,50.647]]]}},{"type":"Feature","properties":{},"geometry":{"type":"Polygon","coordinates":[[[13.97,50.641],[13.99,50.633],[14.039,50.632],[14.091,50.642],[14.149,50.671],[14.142,50.689],[14.039,50.689],[14.027,50.7],[13.988,50.701],[13.98,50.696],[13.976,50.682],[13.984,50.667],[13.97,50.641]]]}},{"type":"Feature","properties":{},"geometry":{"type":"Polygon","coordinates":[[[14.042,50.129],[14.056,50.123],[14.057,50.115],[14.095,50.114],[14.098,50.108],[14.124,50.107],[14.127,50.099],[14.139,50.101],[14.141,50.111],[14.149,50.108],[14.152,50.117],[14.168,50.121],[14.161,50.125],[14.168,50.131],[14.185,50.136],[14.19,50.158],[14.169,50.166],[14.172,50.174],[14.16,50.177],[14.16,50.185],[14.152,50.183],[14.154,50.19],[14.135,50.194],[14.115,50.187],[14.113,50.193],[14.088,50.187],[14.088,50.181],[14.065,50.18],[14.084,50.174],[14.047,50.151],[14.042,50.129]]]}},{"type":"Feature","properties":{},"geometry":{"type":"Polygon","coordinates":[[[14.207,50.106],[14.209,50.094],[14.229,50.09],[14.226,50.068],[14.236,50.067],[14.24,50.056],[14.227,50.034],[14.244,50.023],[14.233,50.01],[14.226,49.979],[14.229,49.931],[14.24,49.921],[14.234,49.919],[14.227,49.861],[14.233,49.832],[14.704,49.831],[14.702,49.853],[14.687,49.859],[14.704,49.873],[14.697,49.894],[14.705,49.902],[14.694,49.91],[14.716,49.917],[14.694,49.931],[14.691,49.943],[14.698,49.944],[14.7,49.994],[14.69,50.001],[14.7,50.006],[14.696,50.019],[14.707,50.021],[14.707,50.031],[14.696,50.036],[14.702,50.053],[14.694,50.057],[14.712,50.089],[14.694,50.112],[14.702,50.15],[14.698,50.177],[14.707,50.202],[14.7,50.204],[14.702,50.231],[14.694,50.233],[14.707,50.243],[14.707,50.252],[14.694,50.253],[14.708,50.265],[14.698,50.31],[14.582,50.318],[14.535,50.316],[14.514,50.306],[14.49,50.314],[14.472,50.307],[14.44,50.313],[14.332,50.309],[14.268,50.318],[14.227,50.312],[14.23,50.29],[14.222,50.267],[14.229,50.202],[14.215,50.196],[14.227,50.187],[14.231,50.117],[14.207,50.106]],[[14.218,50.103],[14.278,50.118],[14.29,50.102],[14.362,50.104],[14.395,50.123],[14.393,50.139],[14.436,50.151],[14.494,50.14],[14.547,50.145],[14.561,50.131],[14.561,50.12],[14.59,50.108],[14.586,50.102],[14.593,50.102],[14.591,50.08],[14.598,50.069],[14.565,50.073],[14.553,50.055],[14.566,50.047],[14.568,50.031],[14.535,50.014],[14.428,49.991],[14.411,50],[14.393,49.995],[14.381,50],[14.389,50.018],[14.378,50.024],[14.311,50.03],[14.29,50.025],[14.266,50.049],[14.258,50.071],[14.27,50.084],[14.218,50.103]]]}},{"type":"Feature","properties":{},"geometry":{"type":"Polygon","coordinates":[[[14.209,51.738],[14.241,51.707],[14.262,51.702],[14.266,51.684],[14.277,51.676],[14.442,51.677],[14.446,51.825],[14.436,51.831],[14.209,51.831],[14.209,51.738]]]}},{"type":"Feature","properties":{},"geometry":{"type":"Polygon","coordinates":[[[14.385,50.059],[14.477,50.058],[14.477,50.104],[14.44,50.102],[14.422,50.11],[14.389,50.104],[14.391,50.087],[14.385,50.086],[14.391,50.077],[14.385,50.072],[14.391,50.069],[14.385,50.059]]]}},{"type":"Feature","properties":{},"geometry":{"type":"Polygon","coordinates":[[[14.44,53.414],[14.446,53.414],[14.459,53.381],[14.484,53.377],[14.485,53.371],[14.543,53.369],[14.568,53.346],[14.682,53.351],[14.708,53.36],[14.719,53.381],[14.702,53.393],[14.686,53.43],[14.628,53.504],[14.469,53.479],[14.448,53.462],[14.451,53.42],[14.44,53.414]]]}},{"type":"Feature","properties":{},"geometry":{"type":"Polygon","coordinates":[[[14.913,51.15],[14.924,51.126],[15.022,51.112],[15.046,51.123],[15.051,51.141],[15.06,51.146],[15.046,51.153],[15.057,51.156],[15.054,51.17],[14.974,51.197],[14.966,51.181],[14.948,51.179],[14.936,51.166],[14.919,51.166],[14.913,51.15]]]}},{"type":"Feature","properties":{},"geometry":{"type":"Polygon","coordinates":[[[14.952,50.73],[14.954,50.684],[15.234,50.685],[15.233,50.743],[15.114,50.743],[15.116,50.736],[15.106,50.729],[15.006,50.724],[14.996,50.727],[15.002,50.73],[15.003,50.756],[14.999,50.743],[14.952,50.743],[14.952,50.73]]]}},{"type":"Feature","properties":{},"geometry":{"type":"Polygon","coordinates":[[[5.114,43.385],[5.188,43.362],[5.21,43.36],[5.254,43.372],[5.298,43.362],[5.298,43.353],[5.334,43.328],[5.343,43.311],[5.331,43.275],[5.356,43.263],[5.35,43.232],[5.357,43.22],[5.452,43.218],[5.459,43.193],[5.481,43.195],[5.503,43.186],[5.536,43.2],[5.556,43.173],[5.595,43.154],[5.628,43.153],[5.626,43.175],[5.665,43.171],[5.673,43.167],[5.677,43.139],[5.713,43.134],[5.718,43.125],[5.754,43.116],[5.757,43.108],[5.794,43.102],[5.765,43.094],[5.764,43.068],[5.806,43.056],[5.823,43.041],[5.828,43.049],[5.863,43.051],[5.882,43.067],[5.872,43.069],[5.9,43.088],[5.879,43.09],[5.876,43.099],[5.861,43.102],[5.861,43.121],[5.901,43.139],[5.934,43.136],[5.95,43.123],[5.949,43.112],[6.003,43.108],[6.003,43.095],[6.07,43.09],[6.139,43.086],[6.136,43.105],[6.166,43.11],[6.165,43.088],[6.174,43.086],[6.183,43.101],[6.272,43.114],[6.268,43.155],[6.118,43.158],[6.118,43.185],[6.003,43.186],[6.003,43.151],[5.831,43.143],[5.832,43.223],[5.815,43.272],[5.755,43.274],[5.739,43.246],[5.695,43.225],[5.698,43.256],[5.685,43.258],[5.676,43.32],[5.698,43.335],[5.698,43.366],[5.626,43.45],[5.614,43.449],[5.515,43.593],[5.343,43.598],[5.133,43.503],[5.124,43.415],[5.114,43.409],[5.114,43.385]]]}},{"type":"Feature","properties":{},"geometry":{"type":"Polygon","coordinates":[[[6.214,43.805],[6.218,43.749],[6.314,43.725],[6.431,43.722],[6.446,43.751],[6.453,43.812],[6.214,43.816],[6.214,43.805]]]}},{"type":"Feature","properties":{},"geometry":{"type":"Polygon","coordinates":[[[6.472,43.182],[6.476,43.154],[6.482,43.152],[6.537,43.152],[6.549,43.173],[6.566,43.177],[6.59,43.173],[6.612,43.149],[6.654,43.158],[6.659,43.183],[6.691,43.188],[6.695,43.208],[6.674,43.22],[6.674,43.23],[6.703,43.247],[6.709,43.274],[6.68,43.29],[6.658,43.281],[6.64,43.284],[6.641,43.295],[6.692,43.304],[6.698,43.322],[6.68,43.325],[6.721,43.335],[6.737,43.395],[6.75,43.408],[6.759,43.398],[6.787,43.397],[6.858,43.41],[6.897,43.426],[6.941,43.47],[6.945,43.496],[6.967,43.498],[6.958,43.516],[6.965,43.532],[7.02,43.535],[7.02,43.519],[7.034,43.498],[7.066,43.497],[7.078,43.505],[7.079,43.525],[7.055,43.534],[7.059,43.538],[7.042,43.535],[7.075,43.559],[7.049,43.59],[7.053,43.6],[7.075,43.6],[7.071,43.59],[7.097,43.559],[7.064,43.536],[7.124,43.559],[7.131,43.539],[7.11,43.539],[7.112,43.534],[7.164,43.538],[7.173,43.568],[7.152,43.57],[7.151,43.58],[7.164,43.588],[7.164,43.62],[7.185,43.642],[7.243,43.639],[7.263,43.674],[7.278,43.682],[7.335,43.676],[7.329,43.667],[7.351,43.665],[7.376,43.683],[7.37,43.703],[7.423,43.714],[7.457,43.746],[7.491,43.738],[7.497,43.757],[7.522,43.772],[7.56,43.768],[7.581,43.782],[7.677,43.766],[7.71,43.789],[7.744,43.785],[7.804,43.811],[7.835,43.805],[7.852,43.819],[7.917,43.826],[7.953,43.839],[7.95,43.886],[7.921,43.899],[7.85,43.901],[7.728,43.894],[7.421,43.901],[7.302,43.893],[7.284,43.898],[7.255,43.891],[7.079,43.899],[7.068,43.878],[7.066,43.841],[7.045,43.82],[6.996,43.809],[6.99,43.822],[6.876,43.817],[6.864,43.79],[6.871,43.789],[6.866,43.768],[6.876,43.722],[6.871,43.707],[6.748,43.71],[6.748,43.702],[6.766,43.629],[6.809,43.616],[6.879,43.578],[6.88,43.472],[6.855,43.463],[6.725,43.501],[6.685,43.494],[6.617,43.499],[6.615,43.428],[6.645,43.387],[6.645,43.355],[6.571,43.356],[6.555,43.333],[6.483,43.283],[6.472,43.182]],[[7.042,43.624],[7.042,43.636],[7.066,43.645],[7.075,43.66],[7.094,43.67],[7.115,43.669],[7.087,43.645],[7.042,43.624]],[[7.042,43.659],[7.042,43.672],[7.078,43.694],[7.074,43.679],[7.042,43.659]],[[7.118,43.669],[7.129,43.683],[7.141,43.685],[7.14,43.704],[7.158,43.716],[7.159,43.726],[7.224,43.736],[7.292,43.763],[7.293,43.757],[7.245,43.737],[7.179,43.725],[7.181,43.717],[7.16,43.708],[7.163,43.685],[7.14,43.678],[7.142,43.67],[7.118,43.669]],[[7.405,43.765],[7.41,43.78],[7.434,43.781],[7.434,43.77],[7.405,43.765]]]}},{"type":"Feature","properties":{},"geometry":{"type":"Polygon","coordinates":[[[7.419,44.897],[7.431,44.87],[7.434,44.832],[7.42,44.798],[7.435,44.74],[7.424,44.682],[7.431,44.65],[7.421,44.63],[7.752,44.633],[7.829,44.625],[7.994,44.634],[8.086,44.631],[8.105,44.624],[8.124,44.631],[8.226,44.635],[8.352,44.63],[8.361,44.641],[8.344,44.779],[8.369,44.817],[8.372,44.857],[8.352,44.899],[8.355,44.917],[8.348,44.916],[8.35,44.894],[8.343,44.889],[8.318,44.884],[8.315,44.889],[8.284,44.875],[8.256,44.885],[8.259,44.903],[8.248,44.909],[8.256,44.908],[8.263,44.927],[8.232,44.948],[8.211,44.948],[8.163,44.924],[8.149,44.892],[8.153,44.886],[8.05,44.885],[8.045,45.097],[7.859,45.097],[7.872,45.059],[7.861,45.037],[7.869,45.009],[7.861,45.009],[7.874,45.004],[7.859,44.971],[7.866,44.96],[7.843,44.962],[7.829,44.955],[7.831,44.948],[7.813,44.95],[7.814,44.909],[7.69,44.91],[7.651,44.903],[7.458,44.908],[7.453,44.943],[7.438,44.95],[7.454,44.917],[7.419,44.897]]]}},{"type":"Feature","properties":{},"geometry":{"type":"Polygon","coordinates":[[[7.468,44.334],[7.482,44.327],[7.53,44.336],[7.579,44.377],[7.579,44.397],[7.522,44.398],[7.472,44.356],[7.468,44.334]]]}},{"type":"Feature","properties":{},"geometry":{"type":"Polygon","coordinates":[[[8.226,44.151],[8.311,44.146],[8.361,44.166],[8.414,44.172],[8.435,44.188],[8.428,44.219],[8.455,44.231],[8.466,44.264],[8.458,44.277],[8.462,44.284],[8.502,44.299],[8.514,44.318],[8.545,44.325],[8.719,44.408],[8.756,44.416],[8.779,44.403],[8.81,44.405],[9.115,44.356],[9.137,44.349],[9.142,44.342],[9.135,44.325],[9.146,44.315],[9.224,44.29],[9.224,44.315],[9.237,44.329],[9.299,44.313],[9.369,44.283],[9.375,44.259],[9.388,44.249],[9.422,44.247],[9.445,44.227],[9.484,44.226],[9.496,44.209],[9.554,44.188],[9.558,44.176],[9.59,44.162],[9.624,44.13],[9.645,44.127],[9.656,44.134],[9.715,44.107],[9.731,44.085],[9.815,44.05],[9.846,44.015],[9.874,44.019],[9.874,44.025],[9.856,44.02],[9.863,44.025],[9.868,44.055],[9.896,44.067],[9.949,44.037],[9.992,44.025],[10.033,44.041],[10.025,44.057],[10.032,44.063],[10.025,44.065],[10.04,44.077],[10.08,44.091],[10.079,44.1],[10.054,44.111],[10.025,44.145],[9.98,44.155],[9.976,44.163],[9.837,44.219],[9.775,44.211],[9.778,44.163],[9.695,44.167],[9.638,44.201],[9.657,44.233],[9.651,44.243],[9.536,44.32],[9.513,44.323],[9.433,44.363],[9.429,44.379],[9.406,44.395],[9.374,44.391],[9.349,44.423],[9.279,44.447],[9.249,44.448],[9.244,44.457],[9.209,44.469],[9.193,44.464],[9.19,44.484],[9.161,44.496],[9.128,44.489],[9.079,44.508],[9.04,44.51],[9.057,44.538],[9.044,44.541],[9.049,44.548],[9.04,44.551],[9.055,44.576],[9.034,44.599],[9.036,44.628],[9.044,44.628],[9.027,44.676],[9.032,44.682],[8.933,44.693],[8.903,44.674],[8.878,44.678],[8.87,44.634],[8.877,44.599],[8.867,44.597],[8.862,44.584],[8.807,44.588],[8.807,44.527],[8.815,44.507],[8.762,44.502],[8.729,44.489],[8.709,44.498],[8.693,44.493],[8.69,44.459],[8.698,44.448],[8.693,44.43],[8.595,44.43],[8.539,44.399],[8.53,44.384],[8.457,44.354],[8.453,44.341],[8.436,44.34],[8.394,44.315],[8.385,44.301],[8.385,44.239],[8.226,44.151]],[[9.899,44.068],[9.914,44.071],[9.988,44.033],[9.96,44.036],[9.899,44.068]]]}},{"type":"Feature","properties":{},"geometry":{"type":"Polygon","coordinates":[[[8.499,40.749],[8.524,40.695],[8.535,40.695],[8.539,40.687],[8.586,40.681],[8.59,40.691],[8.619,40.706],[8.616,40.741],[8.598,40.745],[8.593,40.764],[8.525,40.767],[8.516,40.756],[8.503,40.758],[8.499,40.749]]]}},{"type":"Feature","properties":{},"geometry":{"type":"Polygon","coordinates":[[[8.535,44.928],[8.54,44.891],[8.56,44.887],[8.561,44.869],[8.586,44.858],[8.65,44.882],[8.674,44.918],[8.656,44.941],[8.631,44.949],[8.598,44.946],[8.586,44.937],[8.535,44.937],[8.535,44.928]]]}},{"type":"Feature","properties":{},"geometry":{"type":"Polygon","coordinates":[[[8.598,41.9],[8.773,41.907],[8.781,41.9],[8.767,41.883],[8.77,41.864],[8.746,41.855],[8.736,41.834],[8.757,41.829],[8.741,41.824],[8.8,41.824],[8.865,41.908],[8.865,41.942],[8.882,42.01],[8.877,42.017],[8.762,42.011],[8.729,41.964],[8.703,41.952],[8.681,41.921],[8.6,41.919],[8.598,41.9]]]}},{"type":"Feature","properties":{},"geometry":{"type":"Polygon","coordinates":[[[8.694,42.538],[8.756,42.532],[8.755,42.48],[8.822,42.482],[8.873,42.502],[8.895,42.529],[8.936,42.553],[9.057,42.605],[9.057,42.648],[8.917,42.649],[8.786,42.602],[8.781,42.573],[8.74,42.586],[8.698,42.58],[8.694,42.56],[8.701,42.55],[8.694,42.538]]]}},{"type":"Feature","properties":{},"geometry":{"type":"Polygon","coordinates":[[[9.121,41.397],[9.143,41.38],[9.165,41.379],[9.169,41.364],[9.187,41.356],[9.191,41.409],[9.145,41.415],[9.121,41.397]]]}},{"type":"Feature","properties":{},"geometry":{"type":"Polygon","coordinates":[[[9.153,41.516],[9.282,41.516],[9.327,41.546],[9.347,41.548],[9.363,41.588],[9.37,41.589],[9.371,41.598],[9.358,41.601],[9.358,41.624],[9.391,41.646],[9.417,41.718],[9.329,41.718],[9.304,41.7],[9.153,41.582],[9.153,41.516]]]}},{"type":"Feature","properties":{},"geometry":{"type":"Polygon","coordinates":[[[9.253,40.305],[9.348,40.306],[9.349,40.336],[9.253,40.335],[9.253,40.305]]]}},{"type":"Feature","properties":{},"geometry":{"type":"Polygon","coordinates":[[[9.315,41.295],[9.319,41.275],[9.33,41.266],[9.321,41.262],[9.321,41.252],[9.325,41.225],[9.336,41.218],[9.329,41.213],[9.329,41.197],[9.345,41.077],[9.348,41.07],[9.433,41.07],[9.433,41.064],[9.445,41.064],[9.463,40.973],[9.454,40.973],[9.452,40.91],[9.465,40.89],[9.484,40.881],[9.524,40.889],[9.689,40.891],[9.687,40.909],[9.65,40.9],[9.661,40.909],[9.662,40.922],[9.65,40.93],[9.616,40.933],[9.591,40.918],[9.588,40.946],[9.597,40.95],[9.609,40.986],[9.646,40.966],[9.675,40.99],[9.675,41.002],[9.667,41.011],[9.634,41.013],[9.598,41.032],[9.577,41.027],[9.569,41.045],[9.54,41.041],[9.554,41.065],[9.562,41.051],[9.58,41.05],[9.612,41.061],[9.62,41.074],[9.608,41.091],[9.595,41.091],[9.595,41.1],[9.583,41.104],[9.575,41.134],[9.542,41.15],[9.538,41.17],[9.511,41.177],[9.502,41.164],[9.474,41.156],[9.494,41.171],[9.499,41.186],[9.491,41.204],[9.498,41.224],[9.491,41.237],[9.472,41.255],[9.445,41.249],[9.439,41.269],[9.415,41.281],[9.413,41.305],[9.388,41.318],[9.319,41.317],[9.315,41.295]]]}},{"type":"Feature","properties":{},"geometry":{"type":"Polygon","coordinates":[[[9.406,42.658],[9.418,42.64],[9.419,42.58],[9.437,42.575],[9.458,42.581],[9.458,42.573],[9.421,42.57],[9.421,42.547],[9.507,42.428],[9.509,42.371],[9.538,42.37],[9.54,42.549],[9.532,42.569],[9.458,42.657],[9.452,42.681],[9.466,42.721],[9.465,42.76],[9.45,42.734],[9.43,42.733],[9.408,42.72],[9.406,42.658]]]}},{"type":"Feature","properties":{},"geometry":{"type":"Polygon","coordinates":[[[9.503,41.209],[9.521,41.204],[9.507,41.221],[9.503,41.209]]]}},{"type":"Feature","properties":{},"geometry":{"type":"Polygon","coordinates":[[[-4.97,50.341],[-4.937,50.327],[-4.938,50.32],[-4.855,50.317],[-4.842,50.303],[-4.831,50.309],[-4.776,50.295],[-4.763,50.303],[-4.771,50.321],[-4.758,50.335],[-4.704,50.348],[-4.688,50.347],[-4.68,50.33],[-4.668,50.331],[-4.642,50.316],[-4.595,50.313],[-4.579,50.32],[-4.537,50.312],[-4.488,50.324],[-4.438,50.326],[-4.437,50.347],[-4.43,50.349],[-4.305,50.349],[-4.242,50.328],[-4.238,50.31],[-4.228,50.302],[-4.163,50.307],[-4.157,50.329],[-4.148,50.331],[-4.145,50.325],[-4.113,50.322],[-4.112,50.312],[-4.095,50.297],[-4.079,50.295],[-4.066,50.304],[-4.064,50.297],[-4.023,50.282],[-3.953,50.295],[-3.898,50.284],[-3.891,50.271],[-3.856,50.256],[-3.856,50.231],[-3.815,50.212],[-3.785,50.209],[-3.77,50.22],[-3.762,50.251],[-3.768,50.276],[-3.76,50.313],[-3.77,50.318],[-3.77,50.331],[-3.76,50.376],[-3.773,50.395],[-3.766,50.407],[-3.77,50.441],[-3.764,50.458],[-3.773,50.465],[-3.771,50.509],[-3.789,50.513],[-4.654,50.511],[-4.662,50.473],[-4.66,50.348],[-4.699,50.37],[-4.704,50.387],[-4.721,50.39],[-4.738,50.407],[-4.761,50.405],[-4.787,50.416],[-4.822,50.415],[-4.834,50.405],[-4.852,50.417],[-4.912,50.423],[-4.96,50.393],[-4.959,50.374],[-4.967,50.368],[-4.96,50.347],[-4.97,50.341]],[[-4.099,50.451],[-4.057,50.444],[-4.02,50.422],[-4.012,50.409],[-3.969,50.398],[-3.965,50.379],[-3.976,50.373],[-3.973,50.361],[-3.983,50.347],[-4.018,50.338],[-4,50.352],[-3.998,50.373],[-3.987,50.376],[-3.991,50.4],[-4.033,50.409],[-4.04,50.421],[-4.099,50.451]]]}},{"type":"Feature","properties":{},"geometry":{"type":"Polygon","coordinates":[[[-4.366,51.79],[-4.334,51.755],[-4.33,51.728],[-4.324,51.726],[-4.334,51.724],[-4.337,51.686],[-4.281,51.665],[-4.226,51.679],[-4.2,51.644],[-4.27,51.627],[-4.276,51.616],[-4.296,51.613],[-4.274,51.611],[-4.276,51.604],[-4.308,51.597],[-4.297,51.584],[-4.292,51.558],[-4.344,51.55],[-4.342,51.545],[-4.316,51.537],[-4.287,51.539],[-4.208,51.513],[-4.208,51.524],[-4.193,51.531],[-4.139,51.534],[-4.136,51.554],[-4.129,51.556],[-4.059,51.546],[-4.035,51.556],[-3.965,51.555],[-3.956,51.57],[-3.969,51.581],[-3.95,51.597],[-3.893,51.6],[-3.871,51.588],[-3.845,51.594],[-3.831,51.585],[-3.825,51.565],[-3.788,51.545],[-3.761,51.54],[-3.786,51.544],[-3.761,51.5],[-3.733,51.476],[-3.691,51.462],[-3.661,51.469],[-3.571,51.4],[-3.485,51.386],[-3.378,51.374],[-3.263,51.379],[-3.215,51.391],[-3.194,51.383],[-3.165,51.394],[-3.157,51.404],[-3.157,51.427],[-3.117,51.462],[-3.071,51.487],[-3.067,51.497],[-2.991,51.521],[-2.878,51.531],[-2.744,51.564],[-2.69,51.552],[-2.694,51.542],[-2.742,51.509],[-2.797,51.499],[-2.806,51.464],[-2.795,51.437],[-2.802,51.436],[-2.807,51.408],[-2.797,51.397],[-2.797,51.344],[-2.85,51.343],[-2.851,51.271],[-2.785,51.269],[-2.705,51.212],[-2.705,51.18],[-2.769,51.137],[-2.785,51.123],[-2.785,51.112],[-2.731,51.11],[-2.619,51.197],[-2.613,51.221],[-2.697,51.276],[-2.377,51.273],[-2.335,51.3],[-2.335,51.316],[-2.343,51.324],[-2.339,51.342],[-2.313,51.355],[-2.304,51.372],[-2.313,51.403],[-2.339,51.415],[-2.339,51.662],[-2.387,51.682],[-2.714,51.693],[-2.789,51.684],[-2.81,51.65],[-2.948,51.648],[-2.975,51.655],[-2.973,51.675],[-2.995,51.686],[-3.006,51.721],[-3.049,51.741],[-3.073,51.727],[-3.086,51.733],[-3.098,51.652],[-3.139,51.646],[-3.159,51.651],[-3.156,51.709],[-3.182,51.716],[-3.316,51.711],[-3.337,51.68],[-3.382,51.653],[-3.532,51.65],[-3.546,51.655],[-3.554,51.67],[-3.571,51.731],[-3.569,51.747],[-3.558,51.758],[-3.557,51.788],[-3.571,51.8],[-3.558,51.822],[-3.54,51.832],[-3.546,51.907],[-3.628,51.902],[-3.79,51.915],[-3.882,51.914],[-3.914,51.904],[-3.937,51.909],[-4.324,51.902],[-4.334,51.882],[-4.322,51.865],[-4.329,51.819],[-4.32,51.807],[-4.366,51.79]]]}},{"type":"Feature","properties":{},"geometry":{"type":"Polygon","coordinates":[[[-4.285,53.114],[-4.22,53.106],[-4.161,53.049],[-3.995,53.049],[-3.995,53.155],[-4.002,53.157],[-4.272,53.157],[-4.281,53.148],[-4.285,53.114]]]}},{"type":"Feature","properties":{},"geometry":{"type":"Polygon","coordinates":[[[-3.636,50.43],[-3.631,50.366],[-3.502,50.366],[-3.476,50.392],[-3.473,50.405],[-3.507,50.415],[-3.542,50.415],[-3.544,50.441],[-3.536,50.447],[-3.466,50.446],[-3.461,50.463],[-3.502,50.488],[-3.495,50.515],[-3.571,50.519],[-3.636,50.513],[-3.631,50.491],[-3.636,50.43]]]}},{"type":"Feature","properties":{},"geometry":{"type":"Polygon","coordinates":[[[-3.593,50.711],[-3.577,50.697],[-3.573,50.669],[-3.452,50.669],[-3.444,50.746],[-3.454,50.759],[-3.573,50.759],[-3.575,50.74],[-3.5874137931034484,50.72],[-3.588,50.72],[-3.588,50.719055555555556],[-3.593,50.711]]]}},{"type":"Feature","properties":{},"geometry":{"type":"Polygon","coordinates":[[[-3.571,53.275],[-3.553,53.262],[-3.529,53.26],[-3.491,53.271],[-3.479,53.282],[-3.428,53.278],[-3.417,53.287],[-3.387,53.29],[-3.371,53.309],[-3.37,53.344],[-3.381,53.359],[-3.406,53.36],[-3.491,53.339],[-3.527,53.326],[-3.496,53.324],[-3.507,53.318],[-3.565,53.3],[-3.571,53.275]]]}},{"type":"Feature","properties":{},"geometry":{"type":"Polygon","coordinates":[[[-3.289,54.124],[-3.26,54.084],[-3.204,54.075],[-3.19,54.077],[-3.161,54.099],[-3.152,54.129],[-3.164,54.15],[-3.223,54.163],[-3.252,54.161],[-3.273,54.15],[-3.289,54.124]]]}},{"type":"Feature","properties":{},"geometry":{"type":"Polygon","coordinates":[[[-3.212,53.378],[-3.149,53.332],[-3.148,53.313],[-3.127,53.301],[-3.127,53.264],[-3.087,53.264],[-3.082,53.249],[-2.965,53.239],[-2.951,53.22],[-2.959,53.214],[-2.957,53.181],[-2.932,53.142],[-2.878,53.143],[-2.832,53.163],[-2.815,53.188],[-2.823,53.212],[-2.839,53.217],[-2.844,53.232],[-2.829,53.24],[-2.784,53.248],[-2.635,53.25],[-2.639,53.209],[-2.631,53.166],[-2.639,53.163],[-2.639,52.959],[-2.633,52.953],[-2.639,52.95],[-2.645,52.825],[-2.619,52.739],[-2.086,52.743],[-2.052,52.74],[-2.049,52.73],[-1.972,52.731],[-1.961,52.74],[-1.886,52.735],[-1.866,52.743],[-1.802,52.74],[-1.805,52.713],[-1.792,52.684],[-1.8,52.664],[-1.8,52.626],[-1.813,52.636],[-1.88,52.637],[-1.884,52.676],[-1.898,52.694],[-1.901,52.72],[-1.979,52.721],[-1.961,52.723],[-1.975,52.73],[-2.048,52.73],[-2.112,52.642],[-2.203,52.646],[-2.227,52.638],[-2.227,52.431],[-2.164,52.408],[-2.132,52.407],[-2.152,52.407],[-2.081,52.383],[-2.075,52.363],[-1.797,52.356],[-1.804,52.257],[-1.837,52.276],[-1.872,52.281],[-1.925,52.274],[-2.156,52.284],[-2.171,52.278],[-2.313,52.279],[-2.368,52.251],[-2.372,52.195],[-2.401,52.187],[-2.414,52.167],[-2.828,52.161],[-2.843,52.142],[-2.855,52.084],[-2.832,52.007],[-2.81,51.992],[-2.663,51.99],[-2.65,51.98],[-2.626,51.977],[-1.96,51.977],[-1.934,52.015],[-1.906,52.022],[-1.869,52.049],[-1.843,52.09],[-1.843,52.107],[-1.817,52.128],[-1.811,52.184],[-1.798,52.198],[-1.772,52.187],[-1.723,52.211],[-1.651,52.199],[-1.475,52.205],[-1.424,52.184],[-1.333,52.192],[-1.321,52.197],[-1.336,52.249],[-1.332,52.283],[-1.34,52.287],[-1.34,52.3],[-1.327,52.305],[-1.333,52.345],[-1.309,52.319],[-1.287,52.318],[-1.262,52.319],[-1.246,52.331],[-1.208,52.331],[-1.176,52.346],[-1.191,52.362],[-1.178,52.366],[-1.182,52.397],[-1.196,52.398],[-1.21,52.417],[-1.263,52.425],[-1.298,52.414],[-1.295,52.406],[-1.326,52.398],[-1.324,52.43],[-1.335,52.438],[-1.329,52.498],[-1.305,52.515],[-1.298,52.548],[-1.283,52.572],[-1.305,52.598],[-1.339,52.601],[-1.325,52.611],[-1.332,52.63],[-1.325,52.669],[-1.333,52.674],[-1.335,52.704],[-1.332,52.731],[-1.318,52.74],[-1.313,52.784],[-1.325,52.809],[-1.357,52.826],[-1.329,52.861],[-1.335,52.878],[-1.313,52.853],[-1.2615383228133454,52.854422903516685],[-1.258,52.85],[-1.213,52.854],[-1.2497260273972604,52.854749510763206],[-1.096,52.859],[-1.03,52.951],[-1.027,52.964],[-1.055,53.023],[-1.038,52.995],[-1.038,53.064],[-1.162,53.064],[-1.143,53.056],[-1.207,53.077],[-1.204,53.092],[-1.211,53.092],[-1.182,53.1],[-1.184,53.106],[-1.162,53.104],[-1.137,53.113],[-1.137,53.127],[-1.121,53.129],[-1.119,53.157],[-1.134,53.159],[-1.141,53.181],[-1.154,53.182],[-1.141,53.186],[-1.148,53.191],[-1.219,53.191],[-1.331417310664606,53.1453019062339],[-1.323,53.193],[-1.322,53.188],[-1.269,53.194],[-1.263,53.216],[-1.266,53.272],[-1.272,53.278],[-1.243,53.282],[-1.24,53.439],[-1.254,53.479],[-1.25,53.514],[-1.305,53.541],[-1.307,53.553],[-1.324,53.564],[-1.316,53.581],[-1.328,53.59],[-1.317,53.602],[-1.317,53.615],[-1.325,53.615],[-1.328,53.627],[-1.408,53.636],[-1.416,53.628],[-1.443,53.635],[-1.436,53.642],[-1.441,53.721],[-1.397,53.77],[-1.395,53.742],[-1.371,53.773],[-1.383,53.785],[-1.369,53.805],[-1.382,53.839],[-1.393,53.843],[-1.395,53.818],[-1.404,53.839],[-1.479,53.874],[-1.637,53.898],[-1.667,53.896],[-1.682,53.904],[-1.864,53.909],[-1.953,53.899],[-1.971,53.903],[-1.991,53.872],[-1.984,53.865],[-1.983,53.85],[-1.993,53.848],[-1.983,53.821],[-1.923,53.822],[-1.917,53.803],[-1.909,53.8],[-1.9100285714285714,53.798942857142855],[-1.91,53.799],[-1.9100588235294118,53.798911764705885],[-1.945,53.763],[-1.956,53.744],[-1.946,53.724],[-1.961,53.716],[-1.954,53.693],[-1.927,53.685],[-1.931,53.664],[-1.898,53.618],[-1.892,53.59],[-1.802,53.587],[-1.767,53.593],[-1.722,53.584],[-1.67,53.591],[-1.663,53.6],[-1.67,53.613],[-1.663,53.627],[-1.559,53.626],[-1.56,53.612],[-1.571,53.61],[-1.559,53.6],[-1.568,53.599],[-1.571,53.583],[-1.563,53.576],[-1.559,53.548],[-1.563,53.523],[-1.567,53.511],[-1.592,53.511],[-1.59,53.432],[-1.579,53.432],[-1.579,53.405],[-1.588,53.398],[-1.583,53.372],[-1.592,53.36],[-1.589,53.351],[-1.57,53.351],[-1.589,53.35],[-1.593,53.305],[-1.592,53.323],[-1.648,53.317],[-1.682,53.323],[-1.888,53.32],[-1.918,53.314],[-2.0343659574468087,53.320731914893614],[-2.035,53.322],[-2.038,53.322],[-2.035607476635514,53.32080373831776],[-2.039,53.321],[-2.041,53.314],[-2.038,53.336],[-2.048,53.343],[-2.052,53.362],[-2.05,53.408],[-2.034,53.423],[-2.027,53.453],[-2.009,53.466],[-2.013,53.495],[-2.026,53.499],[-2.034,53.532],[-2.048,53.532],[-2.015,53.539],[-2.041,53.573],[-2.035,53.579],[-2.042,53.603],[-2.064,53.606],[-2.067,53.615],[-2.054,53.629],[-2.059,53.655],[-2.089,53.676],[-2.104,53.68],[-2.17,53.662],[-2.208,53.665],[-2.26,53.631],[-2.269,53.655],[-2.285,53.654],[-2.281,53.647],[-2.302,53.663],[-2.339,53.666],[-2.363,53.644],[-2.443,53.645],[-2.508,53.606],[-2.568,53.585],[-2.614,53.593],[-2.607,53.605],[-2.593,53.608],[-2.602,53.715],[-2.574,53.715],[-2.564,53.695],[-2.473,53.659],[-2.433,53.661],[-2.416,53.674],[-2.384,53.673],[-2.377,53.704],[-2.348,53.718],[-2.318,53.75],[-2.325,53.763],[-2.274,53.745],[-2.23,53.746],[-2.201,53.758],[-2.155,53.797],[-2.113,53.84],[-2.111,53.87],[-2.134,53.892],[-2.164,53.896],[-2.237,53.884],[-2.266,53.862],[-2.273,53.845],[-2.332,53.824],[-2.355,53.806],[-2.355,53.812],[-2.383,53.806],[-2.384,53.819],[-2.567,53.819],[-2.565,53.766],[-2.579,53.758],[-2.607,53.754],[-2.62,53.814],[-2.639,53.823],[-2.73,53.826],[-2.76,53.822],[-2.804,53.803],[-2.815,53.789],[-2.815,53.728],[-2.807,53.727],[-2.81,53.721],[-2.793,53.697],[-2.685,53.615],[-2.686,53.585],[-2.688,53.59],[-2.714,53.577],[-2.796,53.587],[-2.823,53.578],[-3.091,53.578],[-3.104,53.553],[-3.095,53.574],[-3.113,53.573],[-3.121,53.558],[-3.117,53.528],[-3.076,53.504],[-3.061857142857143,53.48042857142857],[-3.051,53.456],[-3.068620689655172,53.449],[-3.072,53.449],[-3.069514492753623,53.44864492753623],[-3.124,53.427],[-3.105,53.429],[-3.119,53.423],[-3.154,53.414],[-3.126,53.419],[-3.203,53.396],[-3.212,53.378]],[[-2.593,53.324],[-2.572,53.324],[-2.572,53.334],[-2.539,53.339],[-2.509,53.362],[-2.502,53.386],[-2.488,53.388],[-2.484,53.399],[-2.497,53.407],[-2.487,53.409],[-2.49,53.416],[-2.479,53.432],[-2.486,53.443],[-2.552,53.453],[-2.534,53.467],[-2.465,53.475],[-2.453,53.407],[-2.39,53.365],[-2.406,53.373],[-2.407,53.317],[-2.392,53.318],[-2.418,53.315],[-2.421,53.323],[-2.484,53.328],[-2.486,53.322],[-2.509,53.325],[-2.535,53.315],[-2.572,53.314],[-2.572,53.321],[-2.55,53.323],[-2.593,53.324]],[[-1.501,52.244],[-1.496,52.277],[-1.483,52.293],[-1.501,52.244]],[[-1.487,52.324],[-1.483,52.347],[-1.468,52.355],[-1.471,52.34],[-1.487,52.324]],[[-1.484,52.378],[-1.432,52.376],[-1.425,52.366],[-1.463,52.362],[-1.469,52.374],[-1.484,52.378]]]}},{"type":"Feature","properties":{},"geometry":{"type":"Polygon","coordinates":[[[-3.17,50.998],[-3.143,50.971],[-3.123,50.968],[-3.049,50.984],[-3.054,50.995],[-3.042,50.998],[-3.047,51.01],[-3.038,51.021],[-3.047,51.022],[-3.071,51.066],[-3.098,51.07],[-3.1,51.062],[-3.12,51.066],[-3.123,51.057],[-3.137,51.057],[-3.152,51.044],[-3.146,51.026],[-3.165,51.023],[-3.157,51.009],[-3.17,51.008],[-3.17,50.998]]]}},{"type":"Feature","properties":{},"geometry":{"type":"Polygon","coordinates":[[[-3.073,53.815],[-3.061,53.75],[-3.042,53.738],[-2.99,53.725],[-2.899,53.732],[-2.899,53.766],[-2.909,53.766],[-2.907,53.84],[-2.898,53.84],[-2.895,53.944],[-2.981,53.944],[-2.988,53.941],[-2.974,53.941],[-3.057,53.93],[-3.056,53.89],[-3.061,53.927],[-3.064,53.919],[-3.058,53.873],[-3.062,53.833],[-3.064,53.852],[-3.073,53.815]]]}},{"type":"Feature","properties":{},"geometry":{"type":"Polygon","coordinates":[[[-3.071,53.075],[-3.057,53.052],[-3.061,53.048],[-3.018,53.016],[-2.988,53.01],[-2.939,53.014],[-2.936,53.028],[-2.943,53.036],[-2.932,53.064],[-2.947,53.08],[-3.018,53.104],[-3.045,53.101],[-3.071,53.075]]]}},{"type":"Feature","properties":{},"geometry":{"type":"Polygon","coordinates":[[[-3.068,53.613],[-3.035,53.594],[-2.998,53.588],[-2.944,53.618],[-2.933,53.638],[-2.906,53.656],[-2.925,53.666],[-2.924,53.677],[-2.931,53.677],[-2.929,53.688],[-2.94,53.7],[-2.961,53.699],[-3.003,53.678],[-3.003,53.666],[-3.012,53.66],[-3.049,53.649],[-3.068,53.613]]]}},{"type":"Feature","properties":{},"geometry":{"type":"Polygon","coordinates":[[[-3.016,51.315],[-2.988,51.292],[-2.948,51.286],[-2.95,51.292],[-2.943,51.293],[-2.943,51.276],[-2.922,51.276],[-2.877,51.323],[-2.872,51.345],[-2.863,51.348],[-2.861,51.37],[-2.898,51.416],[-2.944,51.409],[-2.944,51.396],[-2.983,51.393],[-2.99,51.382],[-2.981,51.375],[-3.01,51.365],[-3.01,51.351],[-2.998,51.337],[-3.014,51.337],[-3.016,51.315]]]}},{"type":"Feature","properties":{},"geometry":{"type":"Polygon","coordinates":[[[-3.01,54.901],[-3.003,54.901],[-3.008,54.888],[-2.999,54.87],[-2.913,54.844],[-2.877,54.851],[-2.855,54.884],[-2.873,54.906],[-2.932,54.933],[-2.998,54.919],[-3.01,54.901]]]}},{"type":"Feature","properties":{},"geometry":{"type":"Polygon","coordinates":[[[-2.929,54.049],[-2.926,54.041],[-2.903,54.035],[-2.906,54.026],[-2.856,54.021],[-2.796,54.001],[-2.788,54.008],[-2.769,54.003],[-2.741,54.02],[-2.748,54.024],[-2.742,54.065],[-2.774,54.072],[-2.771,54.083],[-2.782,54.1],[-2.8,54.091],[-2.815,54.1],[-2.852,54.101],[-2.906,54.077],[-2.929,54.049]]]}},{"type":"Feature","properties":{},"geometry":{"type":"Polygon","coordinates":[[[-2.823,52.705],[-2.818,52.681],[-2.782,52.661],[-2.773,52.676],[-2.7,52.676],[-2.697,52.747],[-2.791,52.75],[-2.823,52.705]]]}},{"type":"Feature","properties":{},"geometry":{"type":"Polygon","coordinates":[[[-2.701,50.945],[-2.674,50.917],[-2.627,50.908],[-2.574,50.928],[-2.564,50.95],[-2.571,50.968],[-2.589,50.982],[-2.671,50.984],[-2.701,50.964],[-2.701,50.945]]]}},{"type":"Feature","properties":{},"geometry":{"type":"Polygon","coordinates":[[[-2.626,52.596],[-2.362,52.596],[-2.362,52.729],[-2.538,52.735],[-2.535,52.73],[-2.549,52.721],[-2.547,52.676],[-2.571,52.676],[-2.571,52.689],[-2.582,52.689],[-2.582,52.696],[-2.624,52.696],[-2.626,52.596]]]}},{"type":"Feature","properties":{},"geometry":{"type":"Polygon","coordinates":[[[-2.538,50.607],[-2.471,50.565],[-2.464,50.551],[-2.469,50.514],[-2.442,50.507],[-2.409,50.537],[-2.403,50.588],[-2.429,50.606],[-2.433,50.62],[-2.39,50.626],[-2.248,50.607],[-2.135,50.603],[-2.134,50.665],[-2.477,50.669],[-2.538,50.607]]]}},{"type":"Feature","properties":{},"geometry":{"type":"Polygon","coordinates":[[[-2.336,52.34],[-2.3,52.314],[-2.277,52.308],[-2.234,52.324],[-2.238,52.335],[-2.218,52.347],[-2.219,52.375],[-2.234,52.394],[-2.225,52.421],[-2.234,52.427],[-2.296,52.421],[-2.315,52.41],[-2.318,52.374],[-2.335,52.354],[-2.336,52.34]]]}},{"type":"Feature","properties":{},"geometry":{"type":"Polygon","coordinates":[[[-2.325,51.801],[-2.252,51.795],[-2.248,51.806],[-2.232,51.814],[-2.178,51.824],[-2.197,51.826],[-2.157,51.823],[-2.115,51.832],[-2.094,51.858],[-2.019,51.862],[-2.015,51.906],[-2.021,51.932],[-2.105,51.936],[-2.131,51.931],[-2.146,51.916],[-2.168,51.91],[-2.27,51.901],[-2.28,51.894],[-2.281,51.88],[-2.325,51.801]]]}},{"type":"Feature","properties":{},"geometry":{"type":"Polygon","coordinates":[[[-2.131,50.867],[-2.127,50.842],[-2.113,50.819],[-2.127,50.778],[-2.126,50.69],[-2.081,50.689],[-2.012,50.671],[-1.934,50.672],[-1.87,50.701],[-1.745,50.701],[-1.712,50.722],[-1.616,50.716],[-1.592,50.724],[-1.596,50.708],[-1.614,50.702],[-1.553,50.679],[-1.596,50.661],[-1.603,50.65],[-1.597,50.64],[-1.486,50.643],[-1.456,50.624],[-1.391,50.603],[-1.307,50.552],[-1.247,50.555],[-1.182,50.571],[-1.166,50.583],[-1.162,50.613],[-1.151,50.627],[-1.057,50.658],[-1.049,50.674],[-1.104,50.717],[-1.149,50.729],[-1.107,50.73],[-1.154,50.749],[-1.204,50.745],[-1.236,50.755],[-1.265,50.775],[-1.325,50.776],[-1.353,50.761],[-1.358,50.75],[-1.445,50.733],[-1.397,50.73],[-1.408,50.726],[-1.485,50.706],[-1.537,50.701],[-1.535,50.706],[-1.485,50.729],[-1.512,50.731],[-1.508,50.734],[-1.412,50.756],[-1.372,50.773],[-1.336,50.776],[-1.291,50.823],[-1.217,50.799],[-1.192,50.778],[-1.133,50.763],[-1.112,50.776],[-1.074,50.767],[-1.023,50.776],[-0.921,50.77],[-0.845,50.743],[-0.825,50.731],[-0.846,50.73],[-0.784,50.697],[-0.754,50.723],[-0.757,50.736],[-0.724,50.762],[-0.562,50.789],[-0.364,50.797],[-0.276,50.815],[-0.161,50.81],[0.054,50.765],[0.08,50.766],[0.085,50.813],[0.015,50.828],[0.011,51.335],[0.018,51.334],[0.029,51.355],[0.038,51.357],[0.044,51.377],[0.043,51.401],[0.011,51.407],[0.011,51.602],[0.049,51.601],[0.126,51.621],[0.115,51.646],[0.114,51.677],[0.106,51.677],[0.091,51.711],[0.011,51.711],[0.011,51.826],[-0.081,51.835],[-0.141,51.832],[-0.151,51.812],[-0.177,51.84],[-0.169,51.851],[-0.174,51.852],[-0.165,51.851],[-0.165,51.859],[-0.141,51.879],[-0.139,51.915],[-0.139,51.931],[-0.152,51.948],[-0.18,51.948],[-0.183,51.96],[-0.162,51.98],[-0.161,51.997],[-0.194,52.022],[-0.179,52.028],[-0.177,52.037],[-0.19,52.04],[-0.174,52.081],[-0.183,52.097],[-0.174,52.101],[-0.172,52.144],[-0.188,52.154],[-0.166,52.161],[-0.165,52.168],[-0.188,52.169],[-0.19,52.179],[-0.177,52.181],[-0.177,52.192],[-0.162,52.198],[-0.162,52.21],[-0.177,52.21],[-0.181,52.227],[-0.166,52.229],[-0.166,52.245],[-0.188,52.245],[-0.176,52.255],[-0.181,52.262],[-0.161,52.266],[-0.159,52.298],[-0.177,52.307],[-0.18,52.324],[-0.196,52.326],[-0.191,52.338],[-0.199,52.345],[-0.194,52.354],[-0.173,52.356],[-0.166,52.41],[-0.271,52.416],[-0.306,52.425],[-0.379,52.418],[-0.423,52.423],[-0.658,52.417],[-0.672,52.444],[-0.645,52.486],[-0.654,52.525],[-0.718,52.53],[-0.754,52.52],[-0.761,52.513],[-0.754,52.505],[-0.761,52.468],[-0.748,52.444],[-0.779,52.412],[-0.779,52.405],[-0.77,52.404],[-0.779,52.386],[-0.761,52.366],[-0.732,52.366],[-0.729,52.352],[-0.732,52.341],[-0.751,52.334],[-0.765,52.316],[-0.765,52.28],[-0.737,52.267],[-0.709,52.266],[-0.685,52.275],[-0.678,52.265],[-0.669,52.222],[-0.67,52.207],[-0.683,52.206],[-0.684,52.182],[-0.678,52.176],[-0.674,52.091],[-0.75,52.1],[-0.828,52.094],[-0.832,52.087],[-0.876,52.079],[-0.882,52.07],[-0.88,52.055],[-0.84,52.038],[-0.836,51.982],[-0.807,51.974],[-0.766,51.977],[-0.7536666666666667,51.971],[-0.758,51.971],[-0.7500227272727272,51.969227272727274],[-0.729,51.959],[-0.711,51.97],[-0.685,51.976],[-0.68,51.971],[-0.678,51.951],[-0.692,51.952],[-0.717,51.917],[-0.687,51.891],[-0.672,51.839],[-0.654,51.829],[-0.604,51.841],[-0.553,51.842],[-0.497,51.832],[-0.352,51.842],[-0.303,51.832],[-0.232,51.837],[-0.261,51.787],[-0.516,51.787],[-0.525,51.754],[-0.52,51.719],[-0.499,51.69],[-0.529,51.668],[-0.537,51.638],[-0.523,51.613],[-0.499,51.616],[-0.468,51.606],[-0.503,51.575],[-0.538,51.563],[-0.614,51.556],[-0.74,51.561],[-0.802,51.541],[-0.807,51.51],[-0.791,51.498],[-0.7,51.465],[-0.655,51.438],[-0.6,51.399],[-0.599,51.389],[-0.61,51.383],[-0.585,51.385],[-0.552,51.368],[-0.626,51.367],[-0.663,51.338],[-0.654,51.294],[-0.648,51.293],[-0.641,51.228],[-0.617,51.222],[-0.621,51.228],[-0.582,51.207],[-0.558,51.207],[-0.507,51.228],[-0.507,51.311],[-0.505,51.301],[-0.496,51.31],[-0.512,51.319],[-0.503,51.325],[-0.511,51.327],[-0.504,51.326],[-0.514,51.358],[-0.504,51.367],[-0.444,51.367],[-0.433,51.365],[-0.434,51.358],[-0.413,51.367],[-0.346,51.365],[-0.353,51.37],[-0.287,51.361],[-0.265,51.367],[-0.271,51.372],[-0.251,51.361],[-0.214,51.358],[-0.119,51.368],[-0.121,51.39],[-0.114,51.395],[-0.121,51.407],[-0.115,51.409],[-0.008,51.407],[-0.011,51.317],[-0.036,51.313],[-0.056,51.297],[-0.06543835616438357,51.276671232876716],[-0.069,51.274],[-0.069,51.271],[-0.06594117647058824,51.275588235294116],[-0.069,51.269],[-0.088,51.261],[-0.07,51.269],[-0.081,51.269],[-0.119,51.235],[-0.132,51.232],[-0.132,51.221],[-0.155,51.2],[-0.206,51.201],[-0.228,51.209],[-0.228,51.203],[-0.239,51.221],[-0.338,51.274],[-0.328,51.228],[-0.336,51.159],[-0.328,51.117],[-0.345,51.089],[-0.365,51.088],[-0.378,51.068],[-0.35,51.043],[-0.328,51.04],[-0.331,50.91],[-0.61,50.906],[-0.608,50.83],[-0.684,50.821],[-0.689,50.811],[-0.684,50.839],[-0.732,50.848],[-0.683,50.843],[-0.669,50.846],[-0.662,50.862],[-0.665,51.077],[-1.247,51.08],[-1.248,51.054],[-1.258,51.053],[-1.257,51.042],[-1.269,51.032],[-1.294,51.028],[-1.287,51.017],[-1.294,51.016],[-1.299,51.026],[-1.27,51.059],[-1.269,51.08],[-1.279,51.092],[-1.301,51.092],[-1.314,51.107],[-1.346,51.11],[-1.366,51.103],[-1.375,51.074],[-1.485,51.084],[-1.566,51.082],[-1.571,51.041],[-1.557,51.012],[-1.561,50.979],[-1.555,50.952],[-1.563,50.938],[-1.557,50.911],[-1.588,50.905],[-1.813,50.915],[-1.835,50.905],[-1.958,50.905],[-2.083,50.912],[-2.083,50.905],[-2.123,50.9],[-2.131,50.867]],[[-1.29,51.015],[-1.273,51.009],[-1.258,50.982],[-1.238,50.965],[-1.242,50.926],[-1.233,50.914],[-1.244,50.915],[-1.25,50.928],[-1.246,50.965],[-1.29,51.015]],[[-0.987,50.953],[-0.967,50.959],[-0.946,50.952],[-0.948,50.929],[-0.937,50.929],[-0.948,50.913],[-0.9,50.877],[-0.898,50.87],[-0.907,50.869],[-0.894,50.867],[-0.894,50.848],[-0.916,50.848],[-0.917,50.865],[-0.928,50.868],[-0.92,50.875],[-0.953,50.899],[-0.954,50.908],[-0.967,50.911],[-0.97,50.919],[-0.959,50.929],[-0.97,50.929],[-0.965,50.948],[-0.987,50.953]],[[-0.537,52.115],[-0.536,52.126],[-0.527,52.126],[-0.523,52.15],[-0.516,52.152],[-0.519,52.16],[-0.494,52.16],[-0.503,52.176],[-0.482,52.191],[-0.424,52.192],[-0.415,52.18],[-0.404,52.184],[-0.379,52.166],[-0.376,52.154],[-0.39,52.15],[-0.383,52.135],[-0.423,52.09],[-0.52,52.085],[-0.527,52.104],[-0.52,52.112],[-0.537,52.115]],[[-0.274,51.715],[-0.26,51.715],[-0.2639514731369151,51.725866551126515],[-0.21,51.719],[-0.147,51.772],[-0.148,51.783],[-0.139,51.764],[-0.146,51.713],[-0.134,51.71],[-0.22,51.713],[-0.249,51.706],[-0.254,51.714],[-0.274,51.715]]]}},{"type":"Feature","properties":{},"geometry":{"type":"Polygon","coordinates":[[[-1.917,54.988],[-1.898,54.987],[-1.892,54.933],[-1.766,54.933],[-1.726,54.926],[-1.726,54.918],[-1.71,54.911],[-1.653,54.905],[-1.629,54.856],[-1.623,54.856],[-1.616,54.817],[-1.629,54.813],[-1.63,54.794],[-1.637,54.792],[-1.625,54.775],[-1.638,54.77],[-1.63,54.764],[-1.634,54.76],[-1.592,54.744],[-1.496,54.745],[-1.479,54.752],[-1.463,54.794],[-1.386,54.791],[-1.307,54.799],[-1.307,54.814],[-1.29,54.82],[-1.317,54.864],[-1.328,54.895],[-1.323,54.923],[-1.342,54.942],[-1.342,54.964],[-1.35,54.971],[-1.328,54.979],[-1.367,55],[-1.369,55.019],[-1.387,55.029],[-1.394,55.043],[-1.395,55.023],[-1.409,55.029],[-1.423,55.051],[-1.438,55.059],[-1.438,55.078],[-1.478,55.103],[-1.471,55.122],[-1.511,55.162],[-1.489,55.181],[-1.487,55.193],[-1.5,55.209],[-1.616,55.214],[-1.631,55.191],[-1.63,55.18],[-1.658,55.165],[-1.644,55.153],[-1.66,55.14],[-1.649,55.137],[-1.659,55.123],[-1.655,55.096],[-1.663,55.088],[-1.707,55.071],[-1.734,55.072],[-1.734,55.08],[-1.794,55.071],[-1.805,55.061],[-1.809,55.037],[-1.803,55.035],[-1.818,55.029],[-1.825,55.015],[-1.89,55.015],[-1.892,55.005],[-1.917,54.997],[-1.917,54.988]]]}},{"type":"Feature","properties":{},"geometry":{"type":"Polygon","coordinates":[[[-1.89,51.551],[-1.872,51.539],[-1.864,51.522],[-1.818,51.51],[-1.766,51.515],[-1.758,51.507],[-1.743,51.507],[-1.737,51.521],[-1.714,51.522],[-1.684,51.547],[-1.689,51.584],[-1.7,51.604],[-1.756,51.63],[-1.806,51.643],[-1.847,51.633],[-1.888,51.58],[-1.89,51.551]]]}},{"type":"Feature","properties":{},"geometry":{"type":"Polygon","coordinates":[[[-1.884,51.406],[-1.806,51.401],[-1.8,51.402],[-1.8,51.416],[-1.829,51.454],[-1.868,51.456],[-1.884,51.406]]]}},{"type":"Feature","properties":{},"geometry":{"type":"Polygon","coordinates":[[[-1.883,51.058],[-1.881,51.052],[-1.843,51.051],[-1.836,51.042],[-1.798,51.029],[-1.796,51.036],[-1.762,51.048],[-1.743,51.074],[-1.741,51.091],[-1.745,51.101],[-1.765,51.102],[-1.762,51.108],[-1.78,51.115],[-1.788,51.147],[-1.718,51.169],[-1.717,51.209],[-1.847,51.209],[-1.85,51.102],[-1.883,51.084],[-1.883,51.058]]]}},{"type":"Feature","properties":{},"geometry":{"type":"Polygon","coordinates":[[[-1.64,54.524],[-1.62,54.513],[-1.62,54.499],[-1.596,54.486],[-1.517,54.485],[-1.491,54.498],[-1.479,54.538],[-1.487,54.539],[-1.482,54.554],[-1.5,54.574],[-1.53,54.576],[-1.538,54.568],[-1.593,54.578],[-1.64,54.524]]]}},{"type":"Feature","properties":{},"geometry":{"type":"Polygon","coordinates":[[[-1.603,53.984],[-1.588,53.975],[-1.586,53.957],[-1.575,53.951],[-1.533,53.948],[-1.463,53.975],[-1.453,53.992],[-1.479,54.016],[-1.508,54.023],[-1.509,54.034],[-1.546,54.038],[-1.596,54.021],[-1.583,53.999],[-1.603,53.984]]]}},{"type":"Feature","properties":{},"geometry":{"type":"Polygon","coordinates":[[[-1.408,54.528],[-1.404,54.506],[-1.383,54.48],[-1.158,54.495],[-1.004,54.518],[-0.931,54.547],[-0.92,54.558],[-0.92,54.573],[-0.924,54.586],[-0.961,54.584],[-1.02,54.598],[-1.022,54.613],[-1.049,54.625],[-1.107,54.64],[-1.138,54.658],[-1.162,54.66],[-1.176,54.672],[-1.163,54.687],[-1.166,54.702],[-1.217,54.724],[-1.244,54.724],[-1.276,54.744],[-1.272,54.74],[-1.287,54.733],[-1.296,54.703],[-1.321,54.671],[-1.397,54.608],[-1.408,54.528]]]}},{"type":"Feature","properties":{},"geometry":{"type":"Polygon","coordinates":[[[-1.393,52.047],[-1.382,52.031],[-1.342,52.018],[-1.311,52.02],[-1.287,52.042],[-1.288,52.072],[-1.328,52.102],[-1.379,52.105],[-1.39,52.098],[-1.393,52.047]]]}},{"type":"Feature","properties":{},"geometry":{"type":"Polygon","coordinates":[[[-1.371,51.395],[-1.366,51.373],[-1.305,51.367],[-1.283,51.378],[-1.237,51.379],[-1.222,51.389],[-1.228,51.391],[-1.229,51.42],[-1.25,51.437],[-1.27,51.44],[-1.347,51.437],[-1.371,51.395]]]}},{"type":"Feature","properties":{},"geometry":{"type":"Polygon","coordinates":[[[-1.349,51.833],[-1.329,51.817],[-1.335,51.815],[-1.329,51.801],[-1.335,51.795],[-1.332,51.749],[-1.316,51.733],[-1.296,51.729],[-1.279,51.701],[-1.23,51.69],[-1.166,51.693],[-1.143,51.724],[-1.147,51.741],[-1.154,51.743],[-1.148,51.764],[-1.2,51.787],[-1.213,51.804],[-1.244,51.821],[-1.241,51.829],[-1.254,51.847],[-1.309,51.859],[-1.34,51.851],[-1.349,51.833]]]}},{"type":"Feature","properties":{},"geometry":{"type":"Polygon","coordinates":[[[-1.279,52.785],[-1.274,52.747],[-1.224,52.72],[-1.219,52.726],[-1.2,52.724],[-1.159,52.754],[-1.166,52.77],[-1.163,52.789],[-1.207,52.813],[-1.258,52.81],[-1.255,52.803],[-1.266,52.803],[-1.279,52.785]]]}},{"type":"Feature","properties":{},"geometry":{"type":"Polygon","coordinates":[[[-1.262,52.626],[-1.251,52.588],[-1.258,52.579],[-1.236,52.564],[-1.241,52.538],[-1.1542721238938054,52.53879203539823],[-1.148,52.537],[-1.14,52.538],[-1.1521686746987951,52.53881124497992],[-1.022,52.54],[-1.022,52.585],[-1.009,52.591],[-0.998,52.616],[-1.0105,52.641],[-1.009,52.641],[-1.013,52.646],[-1.024,52.668],[-1.022,52.71],[-1.059,52.727],[-1.096,52.726],[-1.124,52.712],[-1.241,52.711],[-1.241,52.674],[-1.262,52.653],[-1.262,52.626]]]}},{"type":"Feature","properties":{},"geometry":{"type":"Polygon","coordinates":[[[-1.236,53.572],[-1.221,53.562],[-1.225,53.544],[-1.218,53.539],[-1.228,53.539],[-1.23,53.522],[-1.228,53.5],[-1.219,53.5],[-1.229,53.496],[-1.215,53.48],[-1.232,53.474],[-1.233,53.467],[-1.217,53.464],[-1.213,53.453],[-1.187,53.452],[-1.155,53.468],[-1.116,53.47],[-1.1,53.469],[-1.099,53.453],[-1.06,53.452],[-1.024,53.468],[-1.02,53.479],[-1.033,53.501],[-1.012,53.521],[-1.016,53.544],[-1.008,53.561],[-1.024,53.566],[-1.024,53.576],[-1.042,53.593],[-1.084,53.593],[-1.1,53.575],[-1.122,53.571],[-1.138,53.575],[-1.174,53.609],[-1.203,53.615],[-1.233,53.599],[-1.236,53.572]]]}},{"type":"Feature","properties":{},"geometry":{"type":"Polygon","coordinates":[[[-1.178,53.966],[-1.173,53.937],[-1.152,53.922],[-1.162,53.914],[-1.13,53.903],[-1.088,53.91],[-1.074,53.904],[-0.997,53.933],[-0.992,53.944],[-0.967,53.954],[-0.965,53.972],[-0.996,53.98],[-0.992,53.992],[-1.015,54.013],[-1.016,54.046],[-1.1,54.049],[-1.114,54.041],[-1.108,54.032],[-1.138,54.026],[-1.154,54.012],[-1.171,53.993],[-1.178,53.966]]]}},{"type":"Feature","properties":{},"geometry":{"type":"Polygon","coordinates":[[[-1.177,51.227],[-1.171,51.218],[-1.144,51.21],[-1.104,51.21],[-1.07,51.237],[-1.029,51.248],[-1.027,51.296],[-1.046,51.316],[-1.082,51.318],[-1.11,51.311],[-1.125,51.296],[-1.154,51.295],[-1.155,51.282],[-1.176,51.267],[-1.167,51.241],[-1.177,51.227]]]}},{"type":"Feature","properties":{},"geometry":{"type":"Polygon","coordinates":[[[-1.075,51.475],[-1.074,51.386],[-0.935,51.386],[-0.934,51.403],[-0.912,51.403],[-0.872,51.421],[-0.858,51.442],[-0.869,51.473],[-0.934,51.489],[-0.934,51.508],[-1.071,51.508],[-1.075,51.475]]]}},{"type":"Feature","properties":{},"geometry":{"type":"Polygon","coordinates":[[[-0.992,52.249],[-0.983,52.245],[-0.968,52.211],[-0.937,52.187],[-0.89,52.172],[-0.847,52.177],[-0.846,52.187],[-0.81,52.213],[-0.803,52.228],[-0.783,52.224],[-0.776,52.23],[-0.766,52.256],[-0.769,52.27],[-0.798,52.288],[-0.795,52.299],[-0.82,52.308],[-0.895,52.298],[-0.904,52.299],[-0.904,52.307],[-0.949,52.295],[-0.992,52.258],[-0.992,52.249]]]}},{"type":"Feature","properties":{},"geometry":{"type":"Polygon","coordinates":[[[-0.886,51.391],[-0.868,51.371],[-0.766,51.373],[-0.766,51.433],[-0.798,51.44],[-0.843,51.436],[-0.857,51.427],[-0.854,51.418],[-0.883,51.403],[-0.886,51.391]]]}},{"type":"Feature","properties":{},"geometry":{"type":"Polygon","coordinates":[[[-0.884,51.812],[-0.869,51.804],[-0.803,51.81],[-0.755,51.804],[-0.737,51.808],[-0.732,51.824],[-0.748,51.839],[-0.773,51.842],[-0.768,51.857],[-0.773,51.859],[-0.825,51.864],[-0.84,51.858],[-0.847,51.864],[-0.883,51.829],[-0.884,51.812]]]}},{"type":"Feature","properties":{},"geometry":{"type":"Polygon","coordinates":[[[-0.84,51.193],[-0.828,51.175],[-0.802,51.174],[-0.783,51.177],[-0.757,51.204],[-0.725,51.209],[-0.695,51.246],[-0.699,51.3],[-0.816,51.303],[-0.814,51.287],[-0.802,51.283],[-0.795,51.268],[-0.807,51.258],[-0.813,51.234],[-0.828,51.222],[-0.84,51.193]]]}},{"type":"Feature","properties":{},"geometry":{"type":"Polygon","coordinates":[[[-0.814,51.611],[-0.795,51.562],[-0.729,51.568],[-0.678,51.562],[-0.67,51.582],[-0.678,51.598],[-0.677,51.65],[-0.695,51.683],[-0.715,51.682],[-0.736,51.667],[-0.791,51.661],[-0.812,51.646],[-0.814,51.611]]]}},{"type":"Feature","properties":{},"geometry":{"type":"Polygon","coordinates":[[[-0.72,53.545],[-0.702,53.531],[-0.683,53.531],[-0.677,53.522],[-0.637,53.519],[-0.589,53.546],[-0.582,53.584],[-0.595,53.595],[-0.597,53.61],[-0.625,53.618],[-0.619,53.627],[-0.687,53.631],[-0.715,53.598],[-0.72,53.545]]]}},{"type":"Feature","properties":{},"geometry":{"type":"Polygon","coordinates":[[[-0.647,53.233],[-0.645,53.181],[-0.588,53.159],[-0.516,53.148],[-0.501,53.154],[-0.504,53.208],[-0.475,53.227],[-0.474,53.26],[-0.586,53.26],[-0.647,53.233]]]}},{"type":"Feature","properties":{},"geometry":{"type":"Polygon","coordinates":[[[-0.615,53.741],[-0.611,53.728],[-0.591,53.728],[-0.542,53.71],[-0.519,53.711],[-0.519,53.705],[-0.452,53.706],[-0.452,53.697],[-0.448,53.706],[-0.247,53.721],[-0.258,53.72],[-0.196,53.701],[-0.196,53.71],[-0.137,53.72],[-0.132,53.773],[-0.139,53.806],[-0.128,53.806],[-0.128,53.821],[-0.265,53.823],[-0.295,53.83],[-0.298,53.845],[-0.538,53.845],[-0.537,53.808],[-0.525,53.808],[-0.523,53.774],[-0.584,53.776],[-0.614,53.758],[-0.615,53.741]]]}},{"type":"Feature","properties":{},"geometry":{"type":"Polygon","coordinates":[[[-0.479,54.296],[-0.47,54.26],[-0.448,54.254],[-0.446,54.247],[-0.396,54.244],[-0.361,54.265],[-0.378,54.275],[-0.376,54.295],[-0.391,54.301],[-0.406,54.321],[-0.46,54.321],[-0.479,54.296]]]}},{"type":"Feature","properties":{},"geometry":{"type":"Polygon","coordinates":[[[-0.364,51.288],[-0.357,51.278],[-0.343,51.277],[-0.357,51.297],[-0.352,51.307],[-0.36,51.31],[-0.364,51.288]]]}},{"type":"Feature","properties":{},"geometry":{"type":"Polygon","coordinates":[[[-0.35,52.504],[-0.286,52.5],[-0.264,52.488],[-0.238,52.499],[-0.181,52.5],[-0.162,52.636],[-0.177,52.645],[-0.286,52.649],[-0.319,52.64],[-0.313,52.641],[-0.327,52.629],[-0.349,52.573],[-0.35,52.504]]]}},{"type":"Feature","properties":{},"geometry":{"type":"Polygon","coordinates":[[[-0.173,53.552],[-0.157,53.541],[-0.162,53.532],[-0.151,53.534],[-0.151,53.521],[-0.128,53.51],[-0.132,53.506],[-0.124,53.499],[-0.107,53.503],[-0.106,53.497],[-0.082,53.495],[-0.069,53.5],[-0.069,53.513],[-0.033,53.505],[0.012,53.522],[0.003,53.542],[0.011,53.544],[0.015,53.56],[0.001,53.564],[-0.005,53.587],[-0.027,53.601],[-0.096,53.61],[-0.125,53.606],[-0.129,53.602],[-0.121,53.596],[-0.128,53.588],[-0.143,53.595],[-0.161,53.585],[-0.159,53.576],[-0.173,53.571],[-0.173,53.552]]]}},{"type":"Feature","properties":{},"geometry":{"type":"Polygon","coordinates":[[[-0.089,52.967],[-0.082,52.949],[-0.052,52.936],[0.014,52.935],[0.025,52.949],[0.044,52.953],[0.043,52.973],[0.032,52.986],[0.04,52.999],[0.016,53.009],[-0.07,53.007],[-0.089,52.967]]]}},{"type":"Feature","properties":{},"geometry":{"type":"Polygon","coordinates":[[[10.101,36.842],[10.103,36.822],[10.12,36.829],[10.123,36.82],[10.118,36.809],[10.105,36.814],[10.105,36.706],[10.147,36.662],[10.297,36.685],[10.322,36.699],[10.324,36.711],[10.368,36.711],[10.375,36.721],[10.377,36.729],[10.324,36.754],[10.301,36.788],[10.254,36.795],[10.252,36.814],[10.287,36.822],[10.318,36.818],[10.312,36.837],[10.298,36.841],[10.297,36.862],[10.313,36.881],[10.331,36.882],[10.334,36.892],[10.313,36.915],[10.184,36.917],[10.142,36.89],[10.105,36.885],[10.101,36.842]],[[10.188,36.77],[10.195,36.783],[10.209,36.781],[10.205,36.762],[10.188,36.77]]]}},{"type":"Feature","properties":{},"geometry":{"type":"Polygon","coordinates":[[[12.424,37.801],[12.458,37.746],[12.458,37.689],[12.487,37.657],[12.512,37.64],[12.523,37.647],[12.523,37.659],[12.537,37.649],[12.567,37.647],[12.571,37.638],[12.597,37.633],[12.604,37.62],[12.618,37.615],[12.64,37.62],[12.648,37.612],[12.633,37.597],[12.67,37.565],[12.684,37.56],[12.77,37.579],[12.87,37.583],[12.935,37.575],[12.953,37.57],[12.993,37.539],[13.017,37.499],[13.037,37.498],[13.05,37.508],[13.045,37.511],[13.052,37.513],[13.046,37.53],[13.052,37.534],[13.053,37.601],[13.033,37.601],[13.048,37.625],[13.046,37.738],[13.03,37.753],[13.03,37.783],[12.986,37.782],[12.979,37.799],[12.917,37.794],[12.68,37.802],[12.663,37.8],[12.662,37.79],[12.604,37.802],[12.551,37.799],[12.551,37.872],[12.592,37.967],[12.6,38.044],[12.542,38.052],[12.512,38.03],[12.482,38.022],[12.478,38.007],[12.489,37.997],[12.487,37.949],[12.426,37.899],[12.424,37.801]]]}},{"type":"Feature","properties":{},"geometry":{"type":"Polygon","coordinates":[[[13.013,37.914],[13.03,37.907],[13.435,37.91],[13.464,37.904],[13.488,37.913],[13.505,37.904],[13.692,37.903],[13.693,37.955],[13.677,37.977],[13.69,38.004],[13.653,38.01],[13.552,38.063],[13.556,38.074],[13.546,38.121],[13.502,38.13],[13.495,38.117],[13.442,38.105],[13.392,38.116],[13.376,38.192],[13.344,38.207],[13.326,38.233],[13.251,38.212],[13.23,38.223],[13.226,38.194],[13.19,38.181],[13.175,38.18],[13.166,38.195],[13.104,38.203],[13.068,38.18],[13.067,38.159],[13.042,38.142],[13.059,38.116],[13.063,38.091],[13.024,38.074],[13.03,38.056],[13.017,38.038],[13.026,38.018],[13.017,38.012],[13.022,38.004],[13.013,37.914]]]}},{"type":"Feature","properties":{},"geometry":{"type":"Polygon","coordinates":[[[13.484,37.295],[13.585,37.269],[13.623,37.245],[13.634,37.251],[13.597,37.326],[13.539,37.325],[13.506,37.304],[13.484,37.302],[13.484,37.295]]]}},{"type":"Feature","properties":{},"geometry":{"type":"Polygon","coordinates":[[[13.67,37.517],[13.681,37.487],[13.679,37.428],[13.689,37.408],[13.671,37.37],[13.689,37.361],[13.694,37.347],[13.767,37.355],[13.781,37.364],[13.938,37.364],[13.955,37.346],[13.969,37.343],[13.981,37.348],[13.984,37.359],[14.002,37.36],[14.039,37.348],[14.065,37.36],[14.069,37.343],[14.215,37.352],[14.264,37.345],[14.271,37.112],[14.205,37.118],[14.2,37.104],[14.187,37.103],[14.182,37.088],[14.229,37.063],[14.229,37.055],[14.256,37.046],[14.264,37.053],[14.26,37.044],[14.268,37.05],[14.263,37.042],[14.286,37.035],[14.274,37.035],[14.325,37],[14.37,36.954],[14.41,36.903],[14.411,36.886],[14.428,36.875],[14.439,36.855],[14.479,36.841],[14.577,36.852],[14.61,36.844],[14.667,36.844],[14.694,36.85],[14.694,36.875],[14.711,36.874],[14.712,36.862],[14.727,36.862],[14.729,36.824],[14.785,36.824],[14.79,36.875],[14.764,36.946],[14.745,36.96],[14.711,36.963],[14.691,36.954],[14.69,37.133],[14.674,37.17],[14.634,37.169],[14.626,37.215],[14.63,37.364],[14.76,37.364],[14.766,37.358],[14.766,37.364],[14.973,37.364],[14.974,37.372],[14.941,37.373],[14.94,37.633],[14.941,37.647],[14.973,37.648],[14.977,37.662],[14.937,37.668],[14.908,37.663],[14.854,37.709],[14.832,37.713],[14.786,37.685],[14.782,37.662],[14.295,37.666],[14.262,37.683],[14.247,37.684],[14.24,37.673],[14.23,37.673],[14.225,37.683],[14.181,37.688],[14.091,37.674],[14.089,37.66],[14.068,37.66],[14.046,37.67],[14.016,37.668],[13.998,37.678],[13.852,37.681],[13.83,37.672],[13.777,37.689],[13.726,37.687],[13.705,37.681],[13.69,37.663],[13.689,37.621],[13.681,37.607],[13.683,37.56],[13.67,37.517]]]}},{"type":"Feature","properties":{},"geometry":{"type":"Polygon","coordinates":[[[14.174,36.064],[14.176,36.031],[14.211,36.014],[14.268,36.001],[14.306,36.012],[14.314,36.004],[14.319,35.994],[14.311,35.964],[14.328,35.957],[14.319,35.935],[14.319,35.888],[14.352,35.853],[14.429,35.816],[14.507,35.798],[14.538,35.797],[14.571,35.812],[14.582,35.832],[14.582,35.878],[14.45,35.964],[14.385,35.98],[14.381,36.002],[14.362,36.008],[14.343,36.044],[14.318,36.067],[14.286,36.076],[14.279,36.069],[14.273,36.08],[14.229,36.092],[14.181,36.084],[14.174,36.064]]]}},{"type":"Feature","properties":{},"geometry":{"type":"Polygon","coordinates":[[[20.973,56.401],[20.974,56.391],[21.07,56.383],[21.208,56.393],[21.205,56.47],[21.213,56.481],[21.205,56.484],[21.204,56.497],[21.223,56.524],[21.209,56.531],[21.217,56.554],[21.208,56.58],[21.217,56.606],[21.209,56.612],[21.221,56.628],[21.226,56.699],[21.183,56.713],[21.047,56.709],[21.032,56.653],[21.058,56.651],[21.057,56.634],[21.026,56.635],[20.991,56.569],[20.992,56.558],[21.021,56.556],[21.02,56.541],[20.977,56.539],[20.976,56.523],[21.014,56.52],[21.02,56.51],[20.98,56.506],[20.988,56.443],[20.973,56.401]]]}},{"type":"Feature","properties":{},"geometry":{"type":"Polygon","coordinates":[[[21.033,55.901],[21.072,55.736],[21.061,55.732],[21.059,55.722],[21.083,55.711],[21.088,55.68],[21.096,55.611],[21.087,55.541],[21.105,55.542],[21.105,55.71],[21.118,55.614],[21.109,55.544],[21.138,55.547],[21.139,55.56],[21.168,55.57],[21.209,55.576],[21.227,55.563],[21.231,55.55],[21.327,55.536],[21.379,55.544],[21.477,55.538],[21.551,55.553],[21.554,55.563],[21.54,55.567],[21.53,55.588],[21.536,55.618],[21.551,55.623],[21.555,55.637],[21.548,55.639],[21.563,55.66],[21.562,55.675],[21.556,55.676],[21.565,55.757],[21.544,55.766],[21.543,55.783],[21.521,55.783],[21.514,55.83],[21.513,55.876],[21.533,55.896],[21.539,55.959],[21.53,55.961],[21.529,55.976],[21.535,56.005],[21.506,56.016],[21.443,56.018],[21.32,56.017],[21.279,56.008],[21.237,56.018],[21.059,56.008],[21.058,55.966],[21.046,55.934],[21.033,55.925],[21.033,55.901]]]}},{"type":"Feature","properties":{},"geometry":{"type":"Polygon","coordinates":[[[21.396,57.18],[21.709,57.179],[21.719,57.236],[21.708,57.356],[21.713,57.557],[21.705,57.577],[21.68,57.567],[21.654,57.516],[21.629,57.496],[21.584,57.438],[21.555,57.419],[21.521,57.418],[21.517,57.395],[21.496,57.372],[21.416,57.311],[21.4,57.257],[21.404,57.226],[21.447,57.226],[21.451,57.214],[21.434,57.202],[21.4,57.2],[21.396,57.18]]]}},{"type":"Feature","properties":{},"geometry":{"type":"Polygon","coordinates":[[[22.048,55.952],[22.067,55.876],[22.092,55.882],[22.14,55.867],[22.304,55.861],[22.53,55.871],[22.532,55.879],[22.548,55.883],[22.548,55.895],[22.565,55.907],[22.54,55.954],[22.556,56.021],[22.556,56.043],[22.548,56.05],[22.556,56.056],[22.56,56.139],[22.547,56.168],[22.556,56.172],[22.556,56.205],[22.547,56.23],[22.558,56.246],[22.548,56.253],[22.54,56.286],[22.54,56.299],[22.555,56.312],[22.56,56.33],[22.551,56.354],[22.554,56.377],[22.544,56.387],[22.544,56.421],[22.518,56.43],[22.464,56.431],[22.376,56.42],[22.352,56.427],[22.249,56.427],[22.128,56.415],[22.099,56.424],[22.055,56.412],[22.051,56.372],[22.067,56.363],[22.061,56.346],[22.073,56.341],[22.059,56.301],[22.074,56.275],[22.067,56.265],[22.084,56.232],[22.069,56.214],[22.092,56.209],[22.096,56.175],[22.106,56.169],[22.089,56.133],[22.102,56.12],[22.096,56.093],[22.102,56.082],[22.094,56.07],[22.102,56.048],[22.077,56.037],[22.069,56.001],[22.055,55.997],[22.048,55.952]]]}},{"type":"Feature","properties":{},"geometry":{"type":"Polygon","coordinates":[[[22.964,55.697],[22.99,55.686],[23.122,55.678],[23.383,55.685],[23.56,55.675],[23.559,55.665],[23.68,55.67],[23.673,55.528],[23.68,55.51],[23.655,55.505],[23.658,55.492],[23.648,55.487],[23.633,55.489],[23.638,55.429],[23.666,55.422],[23.667,55.409],[23.643,55.406],[23.651,55.355],[23.68,55.35],[23.673,55.328],[23.662,55.321],[23.666,55.307],[23.649,55.285],[23.654,55.262],[23.641,55.256],[23.645,55.223],[23.665,55.223],[23.684,55.212],[23.86,55.208],[23.886,55.217],[24.053,55.204],[24.222,55.203],[24.244,55.212],[24.509,55.209],[24.509,55.159],[24.517,55.129],[24.534,55.11],[24.517,55.103],[24.515,55.095],[24.523,55.085],[24.519,55.065],[24.509,55.058],[24.512,55.006],[24.5,54.982],[24.505,54.971],[25.072,54.971],[25.068,54.982],[25.042,54.986],[25.06,54.997],[25.06,55.045],[25.074,55.083],[25.065,55.112],[25.027,55.116],[25.014,55.201],[25.017,55.274],[25.043,55.288],[25.043,55.3],[25.06,55.317],[25.046,55.364],[25.056,55.392],[25.027,55.427],[25.002,55.438],[24.949,55.434],[24.943,55.441],[24.839,55.438],[24.737,55.424],[24.701,55.435],[24.585,55.44],[24.548,55.428],[24.542,55.44],[24.549,55.498],[24.542,55.515],[24.526,55.515],[24.519,55.529],[24.549,55.531],[24.553,55.657],[24.55,55.783],[24.531,55.783],[24.534,55.836],[24.519,55.925],[23.74,55.917],[23.732,55.972],[23.711,55.978],[23.711,55.985],[23.733,55.985],[23.737,56],[23.722,56.017],[23.741,56.037],[23.729,56.044],[23.737,56.096],[23.713,56.1],[23.719,56.11],[23.692,56.116],[23.687,56.129],[23.654,56.12],[23.63,56.128],[23.605,56.114],[23.56,56.113],[22.999,56.12],[22.975,56.111],[22.97,56.042],[22.988,56.033],[22.978,56.023],[22.975,55.993],[22.99,55.915],[22.974,55.846],[22.981,55.824],[22.972,55.797],[22.979,55.758],[22.964,55.697]],[[23.946,55.524],[23.962,55.529],[23.968,55.512],[23.957,55.512],[23.946,55.524]],[[24.002,55.533],[24.056,55.529],[24.044,55.517],[24.037,55.519],[24.037,55.529],[24.002,55.533]],[[24.074,55.525],[24.12,55.522],[24.129,55.512],[24.112,55.507],[24.104,55.519],[24.074,55.525]],[[24.354,55.681],[24.355,55.688],[24.388,55.697],[24.373,55.681],[24.354,55.681]],[[24.407,55.691],[24.41,55.715],[24.427,55.718],[24.429,55.734],[24.439,55.739],[24.425,55.747],[24.425,55.766],[24.409,55.766],[24.442,55.768],[24.444,55.747],[24.458,55.739],[24.449,55.737],[24.446,55.718],[24.432,55.719],[24.431,55.698],[24.407,55.691]]]}},{"type":"Feature","properties":{},"geometry":{"type":"Polygon","coordinates":[[[23.023,56.941],[23.048,56.923],[23.025,56.874],[23.031,56.805],[23.04,56.798],[23.027,56.787],[23.031,56.72],[23.049,56.665],[23.031,56.655],[23.03,56.618],[23.04,56.616],[23.04,56.61],[23.027,56.608],[23.026,56.524],[23.037,56.516],[23.031,56.494],[23.091,56.492],[23.108,56.475],[23.165,56.458],[23.25,56.466],[23.353,56.457],[23.354,56.463],[23.533,56.446],[23.557,56.458],[23.643,56.448],[23.654,56.46],[23.678,56.45],[23.827,56.455],[23.825,56.448],[23.871,56.437],[23.872,56.364],[23.886,56.358],[24.409,56.359],[24.487,56.361],[24.516,56.37],[24.509,56.612],[24.516,56.64],[24.517,56.779],[24.51,56.779],[24.521,56.798],[24.51,56.837],[24.509,56.899],[24.517,56.902],[24.521,56.927],[24.509,56.977],[24.517,57.004],[24.508,57.006],[24.517,57.014],[24.517,57.065],[24.509,57.097],[24.399,57.074],[24.337,57.089],[24.337,57.126],[24.354,57.135],[24.359,57.189],[24.37,57.195],[24.37,57.208],[24.381,57.218],[24.506,57.23],[24.52,57.225],[24.526,57.165],[24.567,57.159],[24.575,57.126],[24.593,57.122],[24.609,57.085],[24.622,57.074],[24.607,57.065],[24.615,57.045],[24.609,57.006],[24.6,56.994],[24.609,56.991],[24.605,56.961],[24.626,56.941],[24.613,56.931],[24.613,56.92],[24.622,56.914],[24.622,56.891],[24.605,56.854],[24.626,56.82],[24.627,56.795],[24.616,56.784],[24.589,56.781],[24.583,56.753],[24.592,56.747],[24.589,56.718],[24.604,56.701],[24.605,56.6],[24.659,56.577],[24.789,56.573],[24.839,56.601],[24.826,56.606],[24.822,56.636],[24.83,56.643],[24.821,56.699],[24.826,56.739],[24.787,56.77],[24.843,56.816],[24.847,56.857],[24.857,56.863],[24.847,56.914],[24.83,56.931],[24.84,57.038],[24.81,57.053],[24.802,57.07],[24.78,57.087],[24.74,57.094],[24.74,57.144],[24.707,57.173],[24.725,57.202],[24.716,57.249],[24.726,57.263],[24.712,57.294],[24.726,57.3],[24.722,57.321],[24.73,57.324],[24.719,57.4],[24.712,57.401],[24.716,57.434],[24.71,57.457],[24.723,57.467],[24.723,57.479],[24.714,57.483],[24.706,57.516],[24.723,57.57],[24.723,57.581],[24.716,57.581],[24.718,57.611],[24.711,57.613],[24.711,57.623],[24.723,57.628],[24.712,57.807],[24.539,57.813],[24.539,57.822],[24.442,57.816],[24.439,57.822],[24.364,57.822],[24.348,57.821],[24.35,57.809],[24.333,57.804],[24.329,57.692],[24.351,57.678],[24.355,57.639],[24.37,57.617],[24.351,57.573],[24.351,57.534],[24.366,57.516],[24.391,57.324],[24.425,57.322],[24.388,57.313],[24.401,57.27],[24.361,57.223],[24.259,57.173],[24.2,57.133],[24.163,57.116],[24.131,57.112],[24.129,57.102],[24.109,57.096],[24.109,57.084],[24.035,57.065],[24.063,57.048],[24.059,57.038],[24.02,57.04],[24.017,57.026],[23.979,57.015],[23.967,57.021],[23.942,57.012],[23.925,57.022],[23.795,56.988],[23.792,56.968],[23.783,56.966],[23.741,56.977],[23.634,56.974],[23.575,56.985],[23.535,57.003],[23.512,57.03],[23.437,57.04],[23.406,57.027],[23.29,57.045],[23.163,57.033],[23.044,57.044],[23.03,57.018],[23.04,56.997],[23.029,56.987],[23.045,56.97],[23.023,56.966],[23.031,56.96],[23.023,56.941]],[[23.162,56.517],[23.162,56.529],[23.191,56.52],[23.162,56.517]],[[23.831,56.769],[23.85,56.774],[23.864,56.815],[23.913,56.829],[23.954,56.831],[24,56.817],[24.028,56.769],[24.009,56.766],[24.009,56.756],[23.985,56.74],[23.909,56.738],[23.879,56.75],[23.879,56.759],[23.831,56.769]],[[24.059,56.943],[24.068,56.955],[24.103,56.964],[24.101,56.972],[24.147,56.985],[24.169,56.982],[24.163,57],[24.202,57.003],[24.217,56.978],[24.212,56.968],[24.17,56.965],[24.171,56.947],[24.142,56.946],[24.141,56.952],[24.094,56.941],[24.059,56.943]],[[24.075,56.919],[24.081,56.931],[24.097,56.931],[24.112,56.92],[24.075,56.919]],[[24.28,56.943],[24.28,56.958],[24.289,56.961],[24.317,56.951],[24.31,56.941],[24.28,56.943]]]}},{"type":"Feature","properties":{},"geometry":{"type":"Polygon","coordinates":[[[23.461,58.799],[23.474,58.78],[23.467,58.765],[23.553,58.762],[23.621,58.773],[23.684,58.758],[23.846,58.772],[23.846,58.804],[23.821,58.825],[23.833,58.863],[23.833,58.906],[23.842,58.914],[23.836,58.944],[23.846,58.951],[23.84,58.967],[23.846,58.968],[23.843,59.009],[23.682,59.026],[23.479,59.019],[23.471,58.963],[23.496,58.956],[23.47,58.945],[23.47,58.934],[23.515,58.921],[23.516,58.91],[23.486,58.897],[23.482,58.878],[23.467,58.871],[23.475,58.848],[23.461,58.799]]]}},{"type":"Feature","properties":{},"geometry":{"type":"Polygon","coordinates":[[[24.159,58.415],[24.184,58.383],[24.181,58.36],[24.167,58.351],[24.163,58.335],[24.171,58.297],[24.208,58.261],[24.272,58.269],[24.292,58.303],[24.307,58.363],[24.339,58.376],[24.435,58.374],[24.471,58.355],[24.487,58.364],[24.526,58.353],[24.567,58.324],[24.572,58.312],[24.546,58.291],[24.51,58.282],[24.46,58.255],[24.458,58.237],[24.446,58.221],[24.438,58.159],[24.453,58.155],[24.458,58.12],[24.443,58.099],[24.813,58.076],[24.902,58.097],[24.901,58.184],[24.922,58.407],[24.913,58.456],[24.89,58.494],[24.901,58.502],[24.906,58.52],[24.92,58.597],[24.914,58.603],[24.88,58.611],[24.802,58.608],[24.799,58.623],[24.752,58.628],[24.738,58.626],[24.755,58.618],[24.722,58.609],[24.513,58.609],[24.493,58.603],[24.313,58.613],[24.192,58.61],[24.186,58.585],[24.196,58.56],[24.18,58.53],[24.199,58.489],[24.192,58.485],[24.196,58.474],[24.175,58.461],[24.159,58.415]],[[24.755,58.304],[24.76,58.315],[24.798,58.312],[24.792,58.3],[24.755,58.304]]]}},{"type":"Feature","properties":{},"geometry":{"type":"Polygon","coordinates":[[[24.684,58.071],[24.81,58.064],[24.83,58.071],[24.684,58.071]]]}},{"type":"Feature","properties":{},"geometry":{"type":"Polygon","coordinates":[[[14.937,37.633],[14.941,37.373],[15.102,37.372],[15.097,37.474],[15.108,37.476],[15.112,37.499],[15.128,37.524],[15.176,37.555],[15.187,37.577],[15.187,37.628],[15.2,37.643],[14.961,37.649],[14.941,37.647],[14.937,37.633]]]}},{"type":"Feature","properties":{},"geometry":{"type":"Polygon","coordinates":[[[15.084,38.018],[15.11,38.011],[15.105,37.997],[15.092,37.994],[15.095,37.947],[15.087,37.946],[15.087,37.905],[15.13,37.895],[15.125,37.887],[15.132,37.875],[15.172,37.862],[15.191,37.879],[15.259,37.867],[15.263,37.877],[15.275,37.877],[15.228,37.833],[15.219,37.8],[15.249,37.798],[15.304,37.842],[15.312,37.874],[15.358,37.905],[15.359,37.917],[15.4,37.964],[15.5,38.063],[15.543,38.14],[15.583,38.182],[15.584,38.201],[15.576,38.207],[15.58,38.225],[15.609,38.242],[15.657,38.255],[15.662,38.268],[15.647,38.279],[15.539,38.31],[15.399,38.244],[15.287,38.216],[15.259,38.223],[15.266,38.252],[15.248,38.278],[15.217,38.277],[15.228,38.235],[15.204,38.191],[15.167,38.16],[15.108,38.138],[15.121,38.105],[15.113,38.101],[15.114,38.076],[15.098,38.066],[15.101,38.047],[15.092,38.043],[15.084,38.018]]]}},{"type":"Feature","properties":{},"geometry":{"type":"Polygon","coordinates":[[[15.134,37.698],[15.169,37.672],[15.179,37.676],[15.179,37.67],[15.2,37.665],[15.212,37.673],[15.228,37.706],[15.219,37.744],[15.228,37.758],[15.213,37.787],[15.176,37.789],[15.16,37.767],[15.142,37.761],[15.134,37.698]]]}},{"type":"Feature","properties":{},"geometry":{"type":"Polygon","coordinates":[[[15.161,37.166],[15.249,36.973],[15.275,36.974],[15.282,36.993],[15.298,37],[15.338,36.99],[15.345,36.997],[15.349,37.007],[15.341,37.022],[15.325,37.045],[15.309,37.053],[15.307,37.11],[15.268,37.127],[15.245,37.126],[15.237,37.135],[15.255,37.138],[15.257,37.149],[15.244,37.167],[15.161,37.166]]]}},{"type":"Feature","properties":{},"geometry":{"type":"Polygon","coordinates":[[[15.621,38.085],[15.625,38.071],[15.638,38.063],[15.643,38.038],[15.625,38.025],[15.625,38.005],[15.636,37.986],[15.656,37.98],[15.704,37.986],[15.709,38.201],[15.701,38.251],[15.679,38.246],[15.672,38.253],[15.625,38.235],[15.624,38.184],[15.642,38.153],[15.642,38.132],[15.623,38.106],[15.621,38.085]]]}},{"type":"Feature","properties":{},"geometry":{"type":"Polygon","coordinates":[[[15.82,38.62],[15.888,38.575],[15.901,38.551],[15.918,38.542],[15.919,38.532],[15.888,38.448],[15.826,38.35],[15.842,38.341],[15.867,38.338],[15.893,38.38],[15.919,38.403],[15.922,38.43],[15.936,38.434],[16.084,38.439],[16.313,38.428],[16.581,38.441],[16.589,38.48],[16.58,38.576],[16.561,38.647],[16.562,38.691],[16.551,38.694],[16.563,38.697],[16.548,38.706],[16.547,38.716],[16.572,38.739],[16.582,38.769],[16.626,38.813],[16.653,38.82],[16.739,38.866],[16.727,38.884],[16.736,38.893],[16.742,39.015],[16.743,39.262],[16.706,39.274],[16.688,39.268],[16.569,39.279],[16.403,39.274],[16.4,39.294],[16.387,39.297],[16.385,39.451],[16.374,39.487],[16.382,39.524],[16.375,39.767],[16.346,39.775],[16.253,39.769],[16.217,39.779],[16.202,39.774],[16.19,39.783],[16.181,39.781],[16.181,39.772],[16.166,39.777],[16.161,39.772],[16.147,39.785],[16.022,39.788],[16.008,39.774],[16.007,39.748],[16.018,39.649],[16.01,39.555],[16.017,39.472],[15.996,39.468],[15.993,39.419],[16.039,39.299],[16.048,39.237],[16.098,39.242],[16.155,39.231],[16.294,39.237],[16.305,39.224],[16.302,39.205],[16.355,39.204],[16.352,38.989],[16.339,38.991],[16.338,39.009],[16.317,39.002],[16.319,39.012],[16.29,39.015],[16.201,38.932],[16.23,38.893],[16.36,38.894],[16.353,38.721],[16.29,38.713],[16.216,38.718],[16.192,38.723],[16.18,38.74],[16.1,38.724],[16.015,38.737],[15.981,38.731],[15.947,38.706],[15.846,38.672],[15.831,38.657],[15.82,38.62]]]}},{"type":"Feature","properties":{},"geometry":{"type":"Polygon","coordinates":[[[17.073,39.076],[17.074,39.058],[17.082,39.055],[17.078,39.046],[17.096,39.032],[17.15,39.028],[17.161,39.039],[17.157,39.057],[17.148,39.061],[17.146,39.086],[17.122,39.107],[17.118,39.128],[17.08,39.126],[17.073,39.086],[17.081,39.083],[17.073,39.076]]]}},{"type":"Feature","properties":{},"geometry":{"type":"Polygon","coordinates":[[[18.046,39.909],[18.129,39.854],[18.133,39.82],[18.162,39.816],[18.167,39.831],[18.18,39.83],[18.186,39.822],[18.237,39.807],[18.292,39.801],[18.292,39.809],[18.317,39.795],[18.321,39.785],[18.35,39.78],[18.376,39.785],[18.397,39.806],[18.409,39.897],[18.405,39.921],[18.417,39.972],[18.425,39.989],[18.441,39.993],[18.447,40.017],[18.483,40.038],[18.493,40.07],[18.528,40.097],[18.53,40.114],[18.523,40.124],[18.526,40.141],[18.501,40.158],[18.472,40.2],[18.475,40.229],[18.43,40.304],[18.387,40.332],[18.353,40.338],[18.338,40.329],[18.325,40.339],[18.27,40.338],[18.27,39.91],[18.046,39.909]]]}},{"type":"Feature","properties":{},"geometry":{"type":"Polygon","coordinates":[[[19.644,39.744],[19.652,39.736],[19.652,39.712],[19.661,39.719],[19.681,39.715],[19.672,39.68],[19.72,39.671],[19.727,39.656],[19.748,39.651],[19.761,39.624],[19.796,39.61],[19.794,39.6],[19.832,39.589],[19.852,39.572],[19.87,39.541],[19.862,39.537],[19.864,39.525],[19.886,39.457],[19.932,39.431],[20.005,39.413],[20.028,39.395],[20.084,39.371],[20.139,39.354],[20.146,39.358],[20.149,39.38],[20.128,39.4],[20.103,39.444],[20.081,39.45],[20.042,39.435],[20.024,39.458],[19.962,39.472],[19.935,39.554],[19.937,39.588],[19.929,39.591],[19.929,39.544],[19.936,39.535],[19.914,39.535],[19.908,39.544],[19.906,39.593],[19.885,39.614],[19.885,39.625],[19.903,39.623],[19.911,39.609],[19.924,39.606],[19.936,39.616],[19.914,39.625],[19.918,39.635],[19.884,39.644],[19.884,39.653],[19.87,39.65],[19.866,39.662],[19.885,39.664],[19.864,39.677],[19.87,39.687],[19.862,39.7],[19.919,39.723],[19.917,39.733],[19.932,39.74],[19.891,39.793],[19.848,39.806],[19.804,39.797],[19.756,39.803],[19.7,39.797],[19.689,39.803],[19.672,39.795],[19.661,39.772],[19.649,39.767],[19.644,39.744]],[[19.73,39.782],[19.731,39.791],[19.753,39.791],[19.753,39.734],[19.775,39.7],[19.778,39.655],[19.756,39.655],[19.756,39.699],[19.734,39.733],[19.73,39.782]],[[19.815,39.714],[19.858,39.712],[19.851,39.702],[19.853,39.675],[19.86,39.671],[19.864,39.642],[19.848,39.636],[19.84,39.645],[19.829,39.706],[19.836,39.71],[19.815,39.714]]]}},{"type":"Feature","properties":{},"geometry":{"type":"Polygon","coordinates":[[[-80.051,34.123],[-80.026,34.121],[-80.035,34.11],[-80.027,34.106],[-80.022,34.08],[-80.029,34.077],[-80.033,34.026],[-80.023,34.019],[-79.989,34.034],[-79.92,34.013],[-79.86,34.028],[-79.787,34.013],[-79.728,34.025],[-79.688,34.014],[-79.611,34.011],[-79.533,34.024],[-79.511,34.064],[-79.541,34.141],[-79.53,34.18],[-79.542,34.21],[-79.527,34.21],[-79.494,34.239],[-79.489,34.261],[-79.496,34.337],[-79.527,34.389],[-79.544,34.398],[-79.687,34.405],[-79.754,34.421],[-79.798,34.422],[-79.816,34.415],[-79.817,34.4],[-79.842,34.398],[-79.843,34.437],[-79.913,34.434],[-79.942,34.414],[-80.015,34.434],[-80.034,34.409],[-80.029,34.398],[-80.034,34.396],[-80.02,34.388],[-80.033,34.379],[-80.026,34.347],[-80.012,34.34],[-80.029,34.3],[-80.022,34.279],[-80.029,34.255],[-80.022,34.211],[-80.033,34.203],[-80.024,34.198],[-80.024,34.168],[-80.018,34.164],[-80.033,34.161],[-80.051,34.123]]]}},{"type":"Feature","properties":{},"geometry":{"type":"Polygon","coordinates":[[[-80.042,32.748],[-80.038,32.629],[-79.964,32.629],[-79.931,32.644],[-79.901,32.671],[-79.882,32.673],[-79.875,32.705],[-79.862,32.721],[-79.861,32.745],[-79.829,32.747],[-79.827,32.758],[-79.796,32.777],[-79.721,32.8],[-79.699,32.835],[-79.7,32.907],[-79.737,32.941],[-79.864,32.953],[-79.865,32.968],[-79.926,32.968],[-79.942,32.972],[-79.942,33.001],[-79.987,33.003],[-79.982,32.936],[-79.964,32.933],[-79.923,32.893],[-79.865,32.863],[-79.864,32.94],[-79.864,32.863],[-79.831,32.839],[-79.845,32.824],[-79.843,32.803],[-79.849,32.8],[-79.842,32.793],[-79.842,32.764],[-79.949,32.763],[-79.99,32.77],[-80.022,32.763],[-80.034,32.77],[-80.042,32.748]]]}},{"type":"Feature","properties":{},"geometry":{"type":"Polygon","coordinates":[[[-79.512,33.24],[-79.507,33.142],[-79.496,33.141],[-79.507,33.135],[-79.457,33.131],[-79.412,33.139],[-79.449,33.14],[-79.427,33.146],[-79.362,33.15],[-79.354,33.149],[-79.349,33.133],[-79.328,33.148],[-79.299,33.128],[-79.275,33.138],[-79.257,33.128],[-79.222,33.124],[-79.211,33.137],[-79.216,33.14],[-79.181,33.162],[-79.173,33.195],[-79.141,33.198],[-79.141,33.207],[-79.162,33.213],[-79.169,33.259],[-79.161,33.294],[-79.144,33.3],[-79.147,33.337],[-79.136,33.382],[-79.081,33.472],[-79.044,33.505],[-79.019,33.516],[-79.007,33.551],[-78.977,33.586],[-78.86,33.695],[-78.771,33.759],[-78.674,33.804],[-78.593,33.83],[-78.549,33.834],[-78.507,33.854],[-78.385,33.89],[-78.364,33.886],[-78.268,33.902],[-78.153,33.903],[-78.032,33.88],[-78.006,33.848],[-78.022,33.835],[-78.014,33.834],[-78.013,33.81],[-77.933,33.802],[-77.921,33.85],[-77.949,33.851],[-77.947,33.882],[-77.822,34.157],[-77.797,34.172],[-77.796,34.187],[-77.745,34.252],[-77.726,34.271],[-77.698,34.284],[-77.693,34.303],[-77.612,34.366],[-77.482,34.449],[-77.488,34.468],[-77.522,34.486],[-77.546,34.483],[-77.588,34.46],[-77.679,34.447],[-77.705,34.41],[-77.717,34.413],[-77.738,34.397],[-77.758,34.413],[-77.764,34.405],[-77.779,34.405],[-77.785,34.417],[-77.8,34.415],[-77.809,34.4],[-77.816,34.4],[-77.82,34.414],[-77.841,34.417],[-77.844,34.407],[-77.855,34.405],[-77.86,34.415],[-77.878,34.417],[-77.883,34.405],[-77.951,34.414],[-77.975,34.408],[-78,34.416],[-78,34.405],[-78.011,34.404],[-78.019,34.417],[-78.058,34.423],[-78.059,34.409],[-78.094,34.415],[-78.092,34.401],[-78.122,34.414],[-78.164,34.415],[-78.216,34.411],[-78.264,34.397],[-78.293,34.398],[-78.327,34.411],[-78.335,34.401],[-78.35,34.4],[-78.353,34.407],[-78.397,34.401],[-78.411,34.388],[-78.414,34.368],[-78.408,34.318],[-78.415,34.231],[-78.411,34.028],[-78.412,34.016],[-78.43,34.016],[-78.43,33.999],[-78.514,33.999],[-78.514,33.981],[-79.192,33.978],[-79.202,33.991],[-79.203,33.981],[-79.236,33.983],[-79.242,33.975],[-79.244,33.899],[-79.236,33.746],[-79.228,33.746],[-79.221,33.698],[-79.203,33.693],[-79.222,33.683],[-79.217,33.647],[-79.498,33.632],[-79.493,33.613],[-79.511,33.575],[-79.512,33.24]]]}},{"type":"Feature","properties":{},"geometry":{"type":"Polygon","coordinates":[[[-79.099,34.64],[-79.097,34.545],[-79.045,34.55],[-78.992,34.543],[-78.949,34.55],[-78.95,34.683],[-78.996,34.686],[-78.997,34.709],[-79.099,34.705],[-79.099,34.64]]]}},{"type":"Feature","properties":{},"geometry":{"type":"Polygon","coordinates":[[[-79.023,34.875],[-78.738,34.874],[-78.743,35.001],[-78.732,35.085],[-78.735,35.122],[-78.76,35.121],[-78.761,34.953],[-78.769,34.946],[-78.801,34.951],[-78.806,34.898],[-78.911,34.889],[-79.023,34.895],[-79.023,34.875]]]}},{"type":"Feature","properties":{},"geometry":{"type":"Polygon","coordinates":[[[-77.518,34.794],[-77.514,34.689],[-77.5,34.687],[-77.5,34.635],[-77.27,34.635],[-77.279,34.781],[-77.296,34.789],[-77.29,34.822],[-77.511,34.822],[-77.509,34.806],[-77.518,34.794]]]}},{"type":"Feature","properties":{},"geometry":{"type":"Polygon","coordinates":[[[-76.903,34.813],[-76.893,34.806],[-76.899,34.778],[-76.895,34.686],[-76.675,34.691],[-76.674,34.707],[-76.627,34.694],[-76.619,34.703],[-76.616,34.804],[-76.891,34.842],[-76.899,34.839],[-76.903,34.813]]]}},{"type":"Feature","properties":{},"geometry":{"type":"Polygon","coordinates":[[[-0.011,50.837],[0.069,50.819],[0.072,50.827],[0.073,50.816],[0.084,50.814],[0.077,50.791],[0.081,50.765],[0.114,50.747],[0.152,50.745],[0.198,50.73],[0.157,50.73],[0.207,50.71],[0.243,50.709],[0.275,50.72],[0.285,50.73],[0.268,50.73],[0.28,50.74],[0.341,50.777],[0.353,50.795],[0.375,50.806],[0.379,50.807],[0.379,50.808],[0.38203703703703706,50.809518518518516],[0.666,50.858],[0.74,50.905],[0.794,50.921],[0.961,50.9],[0.965,50.909],[0.954,50.91],[0.953,50.919],[0.97,50.939],[0.957,50.971],[0.942,50.982],[0.992,51.04],[0.992,51.065],[0.978,51.077],[0.975,51.091],[0.95,51.107],[0.945,51.123],[0.957,51.126],[0.965,51.141],[0.961,51.172],[0.967,51.173],[0.97,51.215],[0.967,51.234],[0.952,51.242],[0.959,51.246],[0.961,51.278],[0.943,51.296],[0.957,51.309],[0.946,51.328],[0.897,51.333],[0.883,51.325],[0.787,51.327],[0.781,51.33],[0.79,51.336],[0.779,51.372],[0.74,51.386],[0.724,51.385],[0.68,51.357],[0.677,51.331],[0.628,51.327],[0.62,51.308],[0.632,51.337],[0.651,51.355],[0.648,51.373],[0.605,51.391],[0.566,51.423],[0.49,51.433],[0.445,51.416],[0.423,51.341],[0.433,51.346],[0.419,51.331],[0.335,51.321],[0.268,51.337],[0.187,51.325],[0.104,51.333],[0.151,51.343],[0.169,51.361],[0.165,51.365],[0.191,51.372],[0.202,51.391],[0.228,51.404],[0.232,51.418],[0.253,51.427],[0.269,51.418],[0.319,51.413],[0.342,51.396],[0.391,51.394],[0.403,51.402],[0.408,51.397],[0.419,51.413],[0.414,51.414],[0.431,51.429],[0.427,51.444],[0.42,51.444],[0.404,51.469],[0.402,51.464],[0.387,51.499],[0.424,51.492],[0.431,51.484],[0.444,51.493],[0.466,51.495],[0.475,51.486],[0.517,51.498],[0.764,51.496],[0.857,51.527],[0.862,51.556],[0.678,51.652],[0.619,51.667],[0.361,51.67],[0.354,51.65],[0.277,51.65],[0.125,51.63],[0.126,51.622],[0.138,51.628],[0.121,51.617],[0.052,51.6],[-0.011,51.603],[-0.011,51.407],[0.04,51.41],[0.044,51.392],[0.04,51.337],[0.012,51.327],[0.015,51.317],[-0.011,51.311],[-0.011,50.837]],[[0.312,51.593],[0.347,51.602],[0.357,51.589],[0.356,51.54],[0.369,51.536],[0.382,51.513],[0.376,51.502],[0.323,51.538],[0.32,51.564],[0.33,51.569],[0.324,51.582],[0.338,51.592],[0.312,51.593]],[[0.726,51.608],[0.75,51.61],[0.788,51.584],[0.812,51.577],[0.817,51.565],[0.838,51.559],[0.838,51.549],[0.817,51.553],[0.812,51.565],[0.726,51.608]]]}},{"type":"Feature","properties":{},"geometry":{"type":"Polygon","coordinates":[[[-0.011,51.707],[0.054,51.709],[0.056,51.811],[0.048,51.824],[-0.011,51.831],[-0.011,51.707]]]}},{"type":"Feature","properties":{},"geometry":{"type":"Polygon","coordinates":[[[0.04,52.222],[0.041,52.16],[0.085,52.16],[0.111,52.149],[0.111,52.14],[0.144,52.132],[0.173,52.136],[0.203,52.16],[0.211,52.187],[0.206,52.187],[0.214,52.192],[0.206,52.201],[0.202,52.261],[0.122,52.267],[0.04,52.262],[0.04,52.222]]]}},{"type":"Feature","properties":{},"geometry":{"type":"Polygon","coordinates":[[[0.402,51.75],[0.406,51.724],[0.449,51.679],[0.566,51.689],[0.608,51.711],[0.607,51.748],[0.54,51.797],[0.453,51.798],[0.405,51.772],[0.402,51.75]]]}},{"type":"Feature","properties":{},"geometry":{"type":"Polygon","coordinates":[[[0.507,51.848],[0.591,51.846],[0.606,51.862],[0.603,51.891],[0.577,51.92],[0.548,51.92],[0.507,51.883],[0.507,51.848]]]}},{"type":"Feature","properties":{},"geometry":{"type":"Polygon","coordinates":[[[0.65,52.225],[0.691,52.214],[0.692,52.208],[0.736,52.21],[0.757,52.222],[0.758,52.23],[0.777,52.229],[0.784,52.25],[0.779,52.263],[0.758,52.268],[0.728,52.295],[0.684,52.293],[0.652,52.266],[0.65,52.225]]]}},{"type":"Feature","properties":{},"geometry":{"type":"Polygon","coordinates":[[[0.758,51.93],[0.777,51.82],[1.037,51.82],[1.037,51.965],[0.879,51.965],[0.758,51.93]]]}},{"type":"Feature","properties":{},"geometry":{"type":"Polygon","coordinates":[[[0.961,51.336],[1.001,51.318],[1.024,51.325],[1.125,51.326],[1.137,51.32],[1.215,51.372],[1.196,51.388],[1.151,51.392],[1.03,51.383],[0.971,51.359],[0.961,51.336]]]}},{"type":"Feature","properties":{},"geometry":{"type":"Polygon","coordinates":[[[1.023,51.279],[1.029,51.252],[1.068,51.252],[1.088,51.244],[1.107,51.245],[1.123,51.268],[1.136,51.269],[1.145,51.28],[1.144,51.291],[1.116,51.308],[1.088,51.313],[1.041,51.307],[1.023,51.279]]]}},{"type":"Feature","properties":{},"geometry":{"type":"Polygon","coordinates":[[[1.045,52.568],[1.075,52.536],[1.075,52.518],[1.107,52.51],[1.105,52.496],[1.138,52.477],[1.121,52.476],[1.169,52.451],[1.171,52.441],[1.247,52.419],[1.331,52.409],[1.417,52.4],[1.417,52.416],[1.468,52.406],[1.502,52.409],[1.538,52.398],[1.619,52.397],[1.627,52.386],[1.732,52.371],[1.759,52.383],[1.765,52.438],[1.793,52.471],[1.796,52.489],[1.782,52.489],[1.788,52.476],[1.759,52.452],[1.758,52.438],[1.736,52.437],[1.734,52.444],[1.763,52.464],[1.766,52.476],[1.776,52.476],[1.75,52.56],[1.759,52.641],[1.71,52.731],[1.67,52.754],[1.574,52.749],[1.509,52.758],[1.441,52.753],[1.431,52.759],[1.353,52.75],[1.333,52.757],[1.221,52.759],[1.182,52.753],[1.125,52.715],[1.123,52.706],[1.104,52.703],[1.092,52.682],[1.066,52.668],[1.066,52.653],[1.048,52.625],[1.062,52.597],[1.045,52.568]]]}},{"type":"Feature","properties":{},"geometry":{"type":"Polygon","coordinates":[[[1.057,51.973],[1.198,51.974],[1.199,51.89],[1.274,51.905],[1.305,51.923],[1.325,51.921],[1.417,51.983],[1.417,51.967],[1.447,51.987],[1.449,52.127],[1.057,52.131],[1.057,51.973]]]}},{"type":"Feature","properties":{},"geometry":{"type":"Polygon","coordinates":[[[1.06,51.767],[1.141,51.775],[1.196,51.793],[1.219,51.805],[1.213,51.809],[1.221,51.815],[1.217,51.824],[1.184,51.837],[1.111,51.829],[1.103,51.821533333333335],[1.103,51.822],[1.101,51.822],[1.101,51.821],[1.1024285714285715,51.821],[1.096,51.815],[1.088,51.793],[1.07,51.793],[1.06,51.767]]]}},{"type":"Feature","properties":{},"geometry":{"type":"Polygon","coordinates":[[[1.089,51.085],[1.09,51.079],[1.1,51.08],[1.108,51.062],[1.174,51.061],[1.199,51.067],[1.233,51.096],[1.222,51.102],[1.225,51.111],[1.167,51.135],[1.112,51.114],[1.089,51.085]]]}},{"type":"Feature","properties":{},"geometry":{"type":"Polygon","coordinates":[[[1.258,51.378],[1.262,51.361],[1.285,51.342],[1.316,51.337],[1.316,51.329],[1.366,51.312],[1.413,51.31],[1.449,51.326],[1.463,51.352],[1.468,51.386],[1.45975,51.397],[1.46,51.397],[1.46,51.398],[1.459,51.398],[1.456,51.402],[1.372,51.404],[1.27,51.396],[1.258,51.378]]]}},{"type":"Feature","properties":{},"geometry":{"type":"Polygon","coordinates":[[[1.559,50.722],[1.571,50.717],[1.568,50.675],[1.596,50.666],[1.626,50.676],[1.622,50.682],[1.658,50.699],[1.667,50.708],[1.658,50.717],[1.669,50.727],[1.663,50.73],[1.662,50.753],[1.637,50.768],[1.614,50.769],[1.599,50.753],[1.583,50.751],[1.596,50.75],[1.592,50.734],[1.563,50.737],[1.559,50.722]]]}},{"type":"Feature","properties":{},"geometry":{"type":"Polygon","coordinates":[[[1.714,50.888],[1.917,50.888],[2.005,50.939],[2.005,50.996],[1.894,50.995],[1.734,50.958],[1.714,50.947],[1.714,50.888]]]}},{"type":"Feature","properties":{},"geometry":{"type":"Polygon","coordinates":[[[2.234,50.977],[2.501,50.979],[2.502,51.083],[2.385,51.061],[2.336,51.066],[2.247,51.054],[2.251,51.025],[2.237,51.025],[2.234,50.977]]]}},{"type":"Feature","properties":{},"geometry":{"type":"Polygon","coordinates":[[[2.542,51.095],[2.5435882352941177,51.093],[2.543,51.093],[2.543,51.092],[2.5443823529411764,51.092],[2.569,51.061],[2.597,51.055],[2.631,51.068],[2.674,51.045],[2.71,51.059],[2.715,51.076],[2.707,51.085],[2.788,51.119],[2.786,51.102],[2.802,51.09],[2.951,51.088],[2.994,51.075],[2.987,51.062],[2.99,51.033],[2.981,51.017],[2.99,51.011],[2.984,50.985],[2.99,50.93],[2.977,50.925],[2.99,50.913],[2.979,50.903],[2.994,50.879],[2.983,50.856],[2.987,50.839],[2.995,50.837],[2.988,50.81],[2.994,50.807],[2.977,50.798],[2.977,50.782],[2.947,50.781],[2.928,50.767],[2.928,50.75],[2.902,50.747],[2.894,50.73],[2.88,50.723],[2.84,50.729],[2.811,50.711],[2.807,50.687],[2.854,50.655],[2.889,50.646],[2.931,50.665],[2.942,50.656],[2.939,50.646],[2.924,50.651],[2.883,50.633],[2.885,50.596],[2.877,50.568],[2.885,50.507],[2.883,50.486],[2.877,50.484],[2.881,50.462],[2.869,50.461],[2.848,50.475],[2.777,50.478],[2.752,50.469],[2.726,50.475],[2.697,50.458],[2.681,50.436],[2.685,50.427],[2.708,50.423],[2.72,50.404],[2.751,50.4],[2.76,50.391],[2.781,50.397],[2.789,50.388],[2.83,50.377],[2.852,50.38],[2.872,50.373],[2.885,50.383],[2.898,50.376],[2.942,50.379],[2.957,50.384],[2.958,50.393],[2.999,50.394],[3.003,50.384],[2.983,50.376],[2.962,50.38],[2.942,50.366],[2.885,50.362],[2.884,50.253],[2.895,50.236],[2.885,50.219],[2.896,50.21],[2.966,50.201],[3.086,50.205],[3.143,50.197],[3.299,50.205],[3.308,50.261],[3.3,50.268],[3.304,50.286],[3.295,50.296],[3.303,50.299],[3.315,50.328],[3.295,50.345],[3.307,50.378],[3.304,50.509],[3.311,50.512],[3.306,50.528],[3.314,50.533],[3.299,50.567],[3.303,50.609],[3.311,50.61],[3.303,50.639],[3.303,50.694],[3.284,50.697],[3.277,50.684],[3.27,50.696],[3.286,50.707],[3.266,50.734],[3.279,50.751],[3.268,50.776],[3.496,50.781],[3.582,50.774],[3.771,50.775],[3.874,50.777],[3.892,50.786],[3.891,50.832],[3.899,50.835],[3.892,50.881],[3.907,50.905],[3.889,50.965],[3.9,50.975],[3.911,50.974],[3.91,51.017],[3.862,51.112],[3.816,51.131],[3.712,51.132],[3.676899390243902,51.118080792682925],[3.653,51.119],[3.646,51.105],[3.657,51.145],[3.649,51.194],[3.638,51.202],[3.653,51.213],[3.643,51.225],[3.647,51.251],[3.661,51.274],[3.653,51.295],[3.624,51.319],[3.624,51.328],[3.612,51.33],[3.558,51.32],[3.512,51.328],[3.479,51.316],[3.429,51.322],[3.425,51.399],[3.238,51.356],[3.22,51.371],[3.207,51.372],[3.198,51.366],[3.216,51.331],[3.201,51.327],[3.189,51.335],[3.203,51.351],[3.19,51.363],[3.178,51.363],[3.161,51.35],[3.16,51.337],[3.102,51.325],[2.741,51.174],[2.612609375,51.128609375],[2.613,51.129],[2.611,51.129],[2.611,51.128040404040405],[2.543,51.104],[2.542,51.095]],[[2.627,51.092],[2.631,51.109],[2.664,51.109],[2.677,51.089],[2.648,51.081],[2.627,51.092]],[[2.725,51.153],[2.748,51.163],[2.751,51.155],[2.744,51.144],[2.725,51.153]],[[2.936,50.582],[2.939,50.594],[2.944,50.581],[2.965,50.575],[2.983,50.584],[2.999,50.581],[3.014,50.558],[3.012,50.553],[3.001,50.566],[2.979,50.57],[2.964,50.561],[2.954,50.564],[2.936,50.582]],[[3.018,50.522],[3.064,50.538],[3.094,50.559],[3.119,50.556],[3.156,50.575],[3.168,50.591],[3.181,50.591],[3.194,50.611],[3.231,50.633],[3.257,50.644],[3.26,50.639],[3.249,50.637],[3.257,50.633],[3.245,50.623],[3.194,50.597],[3.183,50.581],[3.17,50.58],[3.157,50.562],[3.116,50.542],[3.09,50.545],[3.056,50.522],[3.031,50.515],[3.018,50.522]],[[3.253,50.659],[3.284,50.668],[3.282,50.657],[3.253,50.659]]]}},{"type":"Feature","properties":{},"geometry":{"type":"Polygon","coordinates":[[[2.703,50.281],[2.73,50.272],[2.727,50.267],[2.744,50.246],[2.799,50.238],[2.81,50.246],[2.807,50.252],[2.822,50.253],[2.836,50.291],[2.822,50.296],[2.829,50.304],[2.811,50.331],[2.748,50.339],[2.722,50.33],[2.726,50.325],[2.719,50.325],[2.703,50.281]]]}},{"type":"Feature","properties":{},"geometry":{"type":"Polygon","coordinates":[[[3.437,50.37],[3.461,50.349],[3.457,50.338],[3.479,50.331],[3.47,50.325],[3.505,50.303],[3.528,50.3],[3.575,50.323],[3.573,50.351],[3.594,50.373],[3.575,50.387],[3.573,50.414],[3.582,50.417],[3.579,50.422],[3.528,50.43],[3.47,50.419],[3.469,50.393],[3.444,50.386],[3.437,50.37]]]}},{"type":"Feature","properties":{},"geometry":{"type":"Polygon","coordinates":[[[3.524,51.465],[3.5322105263157897,51.459],[3.532,51.459],[3.532,51.458],[3.533,51.458],[3.533,51.458423076923076],[3.55,51.446],[3.599,51.435],[3.641,51.444],[3.668,51.464],[3.665,51.472],[3.691,51.497],[3.665,51.498],[3.667,51.512],[3.642,51.528],[3.642,51.535],[3.588,51.535],[3.529,51.486],[3.535,51.475],[3.524,51.465]]]}},{"type":"Feature","properties":{},"geometry":{"type":"Polygon","coordinates":[[[3.735,50.373],[3.961,50.373],[3.963,50.379],[3.999,50.381],[4.009,50.395],[4.032,50.395],[4.043,50.409],[4.076,50.416],[4.076,50.52],[3.737,50.52],[3.735,50.373]]]}},{"type":"Feature","properties":{},"geometry":{"type":"Polygon","coordinates":[[[3.886,50.247],[3.897,50.221],[3.933,50.223],[3.95,50.237],[3.974,50.24],[3.974,50.251],[4.005,50.259],[4.007,50.271],[4.016,50.273],[4.009,50.283],[3.996,50.284],[4.007,50.294],[3.988,50.306],[3.951,50.31],[3.929,50.3],[3.933,50.295],[3.911,50.291],[3.907,50.269],[3.899,50.271],[3.886,50.247]]]}},{"type":"Feature","properties":{},"geometry":{"type":"Polygon","coordinates":[[[4.091,51.189],[4.125,51.126],[4.324,51.041],[4.346,51.035],[4.393,51.038],[4.412,51.053],[4.417,51.009],[4.425,51.009],[4.443,50.982],[4.412,50.978],[4.324,50.933],[4.292,50.935],[4.253,50.902],[4.282,50.896],[4.246,50.901],[4.23,50.885],[4.229764705882353,50.88411764705882],[4.228,50.885],[4.224,50.88],[4.226,50.879],[4.2296,50.8835],[4.226,50.87],[4.232,50.874],[4.221,50.858],[4.23,50.85],[4.23,50.856],[4.243,50.804],[4.208,50.78],[4.208,50.758],[4.189,50.75],[4.179,50.728],[4.2,50.704],[4.245,50.696],[4.276,50.7],[4.308,50.728],[4.345,50.736],[4.359,50.727],[4.351,50.728],[4.324,50.688],[4.333,50.669],[4.327,50.663],[4.346,50.652],[4.41,50.652],[4.419,50.667],[4.432,50.666],[4.437,50.675],[4.43,50.678],[4.455,50.7],[4.441,50.723],[4.445,50.73],[4.415,50.756],[4.421,50.769],[4.458,50.793],[4.541,50.809],[4.54,50.815],[4.525,50.816],[4.503,50.807],[4.541,50.826],[4.533,50.834],[4.546,50.858],[4.543,50.871],[4.526,50.873],[4.539,50.909],[4.495,50.932],[4.488,50.956],[4.471,50.958],[4.47,50.967],[4.46,50.971],[4.525,50.996],[4.537,51.006],[4.543,51.035],[4.503,51.076],[4.471,51.079],[4.441,51.072],[4.526,51.129],[4.601,51.233],[4.609,51.331],[4.541,51.332],[4.514,51.317],[4.463,51.331],[4.381,51.323],[4.364,51.333],[4.362,51.348],[4.34,51.372],[4.324,51.379],[4.242,51.384],[4.234,51.378],[4.237,51.365],[4.279,51.321],[4.263,51.314],[4.209,51.316],[4.157,51.265],[4.154,51.253],[4.142,51.252],[4.14,51.242],[4.11,51.222],[4.113,51.216],[4.103,51.213],[4.091,51.189]],[[4.341,50.893],[4.348,50.898],[4.378,50.886],[4.362,50.875],[4.368,50.872],[4.36,50.873],[4.341,50.893]],[[4.403,50.874],[4.421,50.884],[4.437,50.881],[4.443,50.868],[4.417,50.864],[4.403,50.874]],[[4.476,50.91],[4.5,50.923],[4.506,50.919],[4.507,50.912],[4.476,50.91]]]}},{"type":"Feature","properties":{},"geometry":{"type":"Polygon","coordinates":[[[4.106,50.477],[4.128,50.47],[4.12,50.459],[4.145,50.45],[4.146,50.427],[4.162,50.421],[4.213,50.434],[4.246,50.434],[4.246,50.451],[4.263,50.45],[4.271,50.478],[4.292,50.479],[4.294,50.485],[4.279,50.491],[4.29,50.506],[4.285,50.515],[4.263,50.513],[4.22,50.527],[4.208,50.52],[4.184,50.529],[4.129,50.511],[4.106,50.477]]]}},{"type":"Feature","properties":{},"geometry":{"type":"Polygon","coordinates":[[[4.193,51.912],[4.215,51.903],[4.272,51.854],[4.292,51.85],[4.294,51.843],[4.351,51.816],[4.378,51.807],[4.388,51.814],[4.471,51.811],[4.533,51.819],[4.533,51.811],[4.579,51.807],[4.592,51.765],[4.643,51.75],[4.732,51.775],[4.767,51.81],[4.801,51.811],[4.809,51.832],[4.79,51.84],[4.735,51.843],[4.699,51.904],[4.642,51.968],[4.654,51.974],[4.594,52.008],[4.577,52.04],[4.57,52.04],[4.555,52.067],[4.551,52.062],[4.551,52.073],[4.517,52.09],[4.483,52.084],[4.489,52.087],[4.423,52.088],[4.425,52.097],[4.41,52.09],[4.415,52.093],[4.393,52.102],[4.404,52.107],[4.396,52.115],[4.364,52.109],[4.314,52.134],[4.292,52.136],[4.246,52.112],[4.209,52.078],[4.217,52.054],[4.253,52.025],[4.261,52.028],[4.267,52.02],[4.259,52.017],[4.281,52.003],[4.275,51.998],[4.34,51.954],[4.324,51.944],[4.224,51.945],[4.193,51.912]]]}},{"type":"Feature","properties":{},"geometry":{"type":"Polygon","coordinates":[[[4.224,51.512],[4.242,51.508],[4.235,51.496],[4.238,51.473],[4.265,51.467],[4.25,51.462],[4.246,51.454],[4.252,51.452],[4.267,51.46],[4.272,51.45],[4.296,51.446],[4.345,51.476],[4.337,51.477],[4.337,51.507],[4.316,51.521],[4.314,51.535],[4.272,51.538],[4.252,51.521],[4.224,51.512]]]}},{"type":"Feature","properties":{},"geometry":{"type":"Polygon","coordinates":[[[4.381,50.424],[4.388,50.421],[4.382,50.415],[4.393,50.389],[4.46,50.371],[4.477,50.371],[4.514,50.393],[4.547,50.395],[4.551,50.402],[4.543,50.428],[4.522,50.442],[4.498,50.445],[4.5,50.455],[4.484,50.457],[4.487,50.486],[4.434,50.492],[4.433,50.485],[4.419,50.485],[4.393,50.469],[4.4,50.461],[4.39,50.458],[4.396,50.454],[4.381,50.424]]]}},{"type":"Feature","properties":{},"geometry":{"type":"Polygon","coordinates":[[[4.404,52.235],[4.429,52.227],[4.44,52.212],[4.462,52.214],[4.463,52.2],[4.496,52.215],[4.517,52.213],[4.521,52.208],[4.511,52.191],[4.536,52.187],[4.547,52.193],[4.547,52.171],[4.58,52.181],[4.577,52.198],[4.587,52.2],[4.601,52.179],[4.618,52.2],[4.646,52.199],[4.649,52.187],[4.668,52.189],[4.669,52.207],[4.676,52.192],[4.683,52.192],[4.749,52.219],[4.757,52.219],[4.757,52.203],[4.778,52.195],[4.78,52.187],[4.798,52.189],[4.804,52.192],[4.798,52.207],[4.822,52.217],[4.846,52.216],[4.846,52.224],[4.818,52.241],[4.824,52.253],[4.818,52.255],[4.835,52.267],[4.842,52.287],[4.844,52.3],[4.833,52.303],[4.835,52.312],[4.866,52.31],[4.866,52.28],[4.883,52.307],[4.933,52.309],[4.931,52.288],[4.951,52.28],[4.969,52.261],[4.989,52.266],[4.989,52.286],[5.011,52.299],[5.054,52.294],[5.063,52.3],[5.063,52.314],[5.026,52.323],[5.022,52.356],[5,52.366],[4.98,52.399],[4.938,52.426],[4.933,52.437],[4.886,52.451],[4.875,52.452],[4.876,52.445],[4.849,52.449],[4.848,52.474],[4.826,52.475],[4.819,52.503],[4.805,52.505],[4.804,52.422],[4.863,52.423],[4.864,52.396],[4.822,52.401],[4.808,52.395],[4.808,52.315],[4.782,52.323],[4.745,52.319],[4.746,52.334],[4.739,52.337],[4.734,52.319],[4.725,52.324],[4.706,52.312],[4.691,52.319],[4.704,52.314],[4.706,52.319],[4.698,52.328],[4.704,52.323],[4.705,52.372],[4.723,52.392],[4.73,52.448],[4.725,52.47],[4.734,52.479],[4.742,52.513],[4.697,52.53],[4.701,52.543],[4.676,52.538],[4.654,52.552],[4.614,52.556],[4.6,52.533],[4.587,52.532],[4.558,52.48],[4.525,52.471],[4.522,52.457],[4.544,52.448],[4.543,52.429],[4.474,52.322],[4.404,52.235]]]}},{"type":"Feature","properties":{},"geometry":{"type":"Polygon","coordinates":[[[4.406,51.516],[4.434,51.493],[4.484,51.491],[4.517,51.507],[4.53,51.528],[4.525,51.543],[4.507,51.558],[4.513,51.574],[4.454,51.575],[4.408,51.546],[4.412,51.52],[4.406,51.516]]]}},{"type":"Feature","properties":{},"geometry":{"type":"Polygon","coordinates":[[[4.638,50.815],[4.758,50.816],[4.758,50.846],[4.775,50.868],[4.756,50.916],[4.763,50.92],[4.757,50.945],[4.642,50.947],[4.646,50.899],[4.639,50.894],[4.638,50.815]]]}},{"type":"Feature","properties":{},"geometry":{"type":"Polygon","coordinates":[[[4.642,52.594],[4.654,52.585],[4.735,52.574],[4.746,52.595],[4.765,52.595],[4.801,52.616],[4.859,52.631],[4.879,52.647],[4.872,52.659],[4.89,52.676],[4.875,52.722],[4.87,52.727],[4.839,52.72],[4.818,52.73],[4.769,52.725],[4.765,52.705],[4.772,52.696],[4.749,52.691],[4.749,52.678],[4.684,52.635],[4.642,52.594]]]}},{"type":"Feature","properties":{},"geometry":{"type":"Polygon","coordinates":[[[4.655,52.003],[4.687,51.977],[4.715,51.976],[4.735,51.991],[4.765,51.996],[4.771,52.006],[4.769,52.018],[4.75,52.023],[4.746,52.032],[4.754,52.041],[4.739,52.052],[4.742,52.059],[4.715,52.066],[4.694,52.06],[4.694,52.051],[4.683,52.051],[4.68,52.04],[4.664,52.035],[4.655,52.003]]]}},{"type":"Feature","properties":{},"geometry":{"type":"Polygon","coordinates":[[[4.671,51.587],[4.683,51.581],[4.706,51.546],[4.754,51.542],[4.767,51.534],[4.826,51.531],[4.859,51.559],[4.855,51.594],[4.827,51.61],[4.849,51.611],[4.846,51.615],[4.789,51.647],[4.721,51.644],[4.697,51.633],[4.672,51.614],[4.684,51.611],[4.671,51.587]]]}},{"type":"Feature","properties":{},"geometry":{"type":"Polygon","coordinates":[[[4.785,50.459],[4.805,50.432],[4.868,50.42],[4.889,50.433],[4.911,50.427],[4.925,50.439],[4.93,50.467],[4.914,50.498],[4.859,50.511],[4.805,50.491],[4.785,50.459]]]}},{"type":"Feature","properties":{},"geometry":{"type":"Polygon","coordinates":[[[4.938,51.586],[4.948,51.581],[4.956,51.557],[4.991,51.539],[5.026,51.497],[5.072,51.495],[5.157,51.557],[5.172,51.617],[5.122,51.625],[5.047,51.609],[4.98,51.619],[4.955,51.614],[4.938,51.586]]]}},{"type":"Feature","properties":{},"geometry":{"type":"Polygon","coordinates":[[[4.98,52.075],[4.999,52.058],[5.004,52.016],[5.065,51.969],[5.059,51.999],[5.03,51.998],[5.018,52.018],[5.017,52.032],[5.026,52.035],[5.018,52.065],[4.993,52.074],[4.989,52.088],[4.98,52.075]]]}},{"type":"Feature","properties":{},"geometry":{"type":"Polygon","coordinates":[[[4.986,52.144],[4.997,52.118],[5.003,52.146],[5.043,52.155],[5.059,52.136],[5.066,52.148],[5.059,52.161],[5.047,52.165],[4.999,52.155],[4.986,52.144]]]}},{"type":"Feature","properties":{},"geometry":{"type":"Polygon","coordinates":[[[-109.7,31.369],[-109.686,31.369],[-109.686,31.336],[-109.476,31.336],[-109.475,31.347],[-109.489,31.347],[-109.489,31.379],[-109.7,31.379],[-109.7,31.369]]]}},{"type":"Feature","properties":{},"geometry":{"type":"Polygon","coordinates":[[[-106.883,32.329],[-106.882,32.274],[-106.868,32.258],[-106.87,32.235],[-106.821,32.235],[-106.786,32.224],[-106.69,32.228],[-106.691,32.373],[-106.698,32.378],[-106.695,32.403],[-106.709,32.412],[-106.709,32.423],[-106.799,32.423],[-106.802,32.429],[-106.83,32.43],[-106.83,32.423],[-106.87,32.423],[-106.876,32.343],[-106.883,32.329]]]}},{"type":"Feature","properties":{},"geometry":{"type":"Polygon","coordinates":[[[-106.81,34.585],[-106.747,34.578],[-106.743,34.561],[-106.723,34.545],[-106.674,34.542],[-106.403,34.543],[-106.276,34.563],[-106.282,35.17],[-106.273,35.167],[-106.253,35.179],[-106.256,35.311],[-106.267,35.311],[-106.268,35.262],[-106.293,35.196],[-106.291,35.179],[-106.376,35.177],[-106.407,35.158],[-106.469,35.157],[-106.466,35.192],[-106.475,35.218],[-106.51,35.223],[-106.523,35.241],[-106.522,35.284],[-106.479,35.288],[-106.464,35.303],[-106.464,35.385],[-106.5,35.387],[-106.53,35.371],[-106.618,35.372],[-106.65,35.359],[-106.651,35.349],[-106.677,35.335],[-106.677,35.341],[-106.739,35.341],[-106.754,35.332],[-106.761,35.298],[-106.786,35.297],[-106.795,35.268],[-106.795,35.184],[-106.782,35.174],[-106.783,35.124],[-106.795,35.112],[-106.793,35.059],[-106.802,35.051],[-106.806,34.817],[-106.798,34.753],[-106.806,34.753],[-106.81,34.585]]]}},{"type":"Feature","properties":{},"geometry":{"type":"Polygon","coordinates":[[[-106.69,32.027],[-106.685,31.874],[-106.676,31.825],[-106.637,31.809],[-106.626,31.788],[-106.589,31.788],[-106.552,31.762],[-106.55,31.716],[-106.447,31.583],[-106.409,31.574],[-106.36,31.574],[-106.293,31.624],[-106.268,31.563],[-106.236,31.54],[-106.208,31.495],[-106.171,31.468],[-106.109,31.48],[-106.131,31.657],[-106.129,31.75],[-106.118,31.789],[-106.121,31.896],[-106.227,31.889],[-106.231,31.857],[-106.286,31.853],[-106.289,31.895],[-106.316,31.916],[-106.335,31.985],[-106.405,31.982],[-106.473,31.956],[-106.489,31.908],[-106.528,31.907],[-106.547,31.931],[-106.547,32.02],[-106.589,32.081],[-106.68,32.084],[-106.69,32.027]]]}},{"type":"Feature","properties":{},"geometry":{"type":"Polygon","coordinates":[[[-9.312,43.036],[-9.294,43.024],[-9.29,43.001],[-9.274,42.99],[-9.278,42.966],[-9.29,42.963],[-9.308,42.906],[-9.29,42.9],[-9.299,42.875],[-9.275,42.862],[-9.263,42.863],[-9.246,42.906],[-9.223,42.911],[-9.213,42.899],[-9.174,42.899],[-9.161,42.87],[-9.194,42.885],[-9.201,42.87],[-9.189,42.86],[-9.139,42.869],[-9.094,42.861],[-9.054,42.867],[-9.038,42.86],[-8.963,42.87],[-8.952,42.862],[-8.855,42.859],[-8.811,42.869],[-8.797,42.863],[-8.74,42.871],[-8.715,42.866],[-8.715,42.786],[-8.543,42.787],[-8.494,42.777],[-8.486,42.787],[-8.385,42.788],[-8.395,42.791],[-8.384,42.81],[-8.391,42.828],[-8.383,42.908],[-8.387,42.946],[-8.578,42.945],[-8.59,42.938],[-8.611,42.942],[-8.66,42.934],[-8.66,42.98],[-8.12,42.986],[-8.046,42.981],[-7.969,42.987],[-7.946,42.995],[-7.936,43.012],[-7.945,43.039],[-7.942,43.076],[-7.968,43.078],[-7.964,43.297],[-7.984,43.307],[-8.028,43.308],[-8.194,43.302],[-8.206,43.315],[-8.193,43.317],[-8.192,43.337],[-8.135,43.34],[-8.13,43.476],[-8.119,43.479],[-8.119,43.626],[-8.196,43.626],[-8.227,43.579],[-8.242,43.569],[-8.26,43.56],[-8.33,43.559],[-8.33,43.547],[-8.322,43.543],[-8.33,43.539],[-8.33,43.521],[-8.256,43.525],[-8.252,43.516],[-8.26,43.501],[-8.335,43.502],[-8.351,43.478],[-8.351,43.459],[-8.256,43.409],[-8.24,43.406],[-8.227,43.413],[-8.223,43.406],[-8.236,43.39],[-8.223,43.381],[-8.219,43.333],[-8.24,43.343],[-8.24,43.381],[-8.306,43.406],[-8.352,43.4],[-8.356,43.406],[-8.373,43.376],[-8.385,43.395],[-8.418,43.402],[-8.427,43.39],[-8.454,43.392],[-8.47,43.369],[-8.509,43.375],[-8.556,43.357],[-8.56,43.344],[-8.549,43.325],[-8.613,43.333],[-8.714,43.302],[-8.777,43.313],[-8.797,43.333],[-8.815,43.337],[-8.821,43.357],[-8.832,43.364],[-8.862,43.366],[-8.856,43.351],[-8.86,43.333],[-8.918,43.33],[-8.926,43.305],[-8.962,43.304],[-8.99,43.292],[-9.002,43.27],[-8.99,43.257],[-8.963,43.249],[-8.962,43.239],[-8.995,43.235],[-9.018,43.243],[-9.025,43.229],[-9.049,43.219],[-9.053,43.199],[-9.082,43.197],[-9.123,43.212],[-9.19,43.199],[-9.2,43.19],[-9.198,43.173],[-9.223,43.171],[-9.216,43.125],[-9.229,43.122],[-9.237,43.101],[-9.263,43.101],[-9.268,43.093],[-9.263,43.071],[-9.274,43.062],[-9.266,43.056],[-9.279,43.052],[-9.289,43.06],[-9.283,43.066],[-9.297,43.069],[-9.307,43.064],[-9.297,43.061],[-9.307,43.056],[-9.312,43.036]]]}},{"type":"Feature","properties":{},"geometry":{"type":"Polygon","coordinates":[[[-9.094,42.583],[-9.086,42.58],[-9.086,42.564],[-9.054,42.564],[-9.049,42.558],[-9.038,42.564],[-9.029,42.547],[-9.049,42.522],[-9.021,42.517],[-8.977,42.542],[-8.983,42.562],[-8.958,42.566],[-8.95,42.578],[-8.957,42.581],[-8.899,42.589],[-8.891,42.581],[-8.895,42.562],[-8.873,42.556],[-8.874,42.548],[-8.882,42.549],[-8.885,42.515],[-8.902,42.485],[-8.948,42.482],[-8.952,42.455],[-8.929,42.444],[-8.893,42.445],[-8.888,42.407],[-8.849,42.382],[-8.77,42.381],[-8.741,42.412],[-8.701,42.419],[-8.701,42.406],[-8.727,42.404],[-8.723,42.398],[-8.756,42.369],[-8.766,42.348],[-8.786,42.34],[-8.79,42.348],[-8.828,42.353],[-8.848,42.343],[-8.834,42.305],[-8.854,42.322],[-8.873,42.309],[-8.878,42.243],[-8.818,42.229],[-8.814,42.203],[-8.825,42.192],[-8.829,42.168],[-8.852,42.167],[-8.878,42.132],[-8.866,42.133],[-8.887,42.124],[-8.911,42.127],[-8.907,42.083],[-8.685,42.084],[-8.678,42.074],[-8.576,42.068],[-8.573,42.243],[-8.55,42.246],[-8.535,42.264],[-8.531,42.344],[-8.582,42.342],[-8.582,42.383],[-8.571,42.4],[-8.565,42.466],[-8.7,42.464],[-8.711,42.484],[-8.686,42.487],[-8.686,42.513],[-8.694,42.513],[-8.687,42.522],[-8.686,42.554],[-8.707,42.582],[-8.715,42.626],[-8.748,42.626],[-8.748,42.642],[-8.77,42.636],[-8.768,42.649],[-8.746,42.647],[-8.746,42.673],[-8.915,42.675],[-8.913,42.635],[-9.054,42.632],[-9.082,42.607],[-9.094,42.583]]]}},{"type":"Feature","properties":{},"geometry":{"type":"Polygon","coordinates":[[[-8.906,40.195],[-8.878,40.182],[-8.834,40.177],[-8.825,40.184],[-8.808,40.18],[-8.807,40.186],[-8.778,40.179],[-8.698,40.18],[-8.527,40.201],[-8.528,40.109],[-8.361,40.103],[-8.336,40.113],[-8.34,40.174],[-8.33,40.176],[-8.33,40.224],[-8.347,40.224],[-8.348,40.254],[-8.374,40.31],[-8.353,40.31],[-8.329,40.255],[-8.325,40.224],[-8.31,40.23],[-8.31,40.255],[-8.328,40.278],[-8.344,40.321],[-8.483,40.321],[-8.48,40.348],[-8.491,40.366],[-8.483,40.416],[-8.491,40.492],[-8.391,40.489],[-8.374,40.496],[-8.372,40.57],[-8.376,40.738],[-8.369,40.799],[-8.374,40.807],[-8.483,40.808],[-8.484,40.814],[-8.481,40.821],[-8.443,40.824],[-8.343,40.822],[-8.337,40.83],[-8.337,40.856],[-8.354,40.879],[-8.372,40.88],[-8.417,40.902],[-8.436,41.002],[-8.486,41.002],[-8.486,41.046],[-8.475,41.06],[-8.476,41.155],[-8.448,41.154],[-8.461,41.196],[-8.477,41.211],[-8.476,41.285],[-8.59,41.287],[-8.619,41.297],[-8.641,41.287],[-8.744,41.285],[-8.74,41.234],[-8.731,41.225],[-8.723,41.177],[-8.714,41.163],[-8.701,41.161],[-8.682,41.133],[-8.668,41.044],[-8.657,41.017],[-8.661,40.971],[-8.708,40.809],[-8.771,40.651],[-8.774,40.637],[-8.766,40.632],[-8.766,40.62],[-8.79,40.529],[-8.856,40.328],[-8.898,40.236],[-8.906,40.195]]]}},{"type":"Feature","properties":{},"geometry":{"type":"Polygon","coordinates":[[[-8.887,41.729],[-8.851,41.665],[-8.756,41.685],[-8.76,41.719],[-8.832,41.728],[-8.849,41.74],[-8.887,41.729]]]}},{"type":"Feature","properties":{},"geometry":{"type":"Polygon","coordinates":[[[-8.799,41.424],[-8.781,41.365],[-8.751,41.324],[-8.748,41.299],[-8.727,41.295],[-8.697,41.308],[-8.701,41.365],[-8.719,41.415],[-8.742,41.432],[-8.789,41.432],[-8.799,41.424]]]}},{"type":"Feature","properties":{},"geometry":{"type":"Polygon","coordinates":[[[-8.712,43.319],[-8.686,43.313],[-8.676,43.331],[-8.687,43.343],[-8.712,43.319]]]}},{"type":"Feature","properties":{},"geometry":{"type":"Polygon","coordinates":[[[-8.66,41.498],[-8.615,41.498],[-8.579,41.475],[-8.503,41.474],[-8.505,41.293],[-8.178,41.293],[-8.179,41.504],[-8.251,41.508],[-8.252,41.524],[-8.284,41.526],[-8.28,41.603],[-8.321,41.604],[-8.317,41.63],[-8.547,41.625],[-8.659,41.609],[-8.66,41.498]],[[-8.427,41.6],[-8.385,41.612],[-8.377,41.608],[-8.427,41.6]],[[-8.292,41.484],[-8.266,41.482],[-8.233,41.461],[-8.244,41.445],[-8.243,41.423],[-8.265,41.397],[-8.284,41.392],[-8.256,41.423],[-8.258,41.445],[-8.247,41.461],[-8.292,41.484]]]}},{"type":"Feature","properties":{},"geometry":{"type":"Polygon","coordinates":[[[-8.03,42.38],[-8.026,42.311],[-7.951,42.258],[-7.763,42.256],[-7.745,42.267],[-7.745,42.429],[-7.89,42.43],[-7.898,42.419],[-7.865,42.419],[-7.865,42.391],[-8.03,42.389],[-8.03,42.38]]]}},{"type":"Feature","properties":{},"geometry":{"type":"Polygon","coordinates":[[[-7.961,40.643],[-7.943,40.624],[-7.909,40.622],[-7.872,40.637],[-7.868,40.663],[-7.861,40.666],[-7.872,40.675],[-7.869,40.683],[-7.881,40.683],[-7.884,40.698],[-7.906,40.69],[-7.927,40.697],[-7.943,40.669],[-7.96,40.657],[-7.961,40.643]]]}},{"type":"Feature","properties":{},"geometry":{"type":"Polygon","coordinates":[[[-7.667,43.136],[-7.651,43.069],[-7.657,43.021],[-7.638,43.013],[-7.625,42.963],[-7.543,42.945],[-7.482,42.964],[-7.482,43.069],[-7.5,43.07],[-7.515,43.082],[-7.513,43.088],[-7.53,43.099],[-7.541,43.134],[-7.648,43.136],[-7.651,43.143],[-7.666,43.142],[-7.667,43.136]]]}},{"type":"Feature","properties":{},"geometry":{"type":"Polygon","coordinates":[[[-6.691,42.529],[-6.592,42.529],[-6.548,42.537],[-6.546,42.529],[-6.537,42.529],[-6.537,42.537],[-6.526,42.537],[-6.526,42.576],[-6.678,42.592],[-6.691,42.585],[-6.691,42.529]]]}},{"type":"Feature","properties":{},"geometry":{"type":"Polygon","coordinates":[[[-6.129,43.515],[-6.128,43.48],[-6.056,43.477],[-6.056,43.494],[-6.045,43.497],[-6.045,43.504],[-5.875,43.501],[-5.869,43.429],[-5.894,43.39],[-5.898,43.36],[-5.942,43.355],[-5.942,43.313],[-5.76,43.32],[-5.761,43.375],[-5.622,43.377],[-5.622,43.411],[-5.713,43.404],[-5.74,43.411],[-5.74,43.451],[-5.757,43.465],[-5.744,43.475],[-5.565,43.477],[-5.566,43.53],[-5.598,43.559],[-5.625,43.568],[-5.652,43.557],[-5.668,43.559],[-5.669,43.58],[-5.702,43.587],[-5.727,43.583],[-5.776,43.62],[-5.776,43.635],[-5.823,43.653],[-5.915,43.625],[-5.933,43.611],[-5.931,43.605],[-5.957,43.592],[-5.982,43.587],[-6.045,43.594],[-6.073,43.578],[-6.128,43.572],[-6.129,43.515]],[[-5.598,43.503],[-5.598,43.51],[-5.578,43.51],[-5.576,43.503],[-5.598,43.503]],[[-5.593,43.483],[-5.593,43.496],[-5.572,43.496],[-5.572,43.483],[-5.593,43.483]]]}},{"type":"Feature","properties":{},"geometry":{"type":"Polygon","coordinates":[[[-5.823,41.541],[-5.783,41.446],[-5.691,41.449],[-5.691,41.56],[-5.712,41.569],[-5.79,41.57],[-5.82,41.561],[-5.823,41.541]]]}},{"type":"Feature","properties":{},"geometry":{"type":"Polygon","coordinates":[[[-5.782,41.001],[-5.779,40.879],[-5.63,40.876],[-5.614,40.877],[-5.614,40.887],[-5.523,40.893],[-5.485,40.923],[-5.484,40.972],[-5.466,40.972],[-5.467,41.001],[-5.528,41.038],[-5.782,41.037],[-5.782,41.001]],[[-5.614,41.03],[-5.585,41.03],[-5.578,41.017],[-5.595,41.013],[-5.593,41.025],[-5.614,41.03]],[[-5.573,41.013],[-5.569,41.018],[-5.522,41.001],[-5.508,40.972],[-5.525,40.972],[-5.538,41.001],[-5.573,41.013]]]}},{"type":"Feature","properties":{},"geometry":{"type":"Polygon","coordinates":[[[-5.757,43.315],[-5.718,43.297],[-5.71,43.28],[-5.661,43.267],[-5.641,43.302],[-5.64,43.319],[-5.691,43.351],[-5.701,43.339],[-5.714,43.351],[-5.736,43.352],[-5.749,43.344],[-5.747,43.333],[-5.757,43.331],[-5.757,43.315]]]}},{"type":"Feature","properties":{},"geometry":{"type":"Polygon","coordinates":[[[-5.707,42.66],[-5.702,42.493],[-5.499,42.494],[-5.495,42.706],[-5.706,42.711],[-5.707,42.66]]]}},{"type":"Feature","properties":{},"geometry":{"type":"Polygon","coordinates":[[[-5.636,40.865],[-5.548,40.863],[-5.538,40.874],[-5.636,40.865]]]}},{"type":"Feature","properties":{},"geometry":{"type":"Polygon","coordinates":[[[-5.614,43.374],[-5.6,43.377],[-5.6,43.411],[-5.614,43.41],[-5.614,43.374]]]}},{"type":"Feature","properties":{},"geometry":{"type":"Polygon","coordinates":[[[-5.588,43.56],[-5.576,43.555],[-5.576,43.541],[-5.563,43.53],[-5.567,43.554],[-5.588,43.56]]]}},{"type":"Feature","properties":{},"geometry":{"type":"Polygon","coordinates":[[[-100.996,46.665],[-100.985,46.66],[-100.985,46.514],[-100.979,46.507],[-100.661,46.499],[-100.614,46.514],[-100.602,46.533],[-100.618,46.589],[-100.598,46.643],[-100.606,46.698],[-100.613,46.703],[-100.605,46.764],[-100.616,46.811],[-100.6,46.827],[-100.594,46.89],[-100.588,46.894],[-100.6,46.969],[-100.598,47.123],[-100.621,47.135],[-100.71,47.144],[-100.893,47.144],[-100.985,47.136],[-100.993,47.112],[-100.995,47.034],[-100.992,46.986],[-100.982,46.977],[-100.988,46.959],[-100.975,46.956],[-100.977,46.943],[-100.985,46.943],[-100.989,46.912],[-100.986,46.882],[-100.979,46.881],[-100.988,46.84],[-100.982,46.829],[-100.989,46.737],[-100.979,46.729],[-100.979,46.699],[-100.995,46.689],[-100.996,46.665]]]}},{"type":"Feature","properties":{},"geometry":{"type":"Polygon","coordinates":[[[15.124,44.177],[15.233,44.089],[15.238,44.083],[15.23,44.08],[15.246,44.062],[15.274,44.053],[15.3,44.03],[15.327,44.026],[15.307,44.023],[15.356,44.018],[15.358,44.128],[15.296,44.127],[15.278,44.15],[15.261,44.154],[15.205,44.192],[15.124,44.197],[15.124,44.177]]]}},{"type":"Feature","properties":{},"geometry":{"type":"Polygon","coordinates":[[[15.246,41.625],[15.268,41.633],[15.27,41.616],[15.252,41.613],[15.252,41.598],[15.261,41.59],[15.255,41.572],[15.259,41.518],[15.27,41.517],[15.26,41.474],[15.271,41.321],[15.312,41.321],[15.349,41.289],[15.428,41.261],[15.574,41.263],[15.613,41.257],[15.642,41.265],[15.646,41.242],[15.656,41.237],[15.649,41.203],[15.643,41.203],[15.643,41.131],[15.654,41.125],[15.654,41.099],[15.683,41.098],[15.695,41.082],[15.65,41.074],[15.647,41.064],[15.691,41.062],[15.701,41.074],[15.749,41.082],[15.767,41.071],[15.767,41.06],[15.796,41.064],[15.797,41.07],[15.842,41.06],[15.925,41.066],[15.992,41.102],[16.054,41.089],[16.063,41.098],[16.081,41.099],[16.1,41.068],[16.124,41.058],[16.143,41.075],[16.158,41.074],[16.172,41.085],[16.202,41.064],[16.22,41.062],[16.624,41.061],[16.62,40.978],[16.61,40.938],[16.534,40.936],[16.518,40.927],[16.448,40.949],[16.445,40.942],[16.415,40.948],[16.414,40.94],[16.385,40.944],[16.372,40.936],[16.364,40.911],[16.352,40.907],[16.36,40.88],[16.35,40.862],[16.364,40.787],[16.355,40.775],[16.364,40.756],[16.359,40.725],[16.368,40.723],[16.357,40.712],[16.356,40.693],[16.367,40.676],[16.363,40.644],[16.352,40.624],[16.361,40.611],[16.392,40.605],[16.394,40.594],[16.371,40.597],[16.364,40.532],[16.345,40.514],[16.355,40.5],[16.35,40.482],[16.356,40.47],[16.344,40.447],[16.356,40.441],[16.355,40.411],[16.372,40.409],[16.366,40.379],[16.375,40.36],[16.394,40.345],[16.408,40.34],[16.429,40.353],[16.415,40.372],[16.429,40.373],[16.438,40.385],[16.506,40.372],[16.573,40.379],[16.632,40.363],[16.655,40.381],[16.746,40.387],[16.743,40.416],[16.724,40.429],[16.732,40.454],[16.718,40.467],[16.718,40.476],[16.738,40.474],[16.74,40.489],[16.739,40.536],[16.716,40.588],[16.718,40.659],[16.878,40.654],[16.915,40.668],[16.915,40.661],[16.94,40.661],[16.945,40.635],[16.973,40.629],[16.989,40.635],[16.981,40.576],[16.994,40.546],[17.051,40.546],[17.084,40.557],[17.085,40.51],[17.135,40.503],[17.128,40.488],[17.137,40.473],[17.154,40.473],[17.152,40.465],[17.136,40.462],[17.132,40.446],[17.189,40.431],[17.195,40.4],[17.22,40.398],[17.299,40.36],[17.368,40.338],[17.391,40.321],[17.441,40.319],[17.449,40.309],[17.52,40.291],[17.531,40.297],[17.536,40.403],[17.527,40.422],[17.536,40.435],[17.53,40.448],[17.536,40.448],[17.536,40.466],[17.529,40.472],[17.536,40.501],[17.529,40.518],[17.53,40.534],[17.537,40.538],[17.537,40.578],[17.531,40.58],[17.53,40.599],[17.534,40.681],[17.527,40.682],[17.536,40.7],[17.53,40.725],[17.537,40.791],[17.53,40.808],[17.555,40.812],[17.498,40.831],[17.474,40.852],[17.428,40.873],[17.398,40.9],[17.361,40.911],[17.316,40.964],[17.211,41.012],[17.194,41.03],[17.115,41.061],[17.107,41.072],[16.915,41.127],[16.965,41.106],[16.971,41.078],[16.981,41.076],[16.982,41.066],[16.971,41.066],[16.961,41.055],[16.974,41.022],[16.97,41.015],[16.956,41.015],[16.963,41.029],[16.953,41.036],[16.948,41.055],[16.957,41.066],[16.968,41.066],[16.949,41.095],[16.952,41.106],[16.909,41.119],[16.886,41.134],[16.882,41.147],[16.891,41.146],[16.878,41.154],[16.848,41.158],[16.817,41.15],[16.783,41.169],[16.702,41.186],[16.679,41.199],[16.633,41.204],[16.485,41.269],[16.458,41.271],[16.43,41.293],[16.401,41.295],[16.293,41.338],[16.241,41.338],[16.172,41.364],[16.139,41.385],[16.146,41.379],[16.143,41.369],[16.129,41.371],[16.105,41.36],[15.985,41.397],[15.958,41.424],[15.951,41.439],[15.956,41.453],[15.934,41.465],[15.945,41.482],[15.927,41.493],[15.905,41.528],[15.893,41.585],[15.905,41.62],[15.934,41.621],[15.955,41.611],[15.96,41.623],[15.952,41.631],[15.967,41.639],[15.966,41.648],[15.981,41.645],[16.026,41.663],[16.043,41.687],[16.036,41.692],[15.954,41.685],[15.857,41.712],[15.796,41.695],[15.764,41.7],[15.763,41.715],[15.625,41.72],[15.617,41.706],[15.658,41.675],[15.631,41.663],[15.603,41.67],[15.601,41.678],[15.624,41.675],[15.639,41.684],[15.62,41.703],[15.529,41.691],[15.514,41.718],[15.471,41.754],[15.458,41.748],[15.433,41.753],[15.417,41.717],[15.349,41.74],[15.344,41.727],[15.327,41.725],[15.318,41.71],[15.327,41.692],[15.286,41.663],[15.286,41.642],[15.261,41.637],[15.246,41.625]],[[16.956,41.015],[16.959,41.001],[16.942,40.996],[16.945,41.011],[16.956,41.015]],[[17.173,40.456],[17.184,40.467],[17.198,40.457],[17.221,40.458],[17.218,40.435],[17.191,40.439],[17.173,40.456]]]}},{"type":"Feature","properties":{},"geometry":{"type":"Polygon","coordinates":[[[15.684,40.612],[15.691,40.592],[15.864,40.594],[15.867,40.67],[15.823,40.67],[15.783,40.683],[15.783,40.676],[15.731,40.67],[15.695,40.635],[15.684,40.612]]]}},{"type":"Feature","properties":{},"geometry":{"type":"Polygon","coordinates":[[[16.184,43.567],[16.188,43.472],[16.469,43.471],[16.469,43.417],[16.724,43.421],[16.718,43.604],[16.184,43.606],[16.184,43.567]]]}},{"type":"Feature","properties":{},"geometry":{"type":"Polygon","coordinates":[[[17.56,40.767],[17.582,40.758],[17.593,40.735],[17.579,40.721],[17.577,40.689],[17.567,40.68],[17.563,40.657],[17.57,40.595],[17.563,40.594],[17.571,40.57],[17.584,40.567],[17.586,40.546],[17.599,40.538],[17.588,40.516],[17.574,40.514],[17.579,40.484],[17.569,40.445],[17.581,40.436],[17.573,40.424],[17.562,40.424],[17.582,40.394],[17.582,40.308],[17.59,40.294],[17.698,40.293],[17.812,40.28],[17.834,40.271],[17.853,40.274],[17.858,40.26],[17.871,40.258],[17.895,40.234],[17.915,40.23],[17.908,40.19],[17.921,40.17],[17.982,40.126],[18,40.104],[17.994,40.075],[17.957,40.061],[17.945,40.064],[17.937,40.048],[17.941,40.038],[18.004,40.038],[18.011,40.014],[18.001,40.007],[17.987,40.01],[17.983,39.994],[18.038,39.922],[18.068,39.901],[18.292,39.901],[18.292,40.338],[18.329,40.339],[18.336,40.33],[18.366,40.336],[18.35,40.354],[18.296,40.385],[18.232,40.449],[18.203,40.468],[18.126,40.492],[18.079,40.525],[18.075,40.538],[18.046,40.553],[18.034,40.574],[18.045,40.598],[18.024,40.613],[18.033,40.616],[18.033,40.65],[18.011,40.654],[18.007,40.668],[17.961,40.674],[17.949,40.691],[17.843,40.7],[17.832,40.712],[17.77,40.733],[17.74,40.755],[17.586,40.802],[17.566,40.786],[17.56,40.767]]]}},{"type":"Feature","properties":{},"geometry":{"type":"Polygon","coordinates":[[[19.215,42.452],[19.222,42.414],[19.265,42.405],[19.302,42.406],[19.317,42.414],[19.318,42.478],[19.227,42.474],[19.218,42.47],[19.215,42.452]]]}},{"type":"Feature","properties":{},"geometry":{"type":"Polygon","coordinates":[[[19.405,41.371],[19.407,41.325],[19.429,41.298],[19.46,41.292],[19.468,41.303],[19.477,41.302],[19.497,41.288],[19.513,41.298],[19.521,41.293],[19.516,41.283],[19.528,41.264],[19.541,41.271],[19.552,41.309],[19.539,41.316],[19.539,41.329],[19.53,41.331],[19.514,41.356],[19.502,41.354],[19.497,41.364],[19.482,41.364],[19.473,41.373],[19.473,41.365],[19.465,41.364],[19.428,41.398],[19.406,41.397],[19.405,41.371]]]}},{"type":"Feature","properties":{},"geometry":{"type":"Polygon","coordinates":[[[19.433,40.48],[19.436,40.47],[19.472,40.453],[19.49,40.408],[19.531,40.424],[19.539,40.449],[19.535,40.49],[19.519,40.506],[19.468,40.515],[19.449,40.51],[19.436,40.499],[19.433,40.48]]]}},{"type":"Feature","properties":{},"geometry":{"type":"Polygon","coordinates":[[[19.457,42.063],[19.461,42.042],[19.514,42.028],[19.462,42.027],[19.538,42.009],[19.565,42.027],[19.543,42.027],[19.564,42.033],[19.574,42.072],[19.561,42.076],[19.568,42.081],[19.56,42.093],[19.543,42.097],[19.545,42.103],[19.509,42.112],[19.468,42.103],[19.457,42.063]]]}},{"type":"Feature","properties":{},"geometry":{"type":"Polygon","coordinates":[[[19.506,40.738],[19.51,40.709],[19.528,40.683],[19.571,40.675],[19.598,40.689],[19.611,40.708],[19.612,40.734],[19.582,40.773],[19.546,40.775],[19.524,40.764],[19.506,40.738]]]}},{"type":"Feature","properties":{},"geometry":{"type":"Polygon","coordinates":[[[19.641,44.75],[19.659,44.736],[19.689,44.736],[19.689,44.726],[19.681,44.726],[19.694,44.717],[19.744,44.73],[19.747,44.746],[19.694,44.775],[19.693,44.783],[19.679,44.782],[19.641,44.75]],[[19.67,44.748],[19.672,44.756],[19.694,44.749],[19.677,44.743],[19.67,44.748]]]}},{"type":"Feature","properties":{},"geometry":{"type":"Polygon","coordinates":[[[19.664,41.358],[19.689,41.342],[19.697,41.327],[19.715,41.327],[19.723,41.308],[19.74,41.308],[19.74,41.302],[19.758,41.308],[19.76,41.302],[19.745,41.299],[19.744,41.291],[19.756,41.289],[19.756,41.279],[19.811,41.281],[19.811,41.273],[19.828,41.272],[19.848,41.253],[19.869,41.249],[19.876,41.251],[19.877,41.264],[19.892,41.269],[19.891,41.286],[19.898,41.289],[19.898,41.302],[19.863,41.301],[19.877,41.312],[19.873,41.321],[19.892,41.327],[19.903,41.306],[19.92,41.319],[19.918,41.331],[19.907,41.334],[19.907,41.349],[19.896,41.35],[19.895,41.37],[19.861,41.397],[19.847,41.399],[19.858,41.359],[19.885,41.351],[19.85,41.349],[19.836,41.337],[19.832,41.346],[19.839,41.348],[19.843,41.369],[19.803,41.369],[19.799,41.385],[19.807,41.406],[19.749,41.427],[19.726,41.41],[19.723,41.393],[19.677,41.396],[19.674,41.379],[19.664,41.376],[19.664,41.358]]]}},{"type":"Feature","properties":{},"geometry":{"type":"Polygon","coordinates":[[[19.803,43.855],[19.862,43.837],[19.873,43.84],[19.878,43.856],[19.873,43.868],[19.819,43.874],[19.803,43.855]]]}},{"type":"Feature","properties":{},"geometry":{"type":"Polygon","coordinates":[[[19.854,44.266],[19.877,44.253],[19.878,44.244],[19.92,44.246],[19.947,44.279],[19.936,44.284],[19.935,44.3],[19.926,44.294],[19.913,44.301],[19.873,44.301],[19.865,44.294],[19.866,44.27],[19.854,44.266]]]}},{"type":"Feature","properties":{},"geometry":{"type":"Polygon","coordinates":[[[4.985,52.275],[4.989,52.27],[5.004,52.293],[5.029,52.3],[5.011,52.3],[4.989,52.286],[4.985,52.275]]]}},{"type":"Feature","properties":{},"geometry":{"type":"Polygon","coordinates":[[[4.989,52.085],[4.993,52.074],[5.018,52.065],[5.026,52.035],[5.017,52.032],[5.017,52.021],[5.03,51.998],[5.059,51.999],[5.067,51.976],[5.076,51.973],[5.072,51.96],[5.099,51.957],[5.129,51.974],[5.126,51.989],[5.144,52],[5.192,51.988],[5.21,52.012],[5.21,52.048],[5.235,52.063],[5.278,52.067],[5.283,52.104],[5.272,52.124],[5.251,52.129],[5.249,52.139],[5.228,52.15],[5.18,52.137],[5.151,52.136],[5.111,52.147],[5.099,52.138],[5.08,52.144],[5.059,52.136],[5.043,52.155],[5.003,52.146],[4.989,52.085]]]}},{"type":"Feature","properties":{},"geometry":{"type":"Polygon","coordinates":[[[4.989,52.625],[5.015,52.624],[5.018,52.617],[5.107,52.614],[5.122,52.621],[5.121,52.643],[5.139,52.649],[5.144,52.667],[5.128,52.671],[5.135,52.677],[5.131,52.685],[5.105,52.701],[5.08,52.704],[5.051,52.695],[5.033,52.7],[5.022,52.681],[4.997,52.673],[5.006,52.642],[4.992,52.636],[4.989,52.625]]]}},{"type":"Feature","properties":{},"geometry":{"type":"Polygon","coordinates":[[[5.022,52.327],[5.051,52.319],[5.026,52.34],[5.022,52.327]]]}},{"type":"Feature","properties":{},"geometry":{"type":"Polygon","coordinates":[[[5.067,51.611],[5.172,51.611],[5.172,51.617],[5.144,51.632],[5.067,51.611]]]}},{"type":"Feature","properties":{},"geometry":{"type":"Polygon","coordinates":[[[5.168,52.367],[5.169,52.345],[5.227,52.33],[5.243,52.349],[5.278,52.361],[5.283,52.379],[5.294,52.387],[5.275,52.409],[5.251,52.417],[5.231,52.41],[5.231,52.392],[5.184,52.386],[5.168,52.367]]]}},{"type":"Feature","properties":{},"geometry":{"type":"Polygon","coordinates":[[[5.197,51.656],[5.209,51.613],[5.203,51.585],[5.243,51.55],[5.618,51.547],[5.636,51.55],[5.636,51.562],[5.68,51.559],[5.688,51.568],[5.717,51.559],[6.139,51.559],[6.144,51.408],[6.11,51.406],[6.113,51.4],[6.102,51.398],[6.107,51.396],[6.092,51.361],[6.086,51.361],[6.095,51.353],[6.096,51.344],[6.089,51.344],[6.102,51.32],[6.111,51.325],[6.141,51.313],[6.144,51.221],[6.155,51.203],[6.155,51.196],[6.139,51.191],[6.136,51.116],[6.148,51.098],[6.148,51.06],[6.139,51.041],[6.144,51.031],[6.187,51.025],[6.404,51.031],[6.532,51.026],[6.519,51.026],[6.52,50.946],[6.562,50.915],[6.621,50.843],[6.654,50.846],[6.743,50.774],[6.866,50.774],[6.898,50.77],[6.887,50.769],[6.913,50.76],[6.916,50.685],[7.038,50.55],[7.042,50.569],[7.081,50.529],[7.17,50.527],[7.167,50.51],[7.218,50.501],[7.292,50.515],[7.556,50.506],[7.662,50.515],[7.678,50.508],[7.699,50.514],[7.813,50.504],[7.874,50.507],[7.885,50.5],[7.934,50.513],[8.043,50.517],[8.039,50.583],[8.045,50.586],[8.047,50.631],[8.043,50.767],[8.036,50.775],[8.043,50.803],[8.115,50.803],[8.115,50.958],[8.035,50.959],[8.042,51.045],[8.034,51.055],[7.983,51.067],[7.776,51.068],[7.763,51.062],[7.587,51.07],[7.537,51.062],[7.368,51.066],[7.343,51.06],[7.208,51.066],[7.221,51.087],[7.207,51.116],[7.217,51.122],[7.239,51.119],[7.245,51.129],[7.31,51.124],[7.306,51.116],[7.337,51.109],[7.351,51.09],[7.401,51.085],[7.413,51.091],[7.421,51.125],[7.412,51.15],[7.382,51.154],[7.531,51.279],[7.62,51.325],[7.66,51.283],[7.693,51.295],[7.686,51.316],[7.763,51.353],[7.793,51.348],[7.81,51.357],[7.887,51.355],[7.888,51.378],[7.88,51.379],[7.872,51.4],[7.887,51.418],[7.841,51.433],[7.814,51.487],[7.759,51.492],[7.725,51.474],[7.718,51.457],[7.721,51.468],[7.637,51.433],[7.609,51.433],[7.604,51.442],[7.608,51.465],[7.651,51.476],[7.663,51.497],[7.681,51.505],[7.843,51.505],[7.822,51.552],[7.829,51.553],[7.836,51.574],[7.831,51.587],[7.839,51.595],[7.833,51.602],[7.927,51.6],[7.934,51.608],[7.931,51.744],[7.835,51.747],[7.826,51.74],[7.835,51.75],[7.829,51.761],[7.837,51.782],[7.892,51.782],[7.892,51.809],[7.885,51.811],[7.942,51.82],[7.937,51.829],[7.955,51.913],[7.944,51.917],[7.943,51.995],[7.936,51.996],[7.934,52.008],[7.944,52.027],[7.947,52.073],[7.938,52.122],[7.951,52.159],[7.946,52.16],[7.955,52.198],[7.947,52.201],[7.955,52.214],[7.938,52.23],[7.934,52.257],[7.94,52.279],[7.931,52.282],[7.934,52.302],[7.92,52.314],[7.932,52.318],[7.936,52.333],[7.929,52.345],[7.938,52.371],[7.792,52.362],[7.789,52.368],[7.609,52.364],[7.552,52.374],[7.48,52.368],[7.482,52.327],[7.41,52.32],[7.392,52.31],[7.387,52.282],[7.398,52.282],[7.392,52.266],[7.403,52.265],[7.408,52.247],[7.427,52.244],[7.428,52.237],[7.479,52.245],[7.483,52.24],[7.484,52.212],[7.464,52.183],[7.484,52.176],[7.483,52.15],[7.456,52.147],[7.468,52.111],[7.497,52.086],[7.487,52.079],[7.497,52.062],[7.493,52.032],[7.479,52.025],[7.468,51.992],[7.483,51.956],[7.48,51.926],[7.5,51.898],[7.508,51.854],[7.467,51.847],[7.313,51.856],[6.924,51.852],[6.92,51.795],[6.927,51.782],[6.915,51.771],[6.909,51.747],[6.917,51.739],[6.917,51.692],[6.916,51.711],[6.879,51.707],[6.88,51.681],[6.894,51.67],[6.888,51.662],[6.753,51.608],[6.729,51.608],[6.710205479452055,51.59390410958904],[6.595,51.58],[6.597,51.559],[6.59,51.588],[6.582,51.591],[6.564,51.584],[6.525,51.59],[6.398,51.584],[6.253,51.588],[6.232,51.596],[6.199,51.585],[6.127,51.586],[6.103,51.624],[6.091,51.625],[6.082,51.636],[6.089,51.68],[6.066,51.69],[6.066,51.711],[6.077,51.722],[6.074,51.765],[6.102,51.796],[6.111,51.82],[6.106,51.839],[5.919,51.843],[5.909,51.874],[5.871,51.894],[5.88,51.904],[5.823,51.909],[5.816,51.897],[5.828,51.884],[5.819,51.876],[5.754,51.873],[5.718,51.847],[5.206,51.84],[5.199,51.829],[5.21,51.799],[5.214,51.725],[5.197,51.656]]]}},{"type":"Feature","properties":{},"geometry":{"type":"Polygon","coordinates":[[[5.332,52.165],[5.346,52.138],[5.365,52.129],[5.452,52.12],[5.464,52.157],[5.481,52.161],[5.485,52.179],[5.46,52.184],[5.44,52.206],[5.423,52.212],[5.359,52.215],[5.332,52.165]]]}},{"type":"Feature","properties":{},"geometry":{"type":"Polygon","coordinates":[[[5.348,51.425],[5.368,51.4],[5.418,51.391],[5.427,51.377],[5.501,51.382],[5.519,51.393],[5.587,51.396],[5.598,51.427],[5.654,51.427],[5.731,51.44],[5.739,51.483],[5.71,51.516],[5.64,51.523],[5.624,51.517],[5.613,51.497],[5.599,51.493],[5.598,51.478],[5.581,51.469],[5.581,51.445],[5.526,51.469],[5.526,51.485],[5.497,51.52],[5.37,51.526],[5.361,51.522],[5.353,51.493],[5.348,51.425]]]}},{"type":"Feature","properties":{},"geometry":{"type":"Polygon","coordinates":[[[5.385,52.477],[5.397,52.465],[5.5,52.444],[5.562,52.476],[5.552,52.48],[5.565,52.494],[5.558,52.55],[5.53,52.56],[5.451,52.558],[5.411,52.53],[5.386,52.494],[5.385,52.477]]]}},{"type":"Feature","properties":{},"geometry":{"type":"Polygon","coordinates":[[[5.423,50.633],[5.435,50.595],[5.451,50.588],[5.456,50.572],[5.484,50.556],[5.544,50.553],[5.588,50.556],[5.654,50.575],[5.673,50.591],[5.707,50.602],[5.706,50.629],[5.714,50.639],[5.698,50.663],[5.707,50.669],[5.706,50.681],[5.687,50.696],[5.558,50.717],[5.527,50.703],[5.507,50.708],[5.497,50.699],[5.444,50.691],[5.431,50.677],[5.423,50.633]]]}},{"type":"Feature","properties":{},"geometry":{"type":"Polygon","coordinates":[[[5.486,52.018],[5.527,51.977],[5.56,51.968],[5.565,51.975],[5.585,51.96],[5.614,51.96],[5.64,51.939],[5.672,51.945],[5.694,51.938],[5.703,51.954],[5.725,51.96],[5.718,51.972],[5.731,51.981],[5.735,51.996],[5.723,52.042],[5.673,52.08],[5.648,52.069],[5.624,52.074],[5.56,52.063],[5.559,52.072],[5.517,52.069],[5.506,52.047],[5.497,52.047],[5.503,52.04],[5.499,52.028],[5.486,52.018]]]}},{"type":"Feature","properties":{},"geometry":{"type":"Polygon","coordinates":[[[5.629,50.833],[5.661,50.803],[5.692,50.802],[5.695,50.795],[5.742,50.796],[5.757,50.819],[5.755,50.833],[5.769,50.84],[5.765,50.881],[5.773,50.888],[5.755,50.905],[5.706,50.916],[5.695,50.912],[5.643,50.888],[5.629,50.833]]]}},{"type":"Feature","properties":{},"geometry":{"type":"Polygon","coordinates":[[[5.695,53.18],[5.769,53.149],[5.827,53.148],[5.847,53.157],[5.883,53.157],[5.889,53.159],[5.886,53.172],[5.894,53.18],[5.902,53.231],[5.723,53.247],[5.712,53.241],[5.714,53.23],[5.703,53.231],[5.695,53.18]]]}},{"type":"Feature","properties":{},"geometry":{"type":"Polygon","coordinates":[[[5.72,50.964],[5.749,50.952],[5.744,50.939],[5.773,50.922],[5.793,50.932],[5.794,50.926],[5.813,50.924],[5.816,50.932],[5.826,50.931],[5.836,50.912],[5.889,50.886],[5.907,50.861],[5.937,50.855],[5.945,50.835],[5.981,50.822],[6.023,50.826],[5.977,50.814],[5.974,50.75],[6.027,50.731],[5.989,50.73],[6.099,50.695],[6.128,50.69],[6.27,50.716],[6.286,50.726],[6.27,50.73],[6.286,50.74],[6.312,50.776],[6.349,50.84],[6.283,50.868],[6.247,50.867],[6.244,50.881],[6.22,50.893],[6.228,50.908],[6.22,50.919],[6.232,50.932],[6.195,50.939],[6.155,50.933],[6.14,50.914],[6.11,50.913],[6.102,50.916],[6.1,50.934],[6.091,50.935],[6.091,50.948],[6.075,50.948],[6.069,50.963],[6.025,50.984],[6.029,50.994],[6.011,50.999],[6.001,50.991],[5.993,51.003],[5.968,51.002],[5.952,51.014],[5.919,51.021],[5.846,51.028],[5.802,50.999],[5.753,50.998],[5.743,50.971],[5.728,50.975],[5.72,50.964]]]}},{"type":"Feature","properties":{},"geometry":{"type":"Polygon","coordinates":[[[5.788,50.578],[5.815,50.563],[5.823,50.549],[5.846,50.549],[5.857,50.557],[5.871,50.548],[5.93,50.577],[5.935,50.594],[5.927,50.592],[5.927,50.598],[5.934,50.608],[5.92,50.61],[5.923,50.617],[5.913,50.629],[5.894,50.63],[5.883,50.622],[5.865,50.629],[5.802,50.601],[5.791,50.603],[5.797,50.593],[5.788,50.578]]]}},{"type":"Feature","properties":{},"geometry":{"type":"Polygon","coordinates":[[[5.82,51.946],[5.841,51.929],[5.885,51.922],[5.893,51.928],[5.915,51.922],[5.948,51.926],[5.97,51.918],[5.981,51.923],[5.978,51.933],[5.99,51.934],[6.007,51.954],[6.007,51.968],[6.025,51.977],[6.016,51.981],[6.008,52.005],[5.977,52.022],[5.919,52.03],[5.853,52.01],[5.849,51.99],[5.827,51.974],[5.831,51.958],[5.82,51.958],[5.82,51.946]]]}},{"type":"Feature","properties":{},"geometry":{"type":"Polygon","coordinates":[[[5.89,52.171],[5.956,52.155],[5.966,52.146],[6.174,52.192],[6.187,52.205],[6.243,52.219],[6.261,52.272],[6.224,52.277],[6.156,52.308],[6.096,52.293],[6.078,52.296],[6.029,52.277],[6.021,52.281],[5.92,52.244],[5.894,52.218],[5.89,52.171]]]}},{"type":"Feature","properties":{},"geometry":{"type":"Polygon","coordinates":[[[6.003,52.538],[6.011,52.535],[6.008,52.525],[6.029,52.505],[6.031,52.493],[6.056,52.479],[6.037,52.476],[6.093,52.441],[6.141,52.443],[6.152,52.454],[6.148,52.465],[6.156,52.476],[6.183,52.49],[6.185,52.501],[6.173,52.524],[6.161,52.53],[6.165,52.54],[6.14,52.549],[6.144,52.555],[6.126,52.566],[6.078,52.56],[6.074,52.569],[6.042,52.568],[6.012,52.552],[6.003,52.538]]]}},{"type":"Feature","properties":{},"geometry":{"type":"Polygon","coordinates":[[[6.198,53.309],[6.207,53.292],[6.218,53.291],[6.22,53.28],[6.21,53.279],[6.206,53.25],[6.224,53.24],[6.214,53.232],[6.222,53.199],[6.216,53.192],[6.225,53.173],[6.22,53.132],[6.207,53.124],[6.213,53.102],[6.207,53.082],[6.218,53.057],[6.221,53.012],[6.211,52.998],[6.227,52.986],[6.211,52.936],[6.218,52.918],[6.211,52.908],[6.214,52.861],[6.269,52.848],[6.299,52.85],[6.306,52.863],[6.408,52.841],[6.486,52.848],[6.501,52.86],[6.578,52.851],[6.604,52.863],[6.674,52.847],[6.687,52.906],[6.676,52.927],[6.677,52.943],[6.687,52.947],[6.699,52.977],[6.68,53.002],[6.71,53.035],[6.693,53.042],[6.703,53.064],[6.682,53.075],[6.687,53.078],[6.676,53.098],[6.682,53.106],[6.674,53.11],[6.677,53.121],[6.699,53.12],[6.7,53.134],[6.695,53.143],[6.68,53.144],[6.678,53.166],[6.695,53.26],[6.68,53.267],[6.68,53.276],[6.695,53.282],[6.7,53.312],[6.682,53.32],[6.681,53.329],[6.695,53.336],[6.703,53.368],[6.704,53.42],[6.695,53.45],[6.703,53.459],[6.695,53.476],[6.47,53.46],[6.395,53.468],[6.262,53.45],[6.257,53.439],[6.216,53.432],[6.224,53.379],[6.214,53.376],[6.203,53.348],[6.198,53.309]]]}},{"type":"Feature","properties":{},"geometry":{"type":"Polygon","coordinates":[[[6.424,50.83],[6.432,50.8],[6.427,50.791],[6.439,50.789],[6.443,50.778],[6.457,50.779],[6.448,50.772],[6.464,50.756],[6.496,50.75],[6.522,50.767],[6.53,50.761],[6.54,50.767],[6.545,50.786],[6.531,50.795],[6.546,50.806],[6.54,50.819],[6.549,50.822],[6.549,50.831],[6.533,50.829],[6.467,50.853],[6.431,50.841],[6.424,50.83]]]}},{"type":"Feature","properties":{},"geometry":{"type":"Polygon","coordinates":[[[6.549,51.829],[6.557,51.815],[6.567,51.815],[6.588,51.796],[6.643,51.801],[6.665,51.821],[6.673,51.819],[6.674,51.861],[6.648,51.887],[6.595,51.885],[6.553,51.861],[6.549,51.829]]]}},{"type":"Feature","properties":{},"geometry":{"type":"Polygon","coordinates":[[[6.597,52.334],[6.604,52.327],[6.6,52.318],[6.617,52.312],[6.674,52.312],[6.678,52.325],[6.713,52.338],[6.713,52.393],[6.702,52.403],[6.617,52.398],[6.617,52.387],[6.604,52.38],[6.597,52.334]]]}},{"type":"Feature","properties":{},"geometry":{"type":"Polygon","coordinates":[[[6.72,52.281],[6.721,52.262],[6.733,52.261],[6.737,52.25],[6.737,52.23],[6.763,52.22],[6.801,52.219],[6.798,52.211],[6.817,52.203],[6.816,52.192],[6.831,52.186],[6.833,52.173],[6.842,52.173],[6.85,52.161],[6.921,52.169],[6.934,52.174],[6.935,52.182],[6.952,52.183],[6.993,52.206],[6.989,52.219],[6.996,52.228],[6.989,52.238],[6.938,52.248],[6.923,52.261],[6.866,52.262],[6.864,52.278],[6.875,52.3],[6.825,52.319],[6.743,52.325],[6.724,52.314],[6.72,52.281]]]}},{"type":"Feature","properties":{},"geometry":{"type":"Polygon","coordinates":[[[7.02,49.911],[7.067,49.893],[7.121,49.932],[7.191,50.004],[7.25,50.101],[7.27,50.143],[7.266,50.149],[7.188,50.177],[7.118,50.121],[7.092,49.998],[7.02,49.944],[7.02,49.911]]]}},{"type":"Feature","properties":{},"geometry":{"type":"Polygon","coordinates":[[[7.354,50.415],[7.364,50.411],[7.376,50.326],[7.41,50.317],[7.484,50.322],[7.497,50.318],[7.497,50.29],[7.695,50.289],[7.696,50.421],[7.685,50.423],[7.681,50.463],[7.629,50.469],[7.512,50.465],[7.484,50.475],[7.388,50.467],[7.375,50.465],[7.375,50.45],[7.354,50.415]]]}},{"type":"Feature","properties":{},"geometry":{"type":"Polygon","coordinates":[[[7.564,51.218],[7.579,51.212],[7.567,51.205],[7.568,51.197],[7.578,51.198],[7.575,51.187],[7.644,51.177],[7.7,51.207],[7.693,51.236],[7.646,51.27],[7.593,51.264],[7.572,51.246],[7.564,51.218]]]}},{"type":"Feature","properties":{},"geometry":{"type":"Polygon","coordinates":[[[7.848,53.338],[7.855,53.333],[7.851,53.293],[7.872,53.286],[7.892,53.343],[7.943,53.351],[7.947,53.381],[8.763,53.382],[8.779,53.406],[8.773,53.419],[8.777,53.444],[8.768,53.447],[8.796,53.467],[8.784,53.494],[8.79,53.513],[8.781,53.522],[8.775,53.582],[8.782,53.64],[8.771,53.667],[8.744,53.669],[8.139,53.675],[8.111,53.705],[8.06,53.727],[7.876,53.737],[7.859,53.73],[7.859,53.68],[7.852,53.672],[7.857,53.662],[7.848,53.644],[7.862,53.612],[7.855,53.594],[7.861,53.554],[7.855,53.533],[7.863,53.484],[7.855,53.449],[7.862,53.439],[7.851,53.437],[7.848,53.338]]]}},{"type":"Feature","properties":{},"geometry":{"type":"Polygon","coordinates":[[[7.943,52.293],[7.957,52.282],[7.968,52.255],[7.957,52.242],[7.972,52.213],[8.107,52.203],[8.119,52.209],[8.127,52.236],[8.148,52.251],[8.153,52.269],[8.168,52.274],[8.172,52.289],[8.17,52.308],[8.155,52.322],[8.115,52.347],[8.076,52.355],[7.957,52.333],[7.943,52.293]]]}},{"type":"Feature","properties":{},"geometry":{"type":"Polygon","coordinates":[[[8.096,53.134],[8.104,53.13],[8.107,53.085],[8.133,53.076],[8.269,53.064],[8.313,53.094],[8.322,53.11],[8.306,53.199],[8.281,53.211],[8.172,53.213],[8.167,53.203],[8.139,53.196],[8.097,53.167],[8.096,53.134]]]}},{"type":"Feature","properties":{},"geometry":{"type":"Polygon","coordinates":[[[8.168,50.082],[8.214,50.108],[8.274,50.106],[8.302,50.081],[8.308,50.047],[8.336,50.022],[8.332,50.012],[8.373,50.007],[8.378173913043478,50.014391304347825],[8.38,50.015],[8.378864864864864,50.01537837837838],[8.38,50.017],[8.414,50.025],[8.42,50.039],[8.427,50.037],[8.427,49.961],[8.527,49.981],[8.528,49.957],[8.578,49.949],[8.582,49.969],[8.573,49.979],[8.551,49.98],[8.547,49.999],[8.589,50.021],[8.623,50.062],[8.685,50.083],[8.686,50.09],[8.703,50.093],[8.698,50.102],[8.744,50.114],[8.756,50.129],[8.785,50.137],[8.786,50.146],[8.803,50.151],[8.819,50.17],[8.845,50.176],[8.961,50.155],[8.833,50.205],[8.773,50.205],[8.749,50.221],[8.752,50.284],[8.67,50.284],[8.643,50.294],[8.495,50.282],[8.468,50.288],[8.391,50.28],[8.369,50.286],[8.295,50.284],[8.296,50.192],[8.302,50.19],[8.295,50.183],[8.293,50.144],[8.17,50.104],[8.168,50.082]]]}},{"type":"Feature","properties":{},"geometry":{"type":"Polygon","coordinates":[[[8.329,51.891],[8.356,51.872],[8.385,51.869],[8.443,51.882],[8.451,51.896],[8.432,51.924],[8.365,51.926],[8.336,51.92],[8.329,51.891]]]}},{"type":"Feature","properties":{},"geometry":{"type":"Polygon","coordinates":[[[8.387,50.792],[8.391,50.726],[8.402,50.7],[8.403,50.578],[8.411,50.549],[8.427,50.533],[8.422,50.517],[8.461,50.51],[8.494,50.525],[8.499,50.512],[8.532,50.513],[8.555,50.504],[8.59,50.51],[8.63,50.499],[8.638,50.518],[8.66,50.523],[8.679,50.509],[8.696,50.507],[8.759,50.517],[8.807,50.503],[8.844,50.519],[8.859,50.517],[8.863,50.501],[8.899,50.505],[8.908,50.526],[8.891,50.546],[8.9,50.548],[8.904,50.563],[8.891,50.568],[8.896,50.585],[8.891,50.601],[8.908,50.609],[8.902,50.658],[8.919,50.73],[8.915,50.743],[8.893,50.743],[8.907,50.755],[8.907,50.771],[8.903,50.802],[8.889,50.813],[8.887,50.839],[8.907,50.877],[8.904,50.891],[8.914,50.892],[8.914,50.899],[8.903,50.914],[8.91,50.93],[8.889,50.966],[8.899,50.988],[8.882,51.017],[8.895,51.027],[8.92,51.028],[8.909,51.047],[8.87,51.055],[8.87,51.064],[8.878,51.066],[8.874,51.072],[8.841,51.073],[8.84,51.063],[8.826,51.061],[8.811,51.068],[8.773,51.06],[8.753,51.067],[8.744,51.082],[8.672,51.085],[8.67,51.079],[8.652,51.079],[8.615,51.089],[8.594,51.085],[8.594,51.076],[8.547,51.082],[8.538,51.065],[8.524,51.062],[8.494,51.071],[8.49,51.079],[8.418,51.071],[8.403,51.054],[8.41,51.035],[8.403,50.99],[8.389,50.979],[8.407,50.955],[8.41,50.915],[8.402,50.9],[8.402,50.835],[8.387,50.792]],[[8.694,50.543],[8.729,50.561],[8.745,50.584],[8.753,50.584],[8.744,50.593],[8.746,50.609],[8.73,50.622],[8.712,50.623],[8.733,50.626],[8.766,50.613],[8.771,50.604],[8.766,50.593],[8.775,50.584],[8.767,50.584],[8.757,50.566],[8.712,50.542],[8.694,50.543]]]}},{"type":"Feature","properties":{},"geometry":{"type":"Polygon","coordinates":[[[8.418,53.164],[8.428,53.047],[8.543,52.995],[8.589,52.961],[8.635,52.951],[9.205,52.951],[9.229,52.978],[9.116,53.066],[9.116,53.113],[9.046,53.162],[9.049,53.167],[9.028,53.183],[9.016,53.205],[8.852,53.281],[8.779,53.281],[8.757,53.263],[8.723,53.259],[8.422,53.253],[8.418,53.164]]]}},{"type":"Feature","properties":{},"geometry":{"type":"Polygon","coordinates":[[[8.451,51.981],[8.495,51.961],[8.571,51.981],[8.624,51.981],[8.633,52.003],[8.645,52.01],[8.626,52.044],[8.643,52.063],[8.616,52.088],[8.602,52.09],[8.551,52.067],[8.494,52.065],[8.465,52.048],[8.464,52.009],[8.451,51.981]]]}},{"type":"Feature","properties":{},"geometry":{"type":"Polygon","coordinates":[[[8.615,52.123],[8.639,52.101],[8.637,52.09],[8.652,52.088],[8.66,52.074],[8.711,52.089],[8.74,52.112],[8.736,52.125],[8.722,52.133],[8.725,52.142],[8.714,52.161],[8.681,52.167],[8.643,52.161],[8.637,52.154],[8.643,52.151],[8.628,52.149],[8.615,52.123]]]}},{"type":"Feature","properties":{},"geometry":{"type":"Polygon","coordinates":[[[8.652,51.737],[8.67,51.722],[8.664,51.697],[8.679,51.681],[8.708,51.673],[8.778,51.679],[8.79,51.693],[8.806,51.69909523809524],[8.806,51.699],[8.807,51.699],[8.807,51.69947619047619],[8.832,51.709],[8.828,51.728],[8.777,51.754],[8.774,51.762],[8.697,51.764],[8.682,51.76],[8.672,51.74],[8.652,51.737]]]}},{"type":"Feature","properties":{},"geometry":{"type":"Polygon","coordinates":[[[8.801,51.929],[8.836,51.903],[8.878,51.903],[8.891,51.896],[8.92,51.899],[8.922,51.909],[8.943,51.913],[8.944,51.927],[8.92,51.973],[8.859,51.986],[8.856,51.979],[8.811,51.967],[8.811,51.939],[8.801,51.929]]]}},{"type":"Feature","properties":{},"geometry":{"type":"Polygon","coordinates":[[[9.113,52.052],[9.121,52.037],[9.135,52.036],[9.135,51.996],[9.147,51.976],[9.158,51.972],[9.369,51.974],[9.377,51.968],[9.477,51.965],[9.614,51.976],[10.011,51.974],[10.131,51.967],[10.129,51.991],[10.15,52.003],[10.149,52.014],[10.129,52.021],[10.121,52.063],[10.138,52.09],[10.121,52.134],[10.138,52.144],[10.127,52.161],[10.143,52.176],[10.125,52.186],[10.135,52.266],[10.043,52.267],[10.04,52.308],[10.026,52.322],[10.042,52.382],[10.029,52.395],[10.029,52.424],[10.009,52.433],[10.013,52.451],[10.024,52.456],[10.01,52.475],[10.029,52.489],[9.855,52.489],[9.855,52.609],[9.756,52.605],[9.704,52.611],[9.694,52.605],[9.66,52.611],[9.565,52.601],[9.57,52.621],[9.554,52.623],[9.533,52.609],[9.492,52.621],[9.48,52.607],[9.47,52.559],[9.478,52.516],[9.494,52.493],[9.467,52.454],[9.491,52.437],[9.495,52.423],[9.495,52.41],[9.483,52.399],[9.492,52.368],[9.488,52.313],[9.496,52.303],[9.484,52.296],[9.488,52.265],[9.154,52.265],[9.128,52.24],[9.128,52.23],[9.139,52.229],[9.131,52.205],[9.135,52.151],[9.128,52.14],[9.134,52.13],[9.119,52.117],[9.115,52.102],[9.127,52.092],[9.124,52.073],[9.141,52.069],[9.141,52.062],[9.113,52.052]]]}},{"type":"Feature","properties":{},"geometry":{"type":"Polygon","coordinates":[[[9.246,51.505],[9.266,51.493],[9.271,51.383],[9.283,51.372],[9.281,51.317],[9.271,51.319],[9.271,51.293],[9.259,51.291],[9.259,51.285],[9.271,51.286],[9.278,51.233],[9.272,51.187],[9.274,51.18],[9.286,51.18],[9.292,51.125],[9.274,51.116],[9.277,51.096],[9.366,51.089],[9.417,51.075],[9.487,51.076],[9.5,51.091],[9.539,51.096],[9.57,51.09],[9.704,51.091],[9.705,51.203],[9.719,51.235],[9.713,51.272],[9.731,51.275],[9.72,51.279],[9.715,51.294],[9.704,51.397],[9.728,51.406],[9.728,51.412],[9.706,51.414],[9.705,51.427],[9.708,51.465],[9.728,51.466],[9.72,51.517],[9.522,51.508],[9.458,51.515],[9.413,51.51],[9.41,51.516],[9.323,51.51],[9.311,51.528],[9.296,51.534],[9.29,51.516],[9.263,51.516],[9.246,51.505]]]}},{"type":"Feature","properties":{},"geometry":{"type":"Polygon","coordinates":[[[9.314,53.647],[9.327,53.645],[9.321,53.641],[9.325,53.617],[9.334,53.612],[9.325,53.585],[9.325,53.517],[9.333,53.493],[9.325,53.473],[9.336,53.448],[9.327,53.442],[9.333,53.401],[9.327,53.317],[9.336,53.315],[9.329,53.286],[9.336,53.279],[9.757,53.274],[9.771,53.279],[9.775,53.387],[9.871,53.401],[9.899,53.388],[9.925,53.392],[9.921,53.419],[9.984,53.41],[10.003,53.415],[10.039,53.443],[10.037,53.478],[10.08,53.501],[10.138,53.511],[10.155,53.536],[10.138,53.565],[10.142,53.591],[10.129,53.6],[10.138,53.613],[10.123,53.66],[10.134,53.685],[10.123,53.724],[10.081,53.74],[9.96,53.749],[9.886,53.727],[9.815,53.734],[9.775,53.724],[9.779,53.822],[9.745,53.84],[9.568,53.84],[9.487,53.827],[9.45,53.835],[9.413,53.831],[9.395,53.817],[9.345,53.82],[9.337,53.802],[9.349,53.787],[9.329,53.776],[9.333,53.747],[9.325,53.742],[9.325,53.662],[9.314,53.647]]]}},{"type":"Feature","properties":{},"geometry":{"type":"Polygon","coordinates":[[[9.352,54.781],[9.362,54.779],[9.367,54.766],[9.36,54.766],[9.37,54.75],[9.391,54.753],[9.399,54.744],[9.429,54.737],[9.429,54.743],[9.443,54.745],[9.445,54.735],[9.47,54.74],[9.503,54.76],[9.514,54.8],[9.505,54.801],[9.507,54.808],[9.521,54.813],[9.529,54.834],[9.514,54.84],[9.408,54.835],[9.36,54.808],[9.352,54.781]]]}},{"type":"Feature","properties":{},"geometry":{"type":"Polygon","coordinates":[[[9.625,50.553],[9.646,50.522],[9.658,50.52],[9.662,50.505],[9.68,50.5],[9.73,50.512],[9.73,50.52],[9.756,50.534],[9.761,50.554],[9.749,50.574],[9.728,50.585],[9.66,50.59],[9.65,50.588],[9.653,50.579],[9.636,50.573],[9.638,50.559],[9.625,50.553]]]}},{"type":"Feature","properties":{},"geometry":{"type":"Polygon","coordinates":[[[9.826,51.558],[9.838,51.473],[9.873,51.474],[9.879,51.465],[9.96,51.47],[9.996,51.481],[9.996,51.493],[10.021,51.51],[10.021,51.55],[9.992,51.585],[9.987,51.644],[9.907,51.644],[9.896,51.627],[9.862,51.627],[9.859,51.618],[9.833,51.612],[9.826,51.558]]]}},{"type":"Feature","properties":{},"geometry":{"type":"Polygon","coordinates":[[[9.925,54.057],[9.945,54.034],[10.039,54.035],[10.05,54.058],[10.05,54.102],[10.035,54.116],[10.002,54.128],[9.967,54.129],[9.934,54.096],[9.925,54.057]]]}},{"type":"Feature","properties":{},"geometry":{"type":"Polygon","coordinates":[[[9.959,54.427],[9.987,54.419],[9.999,54.403],[10,54.385],[9.992,54.385],[9.985,54.372],[9.988,54.363],[10,54.361],[9.996,54.337],[9.991,54.328],[9.978,54.327],[9.984,54.318],[9.971,54.314],[9.969,54.299],[10.002,54.288],[9.976,54.279],[9.996,54.265],[9.982,54.249],[9.995,54.241],[9.988,54.236],[9.996,54.229],[9.982,54.221],[9.984,54.195],[10.004,54.188],[10.035,54.195],[10.066,54.187],[10.088,54.195],[10.088,54.187],[10.099,54.186],[10.114,54.193],[10.139,54.179],[10.153,54.182],[10.155,54.191],[10.184,54.185],[10.23,54.19],[10.253,54.181],[10.308,54.186],[10.33,54.203],[10.33,54.235],[10.338,54.242],[10.318,54.246],[10.329,54.255],[10.313,54.287],[10.318,54.308],[10.3,54.34],[10.326,54.347],[10.329,54.373],[10.322,54.381],[10.33,54.391],[10.313,54.398],[10.313,54.405],[10.338,54.41],[10.338,54.417],[10.322,54.437],[10.297,54.448],[10.217,54.46],[10.154,54.492],[10,54.496],[9.967,54.471],[9.967,54.46],[9.978,54.459],[9.969,54.455],[9.971,54.442],[9.98,54.44],[9.959,54.427]]]}},{"type":"Feature","properties":{},"geometry":{"type":"Polygon","coordinates":[[[-0.006,40.039],[0.067,40.071],[0.011,40.071],[0.011,40.05],[-0.006,40.039]]]}},{"type":"Feature","properties":{},"geometry":{"type":"Polygon","coordinates":[[[0.003,43.063],[0.011,43.062],[0.012,43.13],[0.003,43.13],[0.003,43.063]]]}},{"type":"Feature","properties":{},"geometry":{"type":"Polygon","coordinates":[[[0.025,43.228],[0.027,43.195],[0.036,43.192],[0.143,43.193],[0.147,43.276],[0.029,43.279],[0.025,43.228]]]}},{"type":"Feature","properties":{},"geometry":{"type":"Polygon","coordinates":[[[0.093,40.059],[0.099,40.045],[0.113,40.048],[0.161,40.081],[0.174,40.145],[0.132,40.144],[0.119,40.123],[0.115,40.08],[0.093,40.071],[0.093,40.059]]]}},{"type":"Feature","properties":{},"geometry":{"type":"Polygon","coordinates":[[[0.556,41.577],[0.644,41.567],[0.704,41.577],[0.703,41.669],[0.562,41.669],[0.558,41.617],[0.576,41.595],[0.556,41.577]]]}},{"type":"Feature","properties":{},"geometry":{"type":"Polygon","coordinates":[[[0.862,40.979],[0.887,40.952],[0.919,40.976],[0.937,40.978],[0.96,41.008],[0.987,41.027],[1.042,41.049],[1.088,41.052],[1.127,41.064],[1.155,41.047],[1.176,41.045],[1.192,41.07],[1.217,41.068],[1.237,41.086],[1.302,41.117],[1.404,41.122],[1.467,41.155],[1.567,41.175],[1.612,41.173],[1.714,41.199],[1.736,41.196],[1.747,41.207],[1.813,41.222],[1.858,41.225],[1.869,41.237],[1.859,41.252],[1.864,41.292],[1.85,41.312],[1.794,41.31],[1.776,41.322],[1.752,41.322],[1.739,41.31],[1.648,41.316],[1.653,41.343],[1.625,41.391],[1.59,41.382],[1.548,41.387],[1.468,41.364],[1.445,41.367],[1.307,41.342],[1.307,41.39],[1.316,41.411],[1.096,41.41],[1.074,41.383],[1.088,41.376],[1.086,41.266],[1.066,41.258],[1.057,41.24],[1.037,41.23],[1.038,41.223],[0.99,41.206],[0.987,41.19],[0.979,41.188],[0.983,41.184],[0.953,41.172],[0.937,41.146],[0.904,41.144],[0.89,41.129],[0.891,41.117],[0.875,41.103],[0.876,41.051],[0.862,41.043],[0.862,40.979]]]}},{"type":"Feature","properties":{},"geometry":{"type":"Polygon","coordinates":[[[0.882,44.001],[0.886,43.979],[0.901,43.965],[1.029,43.956],[1.24,43.965],[1.287,43.959],[1.305,43.948],[1.44,43.946],[1.442,43.97],[1.655,43.971],[1.666,43.985],[1.663,44.019],[1.669,44.02],[1.662,44.06],[1.671,44.082],[1.667,44.131],[1.674,44.146],[1.663,44.158],[1.669,44.167],[1.667,44.237],[1.659,44.256],[1.62,44.258],[0.902,44.257],[0.891,44.244],[0.895,44.136],[0.886,44.128],[0.893,44.106],[0.883,44.099],[0.889,44.05],[0.883,44.035],[0.891,44.015],[0.882,44.001]]]}},{"type":"Feature","properties":{},"geometry":{"type":"Polygon","coordinates":[[[1.236,43.631],[1.287,43.631],[1.277,43.604],[1.27,43.604],[1.27,43.591],[1.32,43.564],[1.311,43.538],[1.342,43.525],[1.48,43.522],[1.505,43.502],[1.52,43.501],[1.546,43.514],[1.561,43.537],[1.55,43.567],[1.53,43.584],[1.534,43.616],[1.517,43.632],[1.607,43.632],[1.608,43.686],[1.419,43.785],[1.28,43.787],[1.279,43.692],[1.24,43.648],[1.236,43.631]]]}},{"type":"Feature","properties":{},"geometry":{"type":"Polygon","coordinates":[[[1.284,43.417],[1.6,43.417],[1.6,43.485],[1.284,43.481],[1.284,43.417]]]}},{"type":"Feature","properties":{},"geometry":{"type":"Polygon","coordinates":[[[1.567,41.57],[1.588,41.543],[1.601,41.538],[1.651,41.538],[1.684,41.563],[1.671,41.619],[1.641,41.623],[1.589,41.619],[1.575,41.602],[1.567,41.57]]]}},{"type":"Feature","properties":{},"geometry":{"type":"Polygon","coordinates":[[[1.696,41.684],[1.763,41.571],[1.821,41.498],[1.829,41.466],[1.861,41.464],[1.846,41.464],[1.843,41.453],[1.909,41.455],[1.951,41.432],[1.95,41.413],[1.978,41.413],[1.99,41.37],[1.986,41.339],[1.994,41.335],[1.935,41.308],[1.935,41.256],[2.023,41.254],[2.142,41.283],[2.171,41.297],[2.1800535714285716,41.31232142857143],[2.185,41.342],[2.208,41.376],[2.238,41.402],[2.262,41.448],[2.255,41.432],[2.28,41.453],[2.269,41.454],[2.392,41.488],[2.523,41.555],[2.781,41.637],[2.797,41.662],[2.81,41.663],[2.834,41.682],[2.895,41.695],[2.9,41.714],[2.933,41.714],[2.933,41.721],[2.884,41.727],[2.815,41.722],[2.745,41.683],[2.707,41.673],[2.627,41.633],[2.486,41.634],[2.413,41.62],[2.425,41.631],[2.457,41.631],[2.547,41.704],[2.523,41.707],[2.146,41.706],[2.111,41.667],[1.934,41.951],[1.888,41.935],[1.855,41.938],[1.785,41.914],[1.755,41.85],[1.75,41.809],[1.734,41.784],[1.737,41.77],[1.722,41.759],[1.721,41.739],[1.712,41.734],[1.696,41.684]]]}},{"type":"Feature","properties":{},"geometry":{"type":"Polygon","coordinates":[[[2.083,43.941],[2.086,43.899],[2.218,43.896],[2.222,43.973],[2.151,43.971],[2.089,43.953],[2.083,43.941]]]}},{"type":"Feature","properties":{},"geometry":{"type":"Polygon","coordinates":[[[2.206,43.597],[2.222,43.577],[2.281,43.575],[2.288,43.579],[2.282,43.586],[2.288,43.588],[2.289,43.636],[2.214,43.64],[2.206,43.597]]]}},{"type":"Feature","properties":{},"geometry":{"type":"Polygon","coordinates":[[[2.221,41.939],[2.241,41.905],[2.296,41.915],[2.3,41.933],[2.289,41.967],[2.247,41.967],[2.226,41.954],[2.221,41.939]]]}},{"type":"Feature","properties":{},"geometry":{"type":"Polygon","coordinates":[[[2.271,43.22],[2.293,43.179],[2.435,43.178],[2.435,43.232],[2.41,43.251],[2.313,43.252],[2.271,43.22]]]}},{"type":"Feature","properties":{},"geometry":{"type":"Polygon","coordinates":[[[2.677,42.687],[2.681,42.66],[2.815,42.511],[3.024,42.524],[3.105,42.485],[3.108,42.466],[3.156,42.462],[3.146,42.495],[3.149,42.509],[3.054,42.545],[3.045,42.625],[3.036,42.629],[3.049,42.63],[3.049,42.787],[3.069,42.916],[2.983,42.919],[2.902,42.878],[2.852,42.846],[2.802,42.774],[2.747,42.715],[2.681,42.715],[2.677,42.687]]]}},{"type":"Feature","properties":{},"geometry":{"type":"Polygon","coordinates":[[[2.718,41.919],[2.726,41.912],[2.73,41.882],[2.883,41.884],[2.854,41.938],[2.863,41.964],[2.858,42.002],[2.881,42.023],[2.892,42.02],[2.887,41.978],[2.983,41.976],[3.025,41.992],[3.047,41.986],[3.164,41.989],[3.117,41.923],[3.006,41.856],[2.984,41.833],[2.969,41.801],[2.99,41.783],[2.99,41.771],[3.036,41.76],[3.064,41.777],[3.078,41.806],[3.106,41.833],[3.135,41.831],[3.157,41.848],[3.186,41.856],[3.193,41.877],[3.215,41.889],[3.245,41.966],[3.215,41.988],[3.208,42.007],[3.207,42.036],[3.216,42.036],[3.219,42.076],[3.181,42.123],[3.132,42.139],[3.123,42.208],[3.132,42.229],[3.165,42.251],[3.176,42.238],[3.215,42.222],[3.237,42.235],[3.266,42.226],[3.314,42.286],[3.319,42.303],[3.333,42.309],[3.333,42.332],[3.268,42.35],[3.253,42.347],[3.237,42.36],[3.197,42.358],[3.174,42.375],[3.152,42.374],[3.149,42.389],[3.006,42.391],[2.942,42.385],[2.924,42.37],[2.889,42.374],[2.877,42.348],[2.874,42.266],[2.898,42.26],[2.894,42.247],[2.9,42.243],[2.885,42.242],[2.899,42.216],[2.883,42.213],[2.884,42.176],[2.891,42.168],[2.878,42.162],[2.878,42.141],[2.892,42.141],[2.894,42.116],[2.884,42.114],[2.883,42.105],[2.892,42.091],[2.892,42.044],[2.873,42.036],[2.825,42.038],[2.833,42.058],[2.825,42.064],[2.823,42.038],[2.803,42.038],[2.811,42.058],[2.803,42.064],[2.769,42.037],[2.727,42.036],[2.718,41.919]]]}},{"type":"Feature","properties":{},"geometry":{"type":"Polygon","coordinates":[[[2.866,43.276],[2.883,43.28],[2.889,43.27],[2.867,43.26],[2.869,43.232],[2.884,43.232],[2.885,43.226],[2.874,43.221],[2.877,43.206],[2.87,43.204],[2.873,43.17],[2.887,43.171],[2.877,43.158],[2.88,43.138],[2.867,43.108],[2.87,43.09],[2.987,43.093],[2.987,43.108],[3.012,43.124],[3.014,43.114],[3.027,43.115],[3.035,43.104],[3.051,43.111],[3.043,43.126],[3.049,43.13],[3.068,43.112],[3.09,43.117],[3.091,43.11],[3.083,43.108],[3.09,43.104],[3.128,43.115],[3.198,43.184],[3.266,43.232],[3.345,43.27],[3.406,43.287],[3.411,43.3],[3.404,43.32],[3.413,43.325],[3.415,43.348],[3.406,43.354],[3.404,43.37],[3.415,43.389],[3.399,43.413],[3.411,43.445],[3.411,43.505],[3.395,43.52],[3.374,43.519],[3.367,43.51],[3.356,43.52],[3.322,43.521],[3.308,43.506],[3.27,43.521],[3.22,43.524],[3.2,43.516],[3.165,43.524],[3.082,43.523],[3.08,43.508],[3.073,43.507],[3.065,43.521],[2.884,43.519],[2.869,43.331],[2.88,43.316],[2.866,43.276]],[[2.968,43.208],[2.968,43.221],[2.99,43.223],[2.999,43.204],[2.983,43.198],[2.968,43.208]]]}},{"type":"Feature","properties":{},"geometry":{"type":"Polygon","coordinates":[[[3.609,43.368],[3.638,43.366],[3.658,43.377],[3.733,43.387],[3.741,43.406],[3.799,43.431],[3.908,43.507],[3.999,43.539],[4.042,43.546],[4.112,43.54],[4.12,43.532],[4.099,43.507],[4.12,43.479],[4.158,43.463],[4.217,43.452],[4.221,43.53],[4.228,43.564],[4.246,43.571],[4.243,43.588],[4.349,43.595],[4.349,43.765],[4.371,43.76],[4.375,43.735],[4.385,43.729],[4.454,43.727],[4.451,43.781],[4.463,43.783],[4.467,43.795],[4.517,43.794],[4.522,43.9],[4.349,43.903],[4.351,44.006],[4.293,44.007],[4.29,43.934],[4.265,43.926],[4.263,43.908],[4.191,43.908],[4.191,43.86],[4.175,43.839],[4.162,43.835],[4.153,43.813],[4.105,43.808],[4.099,43.801],[4.066,43.808],[4.033,43.803],[4.014,43.817],[3.958,43.815],[3.936,43.807],[3.933,43.815],[3.897,43.814],[3.896,43.808],[3.87,43.813],[3.871,43.806],[3.853,43.819],[3.742,43.808],[3.701,43.816],[3.696,43.8],[3.686,43.799],[3.686,43.748],[3.698,43.744],[3.68,43.691],[3.665,43.691],[3.664,43.658],[3.696,43.664],[3.7,43.652],[3.696,43.622],[3.683,43.618],[3.683,43.573],[3.689,43.571],[3.691,43.534],[3.698,43.525],[3.691,43.519],[3.698,43.508],[3.693,43.5],[3.7,43.452],[3.61,43.448],[3.609,43.368]]]}},{"type":"Feature","properties":{},"geometry":{"type":"Polygon","coordinates":[[[4.042,44.089],[4.15,44.084],[4.149,44.176],[4.048,44.176],[4.042,44.089]]]}},{"type":"Feature","properties":{},"geometry":{"type":"Polygon","coordinates":[[[4.544,43.652],[4.572,43.624],[4.713,43.624],[4.713,43.687],[4.677,43.728],[4.548,43.733],[4.544,43.652]]]}},{"type":"Feature","properties":{},"geometry":{"type":"Polygon","coordinates":[[[4.734,43.936],[4.742,43.922],[4.859,43.863],[4.958,43.888],[4.958,44.018],[4.853,44.016],[4.855,44.006],[4.868,44.004],[4.864,43.989],[4.852,43.989],[4.842,44.011],[4.779,43.996],[4.763,43.98],[4.742,43.973],[4.734,43.936]]]}},{"type":"Feature","properties":{},"geometry":{"type":"Polygon","coordinates":[[[4.779,44.891],[4.78,44.862],[4.793,44.832],[4.897,44.825],[4.938,44.832],[4.951,44.822],[5.029,44.829],[5.08,44.82],[5.114,44.833],[5.121,44.844],[5.12,44.876],[5.113,44.877],[5.118,44.894],[5.109,44.912],[5.11,45.007],[5.102,45.03],[5.11,45.032],[5.081,45.037],[5.08,45.055],[5.113,45.072],[5.118,45.097],[4.789,45.097],[4.783,45.071],[4.789,45.063],[4.789,45.004],[4.783,45.001],[4.779,44.943],[4.785,44.904],[4.779,44.891]]]}},{"type":"Feature","properties":{},"geometry":{"type":"Polygon","coordinates":[[[-116.963,43.6],[-116.962,43.571],[-116.897,43.569],[-116.897,43.559],[-116.855,43.557],[-116.855,43.532],[-116.816,43.532],[-116.801,43.507],[-116.713,43.503],[-116.689,43.481],[-116.653,43.479],[-116.653,43.467],[-116.617,43.465],[-116.617,43.443],[-116.472,43.445],[-116.47,43.459],[-116.414,43.462],[-116.274,43.459],[-116.274,43.474],[-116.285,43.474],[-116.283,43.49],[-116.253,43.489],[-116.252,43.511],[-116.082,43.494],[-116.068,43.551],[-116.102,43.582],[-116.102,43.607],[-116.134,43.608],[-116.159,43.631],[-116.158,43.676],[-116.196,43.676],[-116.211,43.68],[-116.216,43.691],[-116.237,43.694],[-116.274,43.727],[-116.29,43.724],[-116.294,43.751],[-116.304,43.747],[-116.312,43.757],[-116.347,43.76],[-116.499,43.758],[-116.499,43.77],[-116.524,43.769],[-116.544,43.782],[-116.62,43.785],[-116.62,43.776],[-116.65,43.775],[-116.65,43.782],[-116.672,43.787],[-116.675,43.801],[-116.705,43.805],[-116.962,43.803],[-116.962,43.672],[-116.956,43.652],[-116.963,43.6]]]}},{"type":"Feature","properties":{},"geometry":{"type":"Polygon","coordinates":[[[-97.353,49.896],[-97.327,49.869],[-97.347,49.851],[-97.348,49.823],[-97.327,49.818],[-97.325,49.763],[-97.274,49.763],[-97.274,49.747],[-97.137,49.746],[-97.083,49.759],[-97.082,49.747],[-96.996,49.747],[-96.996,49.799],[-96.949,49.799],[-96.949,49.871],[-96.942,49.872],[-96.936,49.923],[-96.938,49.934],[-96.954,49.939],[-96.964,49.957],[-96.979,49.961],[-96.983,49.987],[-97.004,49.99],[-97.004,50.003],[-97.037,49.991],[-97.083,50.006],[-97.108,50],[-97.155,50.015],[-97.206,50.019],[-97.207,49.99],[-97.276,49.99],[-97.276,49.949],[-97.325,49.949],[-97.325,49.923],[-97.346,49.92],[-97.353,49.896]]]}},{"type":"Feature","properties":{},"geometry":{"type":"Polygon","coordinates":[[[-97.147,47.903],[-97.14,47.851],[-96.912,47.85],[-96.912,47.967],[-97.14,47.967],[-97.147,47.903]]]}},{"type":"Feature","properties":{},"geometry":{"type":"Polygon","coordinates":[[[-96.961,46.876],[-96.953,46.77],[-96.68,46.77],[-96.68,46.785],[-96.691,46.785],[-96.685,46.815],[-96.67,46.83],[-96.645,46.831],[-96.647,46.95],[-96.954,46.949],[-96.961,46.876]]]}},{"type":"Feature","properties":{},"geometry":{"type":"Polygon","coordinates":[[[-95.584,45.967],[-95.576,45.904],[-95.582,45.854],[-95.57,45.838],[-95.573,45.751],[-95.419,45.753],[-95.408,45.761],[-95.385,45.761],[-95.386,45.753],[-95.378,45.75],[-95.033,45.76],[-95.04,46.017],[-95.043,46.061],[-95.052,46.061],[-95.052,46.099],[-95.573,46.1],[-95.562,45.992],[-95.584,45.967]]]}},{"type":"Feature","properties":{},"geometry":{"type":"Polygon","coordinates":[[[150.086,-33.447],[150.088,-33.502],[150.099,-33.523],[150.139,-33.523],[150.208,-33.489],[150.212,-33.476],[150.195,-33.452],[150.091,-33.439],[150.086,-33.447]]]}},{"type":"Feature","properties":{},"geometry":{"type":"Polygon","coordinates":[[[150.175,-30.985],[150.195,-31.034],[150.25,-31.042],[150.278,-31.038],[150.303,-30.999],[150.292,-30.974],[150.233,-30.949],[150.187,-30.949],[150.175,-30.985]]]}},{"type":"Feature","properties":{},"geometry":{"type":"Polygon","coordinates":[[[150.27,-33.624],[150.278,-33.644],[150.278,-33.701],[150.292,-33.707],[150.286,-33.722],[150.293,-33.728],[150.315,-33.731],[150.316,-33.721],[150.325,-33.721],[150.338,-33.73],[150.362,-33.719],[150.375,-33.725],[150.375,-33.748],[150.429,-33.757],[150.454,-33.751],[150.474,-33.755],[150.477,-33.762],[150.546,-33.746],[150.592,-33.768],[150.588,-33.777],[150.62,-33.802],[150.592,-33.816],[150.579,-33.858],[150.573,-33.859],[150.57,-33.903],[150.576,-33.918],[150.558,-33.959],[150.624,-33.991],[150.654,-34.021],[150.656,-34.106],[150.767,-34.116],[150.787,-34.133],[150.8,-34.132],[150.813,-34.117],[150.851,-34.121],[150.89,-34.07],[150.941,-34.059],[150.959,-34.064],[150.947,-34.061],[150.955,-34.1],[150.977,-34.119],[150.996,-34.117],[150.997,-34.129],[151.004,-34.131],[151.055,-34.092],[151.084,-34.094],[151.118,-34.115],[151.161,-34.117],[151.186,-34.082],[151.164,-34.045],[151.177,-34.034],[151.208,-34.04],[151.23,-34.026],[151.239,-34.03],[151.243,-34.012],[151.256,-34.011],[151.276,-33.971],[151.275,-33.931],[151.283,-33.905],[151.294,-33.895],[151.283,-33.894],[151.2834,-33.8908],[151.284,-33.892],[151.284,-33.89],[151.2835,-33.89],[151.289,-33.846],[151.282,-33.83],[151.27311842105263,-33.84381578947369],[151.267,-33.843],[151.269,-33.824],[151.202,-33.827],[151.2,-33.845],[151.158,-33.845],[151.149,-33.838],[151.14,-33.845],[151.147,-33.846],[151.111,-33.844],[151.096,-33.83],[151.088,-33.84],[151.087,-33.792],[151.096,-33.768],[151.105,-33.763],[151.096,-33.752],[151.129,-33.733],[151.166,-33.739],[151.183,-33.732],[151.188,-33.721],[151.164,-33.684],[151.147,-33.677],[151.138,-33.681],[151.146,-33.648],[151.122,-33.644],[151.127,-33.585],[150.999,-33.494],[150.956,-33.476],[150.951,-33.461],[150.918,-33.449],[150.904,-33.447],[150.879,-33.459],[150.875,-33.451],[150.86,-33.449],[150.683,-33.439],[150.596,-33.482],[150.583,-33.499],[150.592,-33.509],[150.58,-33.561],[150.584,-33.596],[150.602,-33.617],[150.609,-33.653],[150.441,-33.664],[150.437,-33.671],[150.375,-33.667],[150.371,-33.673],[150.355,-33.663],[150.323,-33.681],[150.308,-33.656],[150.322,-33.647],[150.309,-33.633],[150.318,-33.612],[150.275,-33.611],[150.27,-33.624]]]}},{"type":"Feature","properties":{},"geometry":{"type":"Polygon","coordinates":[[[150.334,-34.56],[150.338,-34.574],[150.382,-34.578],[150.414,-34.576],[150.425,-34.568],[150.437,-34.524],[150.445,-34.524],[150.448,-34.514],[150.476,-34.51],[150.478,-34.488],[150.509,-34.449],[150.513,-34.391],[150.507,-34.385],[150.459,-34.385],[150.433,-34.406],[150.429,-34.418],[150.39,-34.44],[150.386,-34.483],[150.375,-34.483],[150.362,-34.504],[150.337,-34.514],[150.334,-34.56]]]}},{"type":"Feature","properties":{},"geometry":{"type":"Polygon","coordinates":[[[150.542,-34.851],[150.546,-34.876],[150.554,-34.877],[150.553,-34.916],[150.562,-34.93],[150.605,-34.938],[150.618,-34.934],[150.628,-34.915],[150.643,-34.914],[150.649,-34.85],[150.634,-34.828],[150.553,-34.8],[150.542,-34.851]]]}},{"type":"Feature","properties":{},"geometry":{"type":"Polygon","coordinates":[[[150.734,-34.58],[150.742,-34.587],[150.742,-34.612],[150.756,-34.629],[150.809,-34.635],[150.809,-34.669],[150.815,-34.669],[150.823,-34.722],[150.835,-34.727],[150.855,-34.72],[150.856,-34.671],[150.863,-34.671],[150.855,-34.653],[150.862,-34.648],[150.851,-34.639],[150.881,-34.608],[150.875,-34.584],[150.883,-34.569],[150.883,-34.54],[150.912,-34.512],[150.918,-34.484],[150.905,-34.476],[150.905,-34.448],[150.914,-34.436],[150.905,-34.434],[150.91,-34.416],[150.937,-34.384],[150.925,-34.375],[150.934,-34.338],[150.949,-34.316],[150.937,-34.316],[150.98,-34.254],[150.963,-34.25],[150.974,-34.249],[151.022,-34.202],[151.018,-34.183],[150.995,-34.165],[150.96,-34.16],[150.929,-34.198],[150.918,-34.235],[150.904,-34.246],[150.926,-34.247],[150.899,-34.246],[150.862,-34.316],[150.871,-34.316],[150.851,-34.355],[150.802,-34.42],[150.782,-34.477],[150.757,-34.484],[150.763,-34.496],[150.746,-34.51],[150.746,-34.552],[150.734,-34.58]]]}},{"type":"Feature","properties":{},"geometry":{"type":"Polygon","coordinates":[[[150.742,-34.499],[150.763,-34.471],[150.746,-34.473],[150.742,-34.499]]]}},{"type":"Feature","properties":{},"geometry":{"type":"Polygon","coordinates":[[[150.764,-34.462],[150.779,-34.462],[150.787,-34.443],[150.764,-34.462]]]}},{"type":"Feature","properties":{},"geometry":{"type":"Polygon","coordinates":[[[150.819,-31.088],[150.827,-31.105],[150.872,-31.136],[150.871,-31.173],[150.892,-31.181],[150.894,-31.192],[150.925,-31.193],[150.926,-31.181],[150.947,-31.178],[150.948,-31.166],[150.965,-31.165],[150.977,-31.151],[150.977,-31.002],[150.941,-30.996],[150.855,-31],[150.848,-31.006],[150.84,-31.051],[150.822,-31.054],[150.819,-31.088]]]}},{"type":"Feature","properties":{},"geometry":{"type":"Polygon","coordinates":[[[150.852,-32.294],[150.859,-32.296],[150.859,-32.315],[150.875,-32.325],[150.893,-32.329],[150.918,-32.316],[150.93,-32.302],[150.93,-32.236],[150.918,-32.235],[150.918,-32.224],[150.889,-32.228],[150.86,-32.262],[150.852,-32.294]]]}},{"type":"Feature","properties":{},"geometry":{"type":"Polygon","coordinates":[[[151.113,-32.554],[151.122,-32.569],[151.155,-32.588],[151.197,-32.588],[151.205,-32.519],[151.187,-32.509],[151.15,-32.51],[151.131,-32.532],[151.118,-32.536],[151.113,-32.554]]]}},{"type":"Feature","properties":{},"geometry":{"type":"Polygon","coordinates":[[[151.231,-32.904],[151.283,-32.926],[151.477,-32.926],[151.51,-32.937],[151.511,-32.961],[151.444,-32.999],[151.419,-33.026],[151.415,-33.055],[151.434,-33.059],[151.44,-33.08],[151.427,-33.094],[151.43,-33.108],[151.456,-33.13],[151.473,-33.133],[151.473,-33.14],[151.456,-33.14],[151.473,-33.144],[151.481,-33.159],[151.481,-33.204],[151.471,-33.216],[151.43,-33.234],[151.396,-33.232],[151.389,-33.259],[151.393,-33.282],[151.383,-33.309],[151.352,-33.337],[151.326,-33.383],[151.297,-33.404],[151.3,-33.421],[151.279,-33.423],[151.28,-33.435],[151.273,-33.438],[151.284,-33.569],[151.322,-33.572],[151.331,-33.569],[151.323,-33.552],[151.342,-33.566],[151.371,-33.552],[151.401,-33.552],[151.429,-33.538],[151.44,-33.514],[151.455,-33.506],[151.451,-33.476],[151.46,-33.469],[151.459,-33.447],[151.496,-33.413],[151.499,-33.389],[151.514,-33.379],[151.515,-33.351],[151.547,-33.326],[151.572,-33.317],[151.585,-33.29],[151.584,-33.276],[151.573,-33.275],[151.577,-33.257],[151.588,-33.245],[151.598,-33.25],[151.614,-33.239],[151.61,-33.226],[151.635,-33.216],[151.647,-33.194],[151.644,-33.166],[151.653,-33.156],[151.661,-33.109],[151.68,-33.078],[151.669,-33.075],[151.67,-33.066],[151.734,-33.022],[151.73414285714287,-33.021],[151.735,-33.021],[151.735,-33.019],[151.73442857142857,-33.019],[151.74,-32.98],[151.75,-32.966],[151.813,-32.925],[151.815,-32.912],[151.812,-32.921],[151.813,-32.911],[151.802,-32.901],[151.841,-32.872],[151.843,-32.86],[151.834,-32.842],[151.832,-32.85],[151.828,-32.83],[151.787,-32.803],[151.79,-32.761],[151.79,-32.778],[151.798,-32.776],[151.793,-32.728],[151.673,-32.723],[151.618,-32.676],[151.552,-32.662],[151.49,-32.662],[151.466,-32.687],[151.473,-32.735],[151.403,-32.758],[151.378,-32.786],[151.356,-32.795],[151.302,-32.802],[151.293,-32.835],[151.235,-32.876],[151.231,-32.904]]]}},{"type":"Feature","properties":{},"geometry":{"type":"Polygon","coordinates":[[[151.326,-32.687],[151.386,-32.713],[151.409,-32.702],[151.422,-32.667],[151.403,-32.645],[151.344,-32.629],[151.327,-32.639],[151.326,-32.687]]]}},{"type":"Feature","properties":{},"geometry":{"type":"Polygon","coordinates":[[[151.592,-30.526],[151.593,-30.539],[151.609,-30.548],[151.69,-30.55],[151.705,-30.535],[151.709,-30.488],[151.688,-30.466],[151.647,-30.459],[151.625,-30.469],[151.592,-30.526]]]}},{"type":"Feature","properties":{},"geometry":{"type":"Polygon","coordinates":[[[151.964,-32.743],[151.994,-32.757],[152.025,-32.758],[152.062,-32.795],[152.118,-32.797],[152.132,-32.788],[152.132,-32.777],[152.165,-32.773],[152.207,-32.741],[152.207,-32.732],[152.195,-32.73],[152.199,-32.712],[152.209,-32.71],[152.21,-32.684],[152.198,-32.683],[152.207,-32.651],[152.198,-32.642],[152.166,-32.637],[152.161,-32.628],[152.122,-32.637],[152.115,-32.65],[152.119,-32.681],[152.095,-32.688],[152.062,-32.684],[152.045,-32.697],[151.983,-32.702],[151.964,-32.743]]]}},{"type":"Feature","properties":{},"geometry":{"type":"Polygon","coordinates":[[[152.325,-31.875],[152.328,-31.894],[152.4,-31.909],[152.384,-31.934],[152.412,-31.954],[152.433,-31.95],[152.466,-31.929],[152.529,-31.924],[152.552,-31.908],[152.555,-31.896],[152.537,-31.876],[152.417,-31.86],[152.395,-31.841],[152.343,-31.841],[152.332,-31.847],[152.325,-31.875]]]}},{"type":"Feature","properties":{},"geometry":{"type":"Polygon","coordinates":[[[152.39,-31.963],[152.412,-31.973],[152.441,-31.964],[152.39,-31.963]]]}},{"type":"Feature","properties":{},"geometry":{"type":"Polygon","coordinates":[[[152.467,-32.166],[152.468,-32.185],[152.492,-32.2],[152.511,-32.23],[152.548,-32.24],[152.562,-32.233],[152.566,-32.204],[152.516,-32.164],[152.507,-32.138],[152.474,-32.129],[152.467,-32.166]]]}},{"type":"Feature","properties":{},"geometry":{"type":"Polygon","coordinates":[[[152.75,-31.059],[152.759,-31.071],[152.775,-31.066],[152.773,-31.081],[152.79,-31.087],[152.82,-31.133],[152.84,-31.133],[152.875,-31.104],[152.879,-31.073],[152.834,-31.04],[152.775,-31.036],[152.75,-31.049],[152.75,-31.059]]]}},{"type":"Feature","properties":{},"geometry":{"type":"Polygon","coordinates":[[[152.795,-31.443],[152.799,-31.477],[152.805,-31.48],[152.801,-31.488],[152.829,-31.497],[152.912,-31.501],[152.941,-31.485],[152.949,-31.456],[152.92,-31.402],[152.894,-31.395],[152.807,-31.423],[152.795,-31.443]]]}},{"type":"Feature","properties":{},"geometry":{"type":"Polygon","coordinates":[[[152.876,-30.449],[152.879,-30.469],[152.902,-30.478],[152.927,-30.476],[152.937,-30.431],[152.899,-30.418],[152.879,-30.431],[152.876,-30.449]]]}},{"type":"Feature","properties":{},"geometry":{"type":"Polygon","coordinates":[[[153.008,-30.374],[153.02,-30.395],[153.1,-30.394],[153.129,-30.337],[153.16,-30.312],[153.154,-30.253],[153.162,-30.25],[153.174,-30.207],[153.215,-30.162],[153.217,-30.055],[153.207,-30.047],[153.219,-30.023],[153.211,-30.007],[153.188,-30.007],[153.171,-30.016],[153.151,-30.069],[153.133,-30.162],[153.121,-30.167],[153.121,-30.183],[153.112,-30.184],[153.104,-30.247],[153.071,-30.263],[153.059,-30.274],[153.059,-30.297],[153.024,-30.318],[153.008,-30.374]]]}},{"type":"Feature","properties":{},"geometry":{"type":"Polygon","coordinates":[[[8.576,39.876],[8.619,39.865],[8.62,39.919],[8.576,39.92],[8.576,39.876]]]}},{"type":"Feature","properties":{},"geometry":{"type":"Polygon","coordinates":[[[8.814,39.519],[8.889,39.182],[8.907,39.125],[8.928,39.101],[8.92,39.091],[8.926,39.081],[8.958,39.074],[9.017,39.091],[9.058,39.089],[9.034,39.098],[9.023,39.122],[9.032,39.15],[9.057,39.152],[9.054,39.175],[9.077,39.188],[9.095,39.182],[9.124,39.189],[9.135,39.176],[9.169,39.173],[9.191,39.206],[9.216,39.216],[9.316,39.189],[9.371,39.151],[9.386,39.151],[9.393,39.167],[9.382,39.21],[9.371,39.214],[9.358,39.266],[9.332,39.283],[9.314,39.354],[9.292,39.386],[9.27,39.446],[8.848,39.543],[8.815,39.535],[8.814,39.519]]]}},{"type":"Feature","properties":{},"geometry":{"type":"Polygon","coordinates":[[[174.006,-39.083],[174.014,-39.099],[174.118,-39.101],[174.126,-39.08],[174.14,-39.078],[174.148,-39.063],[174.201,-39.05],[174.239,-39.03],[174.24,-39.023],[174.264,-39.018],[174.268,-38.988],[174.264,-38.982],[174.231,-38.98],[174.177,-38.986],[174.085,-39.041],[174.019,-39.046],[174.01,-39.055],[174.006,-39.083]]]}},{"type":"Feature","properties":{},"geometry":{"type":"Polygon","coordinates":[[[174.464,-36.776],[174.503,-36.804],[174.508,-36.816],[174.526,-36.817],[174.534,-36.839],[174.551,-36.843],[174.551,-36.938],[174.569,-36.944],[174.599,-36.982],[174.644,-36.998],[174.733,-36.992],[174.744,-37.006],[174.757,-37.007],[174.761,-37.023],[174.819,-37.026],[174.823,-37.052],[174.836,-37.065],[174.86,-37.085],[174.886,-37.088],[174.928,-37.12],[174.99,-37.109],[175.014,-37.095],[175.018,-37.057],[174.987,-36.985],[174.987,-36.954],[175.016,-36.922],[175.036,-36.924],[175.073,-36.898],[175.07,-36.884],[175.045,-36.866],[174.975,-36.866],[174.97,-36.892],[174.924,-36.868],[174.911,-36.836],[174.832,-36.829],[174.828,-36.835],[174.812,-36.802],[174.791,-36.785],[174.79,-36.77],[174.769,-36.736],[174.765,-36.712],[174.773,-36.693],[174.755,-36.653],[174.83,-36.631],[174.843,-36.606],[174.825,-36.593],[174.81,-36.586],[174.761,-36.598],[174.757,-36.611],[174.736,-36.611],[174.711,-36.59],[174.702,-36.549],[174.681,-36.545],[174.663,-36.553],[174.655,-36.573],[174.643,-36.581],[174.64,-36.617],[174.651,-36.634],[174.646,-36.644],[174.652,-36.661],[174.643,-36.704],[174.547,-36.727],[174.532,-36.749],[174.478,-36.744],[174.464,-36.776]]]}},{"type":"Feature","properties":{},"geometry":{"type":"Polygon","coordinates":[[[0.018,49.339],[0.032,49.331],[0.093,49.33],[0.148,49.39],[0.277,49.39],[0.277,49.435],[0.313,49.436],[0.364,49.473],[0.349,49.495],[0.309,49.52],[0.294,49.524],[0.29,49.511],[0.277,49.511],[0.273,49.523],[0.29,49.529],[0.282,49.543],[0.262,49.549],[0.231,49.579],[0.216,49.573],[0.162,49.582],[0.096,49.577],[0.06,49.535],[0.054,49.506],[0.095,49.449],[0.199,49.448],[0.268,49.438],[0.268,49.432],[0.214,49.431],[0.115,49.407],[0.018,49.339]]]}},{"type":"Feature","properties":{},"geometry":{"type":"Polygon","coordinates":[[[0.026,47.174],[0.062,47.161],[0.081,47.173],[0.074,47.195],[0.037,47.199],[0.027,47.193],[0.026,47.174]]]}},{"type":"Feature","properties":{},"geometry":{"type":"Polygon","coordinates":[[[0.114,47.925],[0.118,47.874],[0.194,47.871],[0.279,47.885],[0.282,47.91],[0.29,47.912],[0.299,47.95],[0.31,47.961],[0.31,48.037],[0.294,48.041],[0.286,48.072],[0.128,48.085],[0.128,48.074],[0.115,48.074],[0.114,47.925]]]}},{"type":"Feature","properties":{},"geometry":{"type":"Polygon","coordinates":[[[0.117,45.634],[0.18,45.626],[0.198,45.632],[0.21,45.679],[0.14,45.687],[0.119,45.668],[0.124,45.665],[0.117,45.634]]]}},{"type":"Feature","properties":{},"geometry":{"type":"Polygon","coordinates":[[[0.206,47.163],[0.228,47.15],[0.249,47.151],[0.261,47.16],[0.265,47.178],[0.227,47.186],[0.207,47.177],[0.206,47.163]]]}},{"type":"Feature","properties":{},"geometry":{"type":"Polygon","coordinates":[[[0.22,46.642],[0.232,46.642],[0.24,46.628],[0.242,46.514],[0.308,46.514],[0.308,46.521],[0.331,46.521],[0.331,46.514],[0.439,46.514],[0.439,46.709],[0.406,46.709],[0.406,46.701],[0.385,46.702],[0.385,46.709],[0.319,46.709],[0.319,46.701],[0.297,46.701],[0.297,46.709],[0.264,46.709],[0.265,46.701],[0.253,46.701],[0.253,46.709],[0.22,46.709],[0.22,46.642]]]}},{"type":"Feature","properties":{},"geometry":{"type":"Polygon","coordinates":[[[0.294,47.095],[0.336,47.085],[0.349,47.093],[0.352,47.108],[0.341,47.119],[0.31,47.121],[0.294,47.11],[0.294,47.095]]]}},{"type":"Feature","properties":{},"geometry":{"type":"Polygon","coordinates":[[[0.416,47.253],[0.435,47.236],[0.477,47.23],[0.503,47.236],[0.515,47.265],[0.499,47.285],[0.463,47.292],[0.428,47.282],[0.416,47.253]]]}},{"type":"Feature","properties":{},"geometry":{"type":"Polygon","coordinates":[[[0.488,47.331],[0.527,47.32],[0.527,47.356],[0.494,47.355],[0.488,47.331]]]}},{"type":"Feature","properties":{},"geometry":{"type":"Polygon","coordinates":[[[0.617,47.433],[0.628,47.403],[0.623,47.403],[0.628,47.342],[0.621,47.324],[0.735,47.324],[0.765,47.351],[0.773,47.369],[0.787,47.37],[0.791,47.408],[0.779,47.413],[0.781,47.423],[0.759,47.429],[0.753,47.445],[0.737,47.446],[0.724,47.417],[0.698,47.423],[0.699,47.438],[0.732,47.445],[0.736,47.457],[0.711,47.451],[0.666,47.458],[0.629,47.449],[0.617,47.433]]]}},{"type":"Feature","properties":{},"geometry":{"type":"Polygon","coordinates":[[[0.964,49.429],[0.97,49.418],[0.967,49.294],[0.97,49.248],[0.976,49.245],[1.049,49.247],[1.191,49.291],[1.193,49.372],[1.232,49.379],[1.23,49.472],[1.187,49.511],[1.151,49.531],[1.115,49.538],[0.974,49.539],[0.967,49.487],[0.974,49.447],[0.967,49.446],[0.964,49.429]]]}},{"type":"Feature","properties":{},"geometry":{"type":"Polygon","coordinates":[[[0.965,47.402],[1.012,47.396],[1.019,47.416],[1.001,47.428],[0.982,47.429],[0.965,47.417],[0.965,47.402]]]}},{"type":"Feature","properties":{},"geometry":{"type":"Polygon","coordinates":[[[0.97,47.12],[1.004,47.106],[1.023,47.116],[1.026,47.127],[1.023,47.136],[0.987,47.144],[0.971,47.133],[0.97,47.12]]]}},{"type":"Feature","properties":{},"geometry":{"type":"Polygon","coordinates":[[[1.038,47.32],[1.078,47.307],[1.099,47.318],[1.1,47.331],[1.084,47.342],[1.051,47.343],[1.038,47.32]]]}},{"type":"Feature","properties":{},"geometry":{"type":"Polygon","coordinates":[[[1.038,48.976],[1.279,48.977],[1.276,49.046],[1.207,49.072],[1.116,49.067],[1.042,49.037],[1.038,48.976]],[[1.184,49.021],[1.2,49.037],[1.2,49.055],[1.235,49.05],[1.25,49.035],[1.246,49.011],[1.192,49.01],[1.184,49.021]]]}},{"type":"Feature","properties":{},"geometry":{"type":"Polygon","coordinates":[[[1.099,45.748],[1.36,45.748],[1.358,45.787],[1.369,45.805],[1.371,45.881],[1.36,45.906],[1.358,45.94],[1.246,45.943],[1.213,45.935],[1.1,45.835],[1.099,45.748]]]}},{"type":"Feature","properties":{},"geometry":{"type":"Polygon","coordinates":[[[1.115,47.245],[1.151,47.235],[1.17,47.25],[1.17,47.26],[1.133,47.271],[1.116,47.261],[1.115,47.245]]]}},{"type":"Feature","properties":{},"geometry":{"type":"Polygon","coordinates":[[[1.247,47.594],[1.248,47.559],[1.279,47.535],[1.36,47.528],[1.372,47.551],[1.401,47.549],[1.414,47.556],[1.42,47.549],[1.445,47.562],[1.461,47.581],[1.454,47.592],[1.464,47.598],[1.462,47.612],[1.474,47.6],[1.471,47.593],[1.48,47.591],[1.472,47.58],[1.522,47.571],[1.559,47.577],[1.581,47.603],[1.581,47.614],[1.568,47.629],[1.571,47.641],[1.508,47.658],[1.494,47.654],[1.497,47.646],[1.469,47.649],[1.457,47.634],[1.25,47.638],[1.247,47.594]]]}},{"type":"Feature","properties":{},"geometry":{"type":"Polygon","coordinates":[[[1.295,48.066],[1.302,48.056],[1.335,48.052],[1.354,48.069],[1.35,48.08],[1.324,48.089],[1.299,48.079],[1.295,48.066]]]}},{"type":"Feature","properties":{},"geometry":{"type":"Polygon","coordinates":[[[1.318,47.45],[1.32,47.442],[1.34,47.434],[1.369,47.442],[1.368,47.458],[1.35,47.465],[1.333,47.466],[1.318,47.45]]]}},{"type":"Feature","properties":{},"geometry":{"type":"Polygon","coordinates":[[[1.412,48.438],[1.424,48.431],[1.417,48.418],[1.436,48.401],[1.479,48.395],[1.487,48.397],[1.487,48.408],[1.502,48.409],[1.5,48.4],[1.537,48.411],[1.53,48.416],[1.555,48.426],[1.563,48.448],[1.555,48.461],[1.542,48.458],[1.515,48.485],[1.468,48.492],[1.425,48.464],[1.412,48.438]]]}},{"type":"Feature","properties":{},"geometry":{"type":"Polygon","coordinates":[[[1.414,45.12],[1.592,45.118],[1.63,45.201],[1.435,45.2],[1.414,45.12]]]}},{"type":"Feature","properties":{},"geometry":{"type":"Polygon","coordinates":[[[1.417,47.764],[1.424,47.756],[1.454,47.753],[1.471,47.764],[1.472,47.776],[1.435,47.787],[1.421,47.78],[1.417,47.764]]]}},{"type":"Feature","properties":{},"geometry":{"type":"Polygon","coordinates":[[[1.582,47.364],[1.596,47.354],[1.625,47.353],[1.638,47.372],[1.618,47.386],[1.6,47.387],[1.582,47.376],[1.582,47.364]]]}},{"type":"Feature","properties":{},"geometry":{"type":"Polygon","coordinates":[[[1.592,46.762],[1.647,46.741],[1.781,46.739],[1.783,46.861],[1.677,46.865],[1.645,46.853],[1.596,46.822],[1.592,46.762]]]}},{"type":"Feature","properties":{},"geometry":{"type":"Polygon","coordinates":[[[1.645,47.032],[1.663,47.02],[1.685,47.02],[1.697,47.046],[1.688,47.055],[1.659,47.059],[1.647,47.05],[1.645,47.032]]]}},{"type":"Feature","properties":{},"geometry":{"type":"Polygon","coordinates":[[[1.667,47.818],[1.674,47.809],[1.703,47.805],[1.718,47.812],[1.721,47.831],[1.684,47.842],[1.667,47.83],[1.667,47.818]]]}},{"type":"Feature","properties":{},"geometry":{"type":"Polygon","coordinates":[[[1.783,47.898],[1.788,47.855],[1.817,47.855],[1.822,47.845],[1.836,47.845],[1.843,47.833],[1.908,47.796],[1.989,47.799],[2.068,47.831],[2.063,47.933],[1.942,47.976],[1.821,47.977],[1.787,47.952],[1.783,47.898]],[[1.901,47.952],[1.901,47.963],[1.951,47.961],[1.949,47.949],[1.931,47.944],[1.901,47.952]]]}},{"type":"Feature","properties":{},"geometry":{"type":"Polygon","coordinates":[[[1.855,49.009],[1.864,48.984],[1.859,48.941],[1.914,48.916],[1.947,48.913],[1.965,48.9],[1.994,48.895],[1.991,48.865],[1.943,48.874],[1.913,48.847],[1.92,48.745],[1.979,48.737],[2.076,48.737],[2.089,48.744],[2.101,48.737],[2.159,48.734],[2.163,48.724],[2.146,48.714],[2.138,48.686],[2.148,48.676],[2.148,48.66],[2.159,48.66],[2.109,48.659],[2.135,48.64],[2.151,48.639],[2.164,48.623],[2.164,48.629],[2.214,48.633],[2.216,48.592],[2.226,48.572],[2.238,48.57],[2.192,48.567],[2.185,48.553],[2.232,48.54],[2.295,48.546],[2.291,48.57],[2.348,48.576],[2.394,48.573],[2.395,48.565],[2.417,48.559],[2.436,48.563],[2.46,48.556],[2.558,48.561],[2.561,48.568],[2.579,48.567],[2.576,48.575],[2.615,48.559],[2.711,48.56],[2.714,48.575],[2.697,48.579],[2.697,48.586],[2.653,48.587],[2.656,48.598],[2.626,48.615],[2.628,48.637],[2.612,48.664],[2.617,48.743],[2.638,48.747],[2.644,48.763],[2.694,48.767],[2.694,48.792],[2.74,48.811],[2.823,48.811],[2.823,48.818],[2.861,48.821],[2.881,48.862],[2.942,48.908],[2.944,48.922],[2.92,48.922],[2.955,48.949],[2.946,48.973],[2.906,48.993],[2.877,48.993],[2.852,48.983],[2.843,48.971],[2.84,48.945],[2.861,48.928],[2.845,48.923],[2.839,48.932],[2.819,48.922],[2.782,48.922],[2.71,48.983],[2.609,49.047],[2.509,49.038],[2.336,49.043],[2.241,49.038],[2.237,49.029],[2.226,49.029],[2.16,49.038],[2.159,49.055],[2.17,49.055],[2.175,49.077],[2.101,49.078],[2.096,49.064],[2.089,49.068],[2.092,49.081],[1.995,49.081],[1.908,49.035],[1.888,49.032],[1.872,49.011],[1.855,49.009]],[[2.267,48.833],[2.273,48.843],[2.282,48.842],[2.289,48.839],[2.284,48.827],[2.299,48.825],[2.278,48.825],[2.267,48.833]],[[2.361,48.64],[2.387,48.645],[2.392,48.636],[2.372,48.632],[2.361,48.64]],[[2.422,48.81],[2.429,48.8],[2.454,48.808],[2.514,48.804],[2.429,48.795],[2.422,48.81]],[[2.513,48.814],[2.517,48.826],[2.542,48.827],[2.543,48.821],[2.513,48.814]]]}},{"type":"Feature","properties":{},"geometry":{"type":"Polygon","coordinates":[[[2.005,49.405],[2.006,49.369],[2.197,49.369],[2.196,49.429],[2.146,49.494],[2.006,49.499],[2.005,49.405]]]}},{"type":"Feature","properties":{},"geometry":{"type":"Polygon","coordinates":[[[2.181,49.932],[2.2,49.913],[2.219,49.842],[2.288,49.836],[2.219,49.835],[2.221,49.829],[2.31,49.822],[2.416,49.827],[2.406,49.835],[2.416,49.837],[2.418,49.873],[2.41,49.9],[2.381,49.915],[2.381,49.922],[2.339,49.954],[2.288,49.961],[2.234,49.957],[2.23,49.951],[2.19,49.95],[2.181,49.932]]]}},{"type":"Feature","properties":{},"geometry":{"type":"Polygon","coordinates":[[[2.263,47.091],[2.267,47.028],[2.493,47.029],[2.497,47.1],[2.446,47.142],[2.332,47.142],[2.266,47.108],[2.263,47.091]],[[2.281,47.038],[2.302,47.05],[2.298,47.036],[2.281,47.038]],[[2.424,47.07],[2.447,47.08],[2.472,47.076],[2.468,47.063],[2.444,47.056],[2.427,47.056],[2.424,47.07]]]}},{"type":"Feature","properties":{},"geometry":{"type":"Polygon","coordinates":[[[2.324,47.774],[2.326,47.753],[2.362,47.731],[2.405,47.735],[2.427,47.754],[2.429,47.768],[2.421,47.783],[2.376,47.798],[2.34,47.796],[2.324,47.774]]]}},{"type":"Feature","properties":{},"geometry":{"type":"Polygon","coordinates":[[[2.759,49.402],[2.771,49.377],[2.836,49.377],[2.858,49.392],[2.865,49.431],[2.855,49.445],[2.839,49.45],[2.796,49.448],[2.773,49.431],[2.774,49.418],[2.759,49.402]]]}},{"type":"Feature","properties":{},"geometry":{"type":"Polygon","coordinates":[[[3.031,45.859],[3.046,45.858],[3.049,45.836],[3.064,45.827],[3.039,45.801],[3.032,45.771],[3.035,45.757],[3.049,45.751],[3.036,45.748],[3.043,45.732],[3.036,45.722],[3.069,45.72],[3.064,45.664],[3.196,45.663],[3.219,45.677],[3.235,45.722],[3.275,45.778],[3.275,45.825],[3.257,45.825],[3.278,45.826],[3.277,45.844],[3.172,45.864],[3.16,45.883],[3.145,45.886],[3.145,45.918],[3.116,45.942],[3.053,45.943],[3.04,45.915],[3.031,45.859]],[[3.113,45.849],[3.131,45.864],[3.142,45.841],[3.127,45.837],[3.113,45.849]],[[3.152,45.776],[3.153,45.786],[3.178,45.788],[3.174,45.774],[3.152,45.776]]]}},{"type":"Feature","properties":{},"geometry":{"type":"Polygon","coordinates":[[[3.209,49.785],[3.215,49.779],[3.369,49.781],[3.377,49.891],[3.218,49.898],[3.209,49.785]]]}},{"type":"Feature","properties":{},"geometry":{"type":"Polygon","coordinates":[[[3.505,47.79],[3.571,47.762],[3.594,47.761],[3.615,47.774],[3.62,47.849],[3.59,47.857],[3.51,47.855],[3.505,47.79]]]}},{"type":"Feature","properties":{},"geometry":{"type":"Polygon","coordinates":[[[3.907,49.268],[3.945,49.229],[3.937,49.222],[3.937,49.191],[3.984,49.189],[4.011,49.16],[4.058,49.157],[4.112,49.186],[4.175,49.196],[4.145,49.258],[4.146,49.292],[4.087,49.302],[4.048,49.332],[4.018,49.33],[3.999,49.317],[3.994,49.323],[3.978,49.32],[3.966,49.314],[3.973,49.306],[3.913,49.286],[3.907,49.268]]]}},{"type":"Feature","properties":{},"geometry":{"type":"Polygon","coordinates":[[[3.951,46.843],[3.954,46.828],[3.962,46.826],[3.954,46.805],[3.965,46.794],[3.955,46.769],[3.959,46.776],[3.967,46.76],[3.989,46.753],[4.204,46.75],[4.27,46.759],[4.272,46.753],[4.312,46.749],[4.337,46.758],[4.351,46.75],[4.373,46.757],[4.371,46.769],[4.4,46.772],[4.408,46.762],[4.448,46.752],[4.459,46.761],[4.513,46.771],[4.533,46.791],[4.533,46.858],[4.513,46.905],[4.51,46.935],[4.518,46.972],[4.533,46.976],[4.526,46.985],[4.539,47.01],[4.487,47.032],[4.351,47.044],[4.237,47.036],[4.206,47.041],[4.161,47.03],[4.113,47.041],[4.059,47.026],[4.013,47.038],[3.978,47.033],[3.951,47.002],[3.958,46.865],[3.951,46.843]]]}},{"type":"Feature","properties":{},"geometry":{"type":"Polygon","coordinates":[[[3.983,48.318],[3.985,48.239],[4.168,48.238],[4.169,48.359],[4.103,48.364],[3.987,48.358],[3.983,48.318]]]}},{"type":"Feature","properties":{},"geometry":{"type":"Polygon","coordinates":[[[4.007,45.981],[4.132,45.978],[4.134,46.095],[4.059,46.094],[4.022,46.068],[4.037,46.066],[4.013,46.038],[4.007,45.981]]]}},{"type":"Feature","properties":{},"geometry":{"type":"Polygon","coordinates":[[[4.234,45.355],[4.275,45.351],[4.379,45.37],[4.434,45.401],[4.438,45.38],[4.445,45.38],[4.491,45.412],[4.493,45.424],[4.554,45.445],[4.555,45.463],[4.572,45.477],[4.551,45.518],[4.307,45.528],[4.3,45.524],[4.294,45.476],[4.242,45.431],[4.241,45.37],[4.235,45.37],[4.234,45.355]]]}},{"type":"Feature","properties":{},"geometry":{"type":"Polygon","coordinates":[[[4.304,48.94],[4.324,48.922],[4.351,48.922],[4.355,48.916],[4.316,48.915],[4.324,48.905],[4.351,48.908],[4.381,48.9],[4.418,48.914],[4.389,48.915],[4.419,48.93],[4.422,48.949],[4.403,48.996],[4.363,49.003],[4.349,49],[4.346,48.986],[4.316,48.977],[4.324,48.964],[4.308,48.957],[4.304,48.94]]]}},{"type":"Feature","properties":{},"geometry":{"type":"Polygon","coordinates":[[[4.625,49.805],[4.633,49.791],[4.628,49.701],[4.834,49.701],[4.834,49.728],[4.826,49.737],[4.834,49.742],[4.831,49.831],[4.633,49.832],[4.625,49.805]]]}},{"type":"Feature","properties":{},"geometry":{"type":"Polygon","coordinates":[[[4.638,45.729],[4.676,45.618],[4.725,45.557],[4.815,45.555],[4.841,45.562],[4.842,45.574],[4.863,45.587],[4.995,45.63],[5.072,45.663],[5.078,45.673],[5.125,45.683],[5.135,45.78],[5.047,45.848],[5.047,45.857],[4.808,45.857],[4.801,45.855],[4.804,45.835],[4.776,45.839],[4.763,45.857],[4.723,45.857],[4.702,45.852],[4.684,45.83],[4.683,45.817],[4.651,45.791],[4.642,45.774],[4.638,45.729]],[[4.822,45.642],[4.823,45.651],[4.846,45.66],[4.833,45.641],[4.822,45.642]],[[4.997,45.73],[5.007,45.744],[5.029,45.745],[5.034,45.754],[5.022,45.757],[5.043,45.781],[5.032,45.719],[5.007,45.705],[5.01,45.718],[4.997,45.73]]]}},{"type":"Feature","properties":{},"geometry":{"type":"Polygon","coordinates":[[[4.664,47.32],[4.671,47.311],[4.676,47.201],[4.684,47.18],[4.675,47.111],[4.684,47.098],[4.675,47.083],[4.683,47.044],[4.675,47.008],[4.683,46.998],[4.687,46.82],[4.693,46.803],[4.68,46.766],[4.691,46.722],[4.704,46.714],[4.697,46.702],[4.75,46.693],[4.804,46.695],[4.822,46.711],[4.856,46.716],[4.868,46.697],[4.893,46.692],[4.956,46.69],[5.004,46.698],[5.023,46.721],[5.014,46.757],[5.022,46.799],[5.014,46.819],[5.018,46.851],[5.034,46.859],[5.03,46.886],[5.014,46.891],[5.014,46.909],[5.026,46.918],[5.023,47],[5.041,47.025],[5.04,47.108],[5.051,47.125],[5.077,47.132],[5.18,47.138],[5.217,47.13],[5.28,47.135],[5.313,47.125],[5.326,47.131],[5.334,47.166],[5.331,47.192],[5.339,47.205],[5.328,47.218],[5.343,47.306],[5.326,47.381],[5.3,47.393],[5.29,47.387],[5.234,47.395],[5.21,47.391],[5.194,47.379],[5.159,47.384],[5.142,47.369],[5.124,47.381],[5.04,47.38],[4.944,47.394],[4.866,47.383],[4.719,47.396],[4.68,47.382],[4.664,47.32]],[[4.922,46.866],[4.922,46.873],[4.951,46.881],[4.947,46.867],[4.922,46.866]]]}},{"type":"Feature","properties":{},"geometry":{"type":"Polygon","coordinates":[[[4.668,45.979],[4.679,45.973],[4.671,45.956],[4.723,45.945],[4.785,45.967],[4.789,45.991],[4.779,45.996],[4.785,46.007],[4.754,46.017],[4.752,46.027],[4.687,46.029],[4.672,46.013],[4.668,45.979]]]}},{"type":"Feature","properties":{},"geometry":{"type":"Polygon","coordinates":[[[20.042,46.197],[20.047,46.188],[20.257,46.187],[20.257,46.307],[20.248,46.307],[20.248,46.345],[20.042,46.345],[20.042,46.197]]]}},{"type":"Feature","properties":{},"geometry":{"type":"Polygon","coordinates":[[[20.128,47.131],[20.141,47.131],[20.141,47.122],[20.163,47.123],[20.164,47.116],[20.248,47.116],[20.248,47.204],[20.13,47.204],[20.128,47.131]]]}},{"type":"Feature","properties":{},"geometry":{"type":"Polygon","coordinates":[[[20.345,45.368],[20.393,45.333],[20.417,45.325],[20.44,45.367],[20.424,45.409],[20.417,45.411],[20.363,45.399],[20.345,45.368]]]}},{"type":"Feature","properties":{},"geometry":{"type":"Polygon","coordinates":[[[20.599,48.102],[20.603,48.056],[20.749,48.008],[20.929,48.008],[20.928,48.152],[20.661,48.154],[20.599,48.139],[20.599,48.102]]]}},{"type":"Feature","properties":{},"geometry":{"type":"Polygon","coordinates":[[[20.635,49.612],[20.649,49.603],[20.65,49.586],[20.661,49.582],[20.656,49.576],[20.704,49.564],[20.759,49.585],[20.778,49.627],[20.771,49.629],[20.774,49.64],[20.766,49.649],[20.712,49.663],[20.68,49.661],[20.658,49.648],[20.652,49.624],[20.635,49.612]]]}},{"type":"Feature","properties":{},"geometry":{"type":"Polygon","coordinates":[[[20.816,45.994],[20.825,45.986],[20.823,45.903],[20.895,45.871],[20.875,45.848],[20.908,45.835],[20.921,45.82],[20.921,45.651],[20.943,45.639],[20.945,45.614],[20.959,45.605],[21.055,45.596],[21.124,45.605],[21.15,45.598],[21.194,45.602],[21.199,45.594],[21.268,45.591],[21.396,45.595],[21.429,45.608],[21.434,45.984],[21.425,46.027],[21.388,46.035],[21.242,46.027],[20.874,46.035],[20.83,46.03],[20.816,45.994]]]}},{"type":"Feature","properties":{},"geometry":{"type":"Polygon","coordinates":[[[20.864,49.977],[20.886,49.951],[21.004,49.96],[21.02,49.966],[21.037,49.998],[21.062,50.012],[21.066,50.037],[21.057,50.047],[21.004,50.06],[20.978,50.057],[20.945,50.047],[20.95,50.042],[20.932,50.031],[20.933,50.016],[20.875,50],[20.864,49.977]]]}},{"type":"Feature","properties":{},"geometry":{"type":"Polygon","coordinates":[[[21.16,48.705],[21.195,48.666],[21.234,48.662],[21.232,48.672],[21.254,48.677],[21.246,48.655],[21.271,48.658],[21.285,48.649],[21.308,48.654],[21.3,48.658],[21.304,48.663],[21.337,48.666],[21.333,48.695],[21.349,48.715],[21.346,48.725],[21.329,48.73],[21.335,48.744],[21.326,48.763],[21.312,48.763],[21.3,48.784],[21.264,48.792],[21.232,48.782],[21.179,48.743],[21.171,48.723],[21.16,48.717],[21.16,48.705]]]}},{"type":"Feature","properties":{},"geometry":{"type":"Polygon","coordinates":[[[21.182,48.999],[21.215,48.958],[21.21,48.954],[21.253,48.94],[21.26,48.947],[21.267,48.948],[21.264,48.942],[21.3,48.95],[21.296,48.954],[21.308,48.958],[21.313,48.976],[21.304,48.973],[21.322,48.98],[21.308,48.987],[21.312,49.009],[21.281,49.017],[21.275,49.037],[21.282,49.041],[21.231,49.041],[21.23,49.034],[21.199,49.023],[21.197,49.031],[21.189,49.028],[21.184,49.022],[21.191,49.009],[21.182,48.999]]]}},{"type":"Feature","properties":{},"geometry":{"type":"Polygon","coordinates":[[[21.221,46.171],[21.23,46.163],[21.275,46.16],[21.289,46.136],[21.349,46.121],[21.371,46.136],[21.389,46.183],[21.312,46.223],[21.268,46.23],[21.224,46.214],[21.221,46.171]]]}},{"type":"Feature","properties":{},"geometry":{"type":"Polygon","coordinates":[[[21.525,47.466],[21.775,47.466],[21.775,47.619],[21.525,47.619],[21.525,47.466]]]}},{"type":"Feature","properties":{},"geometry":{"type":"Polygon","coordinates":[[[21.655,47.917],[21.797,47.917],[21.797,47.924],[21.806,47.924],[21.806,47.989],[21.78,48.015],[21.655,48.018],[21.655,47.976],[21.668,47.976],[21.668,47.96],[21.655,47.959],[21.655,47.917]]]}},{"type":"Feature","properties":{},"geometry":{"type":"Polygon","coordinates":[[[21.831,45.338],[21.881,45.273],[21.911,45.273],[21.948,45.29],[21.864,45.354],[21.831,45.338]]]}},{"type":"Feature","properties":{},"geometry":{"type":"Polygon","coordinates":[[[21.845,47.085],[21.877,47.064],[21.874,47.046],[21.883,47.033],[21.877,47.022],[21.89,47],[21.914,46.998],[21.926,47.006],[21.93,47.001],[21.936,47.008],[21.977,47.011],[21.988,47.02],[21.992,47.054],[21.925,47.105],[21.856,47.11],[21.848,47.108],[21.845,47.085]]]}},{"type":"Feature","properties":{},"geometry":{"type":"Polygon","coordinates":[[[22.824,47.786],[22.831,47.784],[22.831,47.766],[22.898,47.756],[22.911,47.78],[22.926,47.785],[22.92,47.8],[22.937,47.809],[22.905,47.823],[22.886,47.818],[22.861,47.825],[22.825,47.807],[22.824,47.786]]]}},{"type":"Feature","properties":{},"geometry":{"type":"Polygon","coordinates":[[[23.233,45.039],[23.244,45.019],[23.283,45.011],[23.299,45.021],[23.303,45.041],[23.316,45.044],[23.32,45.073],[23.281,45.073],[23.233,45.039]]]}},{"type":"Feature","properties":{},"geometry":{"type":"Polygon","coordinates":[[[23.45,46.733],[23.483,46.722],[23.621,46.703],[23.737,46.76],[23.78,46.823],[23.545,46.811],[23.465,46.759],[23.45,46.733]]]}},{"type":"Feature","properties":{},"geometry":{"type":"Polygon","coordinates":[[[23.498,47.664],[23.512,47.639],[23.537,47.629],[23.57,47.628],[23.636,47.647],[23.637,47.682],[23.516,47.676],[23.498,47.664]]]}},{"type":"Feature","properties":{},"geometry":{"type":"Polygon","coordinates":[[[24.019,45.801],[24.022,45.777],[24.038,45.747],[24.215,45.734],[24.234,45.74],[24.241,45.785],[24.233,45.796],[24.158,45.834],[24.034,45.835],[24.02,45.823],[24.019,45.801]]]}},{"type":"Feature","properties":{},"geometry":{"type":"Polygon","coordinates":[[[24.261,45.034],[24.306,45.022],[24.372,45.052],[24.376,45.062],[24.418,45.084],[24.421,45.135],[24.399,45.146],[24.351,45.149],[24.346,45.14],[24.333,45.139],[24.315,45.115],[24.317,45.077],[24.3,45.073],[24.295,45.058],[24.263,45.042],[24.261,45.034]]]}},{"type":"Feature","properties":{},"geometry":{"type":"Polygon","coordinates":[[[24.285,46.149],[24.3,46.143],[24.294,46.13],[24.353,46.119],[24.388,46.133],[24.409,46.156],[24.417,46.178],[24.392,46.186],[24.39,46.198],[24.337,46.202],[24.317,46.193],[24.285,46.149]]]}},{"type":"Feature","properties":{},"geometry":{"type":"Polygon","coordinates":[[[24.413,47.11],[24.42,47.1],[24.461,47.086],[24.5,47.094],[24.541,47.109],[24.535,47.113],[24.552,47.122],[24.55,47.131],[24.567,47.138],[24.575,47.154],[24.56,47.167],[24.52,47.176],[24.471,47.173],[24.454,47.165],[24.413,47.11]]]}},{"type":"Feature","properties":{},"geometry":{"type":"Polygon","coordinates":[[[24.457,46.508],[24.5,46.487],[24.557,46.514],[24.607,46.526],[24.613,46.539],[24.594,46.565],[24.542,46.577],[24.495,46.554],[24.48,46.541],[24.48,46.526],[24.469,46.524],[24.457,46.508]]]}},{"type":"Feature","properties":{},"geometry":{"type":"Polygon","coordinates":[[[24.689,46.21],[24.861,46.21],[24.862,46.235],[24.689,46.24],[24.689,46.21]]]}},{"type":"Feature","properties":{},"geometry":{"type":"Polygon","coordinates":[[[25.26,40.965],[25.334,40.961],[25.344,40.952],[25.365,40.951],[25.377,40.935],[25.373,40.924],[25.41,40.922],[25.469,40.9],[25.545,40.902],[25.586,40.879],[25.657,40.871],[25.678,40.86],[25.844,40.849],[25.856,40.897],[25.873,40.894],[25.878,40.873],[25.915,40.869],[25.966,40.879],[26.003,40.838],[26.02,40.84],[26.029,41.006],[25.878,41.019],[25.829,41.053],[25.825,41.209],[25.286,41.212],[25.266,41.155],[25.26,40.965]],[[25.892,40.95],[25.903,40.962],[25.913,40.96],[25.907,40.95],[25.892,40.95]]]}},{"type":"Feature","properties":{},"geometry":{"type":"Polygon","coordinates":[[[25.403,44.93],[25.418,44.908],[25.45,44.894],[25.486,44.894],[25.49,44.905],[25.505,44.905],[25.499,44.912],[25.51,44.915],[25.508,44.93],[25.477,44.957],[25.429,44.955],[25.403,44.93]]]}},{"type":"Feature","properties":{},"geometry":{"type":"Polygon","coordinates":[[[25.466,41.987],[25.469,41.88],[25.635,41.88],[25.635,41.904],[25.624,41.905],[25.627,41.927],[25.637,41.929],[25.641,41.991],[25.466,41.987]]]}},{"type":"Feature","properties":{},"geometry":{"type":"Polygon","coordinates":[[[25.558,42.424],[25.565,42.409],[25.578,42.403],[25.575,42.398],[25.595,42.389],[25.623,42.388],[25.672,42.408],[25.719,42.407],[25.718,42.457],[25.632,42.466],[25.573,42.457],[25.573,42.441],[25.558,42.424]]]}},{"type":"Feature","properties":{},"geometry":{"type":"Polygon","coordinates":[[[25.837,44.224],[25.848,44.179],[25.84,44.163],[25.852,44.074],[25.878,44.061],[26.104,44.054],[26.116,44.045],[26.228,44.059],[26.249,44.073],[26.274,44.073],[26.293,44.087],[26.279,44.088],[26.283,44.093],[26.331,44.106],[26.34,44.102],[26.425,44.12],[26.478,44.114],[26.558,44.132],[26.537,44.12],[26.532,44.106],[26.564,44.081],[26.546,44.08],[26.555,44.07],[26.581,44.048],[26.601,44.043],[26.603,44.034],[26.667,44.043],[26.679,44.055],[26.667,44.108],[26.613,44.128],[26.616,44.136],[26.645,44.14],[26.65,44.126],[26.672,44.112],[26.792,44.104],[26.855,44.131],[26.871,44.147],[26.901,44.15],[26.908,44.167],[26.93,44.184],[26.987,44.193],[27.009,44.212],[27.002,44.233],[26.971,44.247],[26.951,44.274],[26.835,44.286],[26.809,44.268],[26.809,44.251],[26.844,44.227],[26.849,44.215],[26.829,44.192],[26.807,44.18],[26.687,44.168],[26.683,44.188],[26.667,44.204],[26.678,44.281],[26.667,44.335],[26.628,44.359],[26.499,44.354],[26.456,44.369],[26.421,44.362],[26.399,44.408],[26.345,44.418],[26.322,44.436],[26.282,44.43],[26.282,44.415],[26.271,44.419],[26.261,44.408],[26.249,44.412],[26.253,44.463],[26.23,44.516],[26.235,44.538],[26.136,44.594],[26.054,44.59],[26.012,44.551],[25.983,44.539],[25.981,44.489],[25.987,44.488],[25.981,44.475],[25.958,44.462],[25.957,44.43],[25.958,44.418],[25.979,44.407],[25.983,44.367],[25.979,44.361],[25.965,44.367],[25.948,44.361],[25.936,44.368],[25.86,44.351],[25.858,44.338],[25.844,44.329],[25.838,44.274],[25.844,44.252],[25.837,44.224]],[[26.235,44.362],[26.267,44.387],[26.29,44.362],[26.235,44.362]]]}},{"type":"Feature","properties":{},"geometry":{"type":"Polygon","coordinates":[[[25.881,43.863],[25.887,43.803],[25.922,43.796],[25.933,43.801],[25.946,43.792],[26.035,43.791],[26.061,43.835],[26.098,43.868],[26.102,43.927],[25.889,43.929],[25.893,43.865],[25.881,43.863]]]}},{"type":"Feature","properties":{},"geometry":{"type":"Polygon","coordinates":[[[25.961,44.935],[26.014,44.897],[26.071,44.915],[26.077,44.919],[26.071,44.922],[26.112,44.938],[26.116,44.948],[26.021,44.988],[25.962,44.947],[25.961,44.935]]]}},{"type":"Feature","properties":{},"geometry":{"type":"Polygon","coordinates":[[[26.27,42.618],[26.333,42.617],[26.353,42.627],[26.396,42.662],[26.395,42.686],[26.363,42.716],[26.333,42.721],[26.297,42.714],[26.274,42.692],[26.27,42.618]]]}},{"type":"Feature","properties":{},"geometry":{"type":"Polygon","coordinates":[[[26.417,44.471],[26.423,44.46],[26.447,44.454],[26.47,44.428],[26.491,44.421],[26.576,44.423],[26.62,44.446],[26.621,44.456],[26.612,44.478],[26.599,44.48],[26.599,44.491],[26.554,44.501],[26.476,44.492],[26.433,44.5],[26.417,44.492],[26.417,44.471]]]}},{"type":"Feature","properties":{},"geometry":{"type":"Polygon","coordinates":[[[26.454,42.443],[26.543,42.445],[26.543,42.519],[26.52,42.519],[26.516,42.493],[26.454,42.485],[26.454,42.443]]]}},{"type":"Feature","properties":{},"geometry":{"type":"Polygon","coordinates":[[[26.775,44.468],[26.797,44.426],[26.824,44.397],[26.866,44.387],[26.967,44.411],[27.004,44.431],[27,44.45],[26.827,44.506],[26.798,44.5],[26.776,44.485],[26.775,44.468]]]}},{"type":"Feature","properties":{},"geometry":{"type":"Polygon","coordinates":[[[26.884,43.289],[26.885,43.277],[26.907,43.267],[26.918,43.228],[26.996,43.228],[26.996,43.305],[26.884,43.305],[26.884,43.289]]]}},{"type":"Feature","properties":{},"geometry":{"type":"Polygon","coordinates":[[[27.03,44.277],[27.041,44.258],[27.084,44.228],[27.117,44.227],[27.199,44.247],[27.21,44.265],[27.296,44.141],[27.334,44.136],[27.488,44.208],[27.48,44.221],[27.361,44.301],[27.215,44.272],[27.227,44.306],[27.205,44.326],[27.055,44.306],[27.03,44.277]]]}},{"type":"Feature","properties":{},"geometry":{"type":"Polygon","coordinates":[[[27.264,42.601],[27.286,42.572],[27.287,42.553],[27.297,42.553],[27.316,42.502],[27.326,42.505],[27.342,42.457],[27.359,42.452],[27.36,42.442],[27.414,42.435],[27.415,42.442],[27.425,42.443],[27.521,42.443],[27.497,42.455],[27.488,42.471],[27.5,42.524],[27.515,42.541],[27.539,42.548],[27.545,42.561],[27.548,42.607],[27.271,42.608],[27.264,42.601]]]}},{"type":"Feature","properties":{},"geometry":{"type":"Polygon","coordinates":[[[27.267,44.418],[27.287,44.4],[27.364,44.373],[27.399,44.375],[27.445,44.464],[27.444,44.49],[27.412,44.506],[27.385,44.503],[27.28,44.449],[27.267,44.418]]]}},{"type":"Feature","properties":{},"geometry":{"type":"Polygon","coordinates":[[[27.508,44.233],[27.518,44.215],[27.539,44.21],[27.637,44.231],[27.692,44.285],[27.797,44.306],[27.819,44.325],[27.817,44.351],[27.783,44.376],[27.716,44.365],[27.648,44.335],[27.639,44.322],[27.577,44.31],[27.563,44.277],[27.53,44.264],[27.508,44.233]]]}},{"type":"Feature","properties":{},"geometry":{"type":"Polygon","coordinates":[[[27.577,44.423],[27.585,44.397],[27.626,44.379],[27.68,44.392],[27.709,44.419],[27.697,44.45],[27.653,44.468],[27.609,44.459],[27.577,44.423]]]}},{"type":"Feature","properties":{},"geometry":{"type":"Polygon","coordinates":[[[27.743,43.567],[27.746,43.532],[27.9,43.532],[27.901,43.609],[27.846,43.638],[27.749,43.638],[27.743,43.567]]]}},{"type":"Feature","properties":{},"geometry":{"type":"Polygon","coordinates":[[[27.764,43.165],[27.872,43.164],[27.872,43.184],[27.919,43.184],[27.944,43.198],[28.015,43.212],[28.054,43.269],[28.056,43.285],[28.047,43.291],[28.052,43.315],[28.019,43.308],[27.997,43.287],[27.927,43.287],[27.927,43.269],[27.901,43.268],[27.905,43.252],[27.89,43.251],[27.881,43.271],[27.87,43.272],[27.87,43.288],[27.764,43.287],[27.764,43.165]]]}},{"type":"Feature","properties":{},"geometry":{"type":"Polygon","coordinates":[[[28.537,44.09],[28.538,44.068],[28.589,43.981],[28.67,43.981],[28.669,44.018],[28.652,44.075],[28.676,44.077],[28.676,44.136],[28.687,44.147],[28.661,44.226],[28.644,44.239],[28.589,44.243],[28.578,44.237],[28.573,44.194],[28.549,44.162],[28.537,44.09]]]}},{"type":"Feature","properties":{},"geometry":{"type":"Polygon","coordinates":[[[-4.857,41.659],[-4.849,41.636],[-4.853,41.552],[-4.844,41.541],[-4.793,41.54],[-4.789,41.547],[-4.721,41.538],[-4.694,41.549],[-4.684,41.539],[-4.657,41.543],[-4.646,41.606],[-4.655,41.646],[-4.647,41.649],[-4.65,41.689],[-4.657,41.705],[-4.647,41.716],[-4.655,41.731],[-4.826,41.686],[-4.848,41.677],[-4.857,41.659]]]}},{"type":"Feature","properties":{},"geometry":{"type":"Polygon","coordinates":[[[-4.785,40.648],[-4.776,40.602],[-4.734,40.602],[-4.596,40.651],[-4.581,40.661],[-4.583,40.7],[-4.625,40.707],[-4.701,40.681],[-4.709,40.684],[-4.72,40.674],[-4.739,40.674],[-4.743,40.664],[-4.785,40.648]]]}},{"type":"Feature","properties":{},"geometry":{"type":"Polygon","coordinates":[[[-4.59,41.988],[-4.57,41.878],[-4.458,41.873],[-4.454,41.926],[-4.462,41.951],[-4.46,42.031],[-4.467,42.055],[-4.584,42.054],[-4.59,41.988]]]}},{"type":"Feature","properties":{},"geometry":{"type":"Polygon","coordinates":[[[-4.23,43.347],[-4.22,43.324],[-4.209,43.318],[-4.206,43.285],[-4.132,43.277],[-4.125,43.223],[-4.086,43.217],[-4.113,43.21],[-4.108,43.193],[-4.097,43.189],[-4.066,43.198],[-4.075,43.208],[-4.066,43.213],[-4.05,43.189],[-4.005,43.18],[-3.995,43.191],[-3.976,43.193],[-3.974,43.241],[-3.954,43.261],[-3.856,43.263],[-3.84,43.275],[-3.84,43.264],[-3.833,43.263],[-3.649,43.263],[-3.645,43.277],[-3.624,43.285],[-3.623,43.317],[-3.636,43.364],[-3.628,43.383],[-3.636,43.458],[-3.632,43.486],[-3.641,43.504],[-3.663,43.504],[-3.687,43.49],[-3.733,43.487],[-3.744,43.476],[-3.746,43.482],[-3.766,43.482],[-3.779,43.501],[-3.823,43.505],[-3.866,43.488],[-3.948,43.483],[-3.974,43.459],[-3.999,43.453],[-4.007,43.463],[-4.022,43.464],[-4.021,43.454],[-4.054,43.454],[-4.059,43.446],[-4.083,43.445],[-4.125,43.424],[-4.211,43.402],[-4.209,43.381],[-4.226,43.373],[-4.23,43.347]]]}},{"type":"Feature","properties":{},"geometry":{"type":"Polygon","coordinates":[[[-4.167,40.58],[-4.12,40.566],[-4.103,40.602],[-4.108,40.63],[-4.128,40.632],[-4.142,40.612],[-4.167,40.596],[-4.167,40.58]]]}},{"type":"Feature","properties":{},"geometry":{"type":"Polygon","coordinates":[[[-4.146,40.94],[-4.143,40.944],[-4.145,40.886],[-4.028,40.885],[-4.032,40.994],[-4.146,40.993],[-4.146,40.94]],[[-4.132,40.891],[-4.087,40.9],[-4.079,40.925],[-4.076,40.92],[-4.087,40.894],[-4.132,40.891]]]}},{"type":"Feature","properties":{},"geometry":{"type":"Polygon","coordinates":[[[-4.07,40.668],[-4.059,40.612],[-4.048,40.609],[-4.053,40.542],[-4.003,40.531],[-4.003,40.268],[-3.966,40.268],[-3.983,40.258],[-3.983,40.241],[-3.98,40.224],[-3.972,40.224],[-3.965,40.207],[-3.952,40.204],[-3.95,40.133],[-3.923,40.123],[-3.564,40.122],[-3.553,40.142],[-3.554,40.224],[-3.49,40.228],[-3.491,40.272],[-3.37,40.27],[-3.37,40.429],[-3.366,40.44],[-3.327,40.452],[-3.303,40.476],[-3.295,40.518],[-3.33,40.527],[-3.321,40.534],[-3.345,40.541],[-3.374,40.54],[-3.371,40.563],[-3.538,40.562],[-3.536,40.62],[-3.564,40.629],[-3.678,40.629],[-3.68,40.637],[-3.742,40.64],[-3.742,40.561],[-3.859,40.566],[-3.87,40.629],[-3.882,40.64],[-3.929,40.64],[-3.945,40.673],[-3.999,40.679],[-4.062,40.675],[-4.07,40.668]],[[-3.487,40.499],[-3.485,40.505],[-3.429,40.517],[-3.424,40.496],[-3.409,40.494],[-3.407,40.479],[-3.479,40.463],[-3.485,40.468],[-3.481,40.497],[-3.487,40.499]],[[-3.411,40.451],[-3.393,40.454],[-3.388,40.442],[-3.406,40.442],[-3.411,40.451]]]}},{"type":"Feature","properties":{},"geometry":{"type":"Polygon","coordinates":[[[-3.79,42.362],[-3.782,42.361],[-3.775,42.317],[-3.755,42.311],[-3.755,42.285],[-3.654,42.285],[-3.654,42.309],[-3.615,42.322],[-3.602,42.368],[-3.604,42.391],[-3.775,42.389],[-3.775,42.374],[-3.79,42.362]]]}},{"type":"Feature","properties":{},"geometry":{"type":"Polygon","coordinates":[[[-3.646,40.023],[-3.645,40.013],[-3.623,40.011],[-3.624,39.99],[-3.558,39.989],[-3.558,40.077],[-3.625,40.077],[-3.646,40.023]]]}},{"type":"Feature","properties":{},"geometry":{"type":"Polygon","coordinates":[[[-3.231,40.618],[-3.211,40.609],[-3.214,40.592],[-3.161,40.587],[-3.156,40.598],[-3.139,40.59],[-3.106,40.615],[-3.102,40.63],[-3.123,40.634],[-3.124,40.644],[-3.106,40.647],[-3.106,40.655],[-3.131,40.679],[-3.19,40.689],[-3.219,40.683],[-3.226,40.68],[-3.22,40.668],[-3.227,40.666],[-3.227,40.655],[-3.211,40.648],[-3.223,40.639],[-3.212,40.638],[-3.229,40.631],[-3.231,40.618]]]}},{"type":"Feature","properties":{},"geometry":{"type":"Polygon","coordinates":[[[-3.142,43.321],[-3.141,43.297],[-3.121,43.297],[-3.127,43.238],[-3.12,43.209],[-3.127,43.19],[-3.12,43.177],[-3.064,43.186],[-3.017,43.18],[-2.898,43.19],[-2.815,43.184],[-2.788,43.17],[-2.646,43.176],[-2.439,43.169],[-2.416,43.179],[-2.379,43.172],[-2.063,43.172],[-2.012,43.177],[-1.96,43.233],[-1.895,43.276],[-1.839,43.284],[-1.835,43.291],[-1.855,43.285],[-1.822,43.3],[-1.825,43.317],[-1.77,43.332],[-1.78,43.333],[-1.747,43.334],[-1.743,43.348],[-1.75,43.359],[-1.737,43.364],[-1.728,43.382],[-1.751,43.394],[-1.762,43.393],[-1.745,43.39],[-1.776,43.386],[-1.781,43.403],[-1.799,43.405],[-1.81,43.386],[-1.809,43.357],[-1.835,43.34],[-1.831,43.366],[-1.842,43.381],[-1.925,43.346],[-1.979,43.344],[-2.046,43.32630188679245],[-2.046,43.327],[-2.048,43.327],[-2.048,43.326],[-2.047142857142857,43.326],[-2.138,43.302],[-2.155,43.307],[-2.171,43.298],[-2.19,43.318],[-2.207,43.322],[-2.296,43.306],[-2.352,43.313],[-2.455,43.347],[-2.502,43.386],[-2.543,43.386],[-2.558,43.4],[-2.619,43.403],[-2.628,43.419],[-2.67,43.423],[-2.672,43.434],[-2.685,43.438],[-2.7,43.43],[-2.73,43.438],[-2.736,43.456],[-2.745,43.46],[-2.793,43.457],[-2.807,43.443],[-2.915,43.449],[-2.955,43.443],[-3.002,43.401],[-3.043,43.386],[-3.053,43.373],[-3.067,43.374],[-3.069,43.386],[-3.091,43.388],[-3.131,43.366],[-3.142,43.321]]]}},{"type":"Feature","properties":{},"geometry":{"type":"Polygon","coordinates":[[[-2.828,42.814],[-2.715,42.805],[-2.705,42.811],[-2.707,42.804],[-2.683,42.799],[-2.674,42.808],[-2.661,42.802],[-2.655,42.811],[-2.623,42.816],[-2.622,42.837],[-2.607,42.869],[-2.628,42.901],[-2.738,42.902],[-2.751,42.891],[-2.745,42.864],[-2.828,42.859],[-2.828,42.814]]]}},{"type":"Feature","properties":{},"geometry":{"type":"Polygon","coordinates":[[[-2.527,42.434],[-2.488,42.408],[-2.396,42.408],[-2.372,42.432],[-2.372,42.513],[-2.407,42.522],[-2.414,42.512],[-2.497,42.505],[-2.517,42.515],[-2.527,42.434]]]}},{"type":"Feature","properties":{},"geometry":{"type":"Polygon","coordinates":[[[-2.164,40.029],[-2.119,40.029],[-2.119,40.085],[-2.164,40.085],[-2.164,40.029]]]}},{"type":"Feature","properties":{},"geometry":{"type":"Polygon","coordinates":[[[-1.741,42.712],[-1.739,42.7],[-1.627,42.699],[-1.6,42.705],[-1.524,42.811],[-1.522,42.83],[-1.579,42.879],[-1.734,42.878],[-1.741,42.866],[-1.734,42.768],[-1.741,42.712]]]}},{"type":"Feature","properties":{},"geometry":{"type":"Polygon","coordinates":[[[-1.7,43.386],[-1.505,43.351],[-1.483,43.356],[-1.416,43.339],[-1.382,43.342],[-1.361,43.316],[-1.342,43.311],[-1.341,43.287],[-1.27,43.284],[-1.269,43.348],[-1.281,43.364],[-1.284,43.402],[-1.276,43.434],[-1.286,43.457],[-1.281,43.475],[-1.287,43.477],[-1.277,43.523],[-1.286,43.529],[-1.279,43.564],[-1.277,43.649],[-1.287,43.662],[-1.281,43.721],[-1.303,43.727],[-1.338,43.72],[-1.375,43.731],[-1.45,43.719],[-1.46,43.645],[-1.517,43.554],[-1.542,43.538],[-1.542,43.52],[-1.583,43.491],[-1.583,43.477],[-1.609,43.441],[-1.695,43.406],[-1.7,43.386]],[[-1.463,43.466],[-1.428,43.47],[-1.436,43.461],[-1.463,43.466]],[[-1.438,43.525],[-1.438,43.531],[-1.414,43.521],[-1.413,43.501],[-1.405,43.496],[-1.416,43.483],[-1.428,43.483],[-1.42,43.495],[-1.434,43.506],[-1.438,43.525]]]}},{"type":"Feature","properties":{},"geometry":{"type":"Polygon","coordinates":[[[-1.283,44.616],[-1.258,44.546],[-1.182,44.538],[-1.158,44.588],[-0.909,44.589],[-0.902,44.631],[-1.104,44.808],[-1.166,44.813],[-1.18,44.811],[-1.262,44.729],[-1.274,44.628],[-1.283,44.616]]]}},{"type":"Feature","properties":{},"geometry":{"type":"Polygon","coordinates":[[[-1.044,41.725],[-1.037,41.718],[-1.041,41.706],[-1.027,41.699],[-1.024,41.687],[-0.987,41.666],[-0.983,41.653],[-0.996,41.627],[-0.992,41.62],[-0.953,41.59],[-0.895,41.592],[-0.803,41.614],[-0.803,41.652],[-0.79,41.666],[-0.791,41.675],[-0.803,41.677],[-0.803,41.713],[-1.044,41.725]]]}},{"type":"Feature","properties":{},"geometry":{"type":"Polygon","coordinates":[[[-0.744,44.726],[-0.698,44.716],[-0.531,44.724],[-0.461,44.717],[-0.452,44.734],[-0.453,44.75],[-0.464,44.761],[-0.563,44.756],[-0.623,44.761],[-0.678,44.754],[-0.654,44.769],[-0.604,44.777],[-0.599,44.79],[-0.577,44.775],[-0.536,44.777],[-0.529,44.795],[-0.508,44.808],[-0.504,44.827],[-0.52,44.839],[-0.52,44.879],[-0.549,44.892],[-0.553,44.905],[-0.582,44.905],[-0.581,44.894],[-0.615,44.895],[-0.674,44.86],[-0.724,44.851],[-0.74,44.813],[-0.72,44.797],[-0.728,44.771],[-0.715,44.767],[-0.71,44.756],[-0.74,44.753],[-0.744,44.726]],[[-0.724,44.817],[-0.715,44.829],[-0.692,44.826],[-0.691,44.815],[-0.713,44.808],[-0.724,44.817]]]}},{"type":"Feature","properties":{},"geometry":{"type":"Polygon","coordinates":[[[-0.474,43.327],[-0.464,43.313],[-0.408,43.282],[-0.406,43.269],[-0.386,43.267],[-0.385,43.259],[-0.369,43.256],[-0.365,43.266],[-0.354,43.263],[-0.336,43.274],[-0.301,43.267],[-0.288,43.274],[-0.287,43.339],[-0.327,43.337],[-0.347,43.344],[-0.369,43.357],[-0.369,43.368],[-0.402,43.373],[-0.406,43.363],[-0.415,43.362],[-0.468,43.373],[-0.474,43.327]]]}},{"type":"Feature","properties":{},"geometry":{"type":"Polygon","coordinates":[[[-0.445,42.118],[-0.367,42.117],[-0.364,42.155],[-0.441,42.155],[-0.445,42.118]]]}},{"type":"Feature","properties":{},"geometry":{"type":"Polygon","coordinates":[[[-0.151,40.032],[-0.146,40.004],[-0.126,39.984],[-0.11,40.008],[-0.081,40.019],[-0.069,40.032],[-0.001,40.039],[0.008,40.048],[0.011,40.072],[-0.148,40.079],[-0.151,40.032]]]}},{"type":"Feature","properties":{},"geometry":{"type":"Polygon","coordinates":[[[-0.104,43.067],[-0.003,43.062],[-0.001,43.13],[-0.104,43.132],[-0.104,43.067]]]}},{"type":"Feature","properties":{},"geometry":{"type":"Polygon","coordinates":[[[150.25,-28.546],[150.259,-28.547],[150.259,-28.556],[150.297,-28.563],[150.337,-28.588],[150.345,-28.58],[150.348,-28.519],[150.319,-28.501],[150.282,-28.498],[150.25,-28.524],[150.25,-28.546]]]}},{"type":"Feature","properties":{},"geometry":{"type":"Polygon","coordinates":[[[151.783,-27.474],[151.788,-27.52],[151.794,-27.537],[151.806,-27.541],[151.806,-27.591],[151.831,-27.676],[151.852,-27.684],[151.966,-27.688],[152.007,-27.677],[152.023,-27.646],[152.026,-27.619],[152.047,-27.611],[152.052,-27.585],[152.069,-27.566],[152.07,-27.54],[152.065,-27.52],[152.019,-27.463],[151.994,-27.45],[151.981,-27.412],[151.962,-27.39],[151.874,-27.385],[151.799,-27.395],[151.788,-27.419],[151.783,-27.474]]]}},{"type":"Feature","properties":{},"geometry":{"type":"Polygon","coordinates":[[[152.563,-27.617],[152.567,-27.656],[152.585,-27.673],[152.611,-27.669],[152.742,-27.686],[152.766,-27.68],[152.871,-27.685],[152.91,-27.705],[152.908,-27.722],[152.869,-27.713],[152.772,-27.708],[152.769,-27.713],[152.876,-27.725],[152.917,-27.765],[152.99,-27.767],[153.011,-27.777],[153.086,-27.776],[153.094,-27.784],[153.176,-27.788],[153.204,-27.805],[153.254,-27.807],[153.252,-27.869],[153.262,-27.878],[153.259,-27.922],[153.268,-27.958],[153.263,-27.965],[153.272,-27.969],[153.291,-28.036],[153.317,-28.085],[153.314,-28.093],[153.328,-28.101],[153.343,-28.129],[153.379,-28.154],[153.398,-28.188],[153.413,-28.193],[153.484,-28.277],[153.522,-28.303],[153.52,-28.313],[153.505,-28.314],[153.522,-28.322],[153.52,-28.332],[153.538,-28.356],[153.53,-28.43],[153.546,-28.46],[153.568,-28.459],[153.586,-28.385],[153.583,-28.309],[153.598,-28.252],[153.581,-28.239],[153.579,-28.192],[153.563,-28.159],[153.517,-28.15],[153.497,-28.12],[153.483,-28.114],[153.458,-28.073],[153.441,-27.953],[153.443,-27.825],[153.421,-27.806],[153.412,-27.763],[153.402,-27.753],[153.399,-27.709],[153.298,-27.722],[153.266,-27.721],[153.263,-27.715],[153.272,-27.711],[153.274,-27.68],[153.289,-27.681],[153.289,-27.711],[153.293,-27.68],[153.326,-27.677],[153.336,-27.681],[153.34,-27.698],[153.361,-27.702],[153.39,-27.692],[153.394,-27.677],[153.455,-27.675],[153.454,-27.637],[153.449,-27.626],[153.405,-27.615],[153.38,-27.57],[153.35,-27.559],[153.354,-27.546],[153.309,-27.503],[153.274,-27.485],[153.25,-27.449],[153.232,-27.449],[153.208,-27.435],[153.195,-27.405],[153.217,-27.366],[153.211,-27.352],[153.186,-27.355],[153.18,-27.336],[153.115,-27.34],[153.09,-27.317],[153.085,-27.299],[153.083,-27.29],[153.097,-27.277],[153.118,-27.277],[153.132,-27.227],[153.132,-27.197],[153.119,-27.183],[153.067,-27.184],[153.059,-27.157],[153.063,-27.145],[153.103,-27.11],[153.203,-27.102],[153.213,-27.087],[153.213,-27.074],[153.169,-26.992],[153.088,-26.994],[153.071,-27.013],[153.029,-27.013],[153.029,-27.002],[153.004,-26.998],[152.987,-27.015],[152.913,-27.015],[152.904,-27.07],[152.898,-27.071],[152.895,-27.142],[152.908,-27.169],[152.92,-27.26],[152.938,-27.261],[152.941,-27.275],[152.926,-27.28],[152.913,-27.303],[152.917,-27.341],[152.805,-27.342],[152.796,-27.352],[152.79,-27.397],[152.812,-27.408],[152.879,-27.416],[152.895,-27.466],[152.867,-27.485],[152.732,-27.53],[152.732,-27.536],[152.696,-27.547],[152.695,-27.555],[152.666,-27.57],[152.563,-27.617]]]}},{"type":"Feature","properties":{},"geometry":{"type":"Polygon","coordinates":[[[152.569,-25.222],[152.582,-25.258],[152.626,-25.276],[152.632,-25.454],[152.625,-25.479],[152.612,-25.483],[152.59,-25.509],[152.59,-25.53],[152.619,-25.552],[152.628,-25.582],[152.702,-25.587],[152.746,-25.575],[152.754,-25.438],[152.761,-25.438],[152.766,-25.418],[152.777,-25.416],[152.796,-25.381],[152.832,-25.345],[152.862,-25.356],[152.871,-25.422],[152.886,-25.442],[152.939,-25.443],[152.948,-25.428],[152.937,-25.261],[152.912,-25.265],[152.898,-25.245],[152.886,-25.242],[152.879,-25.247],[152.883,-25.271],[152.857,-25.273],[152.84,-25.266],[152.836,-25.241],[152.809,-25.232],[152.796,-25.237],[152.794,-25.255],[152.746,-25.258],[152.704,-25.25],[152.7,-25.236],[152.662,-25.211],[152.621,-25.158],[152.607,-25.155],[152.582,-25.154],[152.577,-25.16],[152.569,-25.222]]]}},{"type":"Feature","properties":{},"geometry":{"type":"Polygon","coordinates":[[[152.596,-26.247],[152.603,-26.256],[152.641,-26.26],[152.667,-26.248],[152.695,-26.25],[152.713,-26.236],[152.717,-26.213],[152.707,-26.204],[152.698,-26.159],[152.665,-26.114],[152.645,-26.107],[152.629,-26.122],[152.632,-26.158],[152.603,-26.192],[152.596,-26.247]]]}},{"type":"Feature","properties":{},"geometry":{"type":"Polygon","coordinates":[[[152.883,-29.739],[152.895,-29.755],[152.937,-29.766],[152.97,-29.754],[152.97,-29.727],[152.963,-29.727],[152.967,-29.659],[152.956,-29.628],[152.939,-29.622],[152.937,-29.608],[152.921,-29.607],[152.92,-29.619],[152.899,-29.633],[152.883,-29.739]]]}},{"type":"Feature","properties":{},"geometry":{"type":"Polygon","coordinates":[[[152.883,-26.428],[152.892,-26.442],[152.895,-26.478],[152.917,-26.495],[152.905,-26.543],[152.913,-26.541],[152.912,-26.613],[152.905,-26.627],[152.926,-26.665],[152.92,-26.688],[152.93193343653252,-26.767862229102168],[152.931,-26.808],[152.924,-26.809],[152.91,-26.842],[152.904,-26.882],[152.91,-26.932],[152.996,-26.936],[153.132,-26.861],[153.145,-26.82],[153.162,-26.8],[153.148,-26.77],[153.149,-26.679],[153.145,-26.67],[153.127,-26.67],[153.116,-26.659],[153.112,-26.627],[153.121,-26.624],[153.121,-26.604],[153.111,-26.603],[153.114,-26.543],[153.104,-26.523],[153.129,-26.394],[153.123,-26.377],[153.129,-26.372],[153.089,-26.373],[153.057,-26.355],[153.007,-26.361],[152.987,-26.379],[152.959,-26.376],[152.959,-26.382],[152.928,-26.394],[152.899,-26.393],[152.924,-26.393],[152.92,-26.377],[152.898,-26.376],[152.883,-26.428]]]}},{"type":"Feature","properties":{},"geometry":{"type":"Polygon","coordinates":[[[152.993,-28.868],[153,-28.868],[153.008,-28.884],[153.045,-28.899],[153.071,-28.898],[153.092,-28.849],[153.071,-28.83],[153.024,-28.828],[152.998,-28.849],[152.993,-28.868]]]}},{"type":"Feature","properties":{},"geometry":{"type":"Polygon","coordinates":[[[153.23,-28.8],[153.239,-28.827],[153.259,-28.842],[153.355,-28.851],[153.39,-28.828],[153.391,-28.816],[153.381,-28.803],[153.34,-28.785],[153.287,-28.774],[153.251,-28.771],[153.241,-28.776],[153.23,-28.8]]]}},{"type":"Feature","properties":{},"geometry":{"type":"Polygon","coordinates":[[[153.491,-28.868],[153.504,-28.881],[153.542,-28.892],[153.57,-28.892],[153.592,-28.882],[153.614,-28.855],[153.614,-28.799],[153.605,-28.794],[153.601,-28.766],[153.574,-28.777],[153.563,-28.81],[153.522,-28.824],[153.509,-28.836],[153.491,-28.868]]]}},{"type":"Feature","properties":{},"geometry":{"type":"Polygon","coordinates":[[[-4.232,47.972],[-4.23,47.944],[-3.97,47.939],[-3.967,48.051],[-4.136,48.048],[-4.23,48],[-4.232,47.972]]]}},{"type":"Feature","properties":{},"geometry":{"type":"Polygon","coordinates":[[[-3.01,48.532],[-2.965,48.525],[-2.965,48.514],[-2.986,48.5],[-3.005,48.447],[-2.999,48.409],[-2.983,48.403],[-2.973,48.388],[-2.955,48.385],[-2.762,48.382],[-2.678,48.391],[-2.598,48.384],[-2.523,48.39],[-2.495,48.383],[-2.455,48.39],[-2.26,48.383],[-2.223,48.394],[-2.214,48.381],[-1.997,48.38],[-1.975,48.374],[-1.835,48.386],[-1.774,48.404],[-1.773,48.502],[-1.763,48.525],[-1.765,48.535],[-1.777,48.538],[-1.767,48.544],[-1.774,48.568],[-1.77,48.607],[-1.778,48.627],[-1.821,48.629],[-1.846,48.644],[-1.814,48.679],[-1.822,48.694],[-1.833,48.695],[-1.826,48.705],[-1.831,48.718],[-1.908,48.705],[-1.931,48.714],[-1.993,48.703],[-2.009,48.678],[-2.028,48.67],[-2.05,48.667],[-2.05,48.675],[-2.038,48.675],[-2.034,48.684],[-2.204,48.63],[-2.208,48.637],[-2.226,48.624],[-2.234,48.657],[-2.281,48.652],[-2.271,48.668],[-2.335,48.673],[-2.476,48.662],[-2.501,48.652],[-2.498,48.627],[-2.514,48.618],[-2.543,48.61],[-2.561,48.627],[-2.589,48.627],[-2.589,48.608],[-2.575,48.596],[-2.598,48.573],[-2.641,48.565],[-2.664,48.569],[-2.672,48.562],[-2.742,48.578],[-2.799,48.613],[-2.799,48.632],[-2.785,48.627],[-2.781,48.617],[-2.759,48.618],[-2.756,48.637],[-2.764,48.657],[-2.87,48.672],[-2.983,48.668],[-2.995,48.662],[-3.002,48.64],[-3.002,48.621],[-2.991,48.617],[-2.99,48.605],[-2.998,48.567],[-2.987,48.549],[-3.01,48.532]]]}},{"type":"Feature","properties":{},"geometry":{"type":"Polygon","coordinates":[[[-2.891,47.664],[-2.883,47.651],[-2.889,47.627],[-2.873,47.602],[-2.873,47.582],[-2.859,47.578],[-2.751,47.583],[-2.726,47.574],[-2.715,47.581],[-2.648,47.575],[-2.652,47.581],[-2.631,47.592],[-2.631,47.727],[-2.639,47.737],[-2.877,47.737],[-2.887,47.728],[-2.891,47.664]]]}},{"type":"Feature","properties":{},"geometry":{"type":"Polygon","coordinates":[[[-2.328,47.236],[-2.314,47.23],[-2.321,47.217],[-2.304,47.217],[-2.307,47.225],[-2.26,47.23],[-2.251,47.242],[-2.222,47.246],[-2.186,47.266],[-2.182,47.253],[-2.193,47.228],[-2.184,47.216],[-2.104,47.215],[-2.105,47.352],[-2.218,47.352],[-2.322,47.289],[-2.321,47.248],[-2.328,47.236]],[[-2.155,47.318],[-2.144,47.324],[-2.134,47.317],[-2.131,47.296],[-2.151,47.296],[-2.155,47.318]]]}},{"type":"Feature","properties":{},"geometry":{"type":"Polygon","coordinates":[[[-2.035,46.821],[-1.927,46.815],[-1.497,46.82],[-1.479,46.812],[-1.395,46.817],[-1.395,46.83],[-1.232,46.833],[-1.224,46.848],[-1.229,46.864],[-1.214,46.943],[-1.221,46.979],[-1.208,46.989],[-1.219,47.006],[-1.217,47.035],[-1.226,47.053],[-1.217,47.063],[-1.225,47.082],[-1.221,47.101],[-1.233,47.116],[-1.295,47.12],[-1.353,47.113],[-1.769,47.119],[-1.989,47.112],[-1.995,47.103],[-1.987,47.088],[-1.997,47.081],[-1.99,47.065],[-1.995,47.023],[-1.989,47.02],[-1.994,47.004],[-1.987,46.984],[-1.995,46.975],[-1.987,46.959],[-1.993,46.944],[-1.986,46.928],[-1.993,46.909],[-1.987,46.9],[-1.995,46.888],[-1.991,46.851],[-1.997,46.844],[-2.026,46.844],[-2.035,46.821]]]}},{"type":"Feature","properties":{},"geometry":{"type":"Polygon","coordinates":[[[-1.737,48.12],[-1.718,48.113],[-1.717,48.105],[-1.726,48.1],[-1.706,48.074],[-1.638,48.069],[-1.586,48.099],[-1.583,48.107],[-1.596,48.112],[-1.582,48.118],[-1.577,48.131],[-1.583,48.14],[-1.644,48.149],[-1.647,48.16],[-1.631,48.17],[-1.63,48.195],[-1.655,48.195],[-1.67,48.193],[-1.685,48.174],[-1.717,48.172],[-1.722,48.167],[-1.715,48.158],[-1.726,48.15],[-1.726,48.135],[-1.737,48.12]]]}},{"type":"Feature","properties":{},"geometry":{"type":"Polygon","coordinates":[[[-1.675,47.205],[-1.651,47.185],[-1.596,47.165],[-1.566,47.139],[-1.533,47.136],[-1.533,47.142],[-1.458,47.166],[-1.446,47.183],[-1.453,47.22],[-1.446,47.222],[-1.445,47.256],[-1.458,47.266],[-1.453,47.276],[-1.464,47.289],[-1.509,47.288],[-1.53,47.305],[-1.574,47.308],[-1.642,47.281],[-1.633,47.264],[-1.671,47.244],[-1.675,47.205]]]}},{"type":"Feature","properties":{},"geometry":{"type":"Polygon","coordinates":[[[-1.567,46.203],[-1.555,46.188],[-1.526,46.173],[-1.405,46.168],[-1.346,46.143],[-1.338,46.133],[-1.291,46.122],[-1.229,46.119],[-1.215,46.133],[-1.195,46.135],[-1.159,46.119],[-1.162,46.101],[-1.154,46.091],[-1.121,46.083],[-1.119,46.069],[-1.132,46.067],[-1.119,46.066],[-1.119,46.056],[-1.137,46.051],[-1.107,46.022],[-1.029,46.018],[-1.016,46.145],[-1.042,46.225],[-1.215,46.23],[-1.225,46.207],[-1.268,46.197],[-1.329,46.224],[-1.371,46.23],[-1.387,46.248],[-1.449,46.252],[-1.505,46.271],[-1.55,46.262],[-1.559,46.272],[-1.567,46.203]]]}},{"type":"Feature","properties":{},"geometry":{"type":"Polygon","coordinates":[[[-1.522,48.538],[-1.487,48.538],[-1.487,48.64],[-1.522,48.64],[-1.522,48.538]]]}},{"type":"Feature","properties":{},"geometry":{"type":"Polygon","coordinates":[[[-1.501,46.624],[-1.5,46.602],[-1.452,46.609],[-1.398,46.601],[-1.369,46.617],[-1.335,46.65],[-1.342,46.754],[-1.5,46.753],[-1.501,46.624]]]}},{"type":"Feature","properties":{},"geometry":{"type":"Polygon","coordinates":[[[-0.996,46.997],[-0.783,46.998],[-0.786,47.11],[-0.996,47.11],[-0.996,46.997]]]}},{"type":"Feature","properties":{},"geometry":{"type":"Polygon","coordinates":[[[-0.994,49.392],[-0.828,49.337],[-0.744,49.339],[-0.744,49.352],[-0.836,49.365],[-0.924,49.397],[-0.994,49.401],[-0.994,49.392]]]}},{"type":"Feature","properties":{},"geometry":{"type":"Polygon","coordinates":[[[-0.869,48.118],[-0.861,48.045],[-0.805,48.002],[-0.748,47.993],[-0.648,47.993],[-0.656,48.051],[-0.654,48.133],[-0.754,48.127],[-0.869,48.135],[-0.869,48.118]]]}},{"type":"Feature","properties":{},"geometry":{"type":"Polygon","coordinates":[[[-0.746,49.278],[-0.72,49.272],[-0.499,49.273],[-0.499,49.265],[-0.482,49.262],[-0.482,49.136],[-0.39,49.138],[-0.382,49.129],[-0.323,49.125],[-0.323,49.147],[-0.291,49.139],[-0.24,49.166],[-0.239,49.186],[-0.172,49.243],[-0.103,49.275],[-0.032,49.295],[-0.03,49.306],[-0.045,49.309],[-0.121,49.287],[-0.205,49.283],[-0.282,49.29],[-0.412,49.33],[-0.743,49.345],[-0.746,49.278]]]}},{"type":"Feature","properties":{},"geometry":{"type":"Polygon","coordinates":[[[-0.711,47.981],[-0.648,47.978],[-0.65,47.983],[-0.711,47.981]]]}},{"type":"Feature","properties":{},"geometry":{"type":"Polygon","coordinates":[[[-0.709,47.467],[-0.703,47.465],[-0.707,47.448],[-0.7,47.426],[-0.665,47.419],[-0.632,47.391],[-0.582,47.392],[-0.562,47.389],[-0.545,47.376],[-0.47,47.371],[-0.423,47.374],[-0.419,47.384],[-0.406,47.384],[-0.4,47.416],[-0.374,47.426],[-0.361,47.44],[-0.36,47.461],[-0.374,47.49],[-0.394,47.489],[-0.396,47.539],[-0.481,47.556],[-0.633,47.557],[-0.662,47.539],[-0.685,47.539],[-0.704,47.526],[-0.709,47.467]],[[-0.53,47.419],[-0.478,47.425],[-0.466,47.437],[-0.464,47.427],[-0.468,47.416],[-0.53,47.419]]]}},{"type":"Feature","properties":{},"geometry":{"type":"Polygon","coordinates":[[[-0.545,46.353],[-0.536,46.307],[-0.542,46.306],[-0.544,46.266],[-0.482,46.272],[-0.426,46.267],[-0.331,46.309],[-0.328,46.379],[-0.544,46.381],[-0.545,46.353]]]}},{"type":"Feature","properties":{},"geometry":{"type":"Polygon","coordinates":[[[-0.04,49.313],[0.125,49.312],[0.372,49.415],[0.389,49.423],[0.387,49.432],[0.277,49.432],[0.277,49.39],[0.148,49.39],[0.093,49.332],[0.032,49.33],[0.018,49.339],[0.115,49.405],[0.214,49.43],[0.146,49.431],[-0.026,49.33],[-0.04,49.321],[-0.04,49.313]]]}},{"type":"Feature","properties":{},"geometry":{"type":"Polygon","coordinates":[[[-46.883,-23.525],[-46.868,-23.536],[-46.872,-23.564],[-46.864,-23.578],[-46.858,-23.696],[-46.829,-23.696],[-46.809,-23.707],[-46.8,-23.699],[-46.756,-23.706],[-46.739,-23.719],[-46.693,-23.714],[-46.674,-23.726],[-46.641,-23.729],[-46.574,-23.753],[-46.528,-23.743],[-46.524,-23.748],[-46.436,-23.701],[-46.417,-23.702],[-46.412,-23.609],[-46.395,-23.593],[-46.395,-23.689],[-46.39,-23.603],[-46.342,-23.564],[-46.301,-23.565],[-46.305,-23.541],[-46.32,-23.539],[-46.329,-23.507],[-46.349,-23.486],[-46.338,-23.476],[-46.362,-23.468],[-46.366,-23.453],[-46.355,-23.441],[-46.366,-23.43],[-46.387,-23.428],[-46.391,-23.381],[-46.395,-23.43],[-46.402,-23.43],[-46.409,-23.428],[-46.413,-23.381],[-46.443,-23.366],[-46.513,-23.395],[-46.513,-23.407],[-46.549,-23.415],[-46.567,-23.409],[-46.583,-23.423],[-46.645,-23.42],[-46.651,-23.432],[-46.663,-23.432],[-46.667,-23.451],[-46.675,-23.451],[-46.678,-23.442],[-46.692,-23.446],[-46.707,-23.434],[-46.725,-23.433],[-46.789,-23.454],[-46.817,-23.448],[-46.82,-23.463],[-46.831,-23.466],[-46.85,-23.459],[-46.851,-23.471],[-46.879,-23.471],[-46.872,-23.517],[-46.883,-23.517],[-46.883,-23.525]],[[-46.369,-23.499],[-46.368,-23.491],[-46.349,-23.495],[-46.358,-23.516],[-46.369,-23.499]]]}},{"type":"Feature","properties":{},"geometry":{"type":"Polygon","coordinates":[[[-46.519,-24.011],[-46.496,-24.046],[-46.412,-24.025],[-46.406,-24.033],[-46.383,-24.033],[-46.379,-23.995],[-46.34,-23.98],[-46.324,-23.99],[-46.335,-24.014],[-46.333,-24.029],[-46.287,-24.034],[-46.255,-24.02],[-46.239,-23.995],[-46.218,-23.995],[-46.226,-24.004],[-46.219,-24.003],[-46.182,-23.986],[-46.214,-23.95],[-46.266,-23.972],[-46.302,-23.921],[-46.413,-23.908],[-46.45,-23.922],[-46.425,-23.975],[-46.519,-24.011]]]}},{"type":"Feature","properties":{},"geometry":{"type":"Polygon","coordinates":[[[25.039,35.331],[25.047,35.314],[25.083,35.314],[25.155,35.29],[25.199,35.299],[25.211,35.314],[25.24,35.314],[25.248,35.303],[25.271,35.299],[25.275,35.314],[25.249,35.315],[25.242,35.327],[25.267,35.339],[25.274,35.318],[25.302,35.317],[25.302,35.212],[25.311,35.222],[25.328,35.223],[25.347,35.213],[25.35,35.196],[25.516,35.193],[25.52,35.227],[25.506,35.233],[25.499,35.248],[25.502,35.264],[25.516,35.269],[25.509,35.294],[25.529,35.322],[25.446,35.303],[25.407,35.321],[25.398,35.348],[25.37,35.353],[25.227,35.342],[25.148,35.361],[25.068,35.349],[25.052,35.363],[25.045,35.354],[25.056,35.351],[25.06,35.336],[25.039,35.331]],[[25.155,35.344],[25.185,35.349],[25.194,35.336],[25.185,35.315],[25.168,35.321],[25.155,35.344]],[[25.21,35.329],[25.227,35.335],[25.237,35.318],[25.218,35.318],[25.21,35.329]]]}},{"type":"Feature","properties":{},"geometry":{"type":"Polygon","coordinates":[[[25.302,37.429],[25.314,37.415],[25.306,37.402],[25.322,37.423],[25.33,37.413],[25.348,37.413],[25.347,37.407],[25.369,37.407],[25.369,37.415],[25.392,37.423],[25.398,37.415],[25.403,37.467],[25.373,37.462],[25.361,37.475],[25.361,37.497],[25.351,37.5],[25.315,37.492],[25.308,37.481],[25.328,37.466],[25.326434782608697,37.448],[25.326,37.448],[25.326,37.447],[25.326347826086955,37.447],[25.326,37.443],[25.341,37.436],[25.348,37.445],[25.356,37.425],[25.319,37.426],[25.306,37.439],[25.302,37.429]]]}},{"type":"Feature","properties":{},"geometry":{"type":"Polygon","coordinates":[[[25.322,36.421],[25.355,36.409],[25.351,36.436],[25.361,36.438],[25.347,36.461],[25.339,36.461],[25.322,36.421]]]}},{"type":"Feature","properties":{},"geometry":{"type":"Polygon","coordinates":[[[25.334,37.075],[25.348,37.074],[25.356,37.057],[25.373,37.05],[25.377,37.058],[25.417,37.055],[25.428,37.061],[25.431,37.08],[25.42,37.108],[25.398,37.122],[25.37,37.112],[25.373,37.075],[25.365,37.075],[25.359,37.092],[25.341,37.092],[25.334,37.075]]]}},{"type":"Feature","properties":{},"geometry":{"type":"Polygon","coordinates":[[[25.348,36.355],[25.389,36.351],[25.389,36.365],[25.361,36.366],[25.348,36.355]]]}},{"type":"Feature","properties":{},"geometry":{"type":"Polygon","coordinates":[[[25.367,36.463],[25.389,36.46],[25.389,36.474],[25.392,36.458],[25.417,36.456],[25.418,36.429],[25.432,36.39],[25.417,36.364],[25.406,36.362],[25.406,36.349],[25.44,36.332],[25.486,36.357],[25.49,36.384],[25.473,36.388],[25.473,36.421],[25.428,36.469],[25.378,36.48],[25.367,36.473],[25.367,36.463]]]}},{"type":"Feature","properties":{},"geometry":{"type":"Polygon","coordinates":[[[25.391,36.395],[25.402,36.396],[25.402,36.412],[25.396,36.412],[25.391,36.395]]]}},{"type":"Feature","properties":{},"geometry":{"type":"Polygon","coordinates":[[[25.392,36.347],[25.399,36.347],[25.4,36.362],[25.392,36.362],[25.392,36.347]]]}},{"type":"Feature","properties":{},"geometry":{"type":"Polygon","coordinates":[[[25.481,36.404],[25.494,36.395],[25.491,36.417],[25.483,36.417],[25.481,36.404]]]}},{"type":"Feature","properties":{},"geometry":{"type":"Polygon","coordinates":[[[25.686,35.146],[25.697,35.11],[25.77,35.11],[25.77,35.129],[25.735,35.147],[25.724,35.17],[25.737,35.184],[25.745,35.242],[25.762,35.241],[25.764,35.275],[25.757,35.299],[25.762,35.312],[25.727,35.324],[25.715,35.323],[25.689,35.228],[25.686,35.146]]]}},{"type":"Feature","properties":{},"geometry":{"type":"Polygon","coordinates":[[[27.686,36.149],[27.706,36.147],[27.717,36.132],[27.71,36.112],[27.747,36.107],[27.758,36.096],[27.764,36.034],[27.742,35.974],[27.747,35.952],[27.739,35.935],[27.756,35.926],[27.756,35.938],[27.779,35.95],[27.817,35.918],[27.856,35.936],[27.868,35.965],[27.881,35.969],[27.901,36.005],[27.909,36.029],[27.905,36.039],[27.918,36.042],[27.93,36.035],[27.981,36.061],[27.997,36.072],[27.997,36.086],[28.011,36.078],[28.077,36.082],[28.06,36.107],[28.058,36.119],[28.07,36.136],[28.063,36.147],[28.07,36.143],[28.082,36.152],[28.102,36.17],[28.098,36.178],[28.136,36.186],[28.148,36.23],[28.159,36.232],[28.172,36.253],[28.165,36.27],[28.185,36.296],[28.177,36.312],[28.191,36.302],[28.214,36.316],[28.217,36.327],[28.207,36.334],[28.206,36.353],[28.249,36.386],[28.232,36.4],[28.227,36.415],[28.24,36.448],[28.218,36.458],[28.191,36.425],[28.118,36.419],[28.098,36.401],[28.065,36.395],[28.07,36.39],[28.054,36.39],[28.055,36.385],[28.048,36.393],[28.019,36.383],[28.022,36.376],[27.897,36.333],[27.876,36.32],[27.852,36.287],[27.83,36.273],[27.813,36.273],[27.797,36.254],[27.79,36.219],[27.775,36.196],[27.735,36.169],[27.691,36.158],[27.686,36.149]],[[28.093,36.38],[28.109,36.39],[28.126,36.387],[28.126,36.378],[28.093,36.38]]]}},{"type":"Feature","properties":{},"geometry":{"type":"Polygon","coordinates":[[[-75.109,39.901],[-74.932,39.904],[-74.931,39.889],[-74.953,39.875],[-74.957,39.852],[-74.951,39.847],[-74.96,39.824],[-74.95,39.798],[-74.971,39.762],[-74.95,39.751],[-74.872,39.745],[-74.872,39.558],[-74.839,39.553],[-74.82,39.558],[-74.806,39.55],[-74.718,39.574],[-74.688,39.56],[-74.663,39.572],[-74.645,39.561],[-74.623,39.563],[-74.559,39.542],[-74.413,39.545],[-74.408,39.535],[-74.353,39.535],[-74.349,39.522],[-74.325,39.521],[-74.324,39.495],[-74.298,39.493],[-74.276,39.501],[-74.229,39.55],[-74.149,39.659],[-74.107,39.734],[-74.086,39.748],[-74.066,39.915],[-74.641,39.918],[-74.637,40.111],[-74.579,40.112],[-74.557,40.124],[-74.557,40.347],[-74.57,40.345],[-74.572,40.356],[-74.555,40.372],[-74.555,40.383],[-74.572,40.385],[-74.611,40.377],[-74.608,40.277],[-74.616,40.258],[-74.607,40.248],[-74.608,40.135],[-74.693,40.137],[-74.796,40.061],[-74.796,40.028],[-74.809,40.014],[-74.81,39.998],[-74.857,39.998],[-74.854,39.904],[-74.931,39.904],[-74.934,39.953],[-74.971,39.972],[-74.958,39.99],[-74.968,40.01],[-75.002,40.015],[-74.989,39.978],[-74.997,39.98],[-75.097,39.902],[-75.109,39.901]],[[-74.368,39.707],[-74.353,39.748],[-74.368,39.826],[-74.368,39.888],[-74.354,39.888],[-74.346,39.85],[-74.346,39.656],[-74.364,39.646],[-74.368,39.707]]]}},{"type":"Feature","properties":{},"geometry":{"type":"Polygon","coordinates":[[[-74.739,39.209],[-74.626,39.213],[-74.6,39.243],[-74.552,39.269],[-74.537,39.291],[-74.483,39.323],[-74.409,39.348],[-74.329,39.421],[-74.664,39.426],[-74.675,39.393],[-74.667,39.356],[-74.677,39.307],[-74.688,39.303],[-74.686,39.268],[-74.717,39.262],[-74.726,39.234],[-74.739,39.233],[-74.739,39.209]]]}},{"type":"Feature","properties":{},"geometry":{"type":"Polygon","coordinates":[[[15.109,59.276],[15.117,59.267],[15.114,59.255],[15.13,59.248],[15.13,59.205],[15.178,59.204],[15.178,59.227],[15.275,59.238],[15.274,59.25],[15.289,59.255],[15.294,59.276],[15.271,59.307],[15.27,59.351],[15.22,59.354],[15.215,59.33],[15.146,59.321],[15.145,59.314],[15.128,59.308],[15.138,59.296],[15.116,59.295],[15.109,59.276]]]}},{"type":"Feature","properties":{},"geometry":{"type":"Polygon","coordinates":[[[15.526,58.418],[15.554,58.405],[15.529,58.399],[15.539,58.374],[15.548,58.37],[15.634,58.364],[15.684,58.369],[15.706,58.361],[15.739,58.374],[15.73,58.396],[15.662,58.423],[15.646,58.439],[15.554,58.446],[15.542,58.425],[15.526,58.418]]]}},{"type":"Feature","properties":{},"geometry":{"type":"Polygon","coordinates":[[[15.981,58.658],[16.007,58.645],[16.084,58.638],[16.088,58.6],[16.105,58.588],[16.1,58.575],[16.118,58.562],[16.12,58.547],[16.14,58.539],[16.252,58.537],[16.279,58.545],[16.279,58.563],[16.289,58.571],[16.279,58.573],[16.282,58.584],[16.327,58.584],[16.323,58.621],[16.221,58.626],[16.192,58.65],[16.205,58.67],[16.179,58.678],[16.14,58.659],[15.985,58.668],[15.981,58.658]]]}},{"type":"Feature","properties":{},"geometry":{"type":"Polygon","coordinates":[[[16.401,59.392],[16.422,59.379],[16.43,59.364],[16.422,59.349],[16.408,59.344],[16.419,59.325],[16.47,59.314],[16.563,59.335],[16.561,59.343],[16.569,59.344],[16.589,59.374],[16.574,59.374],[16.573,59.386],[16.58,59.388],[16.565,59.415],[16.499,59.419],[16.489,59.434],[16.449,59.437],[16.448,59.409],[16.411,59.405],[16.401,59.392]]]}},{"type":"Feature","properties":{},"geometry":{"type":"Polygon","coordinates":[[[16.437,59.612],[16.438,59.592],[16.451,59.582],[16.485,59.577],[16.493,59.582],[16.5,59.572],[16.514,59.572],[16.566,59.589],[16.613,59.568],[16.646,59.573],[16.644,59.607],[16.653,59.607],[16.651,59.615],[16.635,59.621],[16.631,59.637],[16.585,59.655],[16.58,59.666],[16.559,59.668],[16.547,59.661],[16.528,59.669],[16.489,59.661],[16.467,59.627],[16.452,59.628],[16.437,59.612]]]}},{"type":"Feature","properties":{},"geometry":{"type":"Polygon","coordinates":[[[17.481,59.15],[17.489,59.136],[17.487,59.098],[17.567,59.092],[17.691,59.1],[18.513,59.099],[18.52,59.187],[18.513,59.267],[18.559,59.269],[18.575,59.335],[18.513,59.345],[18.515,59.6],[18.151,59.601],[18.108,59.614],[17.991,59.6],[17.687,59.598],[17.691,59.52],[17.687,59.48],[17.681,59.479],[17.687,59.463],[17.687,59.381],[17.677,59.378],[17.687,59.343],[17.564,59.343],[17.558,59.306],[17.489,59.306],[17.483,59.288],[17.481,59.15]]]}},{"type":"Feature","properties":{},"geometry":{"type":"Polygon","coordinates":[[[17.533,59.842],[17.571,59.798],[17.604,59.792],[17.615,59.774],[17.669,59.774],[17.67,59.781],[17.7,59.794],[17.732,59.798],[17.731,59.862],[17.724,59.88],[17.713,59.892],[17.65,59.92],[17.597,59.919],[17.545,59.899],[17.537,59.893],[17.533,59.842]]]}},{"type":"Feature","properties":{},"geometry":{"type":"Polygon","coordinates":[[[-68.917,44.732],[-68.872,44.732],[-68.872,44.724],[-68.666,44.724],[-68.666,44.732],[-68.467,44.736],[-68.471,44.792],[-68.463,44.808],[-68.476,44.867],[-68.474,45.009],[-68.917,45.009],[-68.917,44.732]]]}},{"type":"Feature","properties":{},"geometry":{"type":"Polygon","coordinates":[[[-66.827,45.952],[-66.822,45.864],[-66.768,45.862],[-66.76,45.857],[-66.756,45.832],[-66.554,45.833],[-66.543,45.813],[-66.497,45.815],[-66.491,45.9],[-66.555,45.937],[-66.555,46.012],[-66.82,46.015],[-66.817,45.962],[-66.827,45.952]]]}},{"type":"Feature","properties":{},"geometry":{"type":"Polygon","coordinates":[[[-66.243,45.316],[-66.212,45.249],[-66.193,45.227],[-65.961,45.226],[-65.961,45.253],[-65.93,45.257],[-65.93,45.274],[-65.858,45.274],[-65.858,45.492],[-65.761,45.492],[-65.761,45.55],[-65.912,45.55],[-65.914,45.497],[-66.022,45.497],[-66.022,45.391],[-65.912,45.39],[-65.912,45.317],[-66.243,45.316]]]}},{"type":"Feature","properties":{},"geometry":{"type":"Polygon","coordinates":[[[-65.726,47.605],[-65.724,47.598],[-65.665,47.58],[-65.598,47.58],[-65.599,47.67],[-65.724,47.662],[-65.726,47.605]]]}},{"type":"Feature","properties":{},"geometry":{"type":"Polygon","coordinates":[[[-9.741,52.255],[-9.667,52.255],[-9.667,52.288],[-9.737,52.29],[-9.741,52.255]]]}},{"type":"Feature","properties":{},"geometry":{"type":"Polygon","coordinates":[[[-9.156,53.278],[-9.146,53.271],[-9.145,53.248],[-9.127,53.24],[-9.105,53.238],[-9.071,53.248],[-9.046,53.243],[-9.036,53.251],[-9.032,53.244],[-8.996,53.242],[-8.952,53.26],[-8.941,53.275],[-8.941,53.291],[-8.973,53.313],[-9.065,53.313],[-9.082,53.309],[-9.091,53.296],[-9.131,53.302],[-9.156,53.278]]]}},{"type":"Feature","properties":{},"geometry":{"type":"Polygon","coordinates":[[[-8.698,52.621],[-8.681,52.607],[-8.641,52.601],[-8.615,52.607],[-8.54,52.641],[-8.531,52.671],[-8.535,52.682],[-8.565,52.69],[-8.59,52.708],[-8.661,52.71],[-8.681,52.698],[-8.69,52.681],[-8.698,52.621]]]}},{"type":"Feature","properties":{},"geometry":{"type":"Polygon","coordinates":[[[-8.674,51.888],[-8.661,51.858],[-8.62,51.849],[-8.565,51.849],[-8.549,51.84],[-8.502,51.843],[-8.497,51.852],[-8.476,51.854],[-8.473,51.844],[-8.459,51.843],[-8.44,51.826],[-8.444,51.8],[-8.435,51.79],[-8.345,51.786],[-8.317,51.766],[-8.289,51.765],[-8.264,51.786],[-8.156,51.777],[-8.12,51.804],[-8.126,51.819],[-8.118,51.838],[-8.12,51.863],[-8.126,51.865],[-8.123,51.9],[-8.131,51.93],[-8.156,51.941],[-8.262,51.94],[-8.351,51.952],[-8.619,51.951],[-8.635,51.947],[-8.637,51.937],[-8.661,51.921],[-8.674,51.888]]]}},{"type":"Feature","properties":{},"geometry":{"type":"Polygon","coordinates":[[[-8.023,53.41],[-7.879,53.41],[-7.88,53.432],[-7.907,53.442],[-7.984,53.437],[-8.023,53.429],[-8.023,53.41]]]}},{"type":"Feature","properties":{},"geometry":{"type":"Polygon","coordinates":[[[-7.388,54.986],[-7.366,54.977],[-7.376,54.975],[-7.372,54.969],[-7.35,54.961],[-7.251,54.959],[-7.233,54.974],[-7.237,55.008],[-7.255,55.023],[-7.255,55.034],[-7.266,55.037],[-7.267,55.045],[-7.291,55.049],[-7.366,55.044],[-7.365,55.038],[-7.38,55.033],[-7.388,54.986]]]}},{"type":"Feature","properties":{},"geometry":{"type":"Polygon","coordinates":[[[-7.288,52.637],[-7.28,52.631],[-7.2,52.63],[-7.197,52.649],[-7.229,52.678],[-7.287,52.68],[-7.288,52.637]]]}},{"type":"Feature","properties":{},"geometry":{"type":"Polygon","coordinates":[[[-6.508,53.366],[-6.501,53.355],[-6.507,53.348],[-6.494,53.337],[-6.5,53.321],[-6.494,53.323],[-6.5,53.206],[-6.492,53.159],[-6.5,53.112],[-6.49,53.104],[-6.492,53.096],[-6.362,53.087],[-6.332,53.089],[-6.31,53.1],[-6.233,53.087],[-6.11,53.096],[-6.097,53.089],[-6.063,53.096],[-6.037,53.092],[-6.027,53.098],[-6.031,53.125],[-6.064,53.164],[-6.066,53.195],[-6.088,53.21],[-6.102,53.246],[-6.099,53.257],[-6.066,53.271],[-6.066,53.282],[-6.126,53.314],[-6.154,53.308],[-6.174,53.315],[-6.172,53.322],[-6.196,53.323],[-6.17,53.323],[-6.163,53.338],[-6.125,53.364],[-6.075,53.35],[-6.042,53.355],[-6.034,53.388],[-6.048,53.398],[-6.049,53.414],[-6.073,53.419],[-6.093,53.41],[-6.111,53.428],[-6.118,53.455],[-6.086,53.487],[-6.095,53.503],[-6.091,53.508],[-6.064,53.518],[-6.07,53.566],[-6.06,53.582],[-6.069,53.598],[-6.115,53.593],[-6.147,53.599],[-6.174,53.623],[-6.18,53.639],[-6.207,53.646],[-6.22,53.666],[-6.295,53.671],[-6.302,53.677],[-6.501,53.661],[-6.498,53.378],[-6.507,53.377],[-6.508,53.366]]]}},{"type":"Feature","properties":{},"geometry":{"type":"Polygon","coordinates":[[[-6.459,53.927],[-6.357,53.926],[-6.358,53.95],[-6.349,53.972],[-6.325,53.985],[-6.321,54.045],[-6.459,54.045],[-6.459,53.927]]]}},{"type":"Feature","properties":{},"geometry":{"type":"Polygon","coordinates":[[[-6.38,54.499],[-6.361,54.476],[-6.34,54.469],[-6.317,54.477],[-6.225,54.472],[-6.211,54.479],[-6.161,54.474],[-6.095,54.481],[-5.904,54.471],[-5.853,54.479],[-5.819,54.472],[-5.661,54.476],[-5.655,54.468],[-5.61,54.462],[-5.515,54.471],[-5.412,54.468],[-5.408,54.488],[-5.414,54.499],[-5.44,54.504],[-5.456,54.542],[-5.452,54.568],[-5.5,54.608],[-5.504,54.644],[-5.514,54.656],[-5.5,54.662],[-5.489,54.704],[-5.521,54.705],[-5.543,54.673],[-5.588,54.691],[-5.636,54.692],[-5.648,54.682],[-5.721,54.679],[-5.744,54.689],[-5.846,54.653],[-5.886,54.65],[-5.886,54.663],[-5.838,54.693],[-5.782,54.712],[-5.751,54.711],[-5.731,54.727],[-5.702,54.726],[-5.698,54.747],[-5.681,54.759],[-5.713,54.745],[-5.723,54.753],[-5.823,54.764],[-5.852,54.756],[-5.985,54.76],[-6,54.753],[-6.04,54.758],[-6.049,54.752],[-6.13,54.763],[-6.354,54.76],[-6.354,54.745],[-6.365,54.738],[-6.361,54.714],[-6.376,54.61],[-6.38,54.499]]]}},{"type":"Feature","properties":{},"geometry":{"type":"Polygon","coordinates":[[[-6.048,53.496],[-6.04,53.477],[-6.008,53.468],[-5.983,53.493],[-6.001,53.511],[-6.027,53.511],[-6.048,53.496]]]}},{"type":"Feature","properties":{},"geometry":{"type":"Polygon","coordinates":[[[-6.016,53.598],[-6.014,53.586],[-5.999,53.583],[-5.999,53.607],[-6.01,53.608],[-6.016,53.598]]]}},{"type":"Feature","properties":{},"geometry":{"type":"Polygon","coordinates":[[[-5.188,50.146],[-5.155,50.14],[-5.155,50.123],[-5.143,50.13],[-5.091,50.115],[-5.059,50.134],[-5.029,50.14],[-5.026,50.174],[-5.067,50.176],[-5.08,50.18],[-5.08,50.19],[-5.122,50.202],[-5.188,50.176],[-5.176,50.165],[-5.186,50.16],[-5.181,50.154],[-5.188,50.146]]]}},{"type":"Feature","properties":{},"geometry":{"type":"Polygon","coordinates":[[[134.992,34.632],[134.994,34.617],[135.023,34.616],[135.036,34.637],[135.029,34.616],[135.303,34.617],[135.302,34.685],[135.342,34.68],[135.343,34.637],[135.357,34.639],[135.36935294117646,34.632411764705886],[135.367,34.633],[135.374,34.629],[135.372,34.631],[135.387,34.623],[135.382,34.625],[135.383,34.564],[135.32,34.484],[135.307,34.475],[135.203,34.473],[135.194,34.46],[135.173,34.424],[135.187,34.399],[135.247,34.399],[135.24,34.388],[135.169,34.347],[135.135,34.335],[135.08,34.331],[135.056,34.32],[135.063,34.287],[135.071,34.288],[135.052,34.285],[135.055,34.252],[135.085,34.24],[135.1,34.215],[135.121,34.2],[135.122,34.183],[135.161,34.165],[135.161,34.149],[135.115,34.144],[135.11,34.129],[135.093,34.125],[135.077,34.102],[135.085,34.09],[135.07,34.08],[135.069,34.069],[135.136,34.046],[135.111,34.024],[135.111,34.013],[135.082,34.012],[135.065,33.988],[135.082,33.973],[135.148,33.981],[135.161,33.974],[135.353,33.981],[135.382,33.99],[135.386,34.034],[135.378,34.063],[135.386,34.13],[135.378,34.149],[135.365,34.156],[135.367,34.207],[135.369,34.224],[135.405,34.236],[135.402,34.253],[135.566,34.254],[135.566,34.28],[135.628,34.28],[135.628,34.306],[135.663,34.306],[135.665,34.33],[135.768,34.33],[135.769,34.359],[135.827,34.359],[135.832,34.343],[135.886,34.333],[135.898,34.349],[135.909,34.43],[135.908,34.445],[135.887,34.46],[135.887,34.488],[135.942,34.518],[135.945,34.536],[136.038,34.541],[136.129,34.533],[136.159,34.539],[136.192,34.553],[136.207,34.598],[136.2,34.629],[136.169,34.676],[136.096,34.743],[136.079,34.747],[136.066,34.762],[135.942,34.774],[135.915,34.797],[135.908,34.795],[135.898,34.813],[135.895,34.835],[135.91,34.854],[136.018,34.893],[136.044,34.917],[136.03,34.926],[135.996,34.929],[135.996,34.962],[136.055,34.962],[136.053,35.002],[136.062,35.013],[136.062,35.042],[136.057,35.041],[136.062,35.048],[136.051,35.069],[135.994,35.11],[135.986,35.127],[135.946,35.151],[135.919,35.187],[135.886,35.196],[135.873,35.192],[135.851,35.154],[135.85,35.135],[135.829,35.088],[135.733,35.087],[135.707,35.059],[135.689,35.054],[135.683,35.041],[135.665,35.033],[135.632,35.033],[135.64,35.011],[135.636,35.006],[135.637,35.017],[135.628,35.012],[135.625,34.929],[135.611,34.895],[135.369,34.892],[135.361,34.857],[135.353,34.857],[135.353,34.846],[135.363,34.846],[135.3349540229885,34.84508045977012],[135.323,34.846],[135.323,34.84468852459016],[135.302,34.844],[135.294,34.854],[135.273,34.85],[135.261,34.86],[135.265,34.902],[135.255,34.911],[135.253,34.95],[135.158,34.943],[135.141,34.949],[135.136,34.924],[135.15,34.905],[135.147,34.861],[135.155,34.861],[135.161,34.809],[134.992,34.819],[134.992,34.632]],[[135.369,34.323],[135.396,34.326],[135.4,34.349],[135.408,34.353],[135.441,34.353],[135.453,34.382],[135.46,34.383],[135.46,34.4],[135.428,34.401],[135.558,34.397],[135.607,34.411],[135.681,34.41],[135.681,34.365],[135.628,34.365],[135.628,34.337],[135.566,34.337],[135.566,34.309],[135.394,34.309],[135.394,34.325],[135.369,34.323]]]}},{"type":"Feature","properties":{},"geometry":{"type":"Polygon","coordinates":[[[135.106,33.907],[135.108,33.891],[135.15,33.866],[135.225,33.865],[135.225,33.934],[135.106,33.934],[135.106,33.907]]]}},{"type":"Feature","properties":{},"geometry":{"type":"Polygon","coordinates":[[[135.374,34.629],[135.379,34.562],[135.38,34.625],[135.374,34.629]]]}},{"type":"Feature","properties":{},"geometry":{"type":"Polygon","coordinates":[[[135.544,34.198],[135.632,34.198],[135.632,34.227],[135.544,34.228],[135.544,34.198]]]}},{"type":"Feature","properties":{},"geometry":{"type":"Polygon","coordinates":[[[136.398,34.725],[136.405,34.708],[136.399,34.655],[136.406,34.641],[136.449,34.642],[136.461,34.626],[136.454,34.602],[136.452,34.51],[136.496,34.516],[136.6,34.511],[136.619,34.495],[136.663,34.493],[136.667,34.449],[136.759,34.443],[136.743,34.355],[136.743,34.291],[136.759,34.257],[136.809,34.242],[136.859,34.246],[136.875,34.25],[136.884,34.262],[136.901,34.263],[136.905,34.312],[136.891,34.335],[136.91,34.347],[136.932,34.401],[136.928,34.456],[136.901,34.471],[136.917,34.483],[136.918,34.526],[136.901,34.541],[136.813,34.518],[136.778,34.529],[136.736,34.555],[136.703,34.555],[136.664,34.583],[136.656,34.597],[136.567,34.63],[136.566,34.624],[136.561,34.657],[136.568,34.676],[136.537,34.695],[136.546,34.752],[136.563,34.782],[136.55,34.782],[136.614,34.851],[136.641,34.901],[136.641,34.895],[136.659,34.894],[136.667,34.91],[136.684,34.914],[136.684,34.942],[136.726,35.014],[136.767,35.023],[136.767,35.033],[136.739,35.073],[136.729,35.076],[136.721,35.103],[136.696,35.128],[136.692,35.143],[136.669,35.146],[136.656,35.142],[136.653,35.131],[136.593,35.117],[136.577,35.069],[136.542,35.073],[136.549,35.043],[136.541,35.029],[136.548,35.02],[136.542,34.974],[136.533,34.934],[136.517,34.921],[136.517,34.904],[136.527,34.895],[136.493,34.879],[136.496,34.818],[136.489,34.797],[136.472,34.782],[136.458,34.79],[136.405,34.782],[136.398,34.725]]]}},{"type":"Feature","properties":{},"geometry":{"type":"Polygon","coordinates":[[[136.803,35],[136.815,34.995],[136.809,34.947],[136.817,34.893],[136.829,34.886],[136.864,34.833],[136.883,34.83],[136.888,34.815],[137.104,34.813],[137.105,34.852],[137.138,34.852],[137.16,34.877],[137.159,34.888],[137.225,34.88],[137.238,34.885],[137.238,34.944],[137.218,34.953],[137.216,34.99],[137.201,35.028],[137.21,35.051],[137.204,35.067],[137.212,35.086],[137.21,35.156],[137.135,35.166],[137.113,35.147],[137.122,35.138],[137.113,35.078],[137.123,35.043],[137.118,35.002],[137.009,35.003],[136.976,34.996],[136.884,35.004],[136.803,35]]]}},{"type":"Feature","properties":{},"geometry":{"type":"Polygon","coordinates":[[[137.156,34.775],[137.193,34.77],[137.201,34.773],[137.204,34.791],[137.219,34.795],[137.218,34.783],[137.226,34.783],[137.227,34.79],[137.263,34.798],[137.278,34.814],[137.273,34.791],[137.291,34.794],[137.3,34.772],[137.31,34.769],[137.31,34.757],[137.298,34.74],[137.27,34.735],[137.282,34.728],[137.273,34.619],[137.466,34.661],[137.484,34.668],[137.488,34.683],[137.494,34.77],[137.49,34.887],[137.48,34.898],[137.444,34.895],[137.414,34.883],[137.298,34.866],[137.273,34.848],[137.214,34.857],[137.212,34.846],[137.196,34.844],[137.189,34.825],[137.164,34.816],[137.156,34.775]]]}},{"type":"Feature","properties":{},"geometry":{"type":"Polygon","coordinates":[[[137.553,34.751],[137.556,34.718],[137.568,34.7],[137.567,34.668],[137.707,34.655],[137.791,34.632],[137.898,34.652],[137.907,34.68],[137.902,34.694],[137.914,34.721],[137.908,34.728],[137.962,34.739],[138.08,34.738],[138.087,34.801],[137.921,34.803],[137.895,34.824],[137.894,34.848],[137.87,34.846],[137.848,34.854],[137.836,34.869],[137.797,34.872],[137.784,34.859],[137.744,34.843],[137.649,34.853],[137.644,34.841],[137.607,34.831],[137.556,34.833],[137.563,34.797],[137.556,34.781],[137.565,34.765],[137.553,34.759],[137.553,34.751]],[[137.84,34.747],[137.841,34.781],[137.852,34.804],[137.845,34.735],[137.84,34.747]],[[137.877,34.769],[137.881,34.807],[137.888,34.783],[137.882,34.769],[137.895,34.744],[137.885,34.737],[137.877,34.769]]]}},{"type":"Feature","properties":{},"geometry":{"type":"Polygon","coordinates":[[[138.124,34.822],[138.131,34.823],[138.138,34.809],[138.186,34.809],[138.211,34.819],[138.22,34.813],[138.211,34.791],[138.219,34.752],[138.197,34.719],[138.215,34.709],[138.224,34.725],[138.297,34.766],[138.304,34.788],[138.332,34.819],[138.332,34.852],[138.349,34.898],[138.358,34.896],[138.366,34.907],[138.402,34.917],[138.419,34.932],[138.502,34.961],[138.535,34.988],[138.542,35.019],[138.533,35.027],[138.533,35.043],[138.55,35.063],[138.553,35.082],[138.525,35.073],[138.524,35.097],[138.509,35.094],[138.516,35.056],[138.499,35.046],[138.487,35.073],[138.47,35.075],[138.465,35.045],[138.458,35.043],[138.452,35.056],[138.441,35.059],[138.444,35.043],[138.437,35.034],[138.448,35.027],[138.437,35.023],[138.428,35.056],[138.425,35.039],[138.4,35.028],[138.411,35.056],[138.391,35.056],[138.388,35.045],[138.345,35.055],[138.321,35.036],[138.319,34.915],[138.308,34.91],[138.293,34.921],[138.278,34.916],[138.27,34.91048275862069],[138.27,34.911],[138.268,34.911],[138.268,34.91],[138.2693,34.91],[138.249,34.896],[138.246,34.901],[138.244,34.888],[138.198,34.879],[138.186,34.866],[138.135,34.851],[138.124,34.822]]]}},{"type":"Feature","properties":{},"geometry":{"type":"Polygon","coordinates":[[[139.342,34.712],[139.349,34.694],[139.384,34.68],[139.445,34.67],[139.455,34.684],[139.456,34.754],[139.447,34.775],[139.392,34.801],[139.353,34.805],[139.345,34.792],[139.342,34.712]]]}},{"type":"Feature","properties":{},"geometry":{"type":"Polygon","coordinates":[[[9.98,56.069],[10.272,56.067],[10.263,56.098],[10.242,56.129],[10.263,56.136],[10.267,56.162],[10.25,56.175],[10.296,56.191],[10.313,56.211],[10.326,56.249],[10.184,56.25],[10.07,56.194],[9.98,56.069]]]}},{"type":"Feature","properties":{},"geometry":{"type":"Polygon","coordinates":[[[10.177,59.771],[10.232,59.741],[10.276,59.744],[10.307,59.724],[10.313,59.727],[10.318,59.749],[10.301,59.762],[10.293,59.794],[10.348,59.812],[10.348,59.832],[10.318,59.847],[10.318,59.896],[10.285,59.904],[10.227,59.896],[10.226,59.873],[10.201,59.86],[10.201,59.828],[10.19,59.814],[10.188,59.779],[10.177,59.771]]]}},{"type":"Feature","properties":{},"geometry":{"type":"Polygon","coordinates":[[[10.258,55.407],[10.263,55.362],[10.359,55.345],[10.364,55.339],[10.359,55.337],[10.385,55.326],[10.434,55.335],[10.459,55.331],[10.51,55.434],[10.414,55.462],[10.271,55.436],[10.258,55.43],[10.258,55.407]]]}},{"type":"Feature","properties":{},"geometry":{"type":"Polygon","coordinates":[[[10.418,59.912],[10.455,59.907],[10.452,59.892],[10.464,59.881],[10.541,59.879],[10.57,59.853],[10.589,59.848],[10.627,59.871],[10.73,59.875],[10.745,59.824],[10.76,59.804],[10.784,59.788],[10.82,59.783],[10.826,59.818],[10.876,59.817],[10.868,59.825],[10.881,59.841],[10.881,59.876],[10.874,59.887],[10.881,59.917],[10.882,59.896],[10.948,59.897],[11.01,59.92],[11.077,59.918],[11.091,59.859],[11.126,59.846],[11.125,59.916],[11.195,59.925],[11.192,59.935],[11.144,59.944],[11.069,59.938],[10.977,59.953],[10.947,59.974],[10.911,59.981],[10.642,59.977],[10.584,59.951],[10.547,59.952],[10.514,59.975],[10.471,59.976],[10.459,59.975],[10.447,59.954],[10.419,59.941],[10.418,59.912]]]}},{"type":"Feature","properties":{},"geometry":{"type":"Polygon","coordinates":[[[10.584,59.423],[10.647,59.411],[10.646,59.377],[10.659,59.337],[10.681,59.306],[10.719,59.308],[10.723,59.229],[10.751,59.201],[10.801,59.184],[10.819,59.167],[10.822,59.098],[10.845,59.071],[10.905,59.058],[10.94,59.031],[10.989,59.024],[10.997,59.006],[11.015,58.994],[11.065,58.985],[11.115,59.019],[11.125,59.04],[11.128,59.091],[11.115,59.103],[11.12,59.12],[11.163,59.122],[11.19,59.11],[11.199,59.091],[11.227,59.088],[11.378,59.117],[11.423,59.09],[11.428,59.074],[11.42,59.055],[11.432,59.038],[11.454,59.027],[11.472,59.033],[11.481,59.149],[11.336,59.158],[11.253,59.206],[11.253,59.201],[11.225,59.214],[11.227,59.311],[11.205,59.319],[11.048,59.319],[10.963,59.328],[10.923,59.348],[10.786,59.38],[10.79,59.451],[10.883,59.482],[10.925,59.487],[10.945,59.481],[10.936,59.488],[10.886,59.489],[10.85,59.499],[10.837,59.492],[10.835,59.474],[10.822,59.468],[10.783,59.472],[10.771,59.459],[10.731,59.452],[10.714,59.46],[10.714,59.483],[10.668,59.497],[10.668,59.504],[10.638,59.517],[10.622,59.509],[10.621,59.465],[10.613,59.449],[10.587,59.439],[10.584,59.423]]]}},{"type":"Feature","properties":{},"geometry":{"type":"Polygon","coordinates":[[[10.751,59.665],[10.793,59.646],[10.833,59.646],[10.842,59.651],[10.845,59.693],[10.896,59.707],[10.898,59.72],[10.871,59.727],[10.786,59.724],[10.78,59.72],[10.78,59.693],[10.768,59.678],[10.751,59.675],[10.751,59.665]]]}},{"type":"Feature","properties":{},"geometry":{"type":"Polygon","coordinates":[[[10.956,59.472],[10.964,59.451],[11.006,59.422],[11.015,59.417],[11.036,59.424],[10.99,59.439],[10.966,59.472],[10.956,59.472]]]}},{"type":"Feature","properties":{},"geometry":{"type":"Polygon","coordinates":[[[11.687,57.701],[11.689,57.692],[11.705722222222223,57.685],[11.703,57.685],[11.703,57.684],[11.706,57.684],[11.706,57.68488372093023],[11.732,57.674],[11.81,57.664],[11.926,57.494],[12.033,57.468],[12.104,57.469],[12.119,57.486],[12.121,57.501],[12.115,57.517],[12.119,57.539],[12.112,57.539],[12.121,57.546],[12.114,57.576],[12.119,57.614],[12.137,57.623],[12.129,57.628],[12.213,57.635],[12.215,57.675],[12.198,57.701],[12.215,57.713],[12.215,57.726],[12.279,57.747],[12.281,57.754],[12.307,57.755],[12.366,57.777],[12.471,57.825],[12.504,57.845],[12.52,57.889],[12.663,57.953],[12.667,57.945],[12.681,57.949],[12.81,57.998],[12.821,57.954],[12.839,57.957],[12.848,57.963],[12.851,58.035],[12.809,58.046],[12.736,58.006],[12.67,57.981],[12.667,57.991],[12.6,57.963],[12.497,57.949],[12.475,57.936],[12.467,57.905],[12.482,57.896],[12.475,57.877],[12.426,57.845],[12.229,57.782],[12.178,57.78],[12.14,57.796],[12.136,57.815],[12.121,57.823],[12.129,57.832],[12.096,57.845],[12.06,57.877],[12.117,57.914],[12.191,58],[12.195,58.021],[12.184,58.025],[12.188,58.043],[12.178,58.046],[12.174,58.101],[12.158,58.111],[12.166,58.128],[12.152,58.15],[12.106,58.152],[12.089,58.131],[12.108,58.109],[12.134,58.095],[12.14,58.025],[12.129,57.996],[12.141,57.983],[12.104,57.97],[12.012,57.911],[11.952,57.908],[11.883,57.929],[11.882,57.943],[11.873,57.943],[11.864,57.961],[11.857,57.996],[11.862,58.009],[11.854,58.01],[11.854,58.025],[11.908,58.054],[11.901,58.068],[11.909,58.071],[11.908,58.082],[11.891,58.108],[11.824,58.116],[11.794,58.075],[11.791,58.022],[11.824,57.965],[11.849,57.948],[11.895,57.89],[11.941,57.853],[11.926,57.848],[11.912,57.826],[11.85,57.819],[11.744,57.761],[11.699,57.733],[11.687,57.701]]]}},{"type":"Feature","properties":{},"geometry":{"type":"Polygon","coordinates":[[[11.845,55.974],[11.853,55.958],[11.849,55.795],[11.857,55.708],[11.857,55.55],[12.073,55.544],[12.14,55.55],[12.129,55.533],[12.125,55.505],[12.125,55.464],[12.134,55.433],[12.162,55.425],[12.211,55.428],[12.215,55.493],[12.225,55.519],[12.248,55.543],[12.259,55.539],[12.324,55.57],[12.427,55.599],[12.511,55.585],[12.522,55.564],[12.537,55.56],[12.538,55.547],[12.597,55.539],[12.654,55.563],[12.704,55.571],[12.667,55.567],[12.714,55.588],[12.714,55.58],[12.722,55.6],[12.74,55.602],[12.793,55.585],[12.804,55.594],[12.722,55.62],[12.721,55.637],[12.714,55.637],[12.718,55.622],[12.708,55.623],[12.703,55.635],[12.681,55.647],[12.67,55.69],[12.693,55.665],[12.684,55.687],[12.667,55.694],[12.667,55.687],[12.658,55.709],[12.659,55.685],[12.629,55.697],[12.633,55.725],[12.605,55.737],[12.614,55.768],[12.608,55.795],[12.592,55.816],[12.579,55.865],[12.551,55.908],[12.537,55.91],[12.534,55.945],[12.568,55.991],[12.621,56.024],[12.626,56.044],[12.54,56.083],[12.478,56.096],[12.428,56.093],[12.421,56.067],[12.428,56.003],[12.417,55.998],[12.42,55.987],[12.361,55.961],[12.332,55.96],[12.323,55.962],[12.324,56.107],[12.299,56.139],[12.27,56.139],[12.166,56.116],[12.012,56.046],[11.858,55.991],[11.845,55.974]]]}},{"type":"Feature","properties":{},"geometry":{"type":"Polygon","coordinates":[[[12.622,56.099],[12.656,56.077],[12.647,56.071],[12.663,56.061],[12.671,56.039],[12.679,56.036],[12.675,56.022],[12.697,55.998],[12.746,55.978],[12.799,55.978],[12.816,55.986],[12.816,56.028],[12.794,56.086],[12.776,56.097],[12.772,56.109],[12.75,56.113],[12.622,56.099]]]}},{"type":"Feature","properties":{},"geometry":{"type":"Polygon","coordinates":[[[12.767,57.705],[12.806,57.701],[12.818,57.69],[12.89,57.693],[12.898,57.682],[12.853,57.638],[12.783,57.605],[12.792,57.599],[12.843,57.618],[12.873,57.615],[12.897,57.628],[12.895,57.655],[12.909,57.667],[12.903,57.68],[12.964,57.679],[13.004,57.693],[13.105,57.699],[13.129,57.714],[13.097,57.733],[13.05,57.733],[12.986,57.758],[12.984,57.769],[12.997,57.787],[13.026,57.803],[13.026,57.824],[13,57.833],[12.972,57.81],[12.972,57.766],[12.901,57.759],[12.858,57.728],[12.792,57.722],[12.767,57.705]]]}},{"type":"Feature","properties":{},"geometry":{"type":"Polygon","coordinates":[[[12.877,55.576],[12.88,55.568],[12.895,55.566],[12.897,55.557],[12.93,55.554],[12.938,55.543],[13.059,55.541],[13.092,55.553],[13.092,55.586],[13.1,55.589],[13.089,55.597],[13.101,55.604],[13.094,55.613],[13.107,55.633],[13.097,55.632],[13.101,55.646],[13.089,55.646],[13.093,55.651],[13.046,55.644],[13.038,55.646],[13.042,55.654],[13.001,55.65],[12.956,55.614],[12.925,55.609],[12.877,55.576]]]}},{"type":"Feature","properties":{},"geometry":{"type":"Polygon","coordinates":[[[13.116,55.721],[13.142,55.68],[13.21,55.665],[13.267,55.673],[13.288,55.714],[13.239,55.749],[13.177,55.763],[13.133,55.752],[13.116,55.721]]]}},{"type":"Feature","properties":{},"geometry":{"type":"Polygon","coordinates":[[[13.417,59.378],[13.435,59.365],[13.556,59.358],[13.597,59.412],[13.472,59.423],[13.482,59.393],[13.425,59.393],[13.417,59.378]]]}},{"type":"Feature","properties":{},"geometry":{"type":"Polygon","coordinates":[[[14.057,57.653],[14.071,57.649],[14.082,57.665],[14.1,57.668],[14.127,57.688],[14.152,57.67],[14.185,57.663],[14.19,57.7],[14.182,57.704],[14.181,57.719],[14.159,57.73],[14.214,57.77],[14.229,57.766],[14.244,57.774],[14.278,57.762],[14.314,57.767],[14.318,57.788],[14.285,57.799],[14.273,57.828],[14.264,57.828],[14.263,57.796],[14.231,57.796],[14.187,57.783],[14.156,57.788],[14.152,57.865],[14.106,57.874],[14.117,57.742],[14.104,57.721],[14.115,57.707],[14.08,57.694],[14.078,57.674],[14.057,57.653]]]}},{"type":"Feature","properties":{},"geometry":{"type":"Polygon","coordinates":[[[14.715,56.893],[14.727,56.879],[14.752,56.874],[14.757,56.86],[14.786,56.846],[14.774,56.833],[14.788,56.827],[14.841,56.826],[14.849,56.852],[14.871,56.877],[14.869,56.911],[14.858,56.917],[14.72,56.917],[14.715,56.893]]]}},{"type":"Feature","properties":{},"geometry":{"type":"Polygon","coordinates":[[[-74.092,45.417],[-74.086,45.411],[-74.084,45.336],[-73.779,45.336],[-73.769,45.33],[-73.757,45.334],[-73.758,45.32],[-73.727,45.317],[-73.666,45.332],[-73.582,45.336],[-73.522,45.332],[-73.519,45.325],[-73.444,45.335],[-73.435,45.351],[-73.419,45.356],[-73.422,45.413],[-73.386,45.418],[-73.38,45.437],[-73.361,45.435],[-73.356,45.444],[-73.335,45.45],[-73.33,45.502],[-73.349,45.512],[-73.36,45.532],[-73.346,45.572],[-73.361,45.576],[-73.357,45.604],[-73.39,45.614],[-73.386,45.66],[-73.396,45.678],[-73.396,45.722],[-73.382,45.731],[-73.394,45.75],[-73.363,45.781],[-73.376,45.797],[-73.389,45.8],[-73.386,45.807],[-73.413,45.822],[-73.423,45.811],[-73.452,45.82],[-73.525,45.794],[-73.586,45.793],[-73.586,45.78],[-73.615,45.791],[-73.628,45.774],[-73.659,45.783],[-73.665,45.779],[-73.656,45.773],[-73.659,45.767],[-73.687,45.767],[-73.702,45.753],[-73.761,45.754],[-73.773,45.745],[-73.812,45.755],[-73.825,45.742],[-73.828,45.75],[-73.858,45.745],[-73.871,45.754],[-73.904,45.743],[-73.906,45.749],[-73.952,45.745],[-73.961,45.73],[-73.978,45.728],[-73.99,45.699],[-73.976,45.661],[-73.99,45.66],[-73.99,45.642],[-73.968,45.628],[-73.986,45.62],[-73.994,45.603],[-73.968,45.597],[-73.978,45.588],[-73.974,45.577],[-73.979,45.565],[-74.016,45.554],[-74.02,45.535],[-74.027,45.533],[-74.015,45.497],[-74.02,45.483],[-74.011,45.447],[-74.063,45.45],[-74.067,45.437],[-74.092,45.437],[-74.092,45.417]]]}},{"type":"Feature","properties":{},"geometry":{"type":"Polygon","coordinates":[[[-74.074,45.804],[-74.066,45.783],[-74.049,45.777],[-74.044,45.76],[-74.016,45.735],[-73.979,45.731],[-73.949,45.762],[-73.95,45.789],[-74.012,45.828],[-74.074,45.804]]]}},{"type":"Feature","properties":{},"geometry":{"type":"Polygon","coordinates":[[[-73.331,45.34],[-73.31,45.289],[-73.276,45.263],[-73.257,45.263],[-73.257,45.273],[-73.228,45.28],[-73.22,45.276],[-73.21,45.325],[-73.26,45.368],[-73.258,45.374],[-73.313,45.38],[-73.331,45.368],[-73.331,45.34]]]}},{"type":"Feature","properties":{},"geometry":{"type":"Polygon","coordinates":[[[-73.26,45.545],[-73.218,45.518],[-73.173,45.519],[-73.172,45.537],[-73.157,45.543],[-73.147,45.579],[-73.169,45.603],[-73.212,45.614],[-73.232,45.602],[-73.229,45.594],[-73.239,45.595],[-73.232,45.588],[-73.243,45.589],[-73.253,45.576],[-73.26,45.545]]]}},{"type":"Feature","properties":{},"geometry":{"type":"Polygon","coordinates":[[[-72.797,45.397],[-72.784,45.397],[-72.789,45.388],[-72.771,45.37],[-72.717,45.365],[-72.713,45.382],[-72.705,45.382],[-72.701,45.395],[-72.692,45.394],[-72.68,45.421],[-72.745,45.445],[-72.768,45.437],[-72.772,45.417],[-72.793,45.409],[-72.797,45.397]]]}},{"type":"Feature","properties":{},"geometry":{"type":"Polygon","coordinates":[[[-72.661,46.264],[-72.452,46.267],[-72.452,46.307],[-72.345,46.307],[-72.344,46.433],[-72.452,46.434],[-72.452,46.442],[-72.499,46.446],[-72.659,46.444],[-72.661,46.264]]]}},{"type":"Feature","properties":{},"geometry":{"type":"Polygon","coordinates":[[[-72.552,45.878],[-72.525,45.844],[-72.496,45.836],[-72.471,45.841],[-72.451,45.859],[-72.453,45.866],[-72.438,45.878],[-72.438,45.895],[-72.442,45.901],[-72.453,45.898],[-72.463,45.913],[-72.508,45.915],[-72.543,45.901],[-72.552,45.878]]]}},{"type":"Feature","properties":{},"geometry":{"type":"Polygon","coordinates":[[[-72.205,45.219],[-72.133,45.219],[-72.135,45.236],[-72.087,45.236],[-72.087,45.294],[-72.04,45.294],[-72.039,45.306],[-71.759,45.306],[-71.759,45.468],[-71.783,45.468],[-71.785,45.49],[-71.796,45.49],[-71.793,45.519],[-71.804,45.519],[-71.804,45.531],[-72.009,45.531],[-72.009,45.472],[-72.055,45.471],[-72.055,45.413],[-72.102,45.413],[-72.102,45.37],[-72.205,45.37],[-72.205,45.219]]]}},{"type":"Feature","properties":{},"geometry":{"type":"Polygon","coordinates":[[[-71.505,46.754],[-71.483,46.715],[-71.404,46.715],[-71.404,46.661],[-71.099,46.661],[-71.095,46.907],[-71.15,46.94],[-71.215,46.943],[-71.281,46.938],[-71.311,46.931],[-71.312,46.925],[-71.329,46.925],[-71.336,46.935],[-71.374,46.932],[-71.425,46.917],[-71.462,46.895],[-71.472,46.876],[-71.487,46.867],[-71.492,46.854],[-71.487,46.789],[-71.505,46.754]]]}},{"type":"Feature","properties":{},"geometry":{"type":"Polygon","coordinates":[[[-71.076,46.71],[-71.053,46.689],[-71.064,46.687],[-71.069,46.672],[-71.053,46.637],[-71.066,46.625],[-71.062,46.546],[-71.075,46.516],[-71.06,46.502],[-71.065,46.491],[-71.054,46.47],[-71.066,46.462],[-71.069,46.407],[-71.032,46.382],[-70.981,46.382],[-70.955,46.402],[-70.922,46.384],[-70.885,46.414],[-70.887,46.431],[-70.876,46.438],[-70.873,46.459],[-70.874,46.487],[-70.882,46.497],[-70.87,46.514],[-70.874,46.564],[-70.881,46.568],[-70.882,46.59],[-70.893,46.59],[-70.874,46.607],[-70.882,46.622],[-70.877,46.642],[-70.891,46.649],[-70.891,46.657],[-70.874,46.663],[-70.87,46.691],[-70.877,46.703],[-70.902,46.713],[-70.878,46.727],[-70.884,46.745],[-70.874,46.755],[-70.889,46.772],[-70.876,46.782],[-70.878,46.823],[-70.869,46.839],[-70.882,46.858],[-70.874,46.87],[-70.891,46.886],[-70.889,46.897],[-70.903,46.915],[-70.887,46.929],[-70.887,46.95],[-70.88,46.952],[-70.882,46.96],[-70.871,46.962],[-70.87,46.975],[-70.878,46.988],[-70.903,46.992],[-70.891,47.018],[-70.907,47.028],[-70.919,47.023],[-70.925,47.033],[-70.991,47.025],[-71.049,47.005],[-71.066,46.987],[-71.075,46.928],[-71.071,46.91],[-71.057,46.898],[-71.073,46.879],[-71.066,46.846],[-71.073,46.767],[-71.066,46.757],[-71.076,46.71]]]}},{"type":"Feature","properties":{},"geometry":{"type":"Polygon","coordinates":[[[-70.619,46.971],[-70.611,46.956],[-70.59,46.946],[-70.568,46.956],[-70.556,46.951],[-70.488,46.979],[-70.486,46.991],[-70.514,47.013],[-70.611,46.99],[-70.619,46.971]]]}},{"type":"Feature","properties":{},"geometry":{"type":"Polygon","coordinates":[[[-99.933,16.844],[-99.925,16.812],[-99.901,16.807],[-99.892,16.815],[-99.86,16.797],[-99.834,16.824],[-99.833,16.805],[-99.808,16.828],[-99.778,16.908],[-99.823,16.923],[-99.829,16.906],[-99.834,16.92],[-99.845,16.923],[-99.859,16.893],[-99.933,16.881],[-99.933,16.844]]]}},{"type":"Feature","properties":{},"geometry":{"type":"Polygon","coordinates":[[[-99.75,19.296],[-99.745,19.257],[-99.65,19.21],[-99.583,19.224],[-99.484,19.276],[-99.546,19.337],[-99.675,19.337],[-99.693,19.314],[-99.75,19.302],[-99.75,19.296]]]}},{"type":"Feature","properties":{},"geometry":{"type":"Polygon","coordinates":[[[-99.303,19.331],[-99.255,19.302],[-99.286,19.301],[-99.282,19.294],[-99.174,19.221],[-99.077,19.219],[-99.054,19.236],[-98.974,19.297],[-98.998,19.301],[-98.966,19.324],[-98.961,19.336],[-98.933,19.35],[-98.991,19.445],[-99.002,19.451],[-99.002,19.558],[-99.053,19.552],[-99.296,19.558],[-99.303,19.331]]]}},{"type":"Feature","properties":{},"geometry":{"type":"Polygon","coordinates":[[[-98.318,19.058],[-98.281,18.967],[-98.26,18.963],[-98.178,18.963],[-98.116,19.028],[-98.115,19.075],[-98.19,19.122],[-98.238,19.121],[-98.248,19.113],[-98.263,19.119],[-98.295,19.091],[-98.318,19.058]]]}},{"type":"Feature","properties":{},"geometry":{"type":"Polygon","coordinates":[[[115.443,-32.033],[115.538,-32.031],[115.571,-32.009],[115.572,-31.995],[115.549,-31.982],[115.494,-31.982],[115.443,-32.01],[115.443,-32.033]]]}},{"type":"Feature","properties":{},"geometry":{"type":"Polygon","coordinates":[[[115.572,-31.488],[115.67,-31.643],[115.72,-31.763],[115.724,-31.833],[115.74,-31.839],[115.741,-32.02],[115.716,-32.048],[115.715,-32.067],[115.731,-32.078],[115.731,-32.114],[115.74,-32.114],[115.733,-32.15],[115.746,-32.174],[115.752,-32.209],[115.731,-32.257],[115.678,-32.264],[115.704,-32.317],[115.715,-32.324],[115.712,-32.372],[115.723,-32.404],[115.731,-32.403],[115.738,-32.436],[115.729,-32.495],[115.714,-32.513],[115.692,-32.519],[115.627,-32.591],[115.608,-32.647],[115.605,-32.68],[115.726,-32.687],[115.752,-32.676],[115.887,-32.666],[115.899,-32.658],[115.904,-32.59],[115.869,-32.575],[115.837,-32.549],[115.821,-32.492],[115.827,-32.448],[115.844,-32.418],[115.858,-32.41],[115.919,-32.405],[115.994,-32.414],[116.022,-32.339],[116.036,-32.331],[116.038,-32.294],[116.049,-32.287],[116.049,-32.2],[116.057,-32.183],[116.104,-32.164],[116.116,-32.151],[116.119,-32.131],[116.106,-32.085],[116.087,-32.078],[116.05,-32.083],[116.047,-32.046],[116.068,-32.038],[116.116,-32.037],[116.124,-31.953],[116.179,-31.946],[116.2,-31.951],[116.242,-31.924],[116.312,-31.895],[116.32,-31.86],[116.308,-31.826],[116.266,-31.82],[116.121,-31.826],[116.084,-31.818],[116.108,-31.796],[116.112,-31.754],[116.108,-31.736],[116.076,-31.706],[115.983,-31.698],[115.925,-31.725],[115.86,-31.716],[115.849,-31.708],[115.851,-31.697],[115.836,-31.667],[115.767,-31.636],[115.735,-31.605],[115.724,-31.603],[115.703,-31.536],[115.661,-31.49],[115.641,-31.492],[115.626,-31.473],[115.611,-31.472],[115.58,-31.472],[115.572,-31.488]]]}},{"type":"Feature","properties":{},"geometry":{"type":"Polygon","coordinates":[[[115.584,-33.438],[115.617,-33.452],[115.66,-33.451],[115.678,-33.441],[115.698,-33.412],[115.744,-33.386],[115.778,-33.342],[115.788,-33.242],[115.781,-33.227],[115.76,-33.22],[115.745,-33.227],[115.737,-33.132],[115.719,-33.118],[115.692,-33.119],[115.681,-33.293],[115.657,-33.319],[115.632,-33.318],[115.602,-33.409],[115.584,-33.438]]]}},{"type":"Feature","properties":{},"geometry":{"type":"Polygon","coordinates":[[[-70.323,44.08],[-69.818,44.08],[-69.825,44.095],[-69.825,44.141],[-69.839,44.145],[-69.848,44.131],[-69.885,44.117],[-70.244,44.122],[-70.323,44.117],[-70.323,44.08]]]}},{"type":"Feature","properties":{},"geometry":{"type":"Polygon","coordinates":[[[-69.857,44.308],[-69.841,44.264],[-69.852,44.181],[-69.844,44.15],[-69.716,44.147],[-69.692,44.242],[-69.668,44.258],[-69.664,44.272],[-69.671,44.273],[-69.652,44.294],[-69.646,44.322],[-69.651,44.343],[-69.601,44.409],[-69.605,44.421],[-69.581,44.492],[-69.567,44.524],[-69.546,44.548],[-69.531,44.59],[-69.542,44.597],[-69.538,44.602],[-69.567,44.614],[-69.572,44.63],[-69.646,44.638],[-69.722,44.542],[-69.726,44.519],[-69.763,44.49],[-69.781,44.435],[-69.792,44.432],[-69.8,44.411],[-69.824,44.411],[-69.857,44.308]]]}},{"type":"Feature","properties":{},"geometry":{"type":"Polygon","coordinates":[[[-69.283,44.906],[-69.259,44.892],[-69.256,44.88],[-69.263,44.829],[-69.273,44.823],[-69.267,44.81],[-69.272,44.771],[-69.267,44.734],[-68.895,44.732],[-68.895,45.009],[-69.261,45.009],[-69.281,44.983],[-69.276,44.934],[-69.283,44.906]]]}},{"type":"Feature","properties":{},"geometry":{"type":"Polygon","coordinates":[[[-68.461,44.286],[-68.391,44.232],[-68.34,44.225],[-68.246,44.229],[-68.202,44.246],[-68.21,44.285],[-68.184,44.297],[-68.156,44.334],[-68.152,44.373],[-68.194,44.432],[-68.196,44.457],[-68.391,44.458],[-68.402,44.446],[-68.397,44.397],[-68.461,44.357],[-68.461,44.286]]]}},{"type":"Feature","properties":{},"geometry":{"type":"Polygon","coordinates":[[[-114.307,51.145],[-114.292,51.131],[-114.302,51.125],[-114.294,51.113],[-114.302,51.075],[-114.283,51.074],[-114.28,51.038],[-114.272,51.037],[-114.272,51.023],[-114.252,50.995],[-114.255,50.988],[-114.247,50.988],[-114.222,50.959],[-114.21,50.958],[-114.212,50.951],[-114.177,50.911],[-114.173,50.895],[-114.158,50.892],[-114.156,50.874],[-114.112,50.869],[-114.116,50.861],[-114.107,50.852],[-114.085,50.855],[-114.093,50.86],[-114.057,50.848],[-114.027,50.849],[-114.048,50.841],[-114.048,50.821],[-114.008,50.819],[-113.998,50.811],[-113.98,50.819],[-113.979,50.832],[-113.941,50.834],[-113.927,50.855],[-113.883,50.874],[-113.883,50.892],[-113.876,50.892],[-113.883,50.926],[-113.865,50.957],[-113.88,51.009],[-113.865,51.009],[-113.865,51.041],[-113.843,51.039],[-113.842,51.066],[-113.788,51.067],[-113.788,51.054],[-113.772,51.06],[-113.776,51.085],[-113.768,51.093],[-113.768,51.116],[-113.783,51.122],[-113.769,51.125],[-113.772,51.132],[-113.791,51.137],[-113.799,51.152],[-113.822,51.146],[-113.838,51.153],[-113.838,51.145],[-113.842,51.154],[-113.877,51.154],[-113.876,51.191],[-113.888,51.191],[-113.888,51.197],[-114.27,51.196],[-114.28,51.192],[-114.28,51.156],[-114.305,51.153],[-114.307,51.145]]]}},{"type":"Feature","properties":{},"geometry":{"type":"Polygon","coordinates":[[[-114.088,51.291],[-114.048,51.248],[-114.005,51.241],[-113.958,51.252],[-113.949,51.262],[-113.945,51.289],[-113.967,51.303],[-113.968,51.313],[-114.017,51.328],[-114.049,51.329],[-114.077,51.317],[-114.088,51.291]]]}},{"type":"Feature","properties":{},"geometry":{"type":"Polygon","coordinates":[[[-113.887,52.225],[-113.84,52.191],[-113.788,52.186],[-113.746,52.216],[-113.707,52.23],[-113.7,52.244],[-113.707,52.245],[-113.707,52.266],[-113.719,52.266],[-113.717,52.291],[-113.741,52.295],[-113.787,52.326],[-113.825,52.337],[-113.85,52.335],[-113.887,52.331],[-113.887,52.225]]]}},{"type":"Feature","properties":{},"geometry":{"type":"Polygon","coordinates":[[[-113.741,53.539],[-113.733,53.477],[-113.71,53.459],[-113.708,53.397],[-113.649,53.396],[-113.615,53.382],[-113.571,53.378],[-113.492,53.396],[-113.468,53.383],[-113.442,53.381],[-113.416,53.39],[-113.24,53.397],[-113.242,53.489],[-113.2,53.509],[-113.211,53.511],[-113.204,53.52],[-113.202,53.534],[-113.209,53.541],[-113.202,53.541],[-113.202,53.564],[-113.236,53.587],[-113.24,53.645],[-113.312,53.645],[-113.312,53.671],[-113.318,53.672],[-113.592,53.673],[-113.601,53.686],[-113.663,53.687],[-113.663,53.68],[-113.681,53.674],[-113.71,53.673],[-113.713,53.57],[-113.737,53.57],[-113.741,53.539]]]}},{"type":"Feature","properties":{},"geometry":{"type":"Polygon","coordinates":[[[-110.741,50.016],[-110.717,49.99],[-110.695,49.981],[-110.658,49.977],[-110.603,49.99],[-110.603,50.03],[-110.621,50.045],[-110.636,50.043],[-110.654,50.066],[-110.69,50.068],[-110.72,50.055],[-110.72,50.049],[-110.734,50.053],[-110.741,50.016]]]}},{"type":"Feature","properties":{},"geometry":{"type":"Polygon","coordinates":[[[20.031,41.104],[20.04,41.078],[20.102,41.071],[20.134,41.088],[20.142,41.11],[20.137,41.121],[20.12,41.126],[20.115,41.145],[20.082,41.154],[20.04,41.14],[20.032,41.129],[20.031,41.104]]]}},{"type":"Feature","properties":{},"geometry":{"type":"Polygon","coordinates":[[[20.274,44.816],[20.315,44.801],[20.323,44.75],[20.332,44.747],[20.327,44.744],[20.341,44.708],[20.36,44.698],[20.385,44.701],[20.458,44.687],[20.528,44.721],[20.536,44.738],[20.554,44.739],[20.558,44.719],[20.582,44.712],[20.598,44.715],[20.641,44.748],[20.631,44.763],[20.608,44.768],[20.605,44.78],[20.587,44.783],[20.575,44.805],[20.575,44.828],[20.555,44.839],[20.553,44.869],[20.536,44.87],[20.516,44.885],[20.509,44.905],[20.473,44.919],[20.444,44.917],[20.436,44.907],[20.385,44.887],[20.369,44.89],[20.341,44.877],[20.325,44.885],[20.305,44.88],[20.274,44.816]],[[20.391,44.737],[20.402,44.75],[20.417,44.745],[20.411,44.735],[20.391,44.737]]]}},{"type":"Feature","properties":{},"geometry":{"type":"Polygon","coordinates":[[[20.305,43.886],[20.336,43.872],[20.337,43.865],[20.37,43.864],[20.371,43.856],[20.387,43.856],[20.393,43.871],[20.403,43.872],[20.403,43.898],[20.395,43.906],[20.352,43.916],[20.323,43.916],[20.305,43.886]]]}},{"type":"Feature","properties":{},"geometry":{"type":"Polygon","coordinates":[[[20.47,43.122],[20.474,43.108],[20.494,43.104],[20.546,43.114],[20.553,43.138],[20.544,43.158],[20.555,43.174],[20.524,43.181],[20.477,43.154],[20.47,43.149],[20.47,43.141],[20.479,43.141],[20.47,43.136],[20.47,43.122]]]}},{"type":"Feature","properties":{},"geometry":{"type":"Polygon","coordinates":[[[20.591,43.685],[20.624,43.678],[20.631,43.684],[20.691,43.687],[20.698,43.706],[20.726,43.707],[20.724,43.715],[20.737,43.72],[20.7,43.747],[20.672,43.756],[20.645,43.736],[20.649,43.725],[20.634,43.724],[20.591,43.685]]]}},{"type":"Feature","properties":{},"geometry":{"type":"Polygon","coordinates":[[[20.612,44.887],[20.621,44.845],[20.65,44.815],[20.686,44.817],[20.708,44.835],[20.704,44.86],[20.678,44.854],[20.674,44.859],[20.671,44.869],[20.7,44.895],[20.682,44.909],[20.658,44.909],[20.669,44.893],[20.65,44.882],[20.628,44.885],[20.628,44.912],[20.616,44.907],[20.612,44.887]]]}},{"type":"Feature","properties":{},"geometry":{"type":"Polygon","coordinates":[[[20.826,43.993],[20.853,43.964],[20.928,43.964],[20.937,43.977],[20.958,43.971],[20.991,44.014],[20.988,44.031],[20.951,44.054],[20.908,44.061],[20.871,44.048],[20.858,44.017],[20.826,43.993]]]}},{"type":"Feature","properties":{},"geometry":{"type":"Polygon","coordinates":[[[20.886,44.656],[20.9,44.638],[20.912,44.636],[20.921,44.641],[20.919,44.649],[20.934,44.653],[20.94,44.65],[20.929,44.632],[20.915,44.63],[20.983,44.616],[20.97,44.659],[20.943,44.689],[20.891,44.669],[20.886,44.656]]]}},{"type":"Feature","properties":{},"geometry":{"type":"Polygon","coordinates":[[[21.092,42.643],[21.095,42.622],[21.172,42.62],[21.17,42.626],[21.19,42.628],[21.221,42.62],[21.22,42.703],[21.095,42.704],[21.099,42.645],[21.092,42.643]]]}},{"type":"Feature","properties":{},"geometry":{"type":"Polygon","coordinates":[[[21.253,43.58],[21.267,43.572],[21.263,43.56],[21.281,43.553],[21.283,43.545],[21.305,43.548],[21.318,43.535],[21.329,43.543],[21.326,43.537],[21.344,43.539],[21.351,43.549],[21.384,43.552],[21.393,43.568],[21.381,43.575],[21.392,43.588],[21.384,43.6],[21.349,43.614],[21.326,43.615],[21.311,43.601],[21.276,43.597],[21.27,43.582],[21.253,43.58]]]}},{"type":"Feature","properties":{},"geometry":{"type":"Polygon","coordinates":[[[21.83,43.347],[21.877,43.334],[21.875,43.323],[21.841,43.328],[21.852,43.317],[21.845,43.314],[21.846,43.299],[21.86,43.296],[21.866,43.302],[21.897,43.289],[21.901,43.296],[21.912,43.29],[21.922,43.302],[21.927,43.289],[21.969,43.293],[21.955,43.304],[21.969,43.316],[21.969,43.333],[21.929,43.354],[21.909,43.353],[21.909,43.364],[21.868,43.366],[21.883,43.355],[21.868,43.344],[21.835,43.358],[21.83,43.347]],[[21.881,43.329],[21.889,43.341],[21.911,43.334],[21.909,43.326],[21.881,43.329]]]}},{"type":"Feature","properties":{},"geometry":{"type":"Polygon","coordinates":[[[21.856,42.555],[21.881,42.52],[21.898,42.521],[21.912,42.512],[21.93,42.524],[21.941,42.545],[21.931,42.551],[21.922,42.579],[21.914,42.581],[21.861,42.565],[21.856,42.555]],[[21.888,42.544],[21.9,42.551],[21.905,42.542],[21.892,42.538],[21.888,42.544]]]}},{"type":"Feature","properties":{},"geometry":{"type":"Polygon","coordinates":[[[21.896,42.979],[21.905,42.974],[21.923,42.987],[21.931,42.975],[21.964,42.975],[21.971,42.977],[21.964,42.989],[21.973,42.991],[21.984,42.981],[21.986,42.991],[21.964,43.008],[21.969,43.014],[21.947,43.024],[21.933,43],[21.907,43.014],[21.909,42.991],[21.898,42.991],[21.896,42.979]]]}},{"type":"Feature","properties":{},"geometry":{"type":"Polygon","coordinates":[[[22.456,40.292],[22.464,40.282],[22.493,40.277],[22.493,40.266],[22.462,40.26],[22.474,40.242],[22.499,40.237],[22.499,40.231],[22.515,40.237],[22.547,40.232],[22.556,40.244],[22.575,40.24],[22.584,40.262],[22.578,40.29],[22.559,40.298],[22.553,40.293],[22.537,40.308],[22.468,40.308],[22.456,40.292]]]}},{"type":"Feature","properties":{},"geometry":{"type":"Polygon","coordinates":[[[22.602,44.638],[22.727,44.63],[22.732,44.64],[22.728,44.653],[22.663,44.657],[22.602,44.638]]]}},{"type":"Feature","properties":{},"geometry":{"type":"Polygon","coordinates":[[[22.765,40.697],[22.791,40.638],[22.857,40.616],[22.904,40.582],[22.912,40.562],[22.949,40.538],[22.994,40.534],[22.999,40.516],[22.977,40.501],[22.941,40.508],[22.896,40.499],[22.828,40.5],[22.828,40.482],[22.857,40.474],[22.878,40.446],[22.872,40.436],[22.89,40.427],[22.906,40.4],[23.111,40.394],[23.108,40.478],[23.115,40.509],[23.106,40.582],[23.123,40.663],[23.121,40.756],[23.115,40.76],[23.123,40.788],[23.114,40.809],[23.02,40.808],[22.992,40.797],[22.97,40.804],[22.966,40.814],[22.944,40.817],[22.791,40.814],[22.765,40.697]],[[22.869,40.678],[22.879,40.691],[22.902,40.689],[22.898,40.676],[22.885,40.67],[22.869,40.678]],[[22.876,40.639],[22.882,40.651],[22.906,40.65],[22.901,40.638],[22.876,40.639]],[[23.008,40.529],[23.011,40.539],[23.048,40.544],[23.041,40.526],[23.025,40.522],[23.008,40.529]],[[23.049,40.606],[23.053,40.614],[23.066,40.608],[23.062,40.599],[23.049,40.606]]]}},{"type":"Feature","properties":{},"geometry":{"type":"Polygon","coordinates":[[[22.992,42.57],[23.058,42.548],[23.178,42.551],[23.178,42.654],[23.02,42.652],[22.994,42.639],[22.992,42.57]]]}},{"type":"Feature","properties":{},"geometry":{"type":"Polygon","coordinates":[[[23.038,42.002],[23.045,41.971],[23.058,41.971],[23.07,41.958],[23.088,41.958],[23.1,41.969],[23.143,41.971],[23.143,42.04],[23.128,42.04],[23.107,42.055],[23.107,42.064],[23.082,42.068],[23.041,42.043],[23.044,42.01],[23.038,42.002]]]}},{"type":"Feature","properties":{},"geometry":{"type":"Polygon","coordinates":[[[23.192,43.433],[23.195,43.384],[23.276,43.384],[23.275,43.445],[23.192,43.445],[23.192,43.433]]]}},{"type":"Feature","properties":{},"geometry":{"type":"Polygon","coordinates":[[[23.202,42.683],[23.211,42.661],[23.242,42.671],[23.243,42.655],[23.269,42.651],[23.276,42.633],[23.317,42.611],[23.361,42.601],[23.367,42.613],[23.409,42.615],[23.426,42.632],[23.471,42.635],[23.5,42.683],[23.507,42.71],[23.504,42.718],[23.454,42.721],[23.441,42.738],[23.428,42.741],[23.416,42.772],[23.375,42.828],[23.346,42.839],[23.246,42.763],[23.253,42.748],[23.215,42.723],[23.215,42.703],[23.203,42.697],[23.202,42.683]]]}},{"type":"Feature","properties":{},"geometry":{"type":"Polygon","coordinates":[[[23.496,41.074],[23.507,41.062],[23.53,41.055],[23.541,41.06],[23.566,41.043],[23.578,41.057],[23.59,41.051],[23.604,41.069],[23.599,41.087],[23.568,41.09],[23.567,41.099],[23.596,41.105],[23.595,41.11],[23.531,41.125],[23.508,41.116],[23.508,41.09],[23.496,41.088],[23.496,41.074]]]}},{"type":"Feature","properties":{},"geometry":{"type":"Polygon","coordinates":[[[23.654,44.381],[23.774,44.227],[23.908,44.27],[23.916,44.303],[23.917,44.268],[23.929,44.27],[23.943,44.327],[23.925,44.369],[23.917,44.372],[23.917,44.337],[23.904,44.369],[23.783,44.428],[23.654,44.381]]]}},{"type":"Feature","properties":{},"geometry":{"type":"Polygon","coordinates":[[[24.313,44.437],[24.335,44.409],[24.357,44.4],[24.405,44.396],[24.421,44.406],[24.423,44.42],[24.397,44.466],[24.391,44.458],[24.351,44.455],[24.313,44.437]]]}},{"type":"Feature","properties":{},"geometry":{"type":"Polygon","coordinates":[[[24.493,43.425],[24.501,43.426],[24.579,43.371],[24.688,43.37],[24.688,43.454],[24.493,43.454],[24.493,43.425]]]}},{"type":"Feature","properties":{},"geometry":{"type":"Polygon","coordinates":[[[24.66,42.134],[24.664,42.107],[24.692,42.083],[24.789,42.085],[24.815,42.106],[24.825,42.162],[24.811,42.182],[24.763,42.194],[24.734,42.189],[24.732,42.195],[24.699,42.201],[24.7,42.189],[24.69,42.19],[24.664,42.156],[24.66,42.134]]]}},{"type":"Feature","properties":{},"geometry":{"type":"Polygon","coordinates":[[[24.785,44.886],[24.792,44.889],[24.822,44.843],[24.843,44.843],[24.859,44.823],[24.89,44.82],[24.91,44.805],[24.918,44.821],[24.939,44.823],[24.939,44.843],[24.901,44.862],[24.891,44.878],[24.873,44.882],[24.872,44.896],[24.848,44.91],[24.826,44.911],[24.819,44.898],[24.8,44.9],[24.785,44.886]]]}},{"type":"Feature","properties":{},"geometry":{"type":"Polygon","coordinates":[[[24.826,41.129],[24.836,41.121],[24.852,41.125],[24.855,41.118],[24.843,41.115],[24.843,41.108],[24.855,41.111],[24.869,41.095],[24.885,41.093],[24.894,41.095],[24.895,41.104],[24.931,41.117],[24.943,41.127],[24.943,41.139],[24.921,41.146],[24.927,41.16],[24.89,41.175],[24.852,41.156],[24.826,41.129]],[[24.865,41.129],[24.869,41.14],[24.884,41.146],[24.888,41.13],[24.88,41.121],[24.865,41.129]]]}},{"type":"Feature","properties":{},"geometry":{"type":"Polygon","coordinates":[[[138.463,-34.804],[138.469,-34.807],[138.466,-34.879],[138.491,-34.969],[138.701,-34.97],[138.716,-34.952],[138.711,-34.941],[138.727,-34.938],[138.716,-34.925],[138.774,-34.798],[138.77,-34.774],[138.759,-34.769],[138.755,-34.717],[138.746,-34.715],[138.746,-34.705],[138.755,-34.703],[138.759,-34.681],[138.77,-34.675],[138.764,-34.66],[138.782,-34.656],[138.799,-34.622],[138.804,-34.594],[138.792,-34.572],[138.799,-34.57],[138.799,-34.56],[138.772,-34.552],[138.755,-34.556],[138.742,-34.547],[138.691,-34.559],[138.694,-34.591],[138.674,-34.609],[138.636,-34.606],[138.617,-34.613],[138.612,-34.634],[138.619,-34.643],[138.608,-34.67],[138.616,-34.683],[138.602,-34.705],[138.586,-34.704],[138.565,-34.717],[138.569,-34.744],[138.477,-34.756],[138.466,-34.773],[138.463,-34.804]]]}},{"type":"Feature","properties":{},"geometry":{"type":"Polygon","coordinates":[[[5.231,59.405],[5.271,59.377],[5.342,59.375],[5.346,59.436],[5.331,59.439],[5.331,59.486],[5.293,59.494],[5.293,59.501],[5.231,59.502],[5.231,59.405]]]}},{"type":"Feature","properties":{},"geometry":{"type":"Polygon","coordinates":[[[5.582,58.961],[5.598,58.958],[5.63,58.929],[5.669,58.915],[5.665,58.867],[5.691,58.859],[5.694,58.818],[5.702,58.817],[5.694,58.81],[5.728,58.801],[5.782,58.8],[5.79,58.903],[5.875,58.91],[5.89,58.932],[5.911,58.939],[5.948,58.932],[5.948,58.913],[5.941,58.908],[5.955,58.898],[6.064,58.874],[6.085,58.873],[6.096,58.883],[5.952,58.958],[5.869,58.983],[5.79,59.033],[5.782,59.056],[5.736,59.058],[5.716,59.046],[5.714,59.027],[5.702,59.015],[5.64,59.001],[5.64,58.989],[5.582,58.979],[5.582,58.961]]]}},{"type":"Feature","properties":{},"geometry":{"type":"Polygon","coordinates":[[[7.651,58.103],[7.652,58.097],[7.671,58.096],[7.673,58.057],[7.663,58.049],[7.667,58.029],[7.684,58.036],[7.685,58.044],[7.843,58.046],[7.858,58.06],[7.927,58.063],[7.994,58.11],[8.104,58.114],[8.119,58.165],[8.167,58.188],[8.153,58.199],[8.035,58.197],[7.98,58.169],[7.918,58.158],[7.914,58.13],[7.841,58.129],[7.826,58.121],[7.667,58.111],[7.651,58.103]]]}},{"type":"Feature","properties":{},"geometry":{"type":"Polygon","coordinates":[[[8.372,55.51],[8.403,55.473],[8.448,55.451],[8.448,55.458],[8.476,55.448],[8.538,55.449],[8.54,55.494],[8.521,55.532],[8.394,55.536],[8.372,55.51]]]}},{"type":"Feature","properties":{},"geometry":{"type":"Polygon","coordinates":[[[9.455,55.691],[9.499,55.654],[9.623,55.653],[9.658,55.698],[9.661,55.752],[9.528,55.752],[9.462,55.733],[9.455,55.691]]]}},{"type":"Feature","properties":{},"geometry":{"type":"Polygon","coordinates":[[[9.521,59.204],[9.529,59.191],[9.595,59.163],[9.608,59.147],[9.617,59.105],[9.643,59.068],[9.675,59.047],[9.664,59.043],[9.664,59.034],[9.713,59.017],[9.733,59.02],[9.737,59.115],[9.641,59.221],[9.605,59.233],[9.548,59.235],[9.536,59.212],[9.525,59.213],[9.521,59.204]]]}},{"type":"Feature","properties":{},"geometry":{"type":"Polygon","coordinates":[[[9.597,59.624],[9.695,59.621],[9.684,59.625],[9.683,59.673],[9.628,59.688],[9.624,59.64],[9.597,59.63],[9.597,59.624]]]}},{"type":"Feature","properties":{},"geometry":{"type":"Polygon","coordinates":[[[9.816,58.975],[9.866,58.957],[9.971,58.961],[10.04,58.972],[10.072,58.992],[10.07,59.003],[10.083,58.998],[10.16,59.005],[10.26,59.04],[10.3,59.041],[10.329,59.053],[10.329,59.066],[10.35,59.073],[10.377,59.074],[10.383,59.055],[10.414,59.051],[10.471,59.065],[10.485,59.088],[10.5,59.093],[10.499,59.132],[10.506,59.136],[10.515,59.192],[10.521,59.194],[10.518,59.239],[10.525,59.248],[10.514,59.256],[10.514,59.275],[10.518,59.285],[10.535,59.29],[10.532,59.321],[10.506,59.33],[10.489,59.346],[10.484,59.374],[10.502,59.416],[10.5,59.44],[10.481,59.451],[10.434,59.454],[10.371,59.449],[10.342,59.433],[10.335,59.426],[10.33,59.324],[10.302,59.318],[10.279,59.303],[10.263,59.252],[10.166,59.159],[10.084,59.106],[10.029,59.084],[9.967,59.074],[9.947,59.06],[9.945,59.036],[9.895,59.007],[9.852,59.002],[9.816,58.975]]]}},{"type":"Feature","properties":{},"geometry":{"type":"Polygon","coordinates":[[[9.841,57.066],[9.845,56.987],[9.954,56.982],[10.035,56.987],[10.033,57.077],[9.867,57.089],[9.857,57.077],[9.841,57.077],[9.841,57.066]]]}},{"type":"Feature","properties":{},"geometry":{"type":"Polygon","coordinates":[[[25.757,56.281],[26.216,56.283],[26.228,56.298],[26.212,56.437],[26.216,56.519],[26.165,56.514],[26.153,56.532],[26.154,56.553],[26.209,56.557],[26.211,56.612],[25.79,56.616],[25.777,56.587],[25.778,56.558],[25.785,56.556],[25.778,56.536],[25.79,56.528],[25.779,56.522],[25.781,56.478],[25.773,56.453],[25.778,56.435],[25.766,56.407],[25.771,56.4],[25.757,56.281]],[[25.823,56.55],[25.827,56.568],[25.866,56.569],[25.877,56.542],[25.837,56.535],[25.823,56.55]]]}},{"type":"Feature","properties":{},"geometry":{"type":"Polygon","coordinates":[[[138.428,-35.342],[138.437,-35.366],[138.452,-35.36],[138.474,-35.366],[138.477,-35.351],[138.492,-35.343],[138.495,-35.296],[138.507,-35.288],[138.506,-35.268],[138.532,-35.262],[138.529,-35.243],[138.557,-35.242],[138.569,-35.233],[138.558,-35.16],[138.59,-35.128],[138.599,-35.128],[138.599,-35.115],[138.636,-35.1],[138.808,-35.119],[138.897,-35.104],[138.917,-35.094],[138.923,-35.081],[138.937,-35.081],[138.947,-35.057],[138.958,-35.054],[138.954,-35.024],[138.911,-34.997],[138.895,-34.995],[138.87,-34.973],[138.495,-34.969],[138.491,-35.01],[138.503,-35.022],[138.502,-35.032],[138.491,-35.076],[138.472,-35.087],[138.457,-35.121],[138.458,-35.228],[138.447,-35.253],[138.429,-35.268],[138.437,-35.316],[138.428,-35.342]]]}},{"type":"Feature","properties":{},"geometry":{"type":"Polygon","coordinates":[[[135.129,35.501],[135.214,35.502],[135.214,35.597],[135.129,35.597],[135.129,35.501]]]}},{"type":"Feature","properties":{},"geometry":{"type":"Polygon","coordinates":[[[135.625,35.022],[135.636,35.01],[135.637,35.038],[135.665,35.032],[135.683,35.041],[135.689,35.054],[135.707,35.059],[135.721,35.081],[135.775,35.091],[135.725,35.088],[135.691,35.061],[135.626,35.038],[135.625,35.022]]]}},{"type":"Feature","properties":{},"geometry":{"type":"Polygon","coordinates":[[[136,35.646],[136.003,35.613],[136.053,35.586],[136.108,35.635],[136.116,35.662],[136.112,35.696],[136.074,35.699],[136.066,35.692],[136.067,35.678],[136.04,35.671],[136.024,35.676],[136,35.646]]]}},{"type":"Feature","properties":{},"geometry":{"type":"Polygon","coordinates":[[[136.015,35.094],[136.053,35.064],[136.053,35.095],[136.015,35.094]]]}},{"type":"Feature","properties":{},"geometry":{"type":"Polygon","coordinates":[[[136.121,35.9],[136.126,35.888],[136.144,35.881],[136.174,35.883],[136.196,35.899],[136.219,35.902],[136.215,35.912],[136.225,35.922],[136.228,35.952],[136.217,35.984],[136.276,36.022],[136.283,36.041],[136.288,36.101],[136.277,36.111],[136.269,36.137],[136.222,36.149],[136.2,36.133],[136.171,36.127],[136.149,36.086],[136.163,36.005],[136.162,35.992],[136.149,35.992],[136.147,35.918],[136.121,35.9]]]}},{"type":"Feature","properties":{},"geometry":{"type":"Polygon","coordinates":[[[136.202,35.247],[136.207,35.19],[136.29,35.19],[136.291,35.275],[136.299,35.316],[136.292,35.318],[136.288,35.34],[136.296,35.363],[136.287,35.405],[136.258,35.4],[136.258,35.31],[136.244,35.289],[136.207,35.268],[136.202,35.247]]]}},{"type":"Feature","properties":{},"geometry":{"type":"Polygon","coordinates":[[[136.475,36.492],[136.572,36.489],[136.631,36.472],[136.692,36.497],[136.692,36.503],[136.743,36.513],[136.747,36.535],[136.739,36.543],[136.751,36.563],[136.743,36.59],[136.758,36.635],[136.759,36.678],[136.693,36.684],[136.684,36.692],[136.677,36.685],[136.67,36.695],[136.647,36.685],[136.616,36.651],[136.589,36.64],[136.57,36.599],[136.475,36.503],[136.475,36.492]]]}},{"type":"Feature","properties":{},"geometry":{"type":"Polygon","coordinates":[[[136.55,35.389],[136.557,35.373],[136.567,35.371],[136.557,35.349],[136.566,35.336],[136.566,35.302],[136.62,35.288],[136.673,35.255],[136.695,35.261],[136.693,35.238],[136.725,35.238],[136.739,35.228],[136.734,35.074],[136.758,35.048],[136.767,35.023],[136.737,35.022],[136.725,35.004],[136.794,35],[136.913,35.004],[136.976,34.996],[137.016,35.003],[137.118,35.002],[137.123,35.045],[137.113,35.078],[137.12,35.137],[137.113,35.143],[137.131,35.164],[137.124,35.165],[137.118,35.304],[137.13,35.306],[137.142,35.302],[137.146,35.29],[137.173,35.287],[137.204,35.297],[137.212,35.35],[137.251,35.345],[137.269,35.355],[137.274,35.37],[137.273,35.38],[137.26,35.383],[137.214,35.37],[137.185,35.381],[137.168,35.363],[137.138,35.373],[137.134,35.385],[137.142,35.39],[137.181,35.388],[137.181,35.464],[137.034,35.46],[137.026,35.448],[137.004,35.444],[136.964,35.451],[136.951,35.445],[136.89,35.451],[136.822,35.444],[136.806,35.445],[136.807,35.483],[136.791,35.488],[136.671,35.484],[136.671,35.446],[136.651,35.445],[136.651,35.411],[136.585,35.41],[136.583,35.39],[136.572,35.388],[136.567,35.414],[136.555,35.414],[136.55,35.389]]]}},{"type":"Feature","properties":{},"geometry":{"type":"Polygon","coordinates":[[[136.917,36.723],[136.945,36.715],[136.968,36.692],[137.056,36.687],[137.079,36.696],[137.098,36.72],[137.111,36.718],[137.138,36.742],[137.156,36.745],[137.167,36.763],[137.162,36.721],[137.123,36.723],[137.118,36.716],[137.118,36.69],[137.126,36.679],[137.123,36.653],[137.189,36.654],[137.196,36.662],[137.238,36.652],[137.302,36.653],[137.306,36.66],[137.3,36.662],[137.302,36.683],[137.292,36.687],[137.289,36.722],[137.277,36.727],[137.281,36.771],[137.173,36.771],[137.115,36.795],[137.089,36.797],[137.081,36.815],[137.071,36.819],[137.042,36.822],[137.013,36.802],[136.98,36.796],[136.935,36.764],[136.917,36.723]]]}},{"type":"Feature","properties":{},"geometry":{"type":"Polygon","coordinates":[[[137.175,35.16],[137.208,35.157],[137.207,35.164],[137.175,35.16]]]}},{"type":"Feature","properties":{},"geometry":{"type":"Polygon","coordinates":[[[137.201,35.021],[137.208,35.008],[137.21,35.04],[137.201,35.021]]]}},{"type":"Feature","properties":{},"geometry":{"type":"Polygon","coordinates":[[[137.764,35.529],[137.775,35.456],[137.821,35.463],[137.778,35.454],[137.806,35.447],[137.841,35.454],[137.823,35.457],[137.83,35.462],[137.858,35.46],[137.865,35.453],[137.888,35.461],[137.869,35.465],[137.869,35.549],[137.839,35.557],[137.764,35.556],[137.764,35.529]]]}},{"type":"Feature","properties":{},"geometry":{"type":"Polygon","coordinates":[[[137.903,36.1],[137.969,36.082],[137.986,36.097],[137.987,36.136],[137.999,36.143],[137.999,36.156],[138.006,36.156],[138.005,36.188],[138.014,36.19],[138.014,36.239],[138.023,36.263],[138.014,36.29],[137.953,36.29],[137.922,36.277],[137.906,36.228],[137.917,36.147],[137.903,36.1]]]}},{"type":"Feature","properties":{},"geometry":{"type":"Polygon","coordinates":[[[138.025,36.062],[138.028,36.05],[138.038,36.048],[138.031,36.039],[138.082,36.015],[138.112,35.981],[138.149,35.968],[138.17,35.976],[138.186,35.998],[138.186,36.005],[138.17,36.008],[138.141,36.038],[138.137,36.065],[138.094,36.091],[138.076,36.087],[138.08,36.096],[138.069,36.106],[138.04,36.107],[138.025,36.062]]]}},{"type":"Feature","properties":{},"geometry":{"type":"Polygon","coordinates":[[[138.057,36.495],[138.131,36.466],[138.145,36.488],[138.157,36.484],[138.16,36.499],[138.17,36.497],[138.196,36.534],[138.248,36.538],[138.268,36.531],[138.267,36.565],[138.308,36.565],[138.321,36.672],[138.369,36.667],[138.37,36.693],[138.295,36.69],[138.295,36.705],[138.244,36.723],[138.216,36.718],[138.186,36.698],[138.163,36.698],[138.159,36.668],[138.109,36.66],[138.112,36.616],[138.094,36.589],[138.106,36.589],[138.095,36.579],[138.094,36.564],[138.083,36.555],[138.057,36.495]]]}},{"type":"Feature","properties":{},"geometry":{"type":"Polygon","coordinates":[[[138.057,36.556],[138.06,36.539],[138.069,36.538],[138.08,36.554],[138.057,36.556]]]}},{"type":"Feature","properties":{},"geometry":{"type":"Polygon","coordinates":[[[138.174,36.364],[138.194,36.364],[138.194,36.344],[138.281,36.344],[138.286,36.354],[138.333,36.369],[138.332,36.429],[138.316,36.428],[138.315,36.441],[138.197,36.433],[138.194,36.423],[138.179,36.425],[138.174,36.364]]]}},{"type":"Feature","properties":{},"geometry":{"type":"Polygon","coordinates":[[[138.193,37.129],[138.198,37.106],[138.216,37.081],[138.251,37.075],[138.295,37.085],[138.307,37.102],[138.301,37.131],[138.311,37.164],[138.304,37.169],[138.303,37.198],[138.289,37.207],[138.289,37.219],[138.27,37.219],[138.241,37.204],[138.233,37.189],[138.204,37.18],[138.193,37.129]]]}},{"type":"Feature","properties":{},"geometry":{"type":"Polygon","coordinates":[[[138.358,35.05],[138.388,35.045],[138.396,35.058],[138.37,35.066],[138.358,35.05]]]}},{"type":"Feature","properties":{},"geometry":{"type":"Polygon","coordinates":[[[138.4,35.028],[138.425,35.039],[138.425,35.054],[138.403,35.057],[138.413,35.054],[138.4,35.028]]]}},{"type":"Feature","properties":{},"geometry":{"type":"Polygon","coordinates":[[[138.407,35.647],[138.437,35.556],[138.457,35.539],[138.583,35.553],[138.686,35.595],[138.663,35.634],[138.663,35.651],[138.654,35.656],[138.657,35.666],[138.564,35.711],[138.529,35.718],[138.487,35.745],[138.474,35.747],[138.44,35.725],[138.41,35.72],[138.407,35.647]]]}},{"type":"Feature","properties":{},"geometry":{"type":"Polygon","coordinates":[[[138.428,35.029],[138.436,35.02],[138.448,35.027],[138.437,35.034],[138.446,35.056],[138.428,35.056],[138.428,35.029]]]}},{"type":"Feature","properties":{},"geometry":{"type":"Polygon","coordinates":[[[138.45,35.056],[138.458,35.043],[138.468,35.045],[138.466,35.063],[138.483,35.075],[138.499,35.046],[138.521,35.058],[138.512,35.083],[138.474,35.087],[138.458,35.081],[138.458,35.057],[138.45,35.056]]]}},{"type":"Feature","properties":{},"geometry":{"type":"Polygon","coordinates":[[[138.521,35.087],[138.525,35.073],[138.536,35.073],[138.562,35.093],[138.733,35.132],[138.733,35.126],[138.82,35.102],[138.836,35.09],[138.842,35.072],[138.863,35.063],[138.862,35.05],[138.875,35.041],[138.838,35.03],[138.841,35.003],[138.851,34.997],[138.851,34.983],[138.858,34.982],[138.878,34.942],[138.897,34.924],[138.937,34.906],[139.013,34.894],[139.046,34.916],[139.064,34.902],[139.066,34.883],[139.124,34.872],[139.145,34.889],[139.153,34.953],[139.125,34.983],[139.109,34.983],[139.101,34.997],[139.108,35.001],[139.103,35.046],[139.099,35.059],[139.087,35.059],[139.087,35.078],[139.092,35.099],[139.125,35.139],[139.164,35.127],[139.173,35.14],[139.167,35.154],[139.154,35.16],[139.15,35.185],[139.076,35.195],[139.076,35.22],[139.093,35.22],[139.092,35.212],[139.153,35.218],[139.162,35.234],[139.213,35.267],[139.33,35.302],[139.389,35.305],[139.422,35.293],[139.429,35.308],[139.451,35.308],[139.487,35.286],[139.498,35.295],[139.539,35.295],[139.551,35.284],[139.551,35.262],[139.583,35.241],[139.596,35.212],[139.592,35.188],[139.605,35.179],[139.596,35.17],[139.601,35.129],[139.679,35.127],[139.682,35.19],[139.668,35.192],[139.673,35.2],[139.743,35.201],[139.743,35.232],[139.764,35.232],[139.763,35.275],[139.702,35.275],[139.701,35.303],[139.683,35.303],[139.679,35.385],[139.713,35.388],[139.71,35.428],[139.79,35.428],[139.794,35.491],[139.846,35.543],[139.848,35.584],[139.91,35.584],[139.942,35.624],[139.984,35.627],[139.985,35.62],[140.036,35.618],[140.018,35.632],[139.941,35.656],[139.948,35.671],[139.938,35.703],[139.942,35.796],[140.01,35.799],[140.011,35.811],[140.029,35.797],[140.116,35.799],[140.117,35.832],[140.125,35.843],[140.114,35.886],[140.135,35.904],[140.159,35.907],[140.157,35.994],[140.094,35.991],[140.076,36.04],[140.081,36.057],[140.065,36.057],[140.073,36.135],[140.062,36.142],[140.059,36.168],[140.069,36.172],[140.059,36.19],[140.011,36.183],[139.993,36.188],[139.964,36.179],[139.931,36.191],[139.93,36.321],[139.938,36.321],[139.93,36.343],[139.753,36.346],[139.757,36.359],[139.771,36.36],[139.828,36.405],[139.885,36.431],[139.901,36.453],[139.916,36.448],[139.919,36.468],[139.94,36.47],[139.956,36.489],[139.977,36.494],[139.971,36.512],[139.981,36.514],[139.975,36.531],[139.989,36.608],[139.98,36.638],[139.951,36.652],[139.922,36.653],[139.916,36.645],[139.901,36.645],[139.867,36.653],[139.85,36.642],[139.831,36.645],[139.785,36.624],[139.746,36.616],[139.731,36.602],[139.719,36.605],[139.701,36.587],[139.699,36.573],[139.71,36.557],[139.702,36.554],[139.705,36.517],[139.65,36.469],[139.642,36.449],[139.625,36.441],[139.605,36.41],[139.562,36.385],[139.558,36.393],[139.514,36.393],[139.492,36.406],[139.471,36.402],[139.438,36.411],[139.425,36.406],[139.385,36.435],[139.363,36.43],[139.366,36.444],[139.324,36.447],[139.301,36.459],[139.12,36.477],[139.128,36.491],[139.119,36.509],[139.042,36.568],[139,36.558],[138.97,36.537],[138.962,36.491],[138.937,36.433],[138.919,36.332],[138.937,36.321],[138.995,36.255],[139.009,36.251],[139.014,36.232],[139.032,36.227],[139.037,36.218],[139.059,36.212],[139.12,36.173],[139.162,36.167],[139.183,36.173],[139.246,36.126],[139.301,36.12],[139.301,36.103],[139.318,36.1],[139.32,35.992],[139.318,35.987],[139.289,35.994],[139.274,35.965],[139.272,35.92],[139.293,35.877],[139.281,35.879],[139.279,35.871],[139.279,35.821],[139.224,35.806],[139.23,35.784],[139.216,35.774],[139.221,35.725],[139.213,35.72],[139.211,35.702],[139.217,35.671],[139.212,35.631],[139.226,35.612],[139.224,35.564],[139.241,35.541],[139.254,35.5],[139.265,35.417],[139.243,35.415],[139.242,35.408],[139.208,35.415],[139.202,35.404],[139.191,35.404],[139.186,35.415],[139.136,35.416],[139.14,35.371],[139.124,35.354],[139.097,35.353],[139.101,35.31],[139.092,35.303],[138.995,35.302],[138.999,35.357],[138.984,35.354],[138.978,35.382],[138.937,35.388],[138.906,35.387],[138.906,35.381],[138.815,35.385],[138.815,35.418],[138.653,35.417],[138.656,35.307],[138.77,35.308],[138.788,35.296],[138.788,35.285],[138.844,35.285],[138.847,35.266],[138.888,35.241],[138.891,35.187],[138.862,35.192],[138.812,35.181],[138.77,35.184],[138.761,35.195],[138.745,35.195],[138.733,35.247],[138.716,35.244],[138.683,35.253],[138.632,35.282],[138.576,35.277],[138.568,35.252],[138.571,35.203],[138.586,35.155],[138.569,35.133],[138.543,35.118],[138.521,35.087]],[[139.605,36.207],[139.676,36.287],[139.693,36.291],[139.713,36.324],[139.752,36.345],[139.758,36.315],[139.747,36.31],[139.73,36.261],[139.731,36.227],[139.684,36.232],[139.687,36.161],[139.605,36.207]],[[139.76,36.121],[139.774,36.149],[139.807,36.143],[139.798,36.227],[139.812,36.242],[139.848,36.245],[139.864,36.234],[139.864,36.192],[139.929,36.193],[139.911,36.19],[139.91,36.179],[139.901,36.178],[139.91,36.161],[139.9,36.158],[139.905,36.143],[139.894,36.143],[139.9,36.138],[139.901,36.096],[139.892,36.054],[139.904,36.032],[139.819,36.032],[139.818,36.014],[139.819,36.035],[139.809,36.049],[139.813,36.068],[139.801,36.098],[139.76,36.121]]]}},{"type":"Feature","properties":{},"geometry":{"type":"Polygon","coordinates":[[[138.696,35.511],[138.72,35.482],[138.863,35.481],[138.844,35.513],[138.875,35.53],[138.717,35.536],[138.696,35.511]]]}},{"type":"Feature","properties":{},"geometry":{"type":"Polygon","coordinates":[[[138.748,37.438],[138.749,37.43],[138.805,37.397],[138.886,37.389],[138.913,37.412],[138.914,37.482],[138.862,37.499],[138.842,37.497],[138.76,37.465],[138.748,37.438]]]}},{"type":"Feature","properties":{},"geometry":{"type":"Polygon","coordinates":[[[138.805,36.227],[138.962,36.227],[138.962,36.285],[138.807,36.285],[138.805,36.227]]]}},{"type":"Feature","properties":{},"geometry":{"type":"Polygon","coordinates":[[[138.838,37.663],[138.845,37.639],[138.858,37.64],[138.851,37.636],[138.859,37.634],[138.858,37.623],[138.87,37.626],[138.87,37.612],[138.886,37.614],[138.886,37.602],[138.925,37.583],[138.995,37.588],[139.037,37.641],[138.999,37.676],[138.976,37.677],[138.97,37.694],[138.954,37.691],[138.954,37.7],[138.928,37.72],[138.896,37.727],[138.875,37.727],[138.862,37.693],[138.848,37.69],[138.838,37.663]]]}},{"type":"Feature","properties":{},"geometry":{"type":"Polygon","coordinates":[[[138.875,37.846],[138.88,37.831],[138.944,37.813],[138.956,37.821],[138.987,37.818],[138.998,37.826],[139.022,37.827],[139.032,37.82],[139.076,37.836],[139.158,37.839],[139.171,37.843],[139.176,37.867],[139.202,37.895],[139.204,37.938],[139.195,37.937],[139.184,37.952],[139.179,37.98],[139.167,37.988],[139.083,37.966],[139.084,37.977],[139.07,37.976],[139.059,37.969],[139.057,37.956],[138.917,37.881],[138.881,37.859],[138.875,37.846]]]}},{"type":"Feature","properties":{},"geometry":{"type":"Polygon","coordinates":[[[139.25,37.956],[139.297,37.923],[139.357,37.907],[139.384,37.921],[139.389,37.941],[139.384,37.955],[139.351,37.979],[139.296,37.991],[139.265,37.977],[139.25,37.956]]]}},{"type":"Feature","properties":{},"geometry":{"type":"Polygon","coordinates":[[[139.458,36.716],[139.46,36.707],[139.647,36.716],[139.701,36.709],[139.725,36.718],[139.739,36.733],[139.742,36.759],[139.721,36.77],[139.676,36.776],[139.459,36.773],[139.458,36.716]]]}},{"type":"Feature","properties":{},"geometry":{"type":"Polygon","coordinates":[[[139.695,36.782],[139.727,36.782],[139.727,36.857],[139.695,36.857],[139.695,36.782]]]}},{"type":"Feature","properties":{},"geometry":{"type":"Polygon","coordinates":[[[139.746,35.305],[139.845,35.215],[139.912,35.221],[139.951,35.211],[140.036,35.207],[140.039,35.251],[140.03,35.284],[140.036,35.364],[140.094,35.37],[140.096,35.383],[140.096,35.411],[140.044,35.413],[140.056,35.424],[140.131,35.449],[140.021,35.452],[140.002,35.461],[139.97,35.457],[139.959,35.469],[139.9,35.451],[139.863,35.414],[139.842,35.413],[139.813,35.386],[139.758,35.333],[139.746,35.305]]]}},{"type":"Feature","properties":{},"geometry":{"type":"Polygon","coordinates":[[[139.754,38.723],[139.765,38.706],[139.775,38.708],[139.775,38.701],[139.811,38.684],[139.813,38.691],[139.83,38.689],[139.85,38.701],[139.885,38.705],[139.882,38.719],[139.872,38.722],[139.881,38.739],[139.872,38.741],[139.867,38.771],[139.79,38.768],[139.754,38.723]]]}},{"type":"Feature","properties":{},"geometry":{"type":"Polygon","coordinates":[[[139.824,38.896],[139.826,38.876],[139.867,38.877],[139.867,38.946],[139.824,38.944],[139.824,38.896]]]}},{"type":"Feature","properties":{},"geometry":{"type":"Polygon","coordinates":[[[139.903,37.475],[139.91,37.46],[139.955,37.463],[139.959,37.524],[139.942,37.528],[139.911,37.521],[139.903,37.475]]]}},{"type":"Feature","properties":{},"geometry":{"type":"Polygon","coordinates":[[[139.997,35.505],[140.03,35.522],[140.014,35.527],[139.997,35.505]]]}},{"type":"Feature","properties":{},"geometry":{"type":"Polygon","coordinates":[[[139.938,35.681],[139.948,35.668],[139.941,35.656],[140.018,35.632],[140.039,35.617],[140.043,35.536],[139.964,35.477],[139.96,35.464],[139.975,35.457],[140.002,35.461],[140.084,35.452],[140.073,35.448],[140.043,35.409],[140.076,35.413],[140.113,35.437],[140.137,35.469],[140.158,35.463],[140.161,35.484],[140.184,35.499],[140.219,35.499],[140.219,35.514],[140.251,35.527],[140.245,35.652],[140.251,35.69],[140.433,35.689],[140.442,35.714],[140.435,35.736],[140.441,35.742],[140.44,35.818],[140.435,35.827],[140.412,35.833],[140.253,35.827],[140.259,35.824],[140.234,35.829],[140.224,35.8],[140.231,35.798],[140.231,35.761],[140.217,35.765],[140.206,35.8],[140.184,35.794],[140.143,35.8],[140.12071428571429,35.79942857142857],[140.121,35.8],[140.12,35.801],[140.12,35.799410256410255],[140.026,35.797],[140.014,35.811],[140.01,35.799],[139.981,35.794],[139.94,35.799],[139.938,35.71],[139.945,35.693],[139.938,35.681]]]}},{"type":"Feature","properties":{},"geometry":{"type":"Polygon","coordinates":[[[140.006,39.767],[140.03,39.752],[140.043,39.731],[140.052,39.672],[140.114,39.652],[140.116,39.644],[140.187,39.644],[140.184,39.722],[140.161,39.749],[140.157,39.767],[140.14,39.768],[140.092,39.804],[140.019,39.798],[140.006,39.767]]]}},{"type":"Feature","properties":{},"geometry":{"type":"Polygon","coordinates":[[[140.008,36.958],[140.018,36.951],[140.078,36.95],[140.08,36.989],[140.01,36.989],[140.008,36.958]]]}},{"type":"Feature","properties":{},"geometry":{"type":"Polygon","coordinates":[[[140.062,36.142],[140.072,36.141],[140.072,36.086],[140.063,36.058],[140.081,36.057],[140.076,36.039],[140.1,35.99],[140.158,35.992],[140.164,35.979],[140.157,35.954],[140.159,35.907],[140.136,35.904],[140.165,35.899],[140.228,35.9],[140.231,36.091],[140.238,36.099],[140.253,36.106],[140.363,36.103],[140.355,36.116],[140.356,36.151],[140.346,36.169],[140.352,36.174],[140.348,36.188],[140.335,36.188],[140.331,36.23],[140.238,36.23],[140.236,36.204],[140.249,36.204],[140.25,36.184],[140.243,36.179],[140.249,36.168],[140.232,36.145],[140.122,36.143],[140.096,36.158],[140.067,36.152],[140.062,36.142]]]}},{"type":"Feature","properties":{},"geometry":{"type":"Polygon","coordinates":[[[140.091,37.885],[140.092,37.879],[140.131,37.879],[140.131,37.94],[140.092,37.941],[140.091,37.885]]]}},{"type":"Feature","properties":{},"geometry":{"type":"Polygon","coordinates":[[[140.113,35.88],[140.114,35.857],[140.122,35.851],[140.126,35.882],[140.118,35.892],[140.113,35.88]]]}},{"type":"Feature","properties":{},"geometry":{"type":"Polygon","coordinates":[[[140.116,35.812],[140.121,35.81],[140.126,35.828],[140.124,35.843],[140.116,35.812]]]}},{"type":"Feature","properties":{},"geometry":{"type":"Polygon","coordinates":[[[140.239,35.418],[140.261,35.394],[140.273,35.363],[140.297,35.356],[140.322,35.362],[140.334,35.371],[140.331,35.376],[140.352,35.382],[140.352,35.44],[140.345,35.449],[140.331,35.447],[140.352,35.457],[140.345,35.466],[140.332,35.464],[140.327,35.481],[140.313,35.484],[140.261,35.472],[140.247,35.462],[140.26,35.452],[140.251,35.449],[140.239,35.418]]]}},{"type":"Feature","properties":{},"geometry":{"type":"Polygon","coordinates":[[[140.267,38.239],[140.269,38.193],[140.282,38.192],[140.284,38.185],[140.311,38.182],[140.317,38.193],[140.389,38.199],[140.401,38.261],[140.397,38.323],[140.335,38.338],[140.305,38.336],[140.28,38.321],[140.268,38.28],[140.267,38.239]]]}},{"type":"Feature","properties":{},"geometry":{"type":"Polygon","coordinates":[[[140.295,37.387],[140.3,37.353],[140.319,37.335],[140.389,37.334],[140.409,37.346],[140.418,37.367],[140.422,37.452],[140.385,37.46],[140.323,37.454],[140.323,37.444],[140.302,37.427],[140.295,37.387]]]}},{"type":"Feature","properties":{},"geometry":{"type":"Polygon","coordinates":[[[140.331,35.571],[140.332,35.547],[140.407,35.547],[140.407,35.577],[140.331,35.577],[140.331,35.571]]]}},{"type":"Feature","properties":{},"geometry":{"type":"Polygon","coordinates":[[[140.357,36.355],[140.398,36.286],[140.593,36.285],[140.593,36.302],[140.606,36.327],[140.63,36.355],[140.636,36.373],[140.63,36.395],[140.644,36.398],[140.646,36.426],[140.637,36.447],[140.624,36.448],[140.636,36.448],[140.625,36.451],[140.643,36.478],[140.644,36.523],[140.657,36.538],[140.659,36.563],[140.698,36.614],[140.703,36.639],[140.716,36.647],[140.717,36.673],[140.685,36.685],[140.661,36.676],[140.643,36.642],[140.621,36.627],[140.606,36.592],[140.613,36.589],[140.609,36.58],[140.57,36.529],[140.57,36.519],[140.56,36.515],[140.533,36.462],[140.522,36.472],[140.545,36.503],[140.394,36.503],[140.393,36.422],[140.383,36.422],[140.385,36.413],[140.36,36.39],[140.357,36.355]]]}},{"type":"Feature","properties":{},"geometry":{"type":"Polygon","coordinates":[[[140.378,37.765],[140.407,37.711],[140.398,37.71],[140.398,37.702],[140.414,37.693],[140.438,37.656],[140.496,37.654],[140.54,37.818],[140.519,37.836],[140.474,37.846],[140.422,37.833],[140.394,37.812],[140.389,37.773],[140.378,37.765]]]}},{"type":"Feature","properties":{},"geometry":{"type":"Polygon","coordinates":[[[140.389,38.055],[140.51,38.055],[140.51,38.198],[140.389,38.198],[140.389,38.055]]]}},{"type":"Feature","properties":{},"geometry":{"type":"Polygon","coordinates":[[[140.538,39.279],[140.581,39.279],[140.58,39.34],[140.538,39.34],[140.538,39.279]]]}},{"type":"Feature","properties":{},"geometry":{"type":"Polygon","coordinates":[[[140.577,35.857],[140.578,35.847],[140.591,35.843],[140.593,35.849],[140.773,35.845],[140.72,35.922],[140.723,35.952],[140.714,35.965],[140.703,35.966],[140.702,35.976],[140.68,35.982],[140.673,35.992],[140.64,35.987],[140.643,35.994],[140.63,35.987],[140.582,35.99],[140.577,35.975],[140.587,35.961],[140.58,35.938],[140.585,35.904],[140.577,35.857]]]}},{"type":"Feature","properties":{},"geometry":{"type":"Polygon","coordinates":[[[140.714,38.263],[140.718,38.233],[140.764,38.218],[140.769,38.194],[140.834,38.148],[140.838,38.105],[140.845,38.104],[140.842,38.081],[140.886,38.075],[140.886,38.069],[140.904,38.075],[140.905,38.069],[140.935,38.068],[140.949,38.124],[140.979,38.19],[141.027,38.253],[141.045,38.255],[141.055,38.248],[141.074,38.253],[141.074,38.282],[141.091,38.283],[141.097,38.295],[141.099,38.307],[141.089,38.316],[141.192,38.311],[141.187,38.332],[141.169,38.333],[141.169,38.436],[141.244,38.43],[141.244,38.409],[141.253,38.406],[141.24,38.393],[141.262,38.387],[141.297,38.39],[141.303,38.401],[141.335,38.392],[141.353,38.402],[141.353,38.388],[141.371,38.388],[141.398,38.394],[141.406,38.408],[141.4,38.42],[141.408,38.46],[141.367,38.46],[141.365,38.454],[141.312,38.461],[141.284,38.45],[141.27,38.462],[141.264,38.448],[141.237,38.454],[141.236,38.46],[141.218,38.46],[141.218,38.453],[141.199,38.46],[141.192,38.45],[141.17,38.45],[141.17,38.46],[141.03,38.459],[141.029,38.361],[141.008,38.361],[140.923,38.387],[140.85,38.394],[140.823,38.364],[140.791,38.36],[140.772,38.336],[140.747,38.327],[140.718,38.288],[140.714,38.263]]]}},{"type":"Feature","properties":{},"geometry":{"type":"Polygon","coordinates":[[[140.768,35.716],[140.777,35.696],[140.824,35.703],[140.834,35.689],[140.874,35.684],[140.889,35.739],[140.867,35.761],[140.835,35.767],[140.813,35.781],[140.782,35.748],[140.768,35.716]]]}},{"type":"Feature","properties":{},"geometry":{"type":"Polygon","coordinates":[[[140.827,36.921],[140.886,36.911],[140.928,36.922],[140.935,36.949],[140.923,36.96],[140.919,37.077],[140.83,37.077],[140.835,37.028],[140.828,37.026],[140.834,36.987],[140.827,36.921]]]}},{"type":"Feature","properties":{},"geometry":{"type":"Polygon","coordinates":[[[140.898,38.563],[140.907,38.559],[140.907,38.54],[140.923,38.542],[140.916,38.538],[140.922,38.533],[140.961,38.526],[141.018,38.54],[141.015,38.566],[141.021,38.569],[141.001,38.594],[141.007,38.599],[140.994,38.603],[140.999,38.61],[140.944,38.618],[140.908,38.603],[140.898,38.563]]]}},{"type":"Feature","properties":{},"geometry":{"type":"Polygon","coordinates":[[[141.047,39.718],[141.053,39.674],[141.086,39.627],[141.119,39.62],[141.203,39.627],[141.216,39.738],[141.205,39.772],[141.133,39.796],[141.053,39.762],[141.047,39.718]]]}},{"type":"Feature","properties":{},"geometry":{"type":"Polygon","coordinates":[[[141.073,39.429],[141.074,39.34],[141.162,39.34],[141.162,39.438],[141.073,39.438],[141.073,39.429]]]}},{"type":"Feature","properties":{},"geometry":{"type":"Polygon","coordinates":[[[141.111,39.097],[141.207,39.097],[141.207,39.175],[141.113,39.175],[141.111,39.097]]]}},{"type":"Feature","properties":{},"geometry":{"type":"Polygon","coordinates":[[[144.984,-38.28],[145.095,-38.273],[145.096,-38.263],[145.087,-38.262],[145.092,-38.246],[145.121,-38.252],[145.125,-38.235],[145.134,-38.233],[145.135,-38.249],[145.138,-38.242],[145.15,-38.246],[145.149,-38.278],[145.184,-38.279],[145.23,-38.295],[145.25,-38.263],[145.271,-38.199],[145.265,-38.195],[145.272,-38.151],[145.285,-38.142],[145.286,-38.129],[145.324,-38.133],[145.344,-38.131],[145.346,-38.122],[145.381,-38.122],[145.389,-38.101],[145.397,-38.099],[145.401,-38.109],[145.484,-38.116],[145.485,-38.108],[145.526,-38.106],[145.53,-38.091],[145.522,-38.082],[145.539,-38.073],[145.535,-38.039],[145.41,-38.038],[145.397,-38.025],[145.393,-37.976],[145.383,-37.976],[145.388,-37.964],[145.372,-37.958],[145.381,-37.952],[145.467,-37.965],[145.493,-37.958],[145.511,-37.966],[145.535,-37.941],[145.543,-37.916],[145.539,-37.902],[145.464,-37.872],[145.438,-37.853],[145.418,-37.851],[145.416,-37.861],[145.405,-37.863],[145.405,-37.829],[145.414,-37.827],[145.41,-37.821],[145.418,-37.815],[145.489,-37.805],[145.489,-37.769],[145.48,-37.748],[145.43,-37.752],[145.43,-37.745],[145.414,-37.742],[145.422,-37.723],[145.41,-37.723],[145.41,-37.713],[145.4,-37.709],[145.22,-37.696],[145.213,-37.833],[145.22,-37.842],[145.213,-37.88],[145.217,-37.916],[145.201,-38.038],[145.21,-38.039],[145.209,-38.051],[145.184,-38.048],[145.184,-38.056],[145.177,-38.056],[145.15,-38.047],[145.103,-38.05],[145.112,-38.135],[145.08,-38.156],[145.068,-38.183],[145.022,-38.212],[145.017,-38.25],[144.996,-38.262],[144.984,-38.28]]]}},{"type":"Feature","properties":{},"geometry":{"type":"Polygon","coordinates":[[[145.191,-36.456],[145.195,-36.477],[145.205,-36.483],[145.326,-36.484],[145.381,-36.492],[145.441,-36.46],[145.451,-36.432],[145.511,-36.418],[145.511,-36.401],[145.504,-36.378],[145.496,-36.378],[145.493,-36.353],[145.478,-36.352],[145.473,-36.334],[145.453,-36.333],[145.429,-36.31],[145.356,-36.316],[145.352,-36.324],[145.33,-36.324],[145.318,-36.335],[145.313,-36.38],[145.296,-36.384],[145.296,-36.391],[145.226,-36.391],[145.199,-36.407],[145.191,-36.456]]]}},{"type":"Feature","properties":{},"geometry":{"type":"Polygon","coordinates":[[[145.551,-38.62],[145.566,-38.625],[145.567,-38.634],[145.592,-38.639],[145.606,-38.634],[145.621,-38.622],[145.625,-38.586],[145.591,-38.565],[145.567,-38.572],[145.552,-38.583],[145.551,-38.62]]]}},{"type":"Feature","properties":{},"geometry":{"type":"Polygon","coordinates":[[[145.931,-36.557],[145.952,-36.589],[145.984,-36.591],[146.01,-36.584],[146.043,-36.547],[146.011,-36.516],[145.966,-36.514],[145.944,-36.531],[145.931,-36.557]]]}},{"type":"Feature","properties":{},"geometry":{"type":"Polygon","coordinates":[[[146.125,-38.208],[146.136,-38.23],[146.179,-38.231],[146.205,-38.212],[146.277,-38.212],[146.364,-38.241],[146.379,-38.313],[146.415,-38.34],[146.445,-38.33],[146.452,-38.306],[146.449,-38.261],[146.457,-38.242],[146.485,-38.231],[146.56,-38.225],[146.621,-38.2],[146.614,-38.168],[146.595,-38.155],[146.496,-38.154],[146.461,-38.162],[146.446,-38.155],[146.408,-38.159],[146.372,-38.143],[146.236,-38.152],[146.192,-38.184],[146.132,-38.186],[146.125,-38.208]]]}},{"type":"Feature","properties":{},"geometry":{"type":"Polygon","coordinates":[[[146.253,-36.37],[146.262,-36.398],[146.301,-36.414],[146.308,-36.407],[146.312,-36.414],[146.337,-36.416],[146.354,-36.385],[146.353,-36.333],[146.315,-36.313],[146.277,-36.305],[146.255,-36.318],[146.253,-36.37]]]}},{"type":"Feature","properties":{},"geometry":{"type":"Polygon","coordinates":[[[146.797,-36.119],[146.798,-36.145],[146.817,-36.169],[146.861,-36.178],[146.882,-36.173],[146.912,-36.19],[146.93,-36.213],[146.965,-36.219],[146.979,-36.209],[146.978,-36.147],[146.987,-36.143],[146.992,-36.097],[147.003,-36.084],[147.045,-36.075],[147.049,-36.039],[147.041,-36.016],[147.02,-36.006],[146.879,-36.002],[146.861,-36.011],[146.857,-36.062],[146.845,-36.08],[146.803,-36.092],[146.797,-36.119]]]}},{"type":"Feature","properties":{},"geometry":{"type":"Polygon","coordinates":[[[147.222,-35.198],[147.229,-35.219],[147.262,-35.221],[147.321,-35.218],[147.338,-35.209],[147.371,-35.209],[147.373,-35.203],[147.442,-35.202],[147.501,-35.188],[147.5,-35.138],[147.482,-35.121],[147.446,-35.117],[147.435,-35.101],[147.431,-35.063],[147.395,-35.05],[147.386,-35.034],[147.346,-35.03],[147.321,-35.04],[147.316,-35.085],[147.274,-35.113],[147.253,-35.163],[147.229,-35.169],[147.222,-35.198]]]}},{"type":"Feature","properties":{},"geometry":{"type":"Polygon","coordinates":[[[148.965,-35.214],[149.002,-35.266],[148.999,-35.297],[148.981,-35.315],[148.979,-35.338],[149.014,-35.414],[149.016,-35.462],[149.049,-35.462],[149.053,-35.493],[149.073,-35.504],[149.073,-35.486],[149.097,-35.494],[149.119,-35.491],[149.146,-35.465],[149.194,-35.464],[149.194,-35.422],[149.229,-35.425],[149.227,-35.443],[149.244,-35.448],[149.277,-35.425],[149.286,-35.391],[149.277,-35.379],[149.282,-35.357],[149.27,-35.339],[149.284,-35.335],[149.286,-35.324],[149.205,-35.231],[149.196,-35.16],[149.164,-35.14],[149.164,-35.133],[149.12,-35.137],[149.116,-35.146],[149.105,-35.146],[149.104,-35.137],[149.082,-35.136],[149.052,-35.155],[149.035,-35.156],[149.019,-35.178],[148.988,-35.179],[148.965,-35.214]]]}},{"type":"Feature","properties":{},"geometry":{"type":"Polygon","coordinates":[[[149.149,-35.481],[149.194,-35.482],[149.194,-35.469],[149.164,-35.469],[149.149,-35.481]]]}},{"type":"Feature","properties":{},"geometry":{"type":"Polygon","coordinates":[[[20.194,63.829],[20.237,63.829],[20.196,63.822],[20.224,63.806],[20.227,63.791],[20.278,63.781],[20.321,63.775],[20.38,63.799],[20.374,63.806],[20.348,63.807],[20.345,63.817],[20.362,63.816],[20.378,63.829],[20.352,63.864],[20.27,63.869],[20.244,63.864],[20.197,63.839],[20.194,63.829]]]}},{"type":"Feature","properties":{},"geometry":{"type":"Polygon","coordinates":[[[21.705,61.477],[21.754,61.471],[21.822,61.449],[21.834,61.415],[21.907,61.415],[21.907,61.453],[21.881,61.494],[21.831,61.502],[21.827,61.512],[21.768,61.513],[21.728,61.5],[21.706,61.501],[21.705,61.477]]]}},{"type":"Feature","properties":{},"geometry":{"type":"Polygon","coordinates":[[[22.184,60.463],[22.199,60.434],[22.254,60.43],[22.264,60.404],[22.353,60.423],[22.372,60.44],[22.37,60.455],[22.348,60.466],[22.356,60.469],[22.353,60.475],[22.284,60.505],[22.214,60.497],[22.205,60.475],[22.184,60.463]]]}},{"type":"Feature","properties":{},"geometry":{"type":"Polygon","coordinates":[[[23.453,61.498],[23.468,61.483],[23.461,61.479],[23.459,61.43],[23.483,61.425],[24.089,61.424],[24.112,61.43],[24.123,61.445],[24.122,61.463],[24.1,61.468],[24.088,61.482],[23.957,61.523],[23.946,61.536],[23.728,61.54],[23.715,61.583],[23.691,61.586],[23.471,61.582],[23.459,61.568],[23.453,61.498]]]}},{"type":"Feature","properties":{},"geometry":{"type":"Polygon","coordinates":[[[24.582,60.187],[24.597,60.168],[24.586,60.157],[24.593,60.113],[24.682,60.101],[24.811,60.109],[24.814,60.12],[24.851,60.122],[24.857,60.137],[24.99,60.131],[25.025,60.159],[25.085,60.157],[25.141,60.143],[25.207,60.206],[25.193,60.234],[25.227,60.236],[25.21,60.248],[25.216,60.314],[25.223,60.319],[25.215,60.36],[25.204,60.36],[25.201,60.383],[25.211,60.383],[25.211,60.392],[25.201,60.393],[25.205,60.406],[25.194,60.411],[25.203,60.441],[25.214,60.442],[25.214,60.457],[25.2,60.458],[25.197,60.475],[25.183,60.48],[25.185,60.492],[25.107,60.499],[24.965,60.492],[24.939,60.484],[24.91,60.494],[24.736,60.497],[24.719,60.491],[24.59,60.489],[24.583,60.476],[24.592,60.382],[24.585,60.383],[24.586,60.241],[24.597,60.234],[24.582,60.187]],[[24.763,60.131],[24.789,60.142],[24.799,60.134],[24.767,60.126],[24.763,60.131]]]}},{"type":"Feature","properties":{},"geometry":{"type":"Polygon","coordinates":[[[-75.973,45.265],[-75.964,45.235],[-75.922,45.214],[-75.885,45.209],[-75.828,45.211],[-75.806,45.222],[-75.756,45.213],[-75.719,45.217],[-75.701,45.223],[-75.701,45.23],[-75.668,45.23],[-75.65,45.245],[-75.639,45.285],[-75.609,45.289],[-75.601,45.306],[-75.569,45.322],[-75.576,45.34],[-75.56,45.387],[-75.526,45.398],[-75.455,45.393],[-75.427,45.408],[-75.431,45.426],[-75.409,45.437],[-75.41,45.45],[-75.377,45.451],[-75.379,45.607],[-75.46,45.607],[-75.46,45.567],[-75.535,45.567],[-75.535,45.534],[-75.568,45.538],[-75.593,45.529],[-75.619,45.538],[-75.763,45.517],[-75.832,45.516],[-75.832,45.456],[-75.84,45.44],[-75.898,45.44],[-75.892,45.375],[-75.92,45.389],[-75.958,45.376],[-75.953,45.371],[-75.965,45.352],[-75.97,45.311],[-75.959,45.302],[-75.961,45.281],[-75.973,45.265]]]}},{"type":"Feature","properties":{},"geometry":{"type":"Polygon","coordinates":[[[142.147,-36.755],[142.159,-36.786],[142.186,-36.802],[142.217,-36.793],[142.245,-36.734],[142.255,-36.731],[142.254,-36.664],[142.237,-36.657],[142.222,-36.673],[142.177,-36.679],[142.159,-36.69],[142.147,-36.755]]]}},{"type":"Feature","properties":{},"geometry":{"type":"Polygon","coordinates":[[[143.501,-35.334],[143.502,-35.382],[143.517,-35.382],[143.519,-35.392],[143.569,-35.395],[143.59,-35.381],[143.589,-35.311],[143.576,-35.304],[143.516,-35.299],[143.516,-35.306],[143.506,-35.308],[143.501,-35.334]]]}},{"type":"Feature","properties":{},"geometry":{"type":"Polygon","coordinates":[[[143.755,-37.562],[143.766,-37.563],[143.766,-37.597],[143.76,-37.599],[143.766,-37.638],[143.801,-37.668],[143.823,-37.666],[143.823,-37.672],[143.869,-37.679],[143.909,-37.675],[143.933,-37.662],[143.936,-37.634],[143.947,-37.633],[143.944,-37.622],[143.952,-37.622],[143.957,-37.54],[143.95,-37.529],[143.885,-37.494],[143.873,-37.476],[143.829,-37.459],[143.786,-37.454],[143.786,-37.462],[143.774,-37.468],[143.755,-37.562]]]}},{"type":"Feature","properties":{},"geometry":{"type":"Polygon","coordinates":[[[144.057,-38.469],[144.108,-38.473],[144.132,-38.443],[144.186,-38.431],[144.201,-38.408],[144.252,-38.4],[144.257,-38.39],[144.332,-38.344],[144.342,-38.325],[144.374,-38.313],[144.378,-38.257],[144.388,-38.238],[144.395,-38.228],[144.417,-38.228],[144.432,-38.219],[144.437,-38.191],[144.424,-38.166],[144.433,-38.151],[144.407,-38.122],[144.404,-38.106],[144.407,-38.097],[144.445,-38.072],[144.451,-37.99],[144.378,-37.982],[144.367,-37.982],[144.366,-37.99],[144.349,-37.988],[144.337,-37.998],[144.336,-38.02],[144.327,-38.022],[144.316,-38.044],[144.311,-38.039],[144.303,-38.052],[144.263,-38.066],[144.241,-38.059],[144.169,-38.01],[144.149,-38.015],[144.147,-38.069],[144.208,-38.082],[144.266,-38.109],[144.275,-38.131],[144.266,-38.165],[144.278,-38.168],[144.277,-38.175],[144.267,-38.176],[144.266,-38.216],[144.274,-38.219],[144.275,-38.233],[144.304,-38.24],[144.311,-38.254],[144.296,-38.299],[144.267,-38.303],[144.253,-38.314],[144.241,-38.333],[144.234,-38.373],[144.147,-38.408],[144.141,-38.418],[144.061,-38.456],[144.057,-38.469]]]}},{"type":"Feature","properties":{},"geometry":{"type":"Polygon","coordinates":[[[144.157,-36.756],[144.169,-36.763],[144.169,-36.782],[144.179,-36.785],[144.183,-36.803],[144.2,-36.822],[144.204,-36.854],[144.255,-36.861],[144.279,-36.855],[144.294,-36.84],[144.315,-36.848],[144.391,-36.833],[144.392,-36.824],[144.411,-36.819],[144.429,-36.803],[144.433,-36.783],[144.429,-36.753],[144.404,-36.75],[144.402,-36.74],[144.381,-36.734],[144.377,-36.722],[144.386,-36.635],[144.345,-36.628],[144.304,-36.636],[144.277,-36.672],[144.187,-36.701],[144.176,-36.71],[144.157,-36.756]]]}},{"type":"Feature","properties":{},"geometry":{"type":"Polygon","coordinates":[[[144.525,-37.883],[144.579,-37.947],[144.591,-37.939],[144.547,-37.899],[144.536,-37.886],[144.54,-37.879],[144.546,-37.877],[144.575,-37.903],[144.592,-37.926],[144.601,-37.924],[144.616,-37.943],[144.616,-37.955],[144.631,-37.947],[144.658,-37.959],[144.713,-37.94],[144.796,-37.941],[144.808,-37.933],[144.823,-37.887],[144.867,-37.875],[144.907,-37.887],[144.925,-37.873],[144.925,-37.856],[144.937,-37.856],[144.965,-37.881],[144.984,-37.953],[145.029,-38.01],[145.061,-38.007],[145.105,-38.054],[145.14,-38.049],[145.154,-38.058],[145.209,-38.056],[145.21,-38.044],[145.201,-38.038],[145.213,-37.984],[145.212,-37.876],[145.22,-37.845],[145.213,-37.816],[145.221,-37.775],[145.221,-37.675],[145.23,-37.632],[145.197,-37.615],[145.18,-37.62],[145.16,-37.61],[145.155,-37.558],[145.113,-37.562],[145.112,-37.575],[145.076,-37.575],[145.077,-37.584],[145.084,-37.584],[145.033,-37.594],[145.028,-37.607],[145,-37.607],[144.992,-37.601],[145.002,-37.59],[144.992,-37.548],[144.936,-37.546],[144.918,-37.538],[144.91,-37.545],[144.906,-37.54],[144.908,-37.549],[144.899,-37.557],[144.894,-37.552],[144.9,-37.55],[144.867,-37.541],[144.851,-37.559],[144.851,-37.601],[144.831,-37.609],[144.829,-37.622],[144.717,-37.638],[144.708,-37.656],[144.698,-37.659],[144.687,-37.701],[144.697,-37.712],[144.686,-37.726],[144.697,-37.727],[144.683,-37.756],[144.684,-37.773],[144.708,-37.777],[144.697,-37.803],[144.679,-37.803],[144.664,-37.819],[144.609,-37.828],[144.591,-37.843],[144.591,-37.855],[144.55,-37.854],[144.525,-37.883]],[[144.855,-37.617],[144.859,-37.561],[144.868,-37.549],[144.882,-37.548],[144.872,-37.561],[144.867,-37.611],[144.855,-37.617]],[[144.96,-37.575],[144.97,-37.571],[144.97,-37.56],[144.978,-37.56],[144.982,-37.57],[144.974,-37.571],[144.977,-37.587],[144.988,-37.588],[144.984,-37.597],[144.978,-37.601],[144.976,-37.588],[144.963,-37.587],[144.96,-37.575]]]}},{"type":"Feature","properties":{},"geometry":{"type":"Polygon","coordinates":[[[144.601,-37.974],[144.62,-37.987],[144.653,-37.99],[144.69,-37.97],[144.72,-37.971],[144.764,-37.958],[144.708,-37.957],[144.705,-37.964],[144.65,-37.977],[144.636,-37.966],[144.616,-37.972],[144.605,-37.948],[144.601,-37.974]]]}},{"type":"Feature","properties":{},"geometry":{"type":"Polygon","coordinates":[[[144.662,-38.325],[144.733,-38.365],[144.834,-38.447],[144.851,-38.456],[144.855,-38.445],[144.879,-38.46],[144.893,-38.475],[144.896,-38.492],[144.905,-38.494],[144.905,-38.504],[145.036,-38.498],[145.066,-38.482],[145.065,-38.466],[145.078,-38.445],[145.092,-38.446],[145.132,-38.426],[145.183,-38.418],[145.235,-38.421],[145.268,-38.411],[145.251,-38.296],[145.213,-38.282],[145.018,-38.276],[145.004,-38.28],[144.997,-38.293],[145,-38.314],[144.948,-38.336],[144.944,-38.344],[144.855,-38.361],[144.792,-38.354],[144.765,-38.34],[144.749,-38.318],[144.678,-38.296],[144.678,-38.303],[144.665,-38.303],[144.662,-38.325]]]}},{"type":"Feature","properties":{},"geometry":{"type":"Polygon","coordinates":[[[129.986,33.128],[130.191,33.128],[130.25,33.175],[130.279,33.14],[130.361,33.132],[130.32,33.128],[130.329,33.115],[130.361,33.114],[130.362,33.097],[130.404,33.072],[130.416,33.072],[130.416,33.037],[130.399,33.024],[130.391,32.99],[130.419,32.982],[130.421,32.951],[130.453,32.935],[130.453,32.925],[130.482,32.925],[130.491,32.986],[130.509,33.008],[130.507,33.064],[130.513,33.067],[130.513,33.088],[130.524,33.089],[130.534,33.128],[130.529,33.135],[130.541,33.166],[130.56,33.179],[130.663,33.181],[130.662,33.227],[130.588,33.227],[130.588,33.248],[130.596,33.249],[130.597,33.302],[130.728,33.314],[130.852,33.313],[130.855,33.362],[130.751,33.368],[130.746,33.397],[130.717,33.413],[130.708,33.426],[130.711,33.437],[130.68,33.436],[130.666,33.444],[130.651,33.466],[130.655,33.481],[130.691,33.509],[130.713,33.546],[130.813,33.546],[130.85,33.573],[130.851,33.583],[130.872,33.596],[130.872,33.675],[130.888,33.704],[130.914,33.7],[130.912,33.69],[130.925,33.682],[130.921,33.658],[130.932,33.649],[130.995,33.663],[131.012,33.653],[131.041,33.652],[131.05,33.663],[131.069,33.667],[131.074,33.693],[131.054,33.701],[131.049,33.732],[131.038,33.74],[131.037,33.775],[131.028,33.779],[131.033,33.809],[131.048,33.812],[131.05,33.819],[131.046,33.86],[131.041,33.869],[131.022,33.87],[131.013,33.898],[131.026,33.911],[131.022,33.931],[131.033,33.941],[131.034,33.964],[131.004,33.98],[131.035,33.984],[131.041,33.998],[131.028,34.006],[131.035,34.029],[131.059,34.028],[131.059,34.041],[130.901,34.045],[130.895,34.02],[130.905,34.014],[130.901,34.004],[130.884,33.999],[130.879,33.987],[130.855,33.989],[130.839,33.978],[130.833,33.962],[130.811,33.955],[130.792,33.966],[130.792,33.955],[130.765,33.966],[130.733,33.947],[130.678,33.947],[130.671,33.93],[130.658,33.926],[130.641,33.902],[130.607,33.889],[130.579,33.889],[130.573,33.898],[130.553,33.901],[130.52,33.899],[130.479,33.919],[130.487,33.891],[130.516,33.884],[130.516,33.872],[130.5,33.862],[130.482,33.872],[130.461,33.872],[130.46,33.853],[130.471,33.848],[130.467,33.827],[130.438,33.825],[130.434,33.812],[130.438,33.781],[130.459,33.773],[130.457,33.755],[130.441,33.732],[130.417,33.729],[130.394,33.695],[130.358,33.677],[130.328,33.673],[130.32,33.69],[130.275,33.692],[130.268,33.649],[130.244,33.629],[130.233,33.637],[130.174,33.641],[130.178,33.518],[130.202,33.515],[130.416,33.433],[130.47,33.426],[130.459,33.409],[130.459,33.389],[130.409,33.388],[130.391,33.366],[130.371,33.368],[130.375,33.326],[130.299,33.325],[130.295,33.339],[130.281,33.342],[130.262,33.328],[130.141,33.329],[130.141,33.302],[130.063,33.302],[130.063,33.27],[129.986,33.27],[129.986,33.128]],[[130.515,33.684],[130.516,33.705],[130.529,33.708],[130.538,33.721],[130.616,33.732],[130.608,33.652],[130.616,33.603],[130.608,33.597],[130.621,33.575],[130.622,33.547],[130.568,33.547],[130.559,33.659],[130.526,33.664],[130.515,33.684]],[[130.798,33.791],[130.824,33.793],[130.825,33.781],[130.8,33.781],[130.798,33.791]]]}},{"type":"Feature","properties":{},"geometry":{"type":"Polygon","coordinates":[[[130.099,31.416],[130.1,31.404],[130.133,31.403],[130.154,31.367],[130.158,31.341],[130.182,31.347],[130.162,31.333],[130.174,31.311],[130.191,31.306],[130.189,31.284],[130.211,31.24],[130.258,31.246],[130.275,31.239],[130.313,31.26],[130.318,31.248],[130.356,31.241],[130.467,31.239],[130.5,31.209],[130.505,31.162],[130.533,31.153],[130.562,31.166],[130.578,31.151],[130.599,31.151],[130.607,31.156],[130.607,31.173],[130.629,31.171],[130.654,31.193],[130.676,31.268],[130.634,31.284],[130.579,31.322],[130.562,31.368],[130.571,31.389],[130.544,31.409],[130.529,31.452],[130.541,31.456],[130.556,31.483],[130.549,31.517],[130.566,31.522],[130.575,31.56],[130.588,31.569],[130.593,31.601],[130.61,31.609],[130.644,31.646],[130.644,31.652],[130.629,31.649],[130.621,31.681],[130.626,31.697],[130.688,31.721],[130.704,31.715],[130.7,31.701],[130.728,31.692],[130.758,31.697],[130.787,31.69],[130.788,31.684],[130.813,31.684],[130.813,31.839],[130.7,31.839],[130.7,31.865],[130.666,31.881],[130.479,31.878],[130.456,31.887],[130.386,31.879],[130.335,31.883],[130.314,31.876],[130.204,31.88],[130.191,31.857],[130.173,31.855],[130.172,31.827],[130.158,31.787],[130.174,31.764],[130.17,31.74],[130.189,31.732],[130.213,31.743],[130.246,31.701],[130.279,31.685],[130.292,31.653],[130.316,31.637],[130.323,31.55],[130.329,31.546],[130.321,31.546],[130.316,31.52],[130.283,31.454],[130.268,31.439],[130.246,31.435],[130.242,31.424],[130.22,31.415],[130.2,31.435],[130.166,31.446],[130.099,31.423],[130.099,31.416]]]}},{"type":"Feature","properties":{},"geometry":{"type":"Polygon","coordinates":[[[130.404,33.897],[130.413,33.886],[130.437,33.878],[130.459,33.917],[130.438,33.921],[130.408,33.914],[130.404,33.897]]]}},{"type":"Feature","properties":{},"geometry":{"type":"Polygon","coordinates":[[[130.562,32.76],[130.592,32.748],[130.592,32.724],[130.603,32.713],[130.637,32.705],[130.711,32.706],[130.711,32.712],[130.721,32.709],[130.748,32.73],[130.814,32.742],[130.837,32.77],[130.851,32.776],[130.854,32.806],[130.897,32.833],[130.905,32.85],[130.916,32.851],[130.924,32.895],[130.903,32.923],[130.637,32.926],[130.637,32.889],[130.651,32.872],[130.651,32.832],[130.625,32.815],[130.6,32.814],[130.588,32.78],[130.567,32.777],[130.562,32.76]]]}},{"type":"Feature","properties":{},"geometry":{"type":"Polygon","coordinates":[[[130.573,32.525],[130.575,32.495],[130.608,32.466],[130.629,32.467],[130.649,32.482],[130.654,32.497],[130.645,32.528],[130.629,32.547],[130.612,32.554],[130.583,32.539],[130.573,32.525]]]}},{"type":"Feature","properties":{},"geometry":{"type":"Polygon","coordinates":[[[131.001,31.732],[131.004,31.718],[131.075,31.69],[131.119,31.709],[131.127,31.742],[131.118,31.745],[131.119,31.775],[131.085,31.789],[131.017,31.767],[131.016,31.759],[131.001,31.752],[131.001,31.732]]]}},{"type":"Feature","properties":{},"geometry":{"type":"Polygon","coordinates":[[[131.1,33.616],[131.13,33.616],[131.134,33.576],[131.273,33.576],[131.274,33.601],[131.261,33.625],[131.24,33.625],[131.226,33.613],[131.18,33.633],[131.163,33.628],[131.1,33.633],[131.1,33.616]]]}},{"type":"Feature","properties":{},"geometry":{"type":"Polygon","coordinates":[[[131.185,33.989],[131.193,33.971],[131.219,33.959],[131.226,33.944],[131.218,33.941],[131.233,33.939],[131.239,33.949],[131.251,33.943],[131.233,33.937],[131.23,33.927],[131.244,33.931],[131.254,33.916],[131.276,33.914],[131.303,33.927],[131.304,33.967],[131.288,33.993],[131.267,33.993],[131.262,34.004],[131.245,34.001],[131.229,34.021],[131.221,34.021],[131.193,34.005],[131.185,33.989]]]}},{"type":"Feature","properties":{},"geometry":{"type":"Polygon","coordinates":[[[131.333,31.946],[131.342,31.938],[131.347,31.875],[131.337,31.867],[131.342,31.833],[131.366,31.829],[131.383,31.812],[131.44,31.806],[131.476,31.813],[131.468,31.818],[131.464,31.862],[131.471,31.866],[131.476,31.901],[131.486,31.908],[131.491,31.93],[131.483,31.942],[131.501,31.998],[131.366,31.992],[131.366,31.982],[131.355,31.987],[131.35,31.979],[131.358,31.977],[131.339,31.967],[131.333,31.946]]]}},{"type":"Feature","properties":{},"geometry":{"type":"Polygon","coordinates":[[[131.387,34.12],[131.39,34.111],[131.416,34.106],[131.541,34.112],[131.552,34.182],[131.568,34.183],[131.567,34.205],[131.483,34.216],[131.412,34.213],[131.409,34.179],[131.39,34.174],[131.395,34.163],[131.387,34.12]]]}},{"type":"Feature","properties":{},"geometry":{"type":"Polygon","coordinates":[[[131.431,33.311],[131.447,33.271],[131.505,33.259],[131.515,33.213],[131.493,33.205],[131.499,33.201],[131.491,33.169],[131.57,33.164],[131.62,33.136],[131.674,33.135],[131.751,33.182],[131.788,33.21],[131.793,33.224],[131.806,33.226],[131.804,33.251],[131.745,33.262],[131.723,33.274],[131.718,33.285],[131.627,33.281],[131.576,33.261],[131.538,33.267],[131.517,33.281],[131.519,33.304],[131.508,33.343],[131.519,33.355],[131.512,33.358],[131.475,33.357],[131.451,33.347],[131.439,33.336],[131.431,33.311]]]}},{"type":"Feature","properties":{},"geometry":{"type":"Polygon","coordinates":[[[131.521,34.072],[131.535,34.058],[131.532,34.034],[131.546,34.03],[131.546,34.011],[131.576,34.004],[131.59,34.009],[131.59,34.023],[131.579,34.025],[131.571,34.038],[131.591,34.05],[131.597,34.049],[131.602,34.026],[131.612,34.024],[131.619,34.034],[131.613,34.057],[131.594,34.071],[131.596,34.078],[131.567,34.091],[131.539,34.085],[131.521,34.072]]]}},{"type":"Feature","properties":{},"geometry":{"type":"Polygon","coordinates":[[[131.608,33.126],[131.644,33.114],[131.693,33.127],[131.608,33.126]]]}},{"type":"Feature","properties":{},"geometry":{"type":"Polygon","coordinates":[[[131.626,32.575],[131.631,32.558],[131.642,32.556],[131.652,32.514],[131.677,32.5],[131.685,32.553],[131.701,32.577],[131.689,32.591],[131.703,32.592],[131.701,32.605],[131.689,32.609],[131.668,32.635],[131.66,32.634],[131.659,32.624],[131.646,32.627],[131.631,32.594],[131.644,32.59],[131.631,32.592],[131.626,32.575]]]}},{"type":"Feature","properties":{},"geometry":{"type":"Polygon","coordinates":[[[131.716,34.069],[131.74,34.052],[131.741,34.042],[131.77,34.034],[131.769,34.024],[131.8,34.013],[131.811,34],[131.851,33.991],[131.863,33.974],[131.898,33.984],[131.899,34.014],[131.891,34.028],[131.9,34.041],[131.837,34.079],[131.755,34.105],[131.727,34.088],[131.716,34.069]]]}},{"type":"Feature","properties":{},"geometry":{"type":"Polygon","coordinates":[[[132.152,34.18],[132.156,34.174],[132.233,34.175],[132.238,34.169],[132.258,34.18],[132.253,34.188],[132.258,34.219],[132.244,34.236],[132.244,34.252],[132.251,34.254],[132.256,34.225],[132.285,34.224],[132.354,34.271],[132.359,34.264],[132.344,34.239],[132.35,34.242],[132.365,34.258],[132.361,34.295],[132.369,34.3],[132.352,34.304],[132.34,34.321],[132.332,34.321],[132.333,34.328],[132.377,34.34],[132.388,34.351],[132.443,34.34],[132.428,34.332],[132.436,34.328],[132.495,34.328],[132.503,34.334],[132.545,34.326],[132.557,34.333],[132.557,34.353],[132.578,34.351],[132.593,34.359],[132.595,34.377],[132.587,34.39],[132.594,34.414],[132.586,34.43],[132.594,34.432],[132.594,34.445],[132.553,34.45],[132.551,34.555],[132.496,34.555],[132.491,34.543],[132.437,34.546],[132.453,34.526],[132.439,34.5],[132.389,34.491],[132.365,34.453],[132.293,34.373],[132.281,34.343],[132.252,34.345],[132.251,34.296],[132.219,34.291],[132.196,34.297],[132.193,34.245],[132.203,34.237],[132.203,34.225],[132.194,34.217],[132.152,34.212],[132.152,34.18]]]}},{"type":"Feature","properties":{},"geometry":{"type":"Polygon","coordinates":[[[132.503,34.25],[132.507,34.205],[132.578,34.208],[132.583,34.2],[132.594,34.208],[132.645,34.202],[132.641,34.208],[132.649,34.208],[132.645,34.245],[132.653,34.247],[132.653,34.269],[132.641,34.28],[132.528,34.281],[132.51,34.272],[132.503,34.25]]]}},{"type":"Feature","properties":{},"geometry":{"type":"Polygon","coordinates":[[[132.668,33.722],[132.682,33.711],[132.709,33.735],[132.784,33.773],[132.79,33.755],[132.818,33.753],[132.816,33.77],[132.83,33.771],[132.833,33.781],[132.889,33.783],[132.893,33.776],[132.907,33.776],[132.929,33.809],[132.837,33.812],[132.825,33.82],[132.829,33.861],[132.79,33.864],[132.775,33.877],[132.782,33.882],[132.778,33.927],[132.748,33.93],[132.744,33.921],[132.713,33.921],[132.704,33.916],[132.704,33.901],[132.678,33.899],[132.671,33.89],[132.674,33.86],[132.686,33.862],[132.674,33.802],[132.686,33.765],[132.668,33.751],[132.668,33.722]]]}},{"type":"Feature","properties":{},"geometry":{"type":"Polygon","coordinates":[[[132.67,34.401],[132.678,34.384],[132.671,34.382],[132.672,34.372],[132.777,34.372],[132.778,34.414],[132.768,34.422],[132.778,34.426],[132.778,34.473],[132.678,34.471],[132.67,34.401]]]}},{"type":"Feature","properties":{},"geometry":{"type":"Polygon","coordinates":[[[132.929,34.095],[132.935,34.092],[132.933,34.059],[132.941,34.057],[132.948,34.015],[133.072,34.011],[133.043,34.07],[133.016,34.097],[132.929,34.095]]]}},{"type":"Feature","properties":{},"geometry":{"type":"Polygon","coordinates":[[[133.157,34.408],[133.171,34.398],[133.172,34.383],[133.219,34.368],[133.241,34.382],[133.242,34.4],[133.27,34.4],[133.278,34.414],[133.29,34.415],[133.292,34.456],[133.274,34.46],[133.277,34.474],[133.245,34.478],[133.191,34.454],[133.187,34.442],[133.158,34.433],[133.165,34.416],[133.157,34.408]]]}},{"type":"Feature","properties":{},"geometry":{"type":"Polygon","coordinates":[[[133.237,33.957],[133.282,33.949],[133.282,33.94],[133.261,33.93],[133.275,33.914],[133.333,33.927],[133.333,33.939],[133.316,33.943],[133.304,33.957],[133.342,33.974],[133.341,33.991],[133.329,33.993],[133.329,33.981],[133.322,33.981],[133.32,33.993],[133.259,33.995],[133.26,33.978],[133.237,33.983],[133.237,33.957]]]}},{"type":"Feature","properties":{},"geometry":{"type":"Polygon","coordinates":[[[133.293,34.493],[133.304,34.465],[133.296,34.451],[133.301,34.411],[133.371,34.408],[133.462,34.421],[133.467,34.444],[133.487,34.453],[133.488,34.471],[133.462,34.511],[133.463,34.533],[133.454,34.533],[133.45,34.553],[133.429,34.585],[133.345,34.582],[133.294,34.571],[133.3,34.538],[133.293,34.493]]]}},{"type":"Feature","properties":{},"geometry":{"type":"Polygon","coordinates":[[[133.437,33.533],[133.439,33.502],[133.483,33.499],[133.492,33.475],[133.51,33.464],[133.598,33.489],[133.605,33.507],[133.667,33.521],[133.693,33.536],[133.687,33.553],[133.65,33.583],[133.634,33.607],[133.546,33.613],[133.503,33.607],[133.443,33.568],[133.458,33.538],[133.437,33.533]]]}},{"type":"Feature","properties":{},"geometry":{"type":"Polygon","coordinates":[[[133.478,34.799],[133.488,34.782],[133.517,34.766],[133.65,34.765],[133.673,34.784],[133.681,34.816],[133.639,34.85],[133.518,34.856],[133.481,34.83],[133.478,34.799]]]}},{"type":"Feature","properties":{},"geometry":{"type":"Polygon","coordinates":[[[133.521,33.993],[133.539,33.965],[133.564,33.949],[133.564,33.959],[133.603,33.974],[133.605,33.96],[133.629,33.981],[133.618,33.992],[133.618,34.026],[133.606,34.028],[133.605,33.983],[133.596,33.992],[133.601,34.02],[133.584,34.028],[133.583,34.037],[133.564,34.04],[133.521,33.993]]]}},{"type":"Feature","properties":{},"geometry":{"type":"Polygon","coordinates":[[[133.636,34.494],[133.638,34.487],[133.671,34.485],[133.779,34.443],[133.801,34.452],[133.804,34.477],[133.796,34.485],[133.804,34.484],[133.804,34.498],[133.797,34.507],[133.892,34.527],[133.9,34.521],[133.929,34.525],[133.929,34.469],[133.966,34.469],[133.966,34.534],[133.955,34.534],[133.982,34.559],[134.043,34.588],[134.076,34.595],[134.08,34.674],[134.065,34.681],[134.058,34.709],[134.018,34.718],[133.977,34.717],[133.977,34.725],[133.947,34.737],[133.896,34.74],[133.851,34.715],[133.833,34.691],[133.813,34.686],[133.792,34.661],[133.754,34.65],[133.737,34.633],[133.705,34.628],[133.701,34.616],[133.687,34.616],[133.684,34.606],[133.65,34.594],[133.642,34.561],[133.646,34.547],[133.64,34.545],[133.651,34.507],[133.636,34.494]]]}},{"type":"Feature","properties":{},"geometry":{"type":"Polygon","coordinates":[[[133.73,34.261],[133.75,34.23],[133.774,34.218],[133.77,34.205],[133.801,34.211],[133.8,34.227],[133.813,34.236],[133.834,34.238],[133.853,34.229],[133.855,34.258],[133.87,34.28],[133.867,34.302],[133.879,34.307],[133.87,34.31],[133.879,34.314],[133.874,34.339],[133.834,34.358],[133.822,34.346],[133.82,34.323],[133.764,34.304],[133.759,34.299],[133.768,34.298],[133.734,34.276],[133.73,34.261]]]}},{"type":"Feature","properties":{},"geometry":{"type":"Polygon","coordinates":[[[133.951,34.321],[133.958,34.298],[133.955,34.245],[134.017,34.237],[134.164,34.245],[134.16,34.261],[134.171,34.297],[134.165,34.326],[134.171,34.33],[134.162,34.375],[133.958,34.372],[133.951,34.321]]]}},{"type":"Feature","properties":{},"geometry":{"type":"Polygon","coordinates":[[[134.434,34.152],[134.447,34.059],[134.485,34.028],[134.486,34.004],[134.588,33.973],[134.628,33.987],[134.631,33.993],[134.618,34.014],[134.613,34.012],[134.614,34.077],[134.618,34.117],[134.631,34.127],[134.636,34.144],[134.626,34.149],[134.644,34.181],[134.628,34.198],[134.589,34.203],[134.466,34.169],[134.434,34.152]]]}},{"type":"Feature","properties":{},"geometry":{"type":"Polygon","coordinates":[[[134.496,34.867],[134.519,34.77],[134.54,34.744],[134.756,34.738],[134.757,34.725],[134.78,34.71],[134.798,34.67],[134.886,34.667],[134.934,34.648],[134.964,34.62],[135.011,34.616],[135.007,34.821],[134.889,34.823],[134.86,34.835],[134.791,34.845],[134.76,34.854],[134.74,34.875],[134.729,34.872],[134.648,34.911],[134.573,34.93],[134.532,34.925],[134.518,34.916],[134.501,34.894],[134.496,34.867]]]}},{"type":"Feature","properties":{},"geometry":{"type":"Polygon","coordinates":[[[-104.992,39.842],[-104.99084403669725,39.814],[-104.991,39.814],[-104.991,39.813],[-104.99080275229358,39.813],[-104.983,39.624],[-104.988,39.583],[-104.981,39.574],[-104.989,39.563],[-104.983,39.546],[-104.962,39.54],[-104.954,39.546],[-104.895,39.546],[-104.877,39.539],[-104.811,39.549],[-104.81,39.539],[-104.779,39.538],[-104.74,39.549],[-104.737,39.575],[-104.712,39.577],[-104.698,39.61],[-104.716,39.666],[-104.733,39.673],[-104.742,39.698],[-104.751,39.703],[-104.751,39.717],[-104.663,39.708],[-104.542,39.71],[-104.543,39.698],[-104.535,39.699],[-104.539,39.787],[-104.531,39.791],[-104.531,39.824],[-104.546,39.826],[-104.546,39.868],[-104.538,39.87],[-104.54,39.906],[-104.55,39.91],[-104.546,39.918],[-104.878,39.918],[-104.884,39.897],[-104.903,39.882],[-104.946,39.884],[-104.961,39.892],[-104.987,39.888],[-104.992,39.842]]]}},{"type":"Feature","properties":{},"geometry":{"type":"Polygon","coordinates":[[[-104.911,38.873],[-104.893,38.857],[-104.892,38.846],[-104.907,38.84],[-104.907,38.778],[-104.854,38.771],[-104.844,38.734],[-104.829,38.728],[-104.827,38.704],[-104.816,38.704],[-104.812,38.681],[-104.799,38.675],[-104.799,38.658],[-104.646,38.658],[-104.648,38.683],[-104.659,38.683],[-104.674,38.712],[-104.657,38.72],[-104.654,38.906],[-104.663,38.91],[-104.675,38.955],[-104.667,38.957],[-104.667,38.969],[-104.675,38.969],[-104.675,39.049],[-104.698,39.05],[-104.676,39.058],[-104.676,39.126],[-104.87,39.125],[-104.871,39.143],[-104.91,39.143],[-104.911,38.873]]]}},{"type":"Feature","properties":{},"geometry":{"type":"Polygon","coordinates":[[[-104.772,38.16],[-104.503,38.159],[-104.505,38.377],[-104.772,38.378],[-104.772,38.16]]]}},{"type":"Feature","properties":{},"geometry":{"type":"Polygon","coordinates":[[[-101.982,35.269],[-101.974,35.156],[-101.942,35.154],[-101.937,35.118],[-101.924,35.113],[-101.924,34.952],[-101.869,34.957],[-101.869,34.999],[-101.828,34.999],[-101.828,35.019],[-101.783,35.019],[-101.781,35.149],[-101.729,35.149],[-101.727,35.166],[-101.692,35.168],[-101.692,35.176],[-101.646,35.177],[-101.646,35.294],[-101.753,35.297],[-101.78,35.305],[-101.779,35.339],[-101.884,35.34],[-101.884,35.312],[-101.931,35.305],[-101.933,35.285],[-101.982,35.286],[-101.982,35.269]]]}},{"type":"Feature","properties":{},"geometry":{"type":"Polygon","coordinates":[[[-101.494,35.619],[-101.489,35.613],[-101.352,35.598],[-101.328,35.605],[-101.306,35.753],[-101.448,35.774],[-101.47,35.767],[-101.494,35.619]]]}},{"type":"Feature","properties":{},"geometry":{"type":"Polygon","coordinates":[[[-101.032,35.509],[-101.026,35.507],[-101.03,35.491],[-100.992,35.485],[-100.905,35.494],[-100.889,35.595],[-100.905,35.613],[-100.979,35.615],[-100.989,35.613],[-100.989,35.601],[-101.006,35.607],[-101.03,35.575],[-101.032,35.509]]]}},{"type":"Feature","properties":{},"geometry":{"type":"Polygon","coordinates":[[[-44.08,-20.039],[-44.037,-20.053],[-43.984,-20.019],[-43.967,-20.015],[-43.967,-20.025],[-43.955,-20.025],[-43.955,-20.015],[-43.923,-20.015],[-43.922,-19.977],[-43.875,-19.924],[-43.882,-19.917],[-43.875,-19.861],[-43.89,-19.855],[-43.889,-19.827],[-43.901,-19.802],[-43.911,-19.802],[-43.911,-19.786],[-43.919,-19.778],[-44.017,-19.78],[-44.017,-19.796],[-44.026,-19.799],[-44.076,-19.932],[-44.08,-20.039]]]}},{"type":"Feature","properties":{},"geometry":{"type":"Polygon","coordinates":[[[-43.543,-20.409],[-43.532,-20.423],[-43.492,-20.418],[-43.476,-20.413],[-43.461,-20.392],[-43.445,-20.39],[-43.445,-20.382],[-43.455,-20.369],[-43.513,-20.356],[-43.542,-20.365],[-43.537,-20.399],[-43.543,-20.409]]]}},{"type":"Feature","properties":{},"geometry":{"type":"Polygon","coordinates":[[[-43.509,-23.043],[-43.401,-23.024],[-43.283,-23.027],[-43.268,-23.023],[-43.275,-23.019],[-43.268,-23.013],[-43.179,-22.998],[-43.174,-22.979],[-43.145,-22.977],[-43.136,-22.969],[-43.141,-22.955],[-43.132,-22.95],[-43.117,-22.963],[-43.098,-22.951],[-43.064,-22.948],[-43.036,-22.928],[-43.053,-22.92],[-43.061,-22.903],[-43.044,-22.899],[-43.028,-22.879],[-43.009,-22.898],[-42.987,-22.869],[-42.966,-22.86],[-42.911,-22.805],[-42.921,-22.796],[-42.919,-22.781],[-42.911,-22.771],[-42.917,-22.772],[-42.915,-22.757],[-42.903,-22.748],[-42.936,-22.743],[-42.95,-22.75],[-42.974,-22.745],[-43.039,-22.751],[-43.079,-22.784],[-43.083,-22.807],[-43.094,-22.815],[-43.152,-22.795],[-43.153,-22.789],[-43.25,-22.774],[-43.403,-22.771],[-43.4,-22.827],[-43.421,-22.846],[-43.428,-22.865],[-43.421,-22.886],[-43.411,-22.891],[-43.415,-22.917],[-43.425,-22.918],[-43.425,-22.927],[-43.459,-22.965],[-43.506,-22.98],[-43.502,-23.028],[-43.509,-23.043]]]}},{"type":"Feature","properties":{},"geometry":{"type":"Polygon","coordinates":[[[-40.367,-20.356],[-40.356,-20.373],[-40.305,-20.401],[-40.273,-20.364],[-40.255,-20.32],[-40.273,-20.283],[-40.262,-20.279],[-40.261,-20.297],[-40.257,-20.28],[-40.237,-20.267],[-40.269,-20.207],[-40.301,-20.221],[-40.305,-20.248],[-40.34,-20.267],[-40.362,-20.303],[-40.367,-20.356]]]}},{"type":"Feature","properties":{},"geometry":{"type":"Polygon","coordinates":[[[-0.008,38.654],[0.005,38.65],[0.008,38.631],[-0.003,38.622],[0.011,38.621],[0.011,38.614],[0.017,38.621],[0.045,38.624],[0.047,38.629],[0.034,38.633],[0.032,38.66],[-0.008,38.66],[-0.008,38.654]]]}},{"type":"Feature","properties":{},"geometry":{"type":"Polygon","coordinates":[[[0.003,38.719],[0.034,38.718],[0.033,38.706],[0.048,38.713],[0.037,38.74],[0.008,38.742],[0.011,38.758],[0.004,38.757],[0.003,38.719]]]}},{"type":"Feature","properties":{},"geometry":{"type":"Polygon","coordinates":[[[0.008,39.902],[0.011,39.893],[0.023,39.9],[0.015,39.905],[0.033,39.937],[0.058,39.946],[0.064,40.002],[0.086,40.038],[0.118,40.045],[0.121,40.052],[0.11,40.06],[0.118,40.065],[0.115,40.072],[0.07,40.073],[0.011,40.039],[0.008,39.902]]]}},{"type":"Feature","properties":{},"geometry":{"type":"Polygon","coordinates":[[[1.166,38.957],[1.176,38.96],[1.177,38.991],[1.166,38.957]]]}},{"type":"Feature","properties":{},"geometry":{"type":"Polygon","coordinates":[[[1.178,38.858],[1.204,38.854],[1.233,38.861],[1.237,38.849],[1.259,38.849],[1.27,38.866],[1.279,38.866],[1.288,38.857],[1.329,38.847],[1.333,38.856],[1.346,38.859],[1.362,38.824],[1.375,38.818],[1.391,38.827],[1.393,38.814],[1.358,38.814],[1.375,38.801],[1.391,38.81],[1.393,38.792],[1.408,38.784],[1.409,38.748],[1.395,38.748],[1.395,38.731],[1.372,38.714],[1.368,38.66],[1.379,38.618],[1.417,38.623],[1.417,38.643],[1.441,38.655],[1.45,38.672],[1.475,38.668],[1.519,38.646],[1.585,38.647],[1.592,38.674],[1.579,38.693],[1.555,38.701],[1.524,38.687],[1.491,38.709],[1.483,38.735],[1.46,38.74],[1.42,38.832],[1.417,38.866],[1.443,38.88],[1.445,38.89],[1.476,38.895],[1.483,38.91],[1.517,38.934],[1.537,38.938],[1.542,38.972],[1.563,38.981],[1.589,38.976],[1.597,39.005],[1.623,39.022],[1.622,39.046],[1.603,39.061],[1.615,39.069],[1.608,39.1],[1.594,39.11],[1.555,39.111],[1.552,39.119],[1.527,39.129],[1.458,39.115],[1.439,39.102],[1.417,39.101],[1.408,39.089],[1.383,39.09],[1.375,39.08],[1.364,39.085],[1.307,39.059],[1.283,39.037],[1.276,38.982],[1.229,38.984],[1.224,39.001],[1.208,39.004],[1.198,38.994],[1.2,38.971],[1.182,38.967],[1.178,38.95],[1.208,38.948],[1.221,38.937],[1.207,38.912],[1.204,38.891],[1.21,38.881],[1.189,38.88],[1.178,38.871],[1.178,38.858]]]}},{"type":"Feature","properties":{},"geometry":{"type":"Polygon","coordinates":[[[2.553,39.537],[2.564,39.523],[2.589,39.517],[2.602,39.523],[2.607,39.538],[2.644,39.538],[2.65,39.553],[2.731,39.513],[2.734,39.505],[2.719,39.489],[2.718,39.47],[2.748,39.47],[2.748,39.483],[2.773,39.486],[2.781,39.543],[2.777,39.562],[2.747,39.579],[2.744,39.679],[2.667,39.68],[2.652,39.675],[2.652,39.665],[2.605,39.665],[2.6,39.653],[2.578,39.652],[2.553,39.537]]]}},{"type":"Feature","properties":{},"geometry":{"type":"Polygon","coordinates":[[[3.093,39.82],[3.126,39.776],[3.141,39.783],[3.131,39.823],[3.16,39.826],[3.171,39.841],[3.135,39.855],[3.102,39.854],[3.093,39.82]]]}},{"type":"Feature","properties":{},"geometry":{"type":"Polygon","coordinates":[[[3.781,40.015],[3.79,39.99],[3.816,39.986],[3.816,39.913],[3.884,39.911],[3.958,39.923],[4.02,39.911],[4.033,39.906],[3.987,39.904],[4.064,39.877],[4.2,39.802],[4.23,39.794],[4.23,39.806],[4.304,39.792],[4.304,39.817],[4.318,39.858],[4.3,39.849],[4.276,39.857],[4.32,39.898],[4.292,39.939],[4.296,39.966],[4.276,39.98],[4.281,40],[4.271,40.009],[4.228,40.01],[4.219,40.03],[4.195,40.044],[4.18,40.043],[4.178,40.072],[4.14,40.08],[4.113,40.065],[4.108,40.093],[4.075,40.105],[4.065,40.097],[4.072,40.081],[4.048,40.068],[4.042,40.078],[4.029,40.08],[4.02,40.072],[3.976,40.064],[3.933,40.074],[3.915,40.067],[3.863,40.07],[3.82,40.063],[3.781,40.015]]]}},{"type":"Feature","properties":{},"geometry":{"type":"Polygon","coordinates":[[[3.812,39.902],[3.884,39.896],[3.919,39.904],[3.812,39.902]]]}},{"type":"Feature","properties":{},"geometry":{"type":"Polygon","coordinates":[[[145.592,-16.851],[145.613,-16.861],[145.61,-16.891],[145.617,-16.914],[145.629,-16.925],[145.636,-16.964],[145.731,-17.129],[145.751,-17.138],[145.778,-17.138],[145.811,-17.124],[145.811,-17.118],[145.827,-17.118],[145.826,-17.086],[145.835,-17.065],[145.812,-16.975],[145.819,-16.931],[145.805,-16.9],[145.779,-16.899],[145.789,-16.868],[145.756,-16.844],[145.731,-16.794],[145.71,-16.784],[145.705,-16.77],[145.688,-16.766],[145.681,-16.755],[145.681,-16.747],[145.703,-16.737],[145.688,-16.718],[145.68,-16.714],[145.664,-16.724],[145.642,-16.712],[145.628,-16.728],[145.602,-16.789],[145.602,-16.812],[145.592,-16.823],[145.592,-16.851]]]}},{"type":"Feature","properties":{},"geometry":{"type":"Polygon","coordinates":[[[146.569,-19.355],[146.67,-19.375],[146.683,-19.421],[146.696,-19.437],[146.732,-19.437],[146.769,-19.42],[146.777,-19.391],[146.831,-19.395],[146.836,-19.388],[146.857,-19.397],[146.871,-19.353],[146.86281818181817,-19.344],[146.864,-19.344],[146.864,-19.342],[146.862,-19.342],[146.862,-19.3431],[146.861,-19.342],[146.867,-19.277],[146.843,-19.233],[146.821,-19.24],[146.795,-19.231],[146.791,-19.226],[146.806,-19.211],[146.79,-19.187],[146.773,-19.178],[146.731,-19.17],[146.703,-19.181],[146.648,-19.163],[146.628,-19.201],[146.606,-19.214],[146.606,-19.223],[146.593,-19.226],[146.585,-19.277],[146.575,-19.284],[146.569,-19.355]]]}},{"type":"Feature","properties":{},"geometry":{"type":"Polygon","coordinates":[[[18.296,-34.031],[18.314,-34.063],[18.343,-34.071],[18.338,-34.085],[18.35,-34.096],[18.35,-34.113],[18.313,-34.128],[18.311,-34.162],[18.329,-34.183],[18.409,-34.197],[18.438,-34.245],[18.467,-34.254],[18.48,-34.252],[18.487,-34.229],[18.467,-34.195],[18.471,-34.177],[18.456,-34.171],[18.443,-34.177],[18.45,-34.142],[18.478,-34.117],[18.56,-34.094],[18.696,-34.083],[18.7,-34.077],[18.701,-34.083],[18.754,-34.089],[18.798,-34.104],[18.847,-34.156],[18.814,-34.174],[18.809,-34.195],[18.821,-34.213],[18.833,-34.217],[18.92,-34.179],[18.939,-34.166],[18.939,-34.153],[18.954,-34.148],[18.947,-34.062],[18.927,-34.053],[18.917,-34.026],[18.846,-33.984],[18.825,-33.96],[18.783,-33.959],[18.777,-33.944],[18.784,-33.943],[18.796,-33.898],[18.82,-33.888],[18.802,-33.859],[18.784,-33.803],[18.773,-33.808],[18.772,-33.796],[18.696,-33.799],[18.684,-33.781],[18.688,-33.768],[18.614,-33.76],[18.556,-33.741],[18.557,-33.683],[18.546,-33.669],[18.549,-33.649],[18.559,-33.647],[18.567,-33.628],[18.563,-33.61],[18.55,-33.603],[18.559,-33.599],[18.56,-33.553],[18.522,-33.509],[18.511,-33.508],[18.512,-33.5],[18.491,-33.477],[18.48,-33.475],[18.384,-33.552],[18.375,-33.586],[18.379,-33.612],[18.403,-33.633],[18.416,-33.664],[18.413,-33.676],[18.424,-33.677],[18.425,-33.717],[18.435,-33.725],[18.425,-33.738],[18.439,-33.797],[18.461,-33.82],[18.478,-33.873],[18.467,-33.898],[18.458,-33.901],[18.438,-33.889],[18.391,-33.891],[18.358,-33.931],[18.36,-33.967],[18.335,-33.974],[18.32,-34.013],[18.3,-34.017],[18.296,-34.031]]]}},{"type":"Feature","properties":{},"geometry":{"type":"Polygon","coordinates":[[[145.67,-40.984],[145.688,-41.014],[145.761,-41.025],[145.794,-41.068],[145.824,-41.067],[145.844,-41.076],[145.86,-41.098],[145.893,-41.11],[145.948,-41.102],[145.964,-41.09],[145.967,-41.058],[145.931,-41.056],[145.931,-41.047],[145.893,-41.036],[145.838,-41.03],[145.731,-40.97],[145.681,-40.968],[145.67,-40.984]]]}},{"type":"Feature","properties":{},"geometry":{"type":"Polygon","coordinates":[[[146.036,-41.125],[146.052,-41.144],[146.074,-41.144],[146.106,-41.159],[146.126,-41.181],[146.227,-41.185],[146.286,-41.203],[146.302,-41.223],[146.313,-41.224],[146.32,-41.25],[146.353,-41.26],[146.441,-41.26],[146.463,-41.248],[146.468,-41.225],[146.398,-41.175],[146.393,-41.164],[146.195,-41.144],[146.065,-41.104],[146.037,-41.109],[146.036,-41.125]]]}},{"type":"Feature","properties":{},"geometry":{"type":"Polygon","coordinates":[[[146.974,-41.367],[147.004,-41.388],[147.025,-41.389],[147.037,-41.402],[147.045,-41.43],[147.036,-41.475],[147.023,-41.494],[147.03,-41.528],[147.066,-41.536],[147.121,-41.526],[147.187,-41.509],[147.207,-41.491],[147.229,-41.484],[147.22,-41.418],[147.156,-41.352],[147.125,-41.35],[147.056,-41.315],[147.011,-41.335],[146.987,-41.331],[146.974,-41.342],[146.974,-41.367]]]}},{"type":"Feature","properties":{},"geometry":{"type":"Polygon","coordinates":[[[147.206,-42.704],[147.215,-42.757],[147.211,-42.816],[147.237,-42.859],[147.246,-42.917],[147.265,-42.929],[147.273,-42.955],[147.269,-42.971],[147.254,-42.983],[147.244,-43.034],[147.225,-43.064],[147.233,-43.1],[147.291,-43.106],[147.307,-43.078],[147.306,-43.04],[147.345,-43.029],[147.342,-42.987],[147.371,-42.945],[147.375,-42.919],[147.361,-42.899],[147.379,-42.892],[147.393,-42.896],[147.399,-42.912],[147.395,-42.945],[147.434,-42.944],[147.438,-42.936],[147.438,-42.944],[147.498,-42.949],[147.541,-42.942],[147.537,-42.923],[147.509,-42.905],[147.52,-42.866],[147.537,-42.86],[147.537,-42.852],[147.496,-42.804],[147.461,-42.806],[147.457,-42.818],[147.401,-42.819],[147.371,-42.79],[147.313,-42.787],[147.299,-42.776],[147.296,-42.744],[147.288,-42.737],[147.292,-42.718],[147.306,-42.71],[147.29,-42.675],[147.22,-42.675],[147.206,-42.704]]]}},{"type":"Feature","properties":{},"geometry":{"type":"Polygon","coordinates":[[[25.528,45.454],[25.532,45.319],[25.545,45.317],[25.556,45.302],[25.661,45.093],[25.784,45.096],[25.79,45.207],[25.784,45.304],[25.641,45.309],[25.631,45.441],[25.637,45.529],[25.528,45.539],[25.528,45.454]]]}},{"type":"Feature","properties":{},"geometry":{"type":"Polygon","coordinates":[[[25.543,45.66],[25.549,45.654],[25.546,45.626],[25.6,45.622],[25.628,45.606],[25.656,45.607],[25.66,45.621],[25.67,45.624],[25.674,45.68],[25.648,45.688],[25.564,45.688],[25.543,45.66]]]}},{"type":"Feature","properties":{},"geometry":{"type":"Polygon","coordinates":[[[25.661,45.079],[25.784,45.082],[25.661,45.083],[25.661,45.079]]]}},{"type":"Feature","properties":{},"geometry":{"type":"Polygon","coordinates":[[[26.19,47.65],[26.234,47.627],[26.266,47.627],[26.259,47.633],[26.299,47.671],[26.282,47.689],[26.223,47.691],[26.19,47.65]]]}},{"type":"Feature","properties":{},"geometry":{"type":"Polygon","coordinates":[[[26.318,46.943],[26.327,46.943],[26.327,46.935],[26.367,46.902],[26.4,46.886],[26.428,46.892],[26.436,46.902],[26.429,46.931],[26.403,46.962],[26.386,46.969],[26.385,46.962],[26.349,46.948],[26.319,46.953],[26.318,46.943]]]}},{"type":"Feature","properties":{},"geometry":{"type":"Polygon","coordinates":[[[26.579,47.753],[26.595,47.749],[26.588,47.73],[26.619,47.721],[26.629,47.709],[26.638,47.717],[26.643,47.707],[26.671,47.695],[26.691,47.697],[26.69,47.708],[26.702,47.704],[26.734,47.714],[26.745,47.726],[26.741,47.751],[26.724,47.764],[26.73,47.77],[26.708,47.78],[26.725,47.785],[26.716,47.791],[26.642,47.79],[26.617,47.779],[26.608,47.761],[26.587,47.765],[26.579,47.753]]]}},{"type":"Feature","properties":{},"geometry":{"type":"Polygon","coordinates":[[[26.757,45.171],[26.779,45.14],[26.822,45.12],[26.863,45.123],[26.885,45.138],[26.884,45.145],[26.904,45.152],[26.906,45.161],[26.875,45.178],[26.851,45.17],[26.787,45.184],[26.767,45.185],[26.757,45.171]]]}},{"type":"Feature","properties":{},"geometry":{"type":"Polygon","coordinates":[[[26.851,46.575],[26.857,46.565],[26.87,46.565],[26.871,46.55],[26.904,46.497],[26.945,46.499],[26.963,46.516],[26.951,46.524],[26.944,46.549],[26.947,46.56],[26.959,46.563],[26.944,46.575],[26.947,46.597],[26.93,46.598],[26.922,46.607],[26.897,46.595],[26.874,46.598],[26.851,46.575]]]}},{"type":"Feature","properties":{},"geometry":{"type":"Polygon","coordinates":[[[27.118,45.697],[27.136,45.661],[27.146,45.661],[27.14,45.657],[27.179,45.64],[27.191,45.642],[27.216,45.665],[27.216,45.674],[27.247,45.697],[27.242,45.714],[27.231,45.714],[27.235,45.723],[27.206,45.739],[27.143,45.726],[27.118,45.697]]]}},{"type":"Feature","properties":{},"geometry":{"type":"Polygon","coordinates":[[[27.492,47.17],[27.497,47.156],[27.547,47.131],[27.628,47.107],[27.697,47.119],[27.717,47.134],[27.614,47.204],[27.563,47.209],[27.514,47.198],[27.497,47.185],[27.492,47.17]]]}},{"type":"Feature","properties":{},"geometry":{"type":"Polygon","coordinates":[[[27.626,46.214],[27.635,46.198],[27.657,46.195],[27.694,46.207],[27.709,46.227],[27.669,46.253],[27.635,46.243],[27.626,46.214]]]}},{"type":"Feature","properties":{},"geometry":{"type":"Polygon","coordinates":[[[27.909,45.258],[27.923,45.232],[27.956,45.224],[27.986,45.254],[27.997,45.308],[27.973,45.319],[27.955,45.308],[27.931,45.309],[27.914,45.284],[27.92,45.266],[27.909,45.258]]]}},{"type":"Feature","properties":{},"geometry":{"type":"Polygon","coordinates":[[[27.915,45.427],[27.931,45.4],[28.011,45.38],[28.089,45.424],[28.093,45.452],[28.071,45.462],[28.056,45.488],[28.007,45.482],[27.96,45.473],[27.959,45.461],[27.915,45.427]]]}},{"type":"Feature","properties":{},"geometry":{"type":"Polygon","coordinates":[[[28.71,45.172],[28.711,45.148],[28.787,45.15],[28.82,45.142],[28.825,45.15],[28.849,45.151],[28.849,45.198],[28.766,45.209],[28.71,45.197],[28.71,45.172]]]}},{"type":"Feature","properties":{},"geometry":{"type":"Polygon","coordinates":[[[172.441,-43.556],[172.454,-43.58],[172.469,-43.58],[172.466,-43.585],[172.494,-43.598],[172.495,-43.606],[172.511,-43.609],[172.516,-43.627],[172.693,-43.622],[172.701,-43.627],[172.701,-43.64],[172.715,-43.642],[172.713,-43.649],[172.724,-43.653],[172.737,-43.653],[172.737,-43.642],[172.767,-43.647],[172.779,-43.636],[172.779,-43.623],[172.797,-43.62],[172.815,-43.598],[172.808,-43.573],[172.767,-43.557],[172.75,-43.523],[172.727,-43.441],[172.72,-43.439],[172.711,-43.381],[172.72,-43.356],[172.689,-43.342],[172.667,-43.341],[172.667,-43.329],[172.627,-43.354],[172.609,-43.406],[172.614,-43.411],[172.587,-43.441],[172.478,-43.463],[172.483,-43.515],[172.441,-43.556]]]}},{"type":"Feature","properties":{},"geometry":{"type":"Polygon","coordinates":[[[172.98,-41.402],[172.984,-41.411],[173.046,-41.449],[173.079,-41.441],[173.296,-41.314],[173.385,-41.23],[173.397,-41.207],[173.368,-41.183],[173.334,-41.186],[173.246,-41.259],[173.216,-41.267],[173.129,-41.246],[173.098,-41.228],[173.096,-41.208],[173.07,-41.208],[173.07,-41.221],[173.055,-41.233],[173.046,-41.257],[173.054,-41.266],[173.054,-41.325],[172.98,-41.402]]]}},{"type":"Feature","properties":{},"geometry":{"type":"Polygon","coordinates":[[[174.691,-41.302],[174.716,-41.35],[174.744,-41.36],[174.847,-41.36],[174.935,-41.327],[174.981,-41.301],[174.998,-41.279],[175.004,-41.262],[174.998,-41.207],[175.037,-41.172],[175.128,-41.128],[175.152,-41.098],[175.14,-41.082],[175.122,-41.077],[175.044,-41.099],[174.957,-41.103],[174.92,-41.09],[174.9,-41.064],[174.867,-41.048],[174.83,-41.072],[174.835,-41.085],[174.805,-41.097],[174.781,-41.121],[174.727,-41.248],[174.716,-41.267],[174.7,-41.276],[174.691,-41.302]],[[174.799,-41.275],[174.836,-41.246],[174.861,-41.237],[174.852,-41.258],[174.854,-41.269],[174.867,-41.274],[174.878,-41.262],[174.874,-41.24],[174.886,-41.243],[174.89,-41.28],[174.861,-41.29],[174.865,-41.306],[174.857,-41.321],[174.845,-41.312],[174.841,-41.281],[174.799,-41.275]]]}},{"type":"Feature","properties":{},"geometry":{"type":"Polygon","coordinates":[[[5.063,60.345],[5.15,60.328],[5.157,60.322],[5.155,60.3],[5.197,60.29],[5.206,60.265],[5.239,60.238],[5.229,60.231],[5.246,60.229],[5.246,60.21],[5.267,60.213],[5.297,60.204],[5.297,60.156],[5.306,60.138],[5.328,60.139],[5.359,60.121],[5.452,60.118],[5.463,60.124],[5.481,60.161],[5.522,60.178],[5.523,60.191],[5.497,60.203],[5.493,60.245],[5.497,60.282],[5.543,60.311],[5.534,60.348],[5.536,60.404],[5.555,60.413],[5.6,60.414],[5.651,60.402],[5.673,60.425],[5.645,60.437],[5.506,60.436],[5.378,60.505],[5.295,60.526],[5.275,60.521],[5.25,60.501],[5.249,60.48],[5.264,60.472],[5.267,60.452],[5.26,60.404],[5.168,60.383],[5.154,60.394],[5.095,60.4],[5.081,60.391],[5.08,60.38],[5.065,60.375],[5.063,60.345]]]}},{"type":"Feature","properties":{},"geometry":{"type":"Polygon","coordinates":[[[6.077,62.462],[6.078,62.453],[6.144,62.432],[6.243,62.429],[6.275,62.411],[6.424,62.412],[6.441,62.421],[6.435,62.448],[6.408,62.463],[6.406,62.491],[6.389,62.498],[6.336,62.497],[6.308,62.487],[6.14,62.483],[6.077,62.462]]]}},{"type":"Feature","properties":{},"geometry":{"type":"Polygon","coordinates":[[[7.064,62.734],[7.082,62.726],[7.181,62.726],[7.206,62.735],[7.283,62.737],[7.316,62.749],[7.316,62.757],[7.295,62.765],[7.178,62.763],[7.153,62.751],[7.082,62.749],[7.064,62.734]]]}},{"type":"Feature","properties":{},"geometry":{"type":"Polygon","coordinates":[[[140.403,40.611],[140.423,40.553],[140.51,40.541],[140.543,40.566],[140.543,40.624],[140.493,40.65],[140.468,40.655],[140.435,40.643],[140.405,40.629],[140.403,40.611]]]}},{"type":"Feature","properties":{},"geometry":{"type":"Polygon","coordinates":[[[140.628,40.824],[140.636,40.79],[140.65,40.789],[140.663,40.799],[140.72,40.758],[140.755,40.748],[140.812,40.773],[140.831,40.793],[140.853,40.79],[140.856,40.823],[140.849,40.828],[140.853,40.842],[140.823,40.863],[140.78,40.844],[140.747,40.846],[140.714,40.858],[140.69,40.877],[140.666,40.875],[140.635,40.854],[140.628,40.824]]]}},{"type":"Feature","properties":{},"geometry":{"type":"Polygon","coordinates":[[[140.651,41.828],[140.663,41.811],[140.685,41.809],[140.681,41.792],[140.69,41.785],[140.681,41.75],[140.691,41.733],[140.707,41.729],[140.727,41.733],[140.736,41.756],[140.746,41.759],[140.79,41.762],[140.828,41.75],[140.854,41.751],[140.878,41.772],[140.88,41.781],[140.865,41.8],[140.828,41.821],[140.831,41.837],[140.805,41.837],[140.72,41.891],[140.707,41.89],[140.69,41.864],[140.652,41.841],[140.651,41.828]]]}},{"type":"Feature","properties":{},"geometry":{"type":"Polygon","coordinates":[[[140.897,42.386],[140.912,42.338],[140.935,42.311],[140.957,42.298],[141.003,42.288],[141.021,42.302],[141.023,42.317],[141.058,42.34],[141.086,42.377],[141.141,42.421],[141.125,42.44],[141.099,42.442],[140.911,42.401],[140.897,42.386]]]}},{"type":"Feature","properties":{},"geometry":{"type":"Polygon","coordinates":[[[140.898,43.212],[140.961,43.16],[141.099,43.141],[141.119,43.102],[141.253,42.949],[141.303,42.928],[141.357,42.921],[141.375,42.932],[141.449,42.95],[141.474,42.939],[141.472,42.927],[141.483,42.912],[141.492,42.91],[141.563,42.824],[141.593,42.806],[141.617,42.824],[141.655,42.836],[141.666,42.828],[141.682,42.83],[141.709,42.803],[141.732,42.811],[141.741,42.83],[141.741,42.841],[141.721,42.859],[141.603,42.932],[141.612,42.972],[141.611,43.044],[141.604,43.048],[141.611,43.05],[141.604,43.064],[141.611,43.066],[141.608,43.084],[141.618,43.095],[141.608,43.116],[141.606,43.212],[141.391,43.209],[141.328,43.239],[141.287,43.221],[141.279,43.206],[141.224,43.178],[141.156,43.156],[141.042,43.191],[141.031,43.206],[141.025,43.246],[140.92,43.236],[140.898,43.212]],[[141.534,43.04],[141.555,43.061],[141.578,43.061],[141.551,43.038],[141.538,43.033],[141.534,43.04]]]}},{"type":"Feature","properties":{},"geometry":{"type":"Polygon","coordinates":[[[141.338,40.514],[141.365,40.479],[141.398,40.459],[141.391,40.427],[141.369,40.409],[141.362,40.37],[141.369,40.359],[141.401,40.345],[141.494,40.345],[141.53,40.329],[141.544,40.332],[141.57,40.355],[141.57,40.371],[141.549,40.39],[141.541,40.426],[141.546,40.435],[141.59,40.45],[141.633,40.453],[141.648,40.478],[141.621,40.514],[141.588,40.541],[141.588,40.55],[141.56,40.553],[141.544,40.568],[141.504,40.57],[141.492,40.588],[141.479,40.592],[141.47,40.612],[141.441,40.622],[141.412,40.6004358974359],[141.412,40.601],[141.411,40.601],[141.411,40.6],[141.41141379310343,40.6],[141.402,40.593],[141.397,40.576],[141.404,40.564],[141.358,40.538],[141.356,40.526],[141.34,40.524],[141.338,40.514]]]}},{"type":"Feature","properties":{},"geometry":{"type":"Polygon","coordinates":[[[141.457,42.607],[141.479,42.589],[141.6,42.614],[141.619,42.607],[141.666,42.62],[141.741,42.618],[141.748,42.637],[141.732,42.675],[141.72,42.684],[141.662,42.699],[141.487,42.645],[141.464,42.629],[141.457,42.607]]]}},{"type":"Feature","properties":{},"geometry":{"type":"Polygon","coordinates":[[[142.28,43.806],[142.291,43.778],[142.284,43.71],[142.458,43.702],[142.478,43.704],[142.476,43.714],[142.489,43.72],[142.476,43.795],[142.487,43.83],[142.476,43.845],[142.406,43.853],[142.306,43.849],[142.28,43.836],[142.28,43.806]]]}},{"type":"Feature","properties":{},"geometry":{"type":"Polygon","coordinates":[[[143.015,42.895],[143.087,42.891],[143.179,42.853],[143.225,42.867],[143.277,42.899],[143.285,42.914],[143.226,42.992],[143.035,42.934],[143.019,42.916],[143.015,42.895]]]}},{"type":"Feature","properties":{},"geometry":{"type":"Polygon","coordinates":[[[143.788,43.78],[143.789,43.78],[143.789,43.773],[143.937,43.776],[143.937,43.787],[143.948,43.794],[143.952,43.829],[143.974,43.852],[143.928,43.859],[143.856,43.853],[143.819,43.831],[143.811,43.817],[143.789,43.812],[143.789,43.781],[143.788,43.781],[143.788,43.78]]]}},{"type":"Feature","properties":{},"geometry":{"type":"Polygon","coordinates":[[[144.252,43.006],[144.315,42.979],[144.34,42.979],[144.352,42.964],[144.411,42.955],[144.41,42.96],[144.428,42.962],[144.425,42.956],[144.45,42.964],[144.45,42.992],[144.444,42.994],[144.451,43.027],[144.441,43.034],[144.367,43.038],[144.362,43.029],[144.316,43.029],[144.256,43.036],[144.252,43.006]]]}},{"type":"Feature","properties":{},"geometry":{"type":"Polygon","coordinates":[[[25.352,-33.823],[25.45,-33.86],[25.448,-33.941],[25.464,-33.941],[25.464,-33.978],[25.528,-34.023],[25.696,-34.024],[25.692,-34],[25.654,-33.973],[25.645,-33.952],[25.62,-33.95],[25.619,-33.916],[25.65,-33.846],[25.693,-33.81],[25.696,-33.796],[25.722,-33.783],[25.69,-33.736],[25.643,-33.741],[25.643,-33.763],[25.444,-33.763],[25.444,-33.731],[25.365,-33.725],[25.356,-33.73],[25.356,-33.739],[25.363,-33.739],[25.363,-33.786],[25.352,-33.823]]]}},{"type":"Feature","properties":{},"geometry":{"type":"Polygon","coordinates":[[[27.768,-32.988],[27.819,-33.069],[27.827,-33.077],[27.852,-33.079],[27.934,-33.031],[27.933,-33.018],[27.951,-33.011],[27.973,-32.98],[27.974,-32.956],[27.968,-32.943],[27.94,-32.936],[27.898,-32.937],[27.852,-32.95],[27.802,-32.95],[27.773,-32.973],[27.768,-32.988]]]}},{"type":"Feature","properties":{},"geometry":{"type":"Polygon","coordinates":[[[26.127,-29.115],[26.149,-29.151],[26.156,-29.151],[26.165,-29.197],[26.294,-29.197],[26.315,-29.146],[26.293,-29.137],[26.294,-29.128],[26.314,-29.113],[26.32,-29.075],[26.278,-29.077],[26.26,-29.068],[26.26,-29.059],[26.157,-29.059],[26.13,-29.083],[26.127,-29.115]]]}},{"type":"Feature","properties":{},"geometry":{"type":"Polygon","coordinates":[[[27.188,-25.677],[27.223,-25.715],[27.246,-25.717],[27.272,-25.689],[27.276,-25.661],[27.285,-25.658],[27.289,-25.645],[27.289,-25.625],[27.227,-25.627],[27.216,-25.62],[27.188,-25.642],[27.188,-25.677]]]}},{"type":"Feature","properties":{},"geometry":{"type":"Polygon","coordinates":[[[27.65,-26.216],[27.768,-26.221],[27.768,-26.266],[27.793,-26.286],[27.916,-26.339],[28.074,-26.34],[28.077,-26.359],[28.098,-26.359],[28.098,-26.368],[28.122,-26.368],[28.172,-26.306],[28.198,-26.306],[28.235,-26.264],[28.244,-26.243],[28.35,-26.24],[28.353,-26.165],[28.332,-26.149],[28.335,-26.142],[28.315,-26.114],[28.28,-26.077],[28.257,-26.011],[28.269,-26.002],[28.273,-25.868],[28.39,-25.78],[28.39,-25.705],[28.383,-25.705],[28.382,-25.695],[28.299,-25.695],[28.299,-25.64],[28.29,-25.64],[28.291,-25.632],[28.146,-25.633],[28.14,-25.609],[28.071,-25.609],[28.071,-25.618],[28.062,-25.617],[28.063,-25.755],[28.026,-25.754],[28.026,-25.765],[28.019,-25.765],[28.019,-25.802],[28.078,-25.807],[28.076,-25.915],[27.979,-25.979],[27.898,-25.98],[27.897,-26.031],[27.879,-26.031],[27.879,-26.047],[27.735,-26.052],[27.651,-26.139],[27.65,-26.216]]]}},{"type":"Feature","properties":{},"geometry":{"type":"Polygon","coordinates":[[[29.891,-27.775],[29.905,-27.784],[29.964,-27.787],[29.976,-27.766],[30.005,-27.755],[30.005,-27.741],[29.957,-27.708],[29.914,-27.707],[29.905,-27.715],[29.913,-27.752],[29.892,-27.766],[29.891,-27.775]]]}},{"type":"Feature","properties":{},"geometry":{"type":"Polygon","coordinates":[[[129.6,33.204],[129.611,33.181],[129.626,33.175],[129.64,33.142],[129.673,33.133],[129.639,33.128],[129.67,33.117],[129.696,33.094],[129.728,33.082],[129.735,33.086],[129.802,33.051],[129.843,33.054],[129.85,33.086],[129.841,33.166],[129.847,33.172],[129.832,33.185],[129.703,33.241],[129.669,33.239],[129.652,33.248],[129.633,33.241],[129.6,33.204]]]}},{"type":"Feature","properties":{},"geometry":{"type":"Polygon","coordinates":[[[129.732,32.56],[129.744,32.558],[129.764,32.569],[129.764,32.555],[129.775,32.554],[129.775,32.544],[129.783,32.549],[129.783,32.569],[129.827,32.594],[129.847,32.624],[129.889,32.642],[129.97,32.739],[130.053,32.753],[130.058,32.77],[130.1,32.783],[130.137,32.778],[130.176,32.783],[130.174,32.758],[130.192,32.754],[130.204,32.764],[130.198,32.786],[130.2,32.797],[130.207,32.797],[130.2,32.823],[130.207,32.833],[130.207,32.865],[130.192,32.863],[130.174,32.885],[130.007,32.887],[130.007,32.926],[130,32.933],[130.008,32.965],[130.007,33.025],[129.933,33.019],[129.933,32.996],[129.891,32.946],[129.895,32.903],[129.773,32.896],[129.773,32.78],[129.781,32.776],[129.802,32.727],[129.803,32.708],[129.758,32.716],[129.754,32.699],[129.786,32.676],[129.78,32.657],[129.786,32.639],[129.771,32.615],[129.732,32.591],[129.732,32.56]]]}},{"type":"Feature","properties":{},"geometry":{"type":"Polygon","coordinates":[[[129.732,32.614],[129.757,32.622],[129.769,32.66],[129.765,32.679],[129.75,32.679],[129.74,32.669],[129.736,32.653],[129.743,32.649],[129.732,32.614]]]}},{"type":"Feature","properties":{},"geometry":{"type":"Polygon","coordinates":[[[129.986,33.079],[130.154,33.08],[130.152,33.111],[130.169,33.112],[130.199,33.135],[130.137,33.139],[130.137,33.147],[129.986,33.147],[129.986,33.079]]]}},{"type":"Feature","properties":{},"geometry":{"type":"Polygon","coordinates":[[[130.803,-12.458],[130.835,-12.481],[130.854,-12.482],[130.862,-12.47],[130.871,-12.474],[130.851,-12.5],[130.93,-12.494],[130.943,-12.529],[130.993,-12.569],[131.035,-12.627],[131.196,-12.632],[131.208,-12.619],[131.204,-12.538],[131.188,-12.505],[131.067,-12.478],[131.066,-12.467],[130.983,-12.453],[130.983,-12.425],[130.954,-12.425],[130.954,-12.415],[130.938,-12.411],[130.909,-12.375],[130.901,-12.351],[130.872,-12.351],[130.864,-12.364],[130.824,-12.379],[130.825,-12.392],[130.813,-12.395],[130.803,-12.458]]]}},{"type":"Feature","properties":{},"geometry":{"type":"Polygon","coordinates":[[[-70.856,-33.536],[-70.84,-33.601],[-70.799,-33.609],[-70.764,-33.607],[-70.74,-33.594],[-70.727,-33.6],[-70.731,-33.663],[-70.723,-33.69],[-70.686,-33.691],[-70.685,-33.68],[-70.648,-33.68],[-70.641,-33.695],[-70.6,-33.704],[-70.568,-33.697],[-70.51,-33.7],[-70.506,-33.647],[-70.492,-33.611],[-70.514,-33.541],[-70.505,-33.456],[-70.494,-33.422],[-70.477,-33.402],[-70.486,-33.336],[-70.481,-33.322],[-70.494,-33.308],[-70.561,-33.285],[-70.561,-33.318],[-70.573,-33.356],[-70.6,-33.371],[-70.619,-33.344],[-70.645,-33.347],[-70.641,-33.333],[-70.652,-33.322],[-70.686,-33.308],[-70.687,-33.258],[-70.737,-33.229],[-70.756,-33.231],[-70.756,-33.298],[-70.749,-33.301],[-70.745,-33.332],[-70.749,-33.339],[-70.823,-33.357],[-70.822,-33.436],[-70.84,-33.437],[-70.832,-33.451],[-70.856,-33.536]]]}},{"type":"Feature","properties":{},"geometry":{"type":"Polygon","coordinates":[[[150.407,-23.481],[150.426,-23.52],[150.478,-23.524],[150.481,-23.507],[150.491,-23.506],[150.511,-23.48],[150.526,-23.434],[150.566,-23.414],[150.57,-23.399],[150.587,-23.396],[150.596,-23.381],[150.599,-23.331],[150.559,-23.289],[150.533,-23.222],[150.482,-23.225],[150.477,-23.235],[150.454,-23.353],[150.41,-23.438],[150.415,-23.447],[150.407,-23.481]]]}},{"type":"Feature","properties":{},"geometry":{"type":"Polygon","coordinates":[[[152.232,-24.914],[152.235,-24.921],[152.247,-24.921],[152.255,-24.967],[152.417,-24.969],[152.42,-24.962],[152.479,-24.962],[152.5,-24.923],[152.492,-24.864],[152.466,-24.797],[152.453,-24.792],[152.423,-24.752],[152.402,-24.738],[152.365,-24.737],[152.349,-24.753],[152.314,-24.79],[152.32,-24.802],[152.309,-24.8],[152.286,-24.824],[152.29,-24.828],[152.275,-24.852],[152.258,-24.853],[152.232,-24.879],[152.232,-24.914]]]}},{"type":"Feature","properties":{},"geometry":{"type":"Polygon","coordinates":[[[-58.732,-34.747],[-58.58,-34.825],[-58.449,-34.832],[-58.446,-34.867],[-58.373,-34.87],[-58.368,-34.832],[-58.347,-34.834],[-58.325,-34.825],[-58.206,-34.828],[-58.206,-34.707],[-58.317,-34.645],[-58.351,-34.571],[-58.456,-34.514],[-58.468,-34.478],[-58.493,-34.452],[-58.495,-34.427],[-58.589,-34.389],[-58.604,-34.388],[-58.613,-34.394],[-58.611,-34.408],[-58.615,-34.399],[-58.626,-34.401],[-58.727,-34.457],[-58.732,-34.747]]]}},{"type":"Feature","properties":{},"geometry":{"type":"Polygon","coordinates":[[[-58.134,-34.869],[-58.118,-34.902],[-58.008,-34.973],[-57.943,-34.974],[-57.897,-34.973],[-57.857,-34.924],[-57.887,-34.906],[-57.796,-34.869],[-57.876,-34.813],[-57.909,-34.817],[-57.968,-34.862],[-58.081,-34.818],[-58.134,-34.869]]]}},{"type":"Feature","properties":{},"geometry":{"type":"Polygon","coordinates":[[[-4.842,55.934],[-4.664,55.928],[-4.657,55.933],[-4.701,55.953],[-4.808,55.969],[-4.842,55.965],[-4.842,55.934]]]}},{"type":"Feature","properties":{},"geometry":{"type":"Polygon","coordinates":[[[-4.68,55.421],[-4.581,55.412],[-4.554,55.424],[-4.555,55.463],[-4.563,55.466],[-4.561,55.486],[-4.551,55.495],[-4.562,55.506],[-4.559,55.522],[-4.574,55.531],[-4.606,55.533],[-4.654,55.52],[-4.655,55.512],[-4.646,55.513],[-4.633,55.499],[-4.64,55.483],[-4.653,55.48],[-4.658,55.451],[-4.677,55.444],[-4.68,55.421]]]}},{"type":"Feature","properties":{},"geometry":{"type":"Polygon","coordinates":[[[-4.606,55.858],[-4.592,55.832],[-4.58,55.83],[-4.573,55.807],[-4.482,55.792],[-4.447,55.777],[-4.445,55.757],[-4.436,55.75],[-4.344,55.743],[-4.344,55.75],[-4.268,55.749],[-4.263,55.74],[-4.25,55.738],[-4.249,55.727],[-4.22,55.722],[-4.15,55.722],[-4.142,55.73],[-4.009,55.729],[-3.996,55.715],[-3.95,55.711],[-3.919,55.726],[-3.851,55.73],[-3.849,55.746],[-3.84,55.752],[-3.842,55.814],[-3.885,55.828],[-3.899,55.84],[-3.892,55.88],[-3.88,55.88],[-3.895,55.888],[-3.893,55.895],[-3.913,55.898],[-3.918,55.915],[-3.928,55.92],[-3.932,55.97],[-4.032,55.975],[-4.07,55.966],[-4.08,55.955],[-4.191,55.953],[-4.204,55.935],[-4.234,55.932],[-4.261,55.94],[-4.272,55.962],[-4.322,55.968],[-4.367,55.959],[-4.447,55.963],[-4.484,55.946],[-4.482,55.94],[-4.522,55.934],[-4.532,55.924],[-4.526,55.917],[-4.546,55.907],[-4.551,55.877],[-4.584,55.877],[-4.606,55.858]]]}},{"type":"Feature","properties":{},"geometry":{"type":"Polygon","coordinates":[[[-4.546,55.597],[-4.517,55.576],[-4.449,55.578],[-4.434,55.592],[-4.433,55.637],[-4.476,55.648],[-4.521,55.648],[-4.539,55.637],[-4.535,55.614],[-4.546,55.597]]]}},{"type":"Feature","properties":{},"geometry":{"type":"Polygon","coordinates":[[[-4.308,57.46],[-4.279,57.436],[-4.2,57.426],[-4.129,57.436],[-4.125,57.449],[-4.088,57.458],[-4.076,57.475],[-4.123,57.475],[-4.129,57.514],[-4.202,57.506],[-4.267,57.516],[-4.286,57.511],[-4.287,57.476],[-4.304,57.475],[-4.308,57.46]]]}},{"type":"Feature","properties":{},"geometry":{"type":"Polygon","coordinates":[[[-3.991,56.12],[-3.978,56.119],[-3.976,56.107],[-3.985,56.106],[-3.983,56.084],[-3.9,56.08],[-3.888,56.088],[-3.884,56.159],[-3.9,56.168],[-3.966,56.167],[-3.991,56.146],[-3.984,56.137],[-3.991,56.135],[-3.991,56.12]]]}},{"type":"Feature","properties":{},"geometry":{"type":"Polygon","coordinates":[[[-3.855,55.975],[-3.84,55.958],[-3.672,55.959],[-3.642,55.969],[-3.65,56.007],[-3.669,56.013],[-3.678,56.027],[-3.698,56.032],[-3.719,56.026],[-3.759,56.041],[-3.76,56.048],[-3.804,56.052],[-3.852,56.045],[-3.855,55.975]]]}},{"type":"Feature","properties":{},"geometry":{"type":"Polygon","coordinates":[[[-3.524,56.427],[-3.512,56.408],[-3.52,56.381],[-3.498,56.372],[-3.415,56.355],[-3.37,56.374],[-3.366,56.441],[-3.485,56.441],[-3.512,56.437],[-3.524,56.427]]]}},{"type":"Feature","properties":{},"geometry":{"type":"Polygon","coordinates":[[[-3.436,55.927],[-3.362,55.917],[-3.344,55.891],[-3.29,55.879],[-3.29,55.865],[-3.211,55.865],[-3.168,55.857],[-3.17,55.789],[-3.161,55.78],[-3.01,55.776],[-3.001,55.783],[-2.965,55.785],[-2.972,55.825],[-2.965,55.828],[-2.965,55.86],[-2.975,55.864],[-2.966,55.872],[-2.977,55.881],[-2.961,55.897],[-2.961,55.915],[-2.977,55.921],[-2.965,55.927],[-2.965,55.94],[-2.987,55.96],[-2.986,55.973],[-3.09,55.96],[-3.157,55.997],[-3.187,56.001],[-3.208,55.991],[-3.252,56.001],[-3.246,55.998],[-3.274,55.99],[-3.277,55.998],[-3.267,56.001],[-3.303,56.004],[-3.31,55.993],[-3.358,56.011],[-3.369,56.005],[-3.373,55.988],[-3.389,56.018],[-3.413,56.018],[-3.424,56.002],[-3.436,55.927]]]}},{"type":"Feature","properties":{},"geometry":{"type":"Polygon","coordinates":[[[-3.229,56.09],[-3.157,56.084],[-3.152,56.107],[-3.1,56.13],[-3.091,56.219],[-3.116,56.229],[-3.226,56.222],[-3.229,56.09]]]}},{"type":"Feature","properties":{},"geometry":{"type":"Polygon","coordinates":[[[-3.165,55.769],[-3.003,55.764],[-3.001,55.77],[-3.165,55.769]]]}},{"type":"Feature","properties":{},"geometry":{"type":"Polygon","coordinates":[[[-3.094,56.447],[-2.994,56.444],[-2.987,56.453],[-2.99,56.442],[-2.922,56.433],[-2.899,56.449],[-2.856,56.454],[-2.823,56.468],[-2.777,56.469],[-2.76,56.478],[-2.769,56.486],[-2.7837540983606557,56.48206557377049],[-2.781,56.494],[-2.813,56.513],[-3.045,56.511],[-3.072,56.487],[-3.078,56.467],[-3.094,56.459],[-3.094,56.447]]]}},{"type":"Feature","properties":{},"geometry":{"type":"Polygon","coordinates":[[[-2.855,56.323],[-2.848,56.314],[-2.766,56.313],[-2.762,56.334],[-2.807,56.37],[-2.834,56.37],[-2.855,56.323]]]}},{"type":"Feature","properties":{},"geometry":{"type":"Polygon","coordinates":[[[-2.252,57.208],[-2.245,57.117],[-2.219,57.105],[-2.216,57.094],[-2.188,57.09],[-2.152,57.098],[-2.134,57.082],[-2.082,57.074],[-2.043,57.112],[-2.035,57.147],[-2.064,57.157],[-2.052,57.201],[-2.059,57.209],[-2.195,57.229],[-2.243,57.219],[-2.252,57.208]]]}},{"type":"Feature","properties":{},"geometry":{"type":"Polygon","coordinates":[[[-56.217,-15.634],[-56.18,-15.701],[-56.172,-15.708],[-56.148,-15.704],[-56.098,-15.704],[-55.938,-15.675],[-56.014,-15.533],[-56.154,-15.534],[-56.206,-15.586],[-56.217,-15.634]]]}},{"type":"Feature","properties":{},"geometry":{"type":"Polygon","coordinates":[[[125.435,7.172],[125.471,7.085],[125.487,7.074],[125.495,7.052],[125.486,7.045],[125.475,7.005],[125.471,6.967],[125.483,6.963],[125.501,6.963],[125.53,7.002],[125.515,7.003],[125.517,7.008],[125.546,7.038],[125.563,7.037],[125.568,7.02],[125.579,7.02],[125.586,7.038],[125.615,7.041],[125.618,7.055],[125.653,7.093],[125.667,7.12],[125.667,7.164],[125.652,7.214],[125.612,7.214],[125.59,7.187],[125.563,7.185],[125.491,7.185],[125.471,7.213],[125.438,7.213],[125.435,7.172]]]}},{"type":"Feature","properties":{},"geometry":{"type":"Polygon","coordinates":[[[-49.362,-16.836],[-49.208,-16.87],[-49.2,-16.807],[-49.2,-16.581],[-49.36,-16.58],[-49.362,-16.836]]]}},{"type":"Feature","properties":{},"geometry":{"type":"Polygon","coordinates":[[[-48.172,-15.894],[-48.123,-15.961],[-48.111,-15.964],[-47.972,-15.905],[-47.9,-15.907],[-47.877,-15.901],[-47.877,-15.868],[-47.83,-15.866],[-47.808,-15.848],[-47.791,-15.804],[-47.781,-15.805],[-47.773,-15.79],[-47.78,-15.778],[-47.769,-15.775],[-47.77,-15.751],[-47.784,-15.745],[-47.793,-15.722],[-47.847,-15.7],[-47.856,-15.685],[-47.872,-15.685],[-47.968,-15.761],[-48.006,-15.757],[-48.08,-15.776],[-48.127,-15.765],[-48.168,-15.776],[-48.172,-15.894]]]}},{"type":"Feature","properties":{},"geometry":{"type":"Polygon","coordinates":[[[-49.379,-25.437],[-49.351,-25.519],[-49.329,-25.536],[-49.265,-25.562],[-49.224,-25.54],[-49.212,-25.519],[-49.208,-25.542],[-49.202,-25.54],[-49.139,-25.442],[-49.139,-25.345],[-49.29,-25.34],[-49.333,-25.353],[-49.366,-25.379],[-49.379,-25.437]]]}},{"type":"Feature","properties":{},"geometry":{"type":"Polygon","coordinates":[[[-48.951,-26.285],[-48.874,-26.408],[-48.782,-26.412],[-48.741,-26.365],[-48.737,-26.336],[-48.761,-26.3],[-48.768,-26.271],[-48.771,-26.194],[-48.882,-26.196],[-48.951,-26.285]]]}},{"type":"Feature","properties":{},"geometry":{"type":"Polygon","coordinates":[[[-48.632,-27.615],[-48.561,-27.624],[-48.524,-27.623],[-48.483,-27.611],[-48.483,-27.546],[-48.525,-27.546],[-48.542,-27.559],[-48.587,-27.564],[-48.609,-27.544],[-48.631,-27.544],[-48.632,-27.615]]]}},{"type":"Feature","properties":{},"geometry":{"type":"Polygon","coordinates":[[[-38.638,-3.788],[-38.635,-3.815],[-38.609,-3.835],[-38.496,-3.87],[-38.467,-3.862],[-38.415,-3.783],[-38.454,-3.718],[-38.455,-3.698],[-38.48,-3.69],[-38.493,-3.714],[-38.559,-3.696],[-38.577,-3.683],[-38.606,-3.681],[-38.638,-3.788]]]}},{"type":"Feature","properties":{},"geometry":{"type":"Polygon","coordinates":[[[-51.283,-30.136],[-51.25,-30.136],[-51.25,-30.145],[-51.24,-30.145],[-51.24,-30.164],[-51.152,-30.164],[-51.148,-30.104],[-51.115,-30.05],[-51.099,-30.041],[-51.097,-30.012],[-51.086,-30.011],[-51.086,-29.993],[-51.099,-29.993],[-51.097,-29.954],[-51.11,-29.948],[-51.11,-29.917],[-51.119,-29.917],[-51.119,-29.898],[-51.129,-29.899],[-51.145,-29.879],[-51.218,-29.879],[-51.22,-29.922],[-51.202,-29.926],[-51.217,-29.926],[-51.207,-29.938],[-51.191,-29.938],[-51.191,-29.976],[-51.199,-29.975],[-51.2,-29.989],[-51.224,-30.018],[-51.236,-30.001],[-51.24,-29.961],[-51.265,-30.054],[-51.283,-30.076],[-51.283,-30.136]]]}},{"type":"Feature","properties":{},"geometry":{"type":"Polygon","coordinates":[[[-22.519,63.955],[-22.51,63.939],[-22.505,63.891],[-22.511,63.833],[-22.46,63.829],[-22.422,63.838],[-22.418,63.831],[-22.401,63.83],[-22.368,63.861],[-22.349,63.989],[-22.383,63.991],[-22.389,63.967],[-22.493,63.971],[-22.519,63.966],[-22.519,63.955]]]}},{"type":"Feature","properties":{},"geometry":{"type":"Polygon","coordinates":[[[-22.113,64.036],[-22.01,64.005],[-21.806,64.066],[-21.775,64.051],[-21.599,64.014],[-21.58,64.037],[-21.57,64.037],[-21.568,64.032],[-21.596,64.013],[-21.514,64],[-21.476,64.007],[-21.476,64.018],[-21.454,64.024],[-21.445,64.02],[-21.449,64.011],[-21.503,63.999],[-21.245,63.941],[-21.187,63.944],[-21.014,63.892],[-20.952,63.884],[-20.934,63.891],[-20.908,63.924],[-20.908,63.983],[-20.954,64.003],[-21.015,64.005],[-20.991,64.017],[-20.958,64.016],[-20.935,64.028],[-20.878,64.039],[-20.849,64.053],[-20.849,64.065],[-20.891,64.171],[-20.915,64.173],[-20.941,64.243],[-20.973,64.29],[-20.977,64.302],[-20.958,64.303],[-20.951,64.291],[-20.952,64.306],[-21.014,64.323],[-21.379,64.271],[-21.631,64.219],[-21.691,64.219],[-21.699,64.215],[-21.688,64.204],[-21.767,64.194],[-21.754,64.186],[-21.776,64.177],[-21.877,64.175],[-21.893,64.166],[-21.897,64.175],[-21.93,64.175],[-21.981,64.165],[-22.036,64.165],[-22.051,64.158],[-22.043,64.148],[-22.047,64.142],[-22.029,64.13],[-22.059,64.128],[-22.063,64.09],[-22.039,64.07],[-22.018,64.067],[-22.069,64.061],[-22.07,64.046],[-22.113,64.036]],[[-21.651,64.124],[-21.617,64.155],[-21.613,64.15],[-21.632,64.13],[-21.651,64.124]],[[-21.583,64.114],[-21.263,64.164],[-21.3,64.165],[-21.257,64.174],[-21.206,64.208],[-21.15,64.209],[-21.146,64.214],[-21.162,64.24],[-21.105,64.258],[-21.084,64.243],[-21.092,64.212],[-21.084,64.211],[-21.099,64.199],[-21.075,64.184],[-21.068,64.163],[-21.04,64.159],[-21.038,64.129],[-21.053,64.127],[-21.075,64.151],[-21.083,64.152],[-21.083,64.138],[-21.105,64.152],[-21.121,64.144],[-21.124,64.128],[-21.086,64.043],[-21.083,64.082],[-21.049,64.014],[-21.032,64.011],[-21.037,64.006],[-21.091,64.025],[-21.176,64.041],[-21.344,64.067],[-21.367,64.064],[-21.378,64.067],[-21.379,64.076],[-21.583,64.114]]]}},{"type":"Feature","properties":{},"geometry":{"type":"Polygon","coordinates":[[[-84.418,46.463],[-84.227,46.462],[-84.227,46.488],[-84.206,46.503],[-84.202,46.517],[-84.231,46.542],[-84.231,46.582],[-84.411,46.577],[-84.418,46.463]],[[-84.364,46.496],[-84.364,46.512],[-84.327,46.486],[-84.302,46.482],[-84.346,46.485],[-84.364,46.496]]]}},{"type":"Feature","properties":{},"geometry":{"type":"Polygon","coordinates":[[[-81.226,46.385],[-80.888,46.385],[-80.885,46.437],[-80.869,46.437],[-80.869,46.466],[-80.77,46.466],[-80.77,46.501],[-80.813,46.501],[-80.813,46.568],[-80.994,46.567],[-80.994,46.545],[-81.008,46.535],[-81.101,46.531],[-81.101,46.481],[-81.118,46.461],[-81.119,46.448],[-81.168,46.446],[-81.183,46.418],[-81.226,46.418],[-81.226,46.385]]]}},{"type":"Feature","properties":{},"geometry":{"type":"Polygon","coordinates":[[[-103.48,20.567],[-103.217,20.572],[-103.218,20.676],[-103.296,20.755],[-103.335,20.764],[-103.421,20.763],[-103.423,20.73],[-103.48,20.723],[-103.475,20.709],[-103.48,20.661],[-103.458,20.664],[-103.456,20.653],[-103.473,20.648],[-103.48,20.655],[-103.48,20.603],[-103.464,20.603],[-103.476,20.599],[-103.48,20.567]]]}},{"type":"Feature","properties":{},"geometry":{"type":"Polygon","coordinates":[[[-101.751,21.151],[-101.742,21.096],[-101.619,21.051],[-101.578,21.104],[-101.648,21.201],[-101.717,21.197],[-101.751,21.151]]]}},{"type":"Feature","properties":{},"geometry":{"type":"Polygon","coordinates":[[[-101.052,22.117],[-100.925,22.087],[-100.889,22.106],[-100.883,22.158],[-100.911,22.201],[-101.039,22.208],[-101.052,22.117]]]}},{"type":"Feature","properties":{},"geometry":{"type":"Polygon","coordinates":[[[-100.48,20.611],[-100.46,20.611],[-100.459,20.521],[-100.436,20.505],[-100.342,20.554],[-100.364,20.664],[-100.48,20.666],[-100.48,20.611]]]}},{"type":"Feature","properties":{},"geometry":{"type":"Polygon","coordinates":[[[30.3,-29.689],[30.311,-29.694],[30.309,-29.702],[30.329,-29.709],[30.372,-29.709],[30.431,-29.682],[30.438,-29.557],[30.418,-29.546],[30.434,-29.544],[30.429,-29.536],[30.394,-29.528],[30.363,-29.542],[30.376,-29.545],[30.344,-29.565],[30.339,-29.582],[30.326,-29.586],[30.318,-29.607],[30.304,-29.617],[30.3,-29.689]]]}},{"type":"Feature","properties":{},"geometry":{"type":"Polygon","coordinates":[[[30.807,-29.819],[30.848,-29.849],[30.852,-29.922],[30.977,-29.976],[31.069,-29.88],[31.069,-29.867],[31.049,-29.855],[31.049,-29.808],[31.097,-29.713],[31.093,-29.705],[31.045,-29.705],[31.023,-29.665],[30.981,-29.686],[30.973,-29.696],[30.973,-29.742],[30.948,-29.758],[30.811,-29.764],[30.807,-29.819]]]}},{"type":"Feature","properties":{},"geometry":{"type":"Polygon","coordinates":[[[149.02,-21.136],[149.031,-21.138],[149.032,-21.198],[149.115,-21.214],[149.141,-21.211],[149.16,-21.224],[149.205,-21.229],[149.216,-21.218],[149.22,-21.164],[149.233,-21.125],[149.236,-21.058],[149.209,-21.055],[149.189,-21.024],[149.182,-21.024],[149.186,-21.02],[149.17,-20.991],[149.135,-20.996],[149.119,-21.05],[149.119,-21.09],[149.065,-21.1],[149.031,-21.129],[149.02,-21.129],[149.02,-21.136]]]}},{"type":"Feature","properties":{},"geometry":{"type":"Polygon","coordinates":[[[170.288,-45.914],[170.289,-45.926],[170.289,-45.944],[170.309,-45.944],[170.327,-45.963],[170.368,-45.948],[170.375,-45.949],[170.376,-45.962],[170.403,-45.955],[170.401,-45.943],[170.46,-45.932],[170.487,-45.931],[170.489,-45.94],[170.501,-45.932],[170.513,-45.937],[170.505,-45.921],[170.555,-45.925],[170.607,-45.909],[170.626,-45.895],[170.63,-45.879],[170.647,-45.881],[170.677,-45.857],[170.688,-45.844],[170.686,-45.828],[170.668,-45.824],[170.663,-45.809],[170.625,-45.783],[170.604,-45.783],[170.538,-45.828],[170.502,-45.832],[170.497,-45.82],[170.476,-45.822],[170.416,-45.835],[170.412,-45.848],[170.309,-45.857],[170.309,-45.871],[170.292,-45.877],[170.307,-45.901],[170.303,-45.911],[170.288,-45.914]]]}},{"type":"Feature","properties":{},"geometry":{"type":"Polygon","coordinates":[[[101.348,3.082],[101.35,3.003],[101.416,2.975],[101.639,2.973],[101.599,3.036],[101.519,3.043],[101.507,3.069],[101.532,3.077],[101.522,3.093],[101.348,3.093],[101.348,3.082]]]}},{"type":"Feature","properties":{},"geometry":{"type":"Polygon","coordinates":[[[103.631,1.321],[103.64,1.315],[103.76,1.321],[103.769,1.313],[103.766,1.276],[103.797,1.259],[103.808,1.27],[103.803,1.256],[103.815,1.248],[103.815,1.261],[103.826,1.272],[103.841,1.272],[103.852,1.261],[103.898,1.296],[103.902,1.324],[103.873,1.339],[103.885,1.342],[103.902,1.386],[103.927,1.421],[103.898,1.425],[103.903,1.41],[103.889,1.396],[103.852,1.392],[103.859,1.376],[103.844,1.377],[103.843,1.391],[103.806,1.394],[103.806,1.383],[103.819,1.377],[103.822,1.342],[103.793,1.333],[103.781,1.336],[103.769,1.358],[103.752,1.359],[103.751,1.368],[103.762,1.372],[103.769,1.364],[103.802,1.375],[103.802,1.391],[103.784,1.39],[103.802,1.395],[103.784,1.398],[103.781,1.409],[103.763,1.409],[103.777,1.41],[103.784,1.425],[103.78,1.435],[103.767,1.428],[103.763,1.443],[103.723,1.446],[103.711,1.435],[103.719,1.42],[103.743,1.417],[103.74,1.38],[103.718,1.354],[103.69,1.342],[103.688,1.329],[103.667,1.328],[103.644,1.339],[103.631,1.321]]]}},{"type":"Feature","properties":{},"geometry":{"type":"Polygon","coordinates":[[[-103.556,25.533],[-103.552,25.519],[-103.53,25.499],[-103.502,25.516],[-103.471,25.516],[-103.41,25.477],[-103.377,25.471],[-103.368,25.482],[-103.335,25.495],[-103.333,25.508],[-103.306,25.515],[-103.289,25.531],[-103.288,25.542],[-103.314,25.575],[-103.353,25.578],[-103.358,25.601],[-103.347,25.643],[-103.379,25.659],[-103.442,25.601],[-103.464,25.594],[-103.482,25.613],[-103.498,25.618],[-103.523,25.606],[-103.537,25.592],[-103.556,25.533]]]}},{"type":"Feature","properties":{},"geometry":{"type":"Polygon","coordinates":[[[-100.379,25.616],[-100.331,25.601],[-100.279,25.562],[-100.258,25.562],[-100.263,25.685],[-100.258,25.835],[-100.379,25.822],[-100.379,25.616]]]}},{"type":"Feature","properties":{},"geometry":{"type":"Polygon","coordinates":[[[-150.072,61.141],[-150.027,61.129],[-149.93,61.093],[-149.858,61.078],[-149.796,61.043],[-149.799,61.097],[-149.716,61.136],[-149.72,61.237],[-149.724,61.247],[-149.799,61.25],[-149.803,61.328],[-149.825,61.321],[-149.837,61.316],[-149.838,61.299],[-149.897,61.27],[-149.899,61.252],[-149.908,61.246],[-149.962,61.221],[-150.029,61.215],[-150.042,61.194],[-150.07,61.183],[-150.072,61.141]]]}},{"type":"Feature","properties":{},"geometry":{"type":"Polygon","coordinates":[[[174.998,-36.938],[175.027,-36.926],[175.018,-36.921],[174.998,-36.938]]]}},{"type":"Feature","properties":{},"geometry":{"type":"Polygon","coordinates":[[[175.184,-37.758],[175.2,-37.81],[175.233,-37.843],[175.283,-37.863],[175.285,-37.873],[175.328,-37.876],[175.357,-37.868],[175.416,-37.821],[175.412,-37.807],[175.393,-37.79],[175.35,-37.769],[175.332,-37.75],[175.332,-37.739],[175.317,-37.735],[175.316,-37.722],[175.269,-37.694],[175.192,-37.722],[175.184,-37.758]]]}},{"type":"Feature","properties":{},"geometry":{"type":"Polygon","coordinates":[[[176.005,-37.644],[176.017,-37.677],[176.037,-37.693],[176.046,-37.739],[176.07,-37.76],[176.077,-37.778],[176.087,-37.776],[176.089,-37.783],[176.156,-37.784],[176.21,-37.768],[176.184,-37.777],[176.204,-37.783],[176.233,-37.764],[176.212,-37.764],[176.272,-37.756],[176.243,-37.756],[176.331,-37.752],[176.298,-37.755],[176.3,-37.765],[176.361,-37.769],[176.38,-37.761],[176.38,-37.726],[176.369,-37.716],[176.247,-37.668],[176.212,-37.644],[176.204,-37.628],[176.045,-37.616],[176.017,-37.623],[176.005,-37.644]]]}},{"type":"Feature","properties":{},"geometry":{"type":"Polygon","coordinates":[[[176.741,-39.609],[176.745,-39.651],[176.76,-39.661],[176.818,-39.671],[176.859,-39.699],[176.92,-39.701],[176.938,-39.671],[176.936,-39.605],[176.943,-39.571],[176.932,-39.537],[176.935,-39.47],[176.914,-39.461],[176.889,-39.468],[176.877,-39.447],[176.857,-39.449],[176.839,-39.471],[176.83,-39.472],[176.802,-39.581],[176.751,-39.593],[176.741,-39.609]]]}},{"type":"Feature","properties":{},"geometry":{"type":"Polygon","coordinates":[[[-89.489,48.414],[-89.488,48.39],[-89.485,48.343],[-89.197,48.344],[-89.201,48.425],[-89.135,48.476],[-89.419,48.476],[-89.419,48.446],[-89.469,48.445],[-89.469,48.414],[-89.489,48.414]]]}},{"type":"Feature","properties":{},"geometry":{"type":"Polygon","coordinates":[[[123.731,10.205],[123.761,10.203],[123.769,10.227],[123.809,10.237],[123.843,10.235],[123.874,10.254],[123.869,10.277],[123.886,10.289],[123.911,10.289],[123.924,10.251],[123.934,10.245],[123.96,10.242],[123.985,10.255],[124.044,10.33],[124.007,10.315],[123.993,10.327],[123.99,10.342],[124.022,10.387],[123.993,10.409],[123.916,10.409],[123.905,10.403],[123.897,10.378],[123.876,10.376],[123.856,10.303],[123.839,10.285],[123.762,10.246],[123.76,10.237],[123.732,10.218],[123.731,10.205]]]}},{"type":"Feature","properties":{},"geometry":{"type":"Polygon","coordinates":[[[-119.454,50.04],[-119.428,50.042],[-119.408,50.062],[-119.307,50.065],[-119.307,50.317],[-119.409,50.317],[-119.409,50.295],[-119.454,50.295],[-119.454,50.04]]]}},{"type":"Feature","properties":{},"geometry":{"type":"Polygon","coordinates":[[[-89.721,20.949],[-89.675,20.869],[-89.548,20.911],[-89.547,21.029],[-89.581,21.061],[-89.655,21.064],[-89.721,20.949]]]}},{"type":"Feature","properties":{},"geometry":{"type":"Polygon","coordinates":[[[-86.802,21.02],[-86.777,21.022],[-86.765,21.074],[-86.734,21.145],[-86.784,21.151],[-86.792,21.164],[-86.802,21.164],[-86.802,21.02]]]}},{"type":"Feature","properties":{},"geometry":{"type":"Polygon","coordinates":[[[-86.756,21.236],[-86.726,21.2],[-86.705,21.195],[-86.734,21.255],[-86.752,21.27],[-86.756,21.236]]]}},{"type":"Feature","properties":{},"geometry":{"type":"Polygon","coordinates":[[[-158.14,21.341],[-158.133,21.303],[-158.1,21.282],[-157.977,21.303],[-157.886,21.294],[-157.864,21.268],[-157.825,21.247],[-157.731,21.242],[-157.695,21.248],[-157.662,21.266],[-157.643,21.296],[-157.651,21.329],[-157.685,21.341],[-157.687,21.387],[-157.71,21.412],[-157.714,21.461],[-157.838,21.468],[-157.839,21.383],[-157.898,21.383],[-157.908,21.424],[-157.931,21.44],[-157.968,21.442],[-157.97,21.534],[-158.025,21.555],[-158.064,21.53],[-158.059,21.489],[-158.066,21.482],[-158.066,21.422],[-158.06,21.394],[-158.093,21.389],[-158.095,21.366],[-158.133,21.365],[-158.14,21.341]]]}},{"type":"Feature","properties":{},"geometry":{"type":"Polygon","coordinates":[[[-156.71,20.873],[-156.672,20.845],[-156.629,20.829],[-156.624,20.859],[-156.647,20.87],[-156.647,20.951],[-156.616,20.979],[-156.616,21.04],[-156.653,21.033],[-156.655,21.022],[-156.668,21.018],[-156.68,20.999],[-156.71,20.977],[-156.71,20.873]]]}},{"type":"Feature","properties":{},"geometry":{"type":"Polygon","coordinates":[[[-156.532,20.882],[-156.526,20.851],[-156.485,20.841],[-156.482,20.834],[-156.463,20.841],[-156.414,20.837],[-156.404,20.846],[-156.404,20.869],[-156.396,20.881],[-156.362,20.884],[-156.345,20.909],[-156.36,20.931],[-156.471,20.922],[-156.491,20.929],[-156.497,20.94],[-156.522,20.941],[-156.532,20.882]]]}},{"type":"Feature","properties":{},"geometry":{"type":"Polygon","coordinates":[[[-156.48,20.729],[-156.46,20.721],[-156.462,20.607],[-156.437,20.607],[-156.412,20.625],[-156.412,20.7],[-156.43,20.705],[-156.429,20.813],[-156.48,20.813],[-156.48,20.729]]]}},{"type":"Feature","properties":{},"geometry":{"type":"Polygon","coordinates":[[[25.184,60.245],[25.207,60.216],[25.2,60.208],[25.227,60.236],[25.217,60.245],[25.184,60.245]]]}},{"type":"Feature","properties":{},"geometry":{"type":"Polygon","coordinates":[[[25.432,62.259],[25.582,62.252],[25.59,62.231],[25.582,62.231],[25.59,62.185],[25.576,62.178],[25.584,62.169],[25.583,62.148],[25.591,62.147],[25.587,62.1],[25.726,62.091],[25.979,62.092],[26.01,62.098],[26.016,62.183],[26.012,62.4],[25.941,62.408],[25.707,62.409],[25.712,62.387],[25.659,62.414],[25.609,62.395],[25.624,62.388],[25.59,62.384],[25.59,62.308],[25.579,62.308],[25.591,62.279],[25.444,62.276],[25.432,62.274],[25.432,62.259]]]}},{"type":"Feature","properties":{},"geometry":{"type":"Polygon","coordinates":[[[25.543,60.951],[25.565,60.946],[25.565,60.936],[25.605,60.929],[25.773,60.936],[25.815,61.01],[25.807,61.012],[25.807,61.024],[25.774,61.029],[25.565,61.025],[25.565,61.016],[25.549,61.01],[25.557,60.988],[25.547,60.988],[25.543,60.951]]]}},{"type":"Feature","properties":{},"geometry":{"type":"Polygon","coordinates":[[[25.575,60.927],[25.605,60.921],[25.766,60.927],[25.575,60.927]]]}},{"type":"Feature","properties":{},"geometry":{"type":"Polygon","coordinates":[[[27.514,62.82],[27.589,62.816],[27.592,62.784],[27.632,62.784],[27.633,62.815],[27.731,62.815],[27.732,62.963],[27.719,62.971],[27.657,62.97],[27.657,62.948],[27.647,62.94],[27.631,62.94],[27.606,62.916],[27.563,62.907],[27.561,62.841],[27.514,62.832],[27.514,62.82]]]}},{"type":"Feature","properties":{},"geometry":{"type":"Polygon","coordinates":[[[27.99,63.272],[28.065,63.205],[28.115,63.196],[28.115,63.208],[28.081,63.229],[28.085,63.279],[28.04,63.301],[27.99,63.305],[27.99,63.272]]]}},{"type":"Feature","properties":{},"geometry":{"type":"Polygon","coordinates":[[[-67.212,18.366],[-67.17,18.355],[-67.087,18.356],[-67.076,18.375],[-67.081,18.39],[-67.073,18.394],[-67.073,18.424],[-66.993,18.434],[-66.985,18.474],[-66.989,18.502],[-67.033,18.517],[-67.12,18.519],[-67.146,18.511],[-67.17,18.487],[-67.164,18.424],[-67.206,18.395],[-67.212,18.366]]]}},{"type":"Feature","properties":{},"geometry":{"type":"Polygon","coordinates":[[[-67.184,18.129],[-67.118,18.129],[-67.118,18.246],[-67.184,18.246],[-67.184,18.129]]]}},{"type":"Feature","properties":{},"geometry":{"type":"Polygon","coordinates":[[[-66.783,18.454],[-66.782,18.435],[-66.709,18.437],[-66.709,18.482],[-66.783,18.484],[-66.783,18.454]]]}},{"type":"Feature","properties":{},"geometry":{"type":"Polygon","coordinates":[[[-66.684,17.979],[-66.682,17.957],[-66.568,17.957],[-66.568,18.021],[-66.552,18.018],[-66.537,18.032],[-66.539,18.053],[-66.555,18.066],[-66.595,18.064],[-66.596,18.058],[-66.657,18.062],[-66.682,18.053],[-66.677,18.03],[-66.684,17.979]]]}},{"type":"Feature","properties":{},"geometry":{"type":"Polygon","coordinates":[[[-66.296,18.34],[-66.253,18.34],[-66.253,18.334],[-66.212,18.334],[-66.212,18.327],[-66.175,18.323],[-65.891,18.328],[-65.891,18.335],[-65.882,18.335],[-65.882,18.459],[-66.049,18.463],[-66.058,18.477],[-66.151,18.485],[-66.237,18.48],[-66.296,18.486],[-66.296,18.34]]]}},{"type":"Feature","properties":{},"geometry":{"type":"Polygon","coordinates":[[[10.254,63.251],[10.28,63.232],[10.345,63.222],[10.489,63.224],[10.588,63.237],[10.594,63.258],[10.572,63.264],[10.486,63.244],[10.551,63.278],[10.613,63.279],[10.606,63.332],[10.616,63.336],[10.605,63.362],[10.617,63.406],[10.609,63.425],[10.589,63.435],[10.598,63.443],[10.584,63.454],[10.58,63.47],[10.463,63.484],[10.422,63.471],[10.389,63.45],[10.32,63.435],[10.304,63.411],[10.308,63.397],[10.296,63.383],[10.308,63.356],[10.297,63.352],[10.297,63.344],[10.311,63.337],[10.309,63.329],[10.34,63.322],[10.305,63.318],[10.291,63.307],[10.289,63.294],[10.301,63.291],[10.302,63.283],[10.264,63.273],[10.258,63.267],[10.263,63.263],[10.285,63.262],[10.254,63.251]]]}},{"type":"Feature","properties":{},"geometry":{"type":"Polygon","coordinates":[[[10.368,61.119],[10.389,61.107],[10.39,61.088],[10.412,61.082],[10.525,61.086],[10.524,61.111],[10.492,61.125],[10.495,61.151],[10.37,61.157],[10.368,61.119]]]}},{"type":"Feature","properties":{},"geometry":{"type":"Polygon","coordinates":[[[10.563,60.02],[10.61,60.009],[10.598,59.959],[10.647,59.977],[10.701,59.977],[10.668,59.989],[10.614,60.024],[10.563,60.02]]]}},{"type":"Feature","properties":{},"geometry":{"type":"Polygon","coordinates":[[[10.584,60.718],[10.628,60.711],[10.638,60.745],[10.659,60.755],[10.72,60.755],[10.731,60.761],[10.731,60.777],[10.699,60.807],[10.697,60.823],[10.673,60.835],[10.636,60.836],[10.618,60.828],[10.613,60.76],[10.587,60.744],[10.584,60.718]]]}},{"type":"Feature","properties":{},"geometry":{"type":"Polygon","coordinates":[[[10.668,60.948],[10.694,60.916],[10.692,60.904],[10.723,60.898],[10.739,60.902],[10.739,60.914],[10.75,60.914],[10.751,60.922],[10.767,60.922],[10.768,60.957],[10.669,60.957],[10.668,60.948]]]}},{"type":"Feature","properties":{},"geometry":{"type":"Polygon","coordinates":[[[10.742,59.977],[10.795,59.976],[10.817,60.036],[10.806,60.046],[10.79,60.039],[10.751,60.004],[10.742,59.977]]]}},{"type":"Feature","properties":{},"geometry":{"type":"Polygon","coordinates":[[[10.881,60.884],[10.922,60.86],[10.977,60.86],[10.981,60.905],[10.908,60.91],[10.881,60.884]]]}},{"type":"Feature","properties":{},"geometry":{"type":"Polygon","coordinates":[[[11.001,60.805],[11.052,60.78],[11.172,60.777],[11.19,60.787],[11.191,60.817],[11.114,60.84],[11.015,60.844],[11.001,60.835],[11.001,60.805]]]}},{"type":"Feature","properties":{},"geometry":{"type":"Polygon","coordinates":[[[-60.072,-3.11],[-59.991,-3.165],[-59.944,-3.149],[-59.928,-3.127],[-59.924,-3.088],[-59.895,-3.06],[-59.915,-2.994],[-59.969,-3.003],[-60.028,-3.032],[-60.028,-3.042],[-60.054,-3.043],[-60.072,-3.053],[-60.072,-3.11]]]}},{"type":"Feature","properties":{},"geometry":{"type":"Polygon","coordinates":[[[-106.802,52.145],[-106.791,52.144],[-106.794,52.107],[-106.78,52.095],[-106.777,52.065],[-106.713,52.064],[-106.712,52.048],[-106.543,52.047],[-106.54,52.07],[-106.528,52.072],[-106.514,52.149],[-106.519,52.187],[-106.541,52.198],[-106.541,52.222],[-106.672,52.223],[-106.712,52.222],[-106.71,52.197],[-106.777,52.197],[-106.777,52.176],[-106.801,52.158],[-106.802,52.145]]]}},{"type":"Feature","properties":{},"geometry":{"type":"Polygon","coordinates":[[[-44.326,-2.549],[-44.306,-2.566],[-44.241,-2.611],[-44.147,-2.588],[-44.18,-2.457],[-44.309,-2.482],[-44.322,-2.493],[-44.326,-2.549]]]}},{"type":"Feature","properties":{},"geometry":{"type":"Polygon","coordinates":[[[-65.34,-26.845],[-65.318,-26.853],[-65.257,-26.867],[-65.229,-26.904],[-65.132,-26.871],[-65.116,-26.8],[-65.191,-26.757],[-65.319,-26.775],[-65.34,-26.845]]]}},{"type":"Feature","properties":{},"geometry":{"type":"Polygon","coordinates":[[[-48.507,-1.492],[-48.457,-1.502],[-48.411,-1.48],[-48.398,-1.443],[-48.384,-1.44],[-48.374,-1.45],[-48.333,-1.42],[-48.36,-1.417],[-48.315,-1.381],[-48.315,-1.328],[-48.406,-1.305],[-48.424,-1.28],[-48.483,-1.276],[-48.491,-1.295],[-48.483,-1.369],[-48.49,-1.377],[-48.495,-1.461],[-48.507,-1.492]]]}},{"type":"Feature","properties":{},"geometry":{"type":"Polygon","coordinates":[[[120.593,24.156],[120.609,24.132],[120.594,24.099],[120.602,24.094],[120.664,24.067],[120.752,24.067],[120.752,24.218],[120.627,24.218],[120.619,24.196],[120.597,24.187],[120.593,24.156]],[[120.715,24.082],[120.738,24.094],[120.738,24.085],[120.715,24.082]]]}},{"type":"Feature","properties":{},"geometry":{"type":"Polygon","coordinates":[[[121.203,24.925],[121.225,24.89],[121.251,24.88],[121.264,24.863],[121.286,24.888],[121.348,24.929],[121.348,24.982],[121.339,24.995],[121.348,25.025],[121.344,25.032],[121.329,25.026],[121.325,25.032],[121.325,25.04],[121.333,25.041],[121.328,25.058],[121.312,25.066],[121.301,25.058],[121.304,25.048],[121.284,25.032],[121.242,25.012],[121.203,24.981],[121.203,24.925]]]}},{"type":"Feature","properties":{},"geometry":{"type":"Polygon","coordinates":[[[-34.967,-8.05],[-34.95,-8.172],[-34.905,-8.172],[-34.849,-8.032],[-34.836,-8.023],[-34.813,-7.955],[-34.866,-7.953],[-34.928,-7.98],[-34.928,-7.986],[-34.941,-7.986],[-34.967,-8.05]]]}},{"type":"Feature","properties":{},"geometry":{"type":"Polygon","coordinates":[[[-34.919,-7.198],[-34.781,-7.198],[-34.781,-7.138],[-34.803,-7.123],[-34.825,-7.052],[-34.864,-7.052],[-34.919,-7.11],[-34.919,-7.198]]]}},{"type":"Feature","properties":{},"geometry":{"type":"Polygon","coordinates":[[[-156.066,19.712],[-156.046,19.672],[-156.028,19.662],[-156.029,19.635],[-156.015,19.63],[-155.991,19.6],[-155.97,19.531],[-155.952,19.531],[-155.952,19.643],[-155.958,19.643],[-155.962,19.679],[-155.976,19.68],[-155.97,19.693],[-155.97,19.861],[-156.009,19.839],[-156.029,19.804],[-156.062,19.782],[-156.066,19.712]]]}},{"type":"Feature","properties":{},"geometry":{"type":"Polygon","coordinates":[[[-155.141,19.703],[-155.023,19.703],[-155.023,19.733],[-155.006,19.734],[-155.006,19.745],[-155.126,19.745],[-155.124,19.714],[-155.141,19.714],[-155.141,19.703]]]}},{"type":"Feature","properties":{},"geometry":{"type":"Polygon","coordinates":[[[175.016,-41.189],[175.04,-41.183],[175.064,-41.156],[175.016,-41.189]]]}},{"type":"Feature","properties":{},"geometry":{"type":"Polygon","coordinates":[[[175.022,-41.102],[175.132,-41.078],[175.152,-41.099],[175.137,-41.123],[175.148,-41.124],[175.156,-41.115],[175.18,-41.112],[175.178,-41.104],[175.188,-41.098],[175.174,-41.093],[175.17,-41.079],[175.092,-41.062],[175.09,-41.071],[175.022,-41.102]]]}},{"type":"Feature","properties":{},"geometry":{"type":"Polygon","coordinates":[[[175.534,-40.292],[175.537,-40.386],[175.546,-40.4],[175.588,-40.409],[175.641,-40.408],[175.662,-40.405],[175.666,-40.392],[175.676,-40.392],[175.678,-40.298],[175.629,-40.216],[175.607,-40.2],[175.582,-40.195],[175.546,-40.2],[175.534,-40.292]]]}},{"type":"Feature","properties":{},"geometry":{"type":"Polygon","coordinates":[[[121.437,24.941],[121.473,24.942],[121.536,24.969],[121.54,24.961],[121.532,24.952],[121.547,24.955],[121.571,24.962],[121.587,24.977],[121.584,25.031],[121.575,25.031],[121.577,25.055],[121.544,25.058],[121.534,25.071],[121.524,25.068],[121.52,25.093],[121.527,25.099],[121.524,25.107],[121.538,25.114],[121.553,25.099],[121.547,25.073],[121.573,25.072],[121.586,25.113],[121.549,25.125],[121.525,25.113],[121.437,25.119],[121.437,25.11],[121.446,25.091],[121.439,25.076],[121.45,25.033],[121.441,25.032],[121.447,25.011],[121.437,24.941]]]}},{"type":"Feature","properties":{},"geometry":{"type":"Polygon","coordinates":[[[127.606,26.189],[127.625,26.155],[127.658,26.152],[127.649,26.146],[127.654,26.127],[127.665,26.123],[127.658,26.096],[127.672,26.088],[127.726,26.084],[127.745,26.146],[127.755,26.157],[127.856,26.154],[127.853,26.179],[127.818,26.201],[127.787,26.195],[127.783,26.206],[127.803,26.211],[127.812,26.244],[127.849,26.266],[127.82,26.264],[127.816,26.298],[127.849,26.298],[127.851,26.306],[127.833,26.309],[127.871,26.313],[127.9,26.335],[127.879,26.354],[127.895,26.36],[127.888,26.364],[127.899,26.375],[127.899,26.388],[127.871,26.399],[127.863,26.42],[127.837,26.425],[127.833,26.418],[127.812,26.419],[127.79,26.435],[127.734,26.423],[127.724,26.437],[127.712,26.41],[127.728,26.375],[127.734,26.372],[127.753,26.387],[127.778,26.382],[127.808,26.397],[127.822,26.384],[127.837,26.389],[127.83,26.38],[127.836,26.36],[127.811,26.328],[127.803,26.328],[127.803,26.318],[127.755,26.306],[127.749,26.296],[127.72,26.287],[127.705,26.288],[127.698,26.264],[127.654,26.263],[127.646,26.233],[127.627,26.212],[127.609,26.205],[127.606,26.189]]]}},{"type":"Feature","properties":{},"geometry":{"type":"Polygon","coordinates":[[[145.982,-34.262],[145.995,-34.271],[145.993,-34.295],[146.014,-34.316],[146,-34.316],[146.014,-34.33],[146.011,-34.357],[146.019,-34.359],[146.026,-34.377],[146.051,-34.381],[146.077,-34.339],[146.098,-34.321],[146.099,-34.316],[146.085,-34.316],[146.098,-34.303],[146.11,-34.254],[146.1,-34.245],[146.045,-34.264],[146.003,-34.238],[145.986,-34.244],[145.982,-34.262]]]}},{"type":"Feature","properties":{},"geometry":{"type":"Polygon","coordinates":[[[147.964,-33.372],[147.975,-33.373],[147.979,-33.411],[147.993,-33.412],[147.995,-33.421],[148.026,-33.423],[148.028,-33.412],[148.046,-33.412],[148.045,-33.391],[148.039,-33.39],[148.048,-33.366],[148.038,-33.347],[147.986,-33.341],[147.967,-33.353],[147.964,-33.372]]]}},{"type":"Feature","properties":{},"geometry":{"type":"Polygon","coordinates":[[[148.129,-33.137],[148.13,-33.162],[148.152,-33.182],[148.2,-33.187],[148.201,-33.178],[148.223,-33.17],[148.226,-33.132],[148.219,-33.132],[148.206,-33.103],[148.19,-33.101],[148.189,-33.093],[148.153,-33.086],[148.141,-33.094],[148.129,-33.137]]]}},{"type":"Feature","properties":{},"geometry":{"type":"Polygon","coordinates":[[[148.255,-34.351],[148.302,-34.378],[148.304,-34.369],[148.315,-34.371],[148.326,-34.353],[148.336,-34.353],[148.339,-34.299],[148.324,-34.284],[148.309,-34.283],[148.306,-34.274],[148.288,-34.273],[148.287,-34.283],[148.271,-34.284],[148.255,-34.304],[148.256,-34.316],[148.263,-34.316],[148.255,-34.351]]]}},{"type":"Feature","properties":{},"geometry":{"type":"Polygon","coordinates":[[[148.539,-32.276],[148.552,-32.285],[148.552,-32.294],[148.66,-32.298],[148.664,-32.288],[148.675,-32.287],[148.682,-32.251],[148.677,-32.207],[148.66,-32.194],[148.631,-32.191],[148.582,-32.191],[148.58,-32.2],[148.553,-32.201],[148.55,-32.213],[148.543,-32.213],[148.539,-32.276]]]}},{"type":"Feature","properties":{},"geometry":{"type":"Polygon","coordinates":[[[148.631,-33.85],[148.66,-33.876],[148.682,-33.876],[148.71,-33.856],[148.71,-33.793],[148.686,-33.786],[148.672,-33.795],[148.646,-33.817],[148.646,-33.825],[148.638,-33.825],[148.631,-33.85]]]}},{"type":"Feature","properties":{},"geometry":{"type":"Polygon","coordinates":[[[148.866,-34.848],[148.899,-34.867],[148.899,-34.874],[148.928,-34.883],[148.929,-34.872],[148.939,-34.872],[148.944,-34.824],[148.935,-34.821],[148.935,-34.813],[148.906,-34.804],[148.877,-34.823],[148.866,-34.848]]]}},{"type":"Feature","properties":{},"geometry":{"type":"Polygon","coordinates":[[[149.019,-33.264],[149.027,-33.3],[149.035,-33.301],[149.031,-33.326],[149.056,-33.336],[149.056,-33.343],[149.109,-33.351],[149.135,-33.334],[149.142,-33.319],[149.139,-33.251],[149.119,-33.221],[149.038,-33.229],[149.025,-33.236],[149.019,-33.264]]]}},{"type":"Feature","properties":{},"geometry":{"type":"Polygon","coordinates":[[[149.491,-33.422],[149.506,-33.444],[149.507,-33.459],[149.523,-33.466],[149.532,-33.482],[149.593,-33.482],[149.612,-33.478],[149.613,-33.469],[149.623,-33.466],[149.627,-33.472],[149.659,-33.47],[149.671,-33.467],[149.671,-33.454],[149.69,-33.453],[149.686,-33.434],[149.697,-33.384],[149.683,-33.384],[149.683,-33.375],[149.643,-33.358],[149.543,-33.351],[149.529,-33.343],[149.503,-33.375],[149.491,-33.422]]]}},{"type":"Feature","properties":{},"geometry":{"type":"Polygon","coordinates":[[[149.657,-34.772],[149.66,-34.786],[149.749,-34.788],[149.77,-34.769],[149.775,-34.722],[149.767,-34.709],[149.753,-34.715],[149.68,-34.713],[149.659,-34.748],[149.657,-34.772]]]}},{"type":"Feature","properties":{},"geometry":{"type":"Polygon","coordinates":[[[149.715,-30.337],[149.735,-30.361],[149.778,-30.382],[149.807,-30.365],[149.821,-30.33],[149.803,-30.298],[149.766,-30.285],[149.749,-30.297],[149.745,-30.312],[149.724,-30.316],[149.715,-30.337]]]}},{"type":"Feature","properties":{},"geometry":{"type":"Polygon","coordinates":[[[141.883,-34.09],[141.912,-34.09],[141.916,-34.1],[141.909,-34.111],[141.934,-34.107],[141.939,-34.117],[141.969,-34.132],[141.972,-34.113],[141.998,-34.117],[142.013,-34.094],[142.037,-34.095],[142.046,-34.106],[142.029,-34.132],[141.998,-34.127],[141.994,-34.149],[142.018,-34.152],[142.018,-34.192],[142.059,-34.189],[142.079,-34.216],[142.075,-34.236],[142.129,-34.241],[142.13,-34.258],[142.152,-34.264],[142.147,-34.277],[142.155,-34.344],[142.218,-34.344],[142.222,-34.296],[142.237,-34.283],[142.226,-34.279],[142.229,-34.267],[142.218,-34.262],[142.225,-34.198],[142.171,-34.189],[142.159,-34.178],[142.159,-34.165],[142.167,-34.162],[142.17,-34.177],[142.226,-34.18],[142.243,-34.2],[142.251,-34.17],[142.233,-34.163],[142.233,-34.147],[142.204,-34.136],[142.17,-34.142],[142.163,-34.146],[142.169,-34.158],[142.141,-34.158],[142.125,-34.166],[142.125,-34.174],[142.085,-34.175],[142.082,-34.167],[142.05,-34.16],[142.038,-34.147],[142.034,-34.132],[142.057,-34.097],[142.059,-34.081],[141.957,-34.07],[141.92,-34.086],[141.884,-34.078],[141.883,-34.09]]]}},{"type":"Feature","properties":{},"geometry":{"type":"Polygon","coordinates":[[[132.648,35.399],[132.661,35.39],[132.664,35.366],[132.649,35.33],[132.66,35.332],[132.66,35.323],[132.687,35.318],[132.741,35.318],[132.84,35.363],[132.841,35.37],[132.878,35.379],[132.908,35.417],[132.88,35.455],[132.854,35.462],[132.788,35.423],[132.707,35.42],[132.694,35.411],[132.654,35.409],[132.648,35.399]]]}},{"type":"Feature","properties":{},"geometry":{"type":"Polygon","coordinates":[[[133.007,35.503],[133.016,35.472],[133.009,35.47],[133.009,35.422],[133.016,35.421],[133.017,35.397],[133.047,35.403],[133.058,35.397],[133.09,35.396],[133.098,35.404],[133.108,35.399],[133.103,35.461],[133.113,35.511],[133.029,35.517],[133.011,35.513],[133.007,35.503]]]}},{"type":"Feature","properties":{},"geometry":{"type":"Polygon","coordinates":[[[133.179,35.539],[133.183,35.517],[133.211,35.477],[133.223,35.477],[133.316,35.405],[133.338,35.397],[133.395,35.4],[133.423,35.411],[133.421,35.445],[133.407,35.461],[133.32,35.472],[133.272,35.505],[133.285,35.553],[133.255,35.559],[133.234,35.552],[133.179,35.552],[133.179,35.539]]]}},{"type":"Feature","properties":{},"geometry":{"type":"Polygon","coordinates":[[[134.143,35.527],[134.165,35.498],[134.193,35.494],[134.20811111111112,35.454],[134.208,35.454],[134.208,35.452],[134.20886666666667,35.452],[134.21,35.449],[134.219,35.452],[134.219,35.445],[134.247,35.434],[134.28,35.452],[134.285,35.481],[134.268,35.481],[134.272,35.494],[134.264,35.493],[134.268,35.499],[134.263,35.496],[134.26,35.509],[134.247,35.508],[134.249,35.529],[134.227,35.541],[134.197,35.541],[134.143,35.527]]]}},{"type":"Feature","properties":{},"geometry":{"type":"Polygon","coordinates":[[[134.753,35.518],[134.754,35.475],[134.769,35.455],[134.782,35.454],[134.76,35.452],[134.769,35.437],[134.79,35.429],[134.853,35.428],[134.893,35.451],[134.867,35.452],[134.894,35.47],[134.893,35.557],[134.885,35.568],[134.857,35.58],[134.787,35.583],[134.765,35.568],[134.756,35.551],[134.753,35.518]]]}},{"type":"Feature","properties":{},"geometry":{"type":"Polygon","coordinates":[[[-147.89,64.748],[-147.618,64.75],[-147.616,64.932],[-147.89,64.931],[-147.89,64.748]]]}},{"type":"Feature","properties":{},"geometry":{"type":"Polygon","coordinates":[[[-63.717,44.66],[-63.715,44.586],[-63.638,44.587],[-63.622,44.579],[-63.59,44.587],[-63.464,44.587],[-63.445,44.636],[-63.438,44.638],[-63.434,44.727],[-63.714,44.727],[-63.717,44.66]]]}},{"type":"Feature","properties":{},"geometry":{"type":"Polygon","coordinates":[[[25.08,54.634],[25.102,54.6],[25.138,54.596],[25.139,54.602],[25.166,54.602],[25.183,54.619],[25.193,54.613],[25.22,54.628],[25.278,54.629],[25.291,54.623],[25.299,54.631],[25.319,54.632],[25.319,54.64],[25.341,54.632],[25.323,54.631],[25.323,54.599],[25.336,54.603],[25.349,54.632],[25.37,54.638],[25.348,54.638],[25.348,54.644],[25.365,54.659],[25.365,54.677],[25.378,54.689],[25.361,54.692],[25.377,54.699],[25.38,54.727],[25.391,54.734],[25.299,54.77],[25.273,54.775],[25.24,54.767],[25.194,54.743],[25.177,54.72],[25.15,54.714],[25.135,54.702],[25.126,54.684],[25.109,54.679],[25.086,54.658],[25.08,54.634]]]}},{"type":"Feature","properties":{},"geometry":{"type":"Polygon","coordinates":[[[25.323,54.768],[25.389,54.745],[25.399,54.779],[25.382,54.8],[25.385,54.823],[25.37,54.83],[25.389,54.871],[25.389,54.908],[25.323,54.915],[25.323,54.768]]]}},{"type":"Feature","properties":{},"geometry":{"type":"Polygon","coordinates":[[[-17.779,28.734],[-17.775,28.707],[-17.765,28.7],[-17.742,28.701],[-17.72,28.729],[-17.718,28.756],[-17.742,28.778],[-17.754,28.809],[-17.769,28.809],[-17.779,28.734]]]}},{"type":"Feature","properties":{},"geometry":{"type":"Polygon","coordinates":[[[-16.767,28.101],[-16.764,28.09],[-16.749,28.082],[-16.747,28.051],[-16.732,28.047],[-16.735,28.04],[-16.692,28.026],[-16.68,28.034],[-16.673,28.068],[-16.694,28.112],[-16.756,28.126],[-16.765,28.119],[-16.767,28.101]]]}},{"type":"Feature","properties":{},"geometry":{"type":"Polygon","coordinates":[[[-16.728,28.39],[-16.727,28.381],[-16.614,28.379],[-16.598,28.35],[-16.567,28.344],[-16.493,28.371],[-16.484,28.389],[-16.452,28.418],[-16.445,28.439],[-16.451,28.449],[-16.426,28.469],[-16.409,28.48],[-16.368,28.48],[-16.368,28.374],[-16.379,28.359],[-16.429,28.347],[-16.43,28.304],[-16.401,28.303],[-16.401,28.289],[-16.372,28.285],[-16.355,28.332],[-16.355,28.353],[-16.339,28.385],[-16.328,28.385],[-16.239,28.448],[-16.23,28.47],[-16.205,28.483],[-16.212,28.495],[-16.199,28.501],[-16.205,28.512],[-16.264,28.513],[-16.287,28.528],[-16.316,28.527],[-16.316,28.535],[-16.344,28.54],[-16.346,28.563],[-16.381,28.559],[-16.438,28.504],[-16.451,28.464],[-16.463,28.455],[-16.481,28.458],[-16.506,28.446],[-16.512,28.432],[-16.559,28.429],[-16.613,28.407],[-16.664,28.41],[-16.728,28.39]]]}},{"type":"Feature","properties":{},"geometry":{"type":"Polygon","coordinates":[[[-15.634,27.747],[-15.62,27.75],[-15.603,27.738],[-15.576,27.736],[-15.562,27.763],[-15.542,27.767],[-15.525,27.783],[-15.559,27.801],[-15.612,27.803],[-15.625,27.793],[-15.634,27.747]]]}},{"type":"Feature","properties":{},"geometry":{"type":"Polygon","coordinates":[[[-15.546,28.1],[-15.532,28.099],[-15.514,28.083],[-15.492,28.032],[-15.474,28.026],[-15.466,27.988],[-15.45,27.969],[-15.39,27.959],[-15.367,27.968],[-15.355,28],[-15.379,28.037],[-15.4,28.048],[-15.404,28.066],[-15.392,28.154],[-15.396,28.187],[-15.441,28.18],[-15.45,28.173],[-15.45,28.145],[-15.466,28.14],[-15.484,28.15],[-15.529,28.141],[-15.546,28.122],[-15.546,28.1]]]}},{"type":"Feature","properties":{},"geometry":{"type":"Polygon","coordinates":[[[-15.488,27.863],[-15.482,27.859],[-15.487,27.834],[-15.48,27.825],[-15.432,27.801],[-15.437,27.809],[-15.429,27.812],[-15.419,27.804],[-15.407,27.807],[-15.392,27.833],[-15.382,27.837],[-15.378,27.861],[-15.37,27.86],[-15.365,27.874],[-15.378,27.89],[-15.395,27.884],[-15.391,27.897],[-15.403,27.894],[-15.404,27.903],[-15.411,27.903],[-15.44,27.896],[-15.458,27.877],[-15.458,27.891],[-15.488,27.863]]]}},{"type":"Feature","properties":{},"geometry":{"type":"Polygon","coordinates":[[[-81.833,24.525],[-81.826,24.517],[-81.639,24.525],[-81.729,24.527],[-81.729,24.535],[-81.639,24.535],[-81.631,24.547],[-81.631,24.613],[-81.649,24.62],[-81.656,24.61],[-81.667,24.616],[-81.793,24.608],[-81.826,24.613],[-81.833,24.567],[-81.833,24.535],[-81.826,24.527],[-81.833,24.525]]]}},{"type":"Feature","properties":{},"geometry":{"type":"Polygon","coordinates":[[[-64.317,-31.333],[-64.306,-31.374],[-64.271,-31.402],[-64.27,-31.446],[-64.254,-31.476],[-64.219,-31.477],[-64.218,-31.322],[-64.254,-31.31],[-64.271,-31.282],[-64.303,-31.281],[-64.315,-31.283],[-64.317,-31.333]]]}},{"type":"Feature","properties":{},"geometry":{"type":"Polygon","coordinates":[[[-64.148,-31.474],[-64.105,-31.435],[-64.098,-31.412],[-64.112,-31.365],[-64.148,-31.351],[-64.148,-31.474]]]}},{"type":"Feature","properties":{},"geometry":{"type":"Polygon","coordinates":[[[-60.791,-31.685],[-60.706,-31.697],[-60.643,-31.652],[-60.642,-31.584],[-60.675,-31.561],[-60.763,-31.54],[-60.776,-31.569],[-60.759,-31.625],[-60.791,-31.643],[-60.791,-31.685]]]}},{"type":"Feature","properties":{},"geometry":{"type":"Polygon","coordinates":[[[-60.741,-32.903],[-60.73,-32.974],[-60.688,-32.99],[-60.651,-33.04],[-60.603,-33.043],[-60.605,-32.95],[-60.662,-32.904],[-60.673,-32.869],[-60.679,-32.869],[-60.676,-32.851],[-60.716,-32.854],[-60.734,-32.876],[-60.741,-32.903]]]}},{"type":"Feature","properties":{},"geometry":{"type":"Polygon","coordinates":[[[-110.012,22.89],[-109.969,22.864],[-109.887,22.866],[-109.885,22.884],[-109.834,22.896],[-109.807,22.934],[-109.828,22.944],[-109.865,22.946],[-109.902,22.976],[-109.936,22.984],[-109.957,22.975],[-109.979,22.951],[-110.012,22.89]]]}},{"type":"Feature","properties":{},"geometry":{"type":"Polygon","coordinates":[[[-106.503,23.301],[-106.478,23.269],[-106.488,23.263],[-106.489,23.251],[-106.477,23.236],[-106.488,23.234],[-106.484,23.225],[-106.467,23.202],[-106.455,23.2],[-106.452,23.211],[-106.436,23.202],[-106.44,23.181],[-106.451,23.173],[-106.447,23.157],[-106.427,23.148],[-106.397,23.154],[-106.393,23.149],[-106.353,23.183],[-106.352,23.28],[-106.437,23.318],[-106.499,23.317],[-106.503,23.301]]]}},{"type":"Feature","properties":{},"geometry":{"type":"Polygon","coordinates":[[[-105.315,20.727],[-105.296,20.669],[-105.26,20.652],[-105.245,20.631],[-105.242,20.616],[-105.261,20.572],[-105.237,20.565],[-105.23,20.574],[-105.228,20.567],[-105.217,20.571],[-105.222,20.575],[-105.187,20.617],[-105.172,20.653],[-105.176,20.739],[-105.259,20.733],[-105.259,20.675],[-105.26,20.733],[-105.315,20.727]]]}},{"type":"Feature","properties":{},"geometry":{"type":"Polygon","coordinates":[[[168.49,-45.079],[168.518,-45.087],[168.555,-45.075],[168.592,-45.074],[168.644,-45.048],[168.736,-45.06],[168.753,-45.049],[168.761,-45.048],[168.761,-45.056],[168.795,-45.049],[168.894,-45.009],[168.916,-44.99],[168.9,-44.948],[168.867,-44.918],[168.787,-44.918],[168.761,-44.93],[168.761,-44.922],[168.706,-44.941],[168.655,-44.97],[168.648,-44.989],[168.632,-44.99],[168.636,-45.011],[168.621,-45.019],[168.508,-45.044],[168.493,-45.058],[168.49,-45.079]]]}},{"type":"Feature","properties":{},"geometry":{"type":"Polygon","coordinates":[[[-73.166,-36.822],[-73.157,-36.859],[-73.099,-36.862],[-73.048,-36.861],[-73.027,-36.851],[-73.03,-36.846],[-73.006,-36.846],[-72.982,-36.829],[-72.985,-36.817],[-73.025,-36.789],[-73.033,-36.764],[-73.065,-36.753],[-73.065,-36.744],[-73.1,-36.742],[-73.14,-36.749],[-73.135,-36.804],[-73.166,-36.822]]]}},{"type":"Feature","properties":{},"geometry":{"type":"Polygon","coordinates":[[[-72.681,-38.761],[-72.68,-38.793],[-72.544,-38.794],[-72.539,-38.755],[-72.506,-38.681],[-72.68,-38.68],[-72.681,-38.761]]]}},{"type":"Feature","properties":{},"geometry":{"type":"Polygon","coordinates":[[[-65.495,-24.818],[-65.494,-24.868],[-65.474,-24.868],[-65.354,-24.862],[-65.385,-24.708],[-65.425,-24.704],[-65.425,-24.754],[-65.458,-24.767],[-65.495,-24.818]]]}},{"type":"Feature","properties":{},"geometry":{"type":"Polygon","coordinates":[[[-104.733,50.462],[-104.723,50.462],[-104.724,50.367],[-104.485,50.367],[-104.485,50.394],[-104.501,50.394],[-104.503,50.547],[-104.671,50.554],[-104.671,50.542],[-104.686,50.542],[-104.686,50.524],[-104.733,50.524],[-104.733,50.462]]]}},{"type":"Feature","properties":{},"geometry":{"type":"Polygon","coordinates":[[[150.135,-35.839],[150.146,-35.862],[150.169,-35.875],[150.248,-35.819],[150.25,-35.764],[150.228,-35.755],[150.222,-35.716],[150.248,-35.729],[150.256,-35.704],[150.267,-35.706],[150.255,-35.693],[150.19,-35.67],[150.154,-35.697],[150.152,-35.733],[150.163,-35.744],[150.163,-35.791],[150.149,-35.812],[150.139,-35.812],[150.135,-35.839]]]}},{"type":"Feature","properties":{},"geometry":{"type":"Polygon","coordinates":[[[150.417,-35.381],[150.43,-35.408],[150.447,-35.409],[150.495,-35.37],[150.495,-35.345],[150.488,-35.336],[150.496,-35.323],[150.48,-35.303],[150.45,-35.295],[150.426,-35.303],[150.417,-35.381]]]}},{"type":"Feature","properties":{},"geometry":{"type":"Polygon","coordinates":[[[113.53,22.18],[113.541,22.157],[113.557,22.149],[113.557,22.115],[113.588,22.126],[113.582,22.162],[113.562,22.205],[113.545,22.21],[113.53,22.18]]]}},{"type":"Feature","properties":{},"geometry":{"type":"Polygon","coordinates":[[[113.954,22.37],[114,22.365],[114.017,22.368],[114.017,22.374],[113.986,22.378],[113.982,22.403],[113.989,22.411],[113.975,22.406],[113.964,22.411],[113.954,22.37]]]}},{"type":"Feature","properties":{},"geometry":{"type":"Polygon","coordinates":[[[114.097,22.349],[114.107,22.34],[114.105,22.317],[114.122,22.311],[114.129,22.294],[114.115,22.278],[114.134,22.245],[114.17,22.229],[114.189,22.236],[114.203,22.215],[114.221,22.209],[114.226,22.247],[114.24,22.264],[114.234,22.299],[114.241,22.309],[114.236,22.318],[114.243,22.433],[114.236,22.433],[114.234,22.458],[114.225,22.458],[114.208,22.476],[114.188,22.466],[114.162,22.466],[114.162,22.483],[114.153,22.483],[114.149,22.5],[114.114,22.516],[114.147,22.453],[114.147,22.408],[114.13,22.407],[114.129,22.392],[114.099,22.384],[114.097,22.349]]]}},{"type":"Feature","properties":{},"geometry":{"type":"Polygon","coordinates":[[[10.676,34.787],[10.677,34.733],[10.702,34.725],[10.71,34.705],[10.725,34.711],[10.764,34.699],[10.746,34.729],[10.789,34.735],[10.838,34.79],[10.79,34.839],[10.756,34.86],[10.676,34.787]]]}},{"type":"Feature","properties":{},"geometry":{"type":"Polygon","coordinates":[[[-68.607,-31.497],[-68.603,-31.554],[-68.597,-31.557],[-68.551,-31.602],[-68.515,-31.603],[-68.47,-31.569],[-68.474,-31.511],[-68.52,-31.472],[-68.607,-31.497]]]}},{"type":"Feature","properties":{},"geometry":{"type":"Polygon","coordinates":[[[-64.906,46.13],[-64.898,46.118],[-64.902,46.062],[-64.891,46.02],[-64.793,46.013],[-64.752,46.021],[-64.662,46.022],[-64.656,46.102],[-64.67,46.104],[-64.662,46.106],[-64.653,46.135],[-64.67,46.157],[-64.869,46.163],[-64.906,46.145],[-64.906,46.13]]]}},{"type":"Feature","properties":{},"geometry":{"type":"Polygon","coordinates":[[[-64.598,46.238],[-64.593,46.202],[-64.483,46.202],[-64.487,46.24],[-64.598,46.238]]]}},{"type":"Feature","properties":{},"geometry":{"type":"Polygon","coordinates":[[[25.385,64.999],[25.411,64.987],[25.488,64.969],[25.59,64.969],[25.598,64.981],[25.594,65.001],[25.601,65.002],[25.602,65.025],[25.623,65.036],[25.628,65.062],[25.635,65.063],[25.591,65.073],[25.523,65.074],[25.494,65.094],[25.394,65.109],[25.385,65.107],[25.388,65.025],[25.385,64.999]]]}},{"type":"Feature","properties":{},"geometry":{"type":"Polygon","coordinates":[[[-35.785,-9.697],[-35.784,-9.709],[-35.776,-9.709],[-35.75,-9.694],[-35.75,-9.687],[-35.728,-9.681],[-35.728,-9.691],[-35.717,-9.691],[-35.696,-9.677],[-35.684,-9.61],[-35.701,-9.591],[-35.782,-9.59],[-35.785,-9.697]]]}},{"type":"Feature","properties":{},"geometry":{"type":"Polygon","coordinates":[[[-35.25,-5.843],[-35.217,-5.907],[-35.134,-5.896],[-35.137,-5.874],[-35.166,-5.872],[-35.17,-5.796],[-35.18,-5.784],[-35.186,-5.751],[-35.241,-5.753],[-35.25,-5.843]]]}},{"type":"Feature","properties":{},"geometry":{"type":"Polygon","coordinates":[[[-110.366,24.146],[-110.362,24.107],[-110.322,24.075],[-110.294,24.093],[-110.253,24.119],[-110.241,24.171],[-110.303,24.193],[-110.366,24.146]]]}},{"type":"Feature","properties":{},"geometry":{"type":"Polygon","coordinates":[[[-120.435,50.719],[-120.427,50.714],[-120.432,50.693],[-120.41,50.69],[-120.432,50.687],[-120.41,50.668],[-120.405,50.623],[-120.344,50.612],[-120.303,50.632],[-120.295,50.691],[-120.314,50.714],[-120.341,50.73],[-120.391,50.735],[-120.435,50.719]]]}},{"type":"Feature","properties":{},"geometry":{"type":"Polygon","coordinates":[[[100.456,5.608],[100.467,5.583],[100.488,5.587],[100.502,5.602],[100.502,5.594],[100.556,5.595],[100.556,5.619],[100.567,5.624],[100.569,5.641],[100.547,5.647],[100.539,5.669],[100.522,5.677],[100.522,5.705],[100.508,5.708],[100.469,5.679],[100.47,5.65],[100.458,5.639],[100.456,5.608]]]}},{"type":"Feature","properties":{},"geometry":{"type":"Polygon","coordinates":[[[-57.6,-38.065],[-57.53,-38.073],[-57.524,-38.06],[-57.526,-37.999],[-57.533,-37.991],[-57.524,-37.944],[-57.6,-37.944],[-57.6,-38.065]]]}},{"type":"Feature","properties":{},"geometry":{"type":"Polygon","coordinates":[[[-111.524,56.728],[-111.515,56.714],[-111.496,56.698],[-111.434,56.693],[-111.362,56.698],[-111.33,56.711],[-111.334,56.731],[-111.357,56.755],[-111.389,56.77],[-111.451,56.778],[-111.458,56.789],[-111.473,56.787],[-111.496,56.769],[-111.496,56.756],[-111.519,56.749],[-111.524,56.728]]]}},{"type":"Feature","properties":{},"geometry":{"type":"Polygon","coordinates":[[[-118.846,55.21],[-118.843,55.167],[-118.838,55.143],[-118.843,55.141],[-118.832,55.127],[-118.731,55.129],[-118.732,55.199],[-118.744,55.199],[-118.743,55.231],[-118.757,55.231],[-118.766,55.247],[-118.82,55.246],[-118.836,55.214],[-118.846,55.21]]]}},{"type":"Feature","properties":{},"geometry":{"type":"Polygon","coordinates":[[[-17.019,32.651],[-17.015,32.639],[-16.935,32.619],[-16.907,32.63],[-16.831,32.625],[-16.815,32.632],[-16.81,32.659],[-16.823,32.659],[-16.838,32.667],[-16.843,32.681],[-16.864,32.682],[-16.883,32.694],[-16.883,32.673],[-16.897,32.658],[-16.898,32.679],[-16.911,32.684],[-16.953,32.684],[-16.957,32.659],[-16.968,32.682],[-16.983,32.687],[-17.019,32.651]]]}},{"type":"Feature","properties":{},"geometry":{"type":"Polygon","coordinates":[[[-38.543,-12.995],[-38.541,-13.014],[-38.532,-13.019],[-38.459,-13.021],[-38.396,-12.971],[-38.396,-12.964],[-38.53,-12.966],[-38.543,-12.995]]]}},{"type":"Feature","properties":{},"geometry":{"type":"Polygon","coordinates":[[[-77.333,24.997],[-77.296,24.996],[-77.292,25.02],[-77.283,25.026],[-77.287,25.012],[-77.257,25.018],[-77.261,25.099],[-77.326,25.093],[-77.333,25.099],[-77.333,24.997]]]}},{"type":"Feature","properties":{},"geometry":{"type":"Polygon","coordinates":[[[14.348,67.273],[14.411,67.277],[14.424,67.274],[14.426,67.265],[14.577,67.275],[14.632,67.285],[14.665,67.301],[14.656,67.319],[14.631,67.328],[14.487,67.326],[14.454,67.322],[14.44,67.312],[14.392,67.308],[14.348,67.273]]]}},{"type":"Feature","properties":{},"geometry":{"type":"Polygon","coordinates":[[[-13.607,28.981],[-13.585,28.938],[-13.539,28.941],[-13.508,28.965],[-13.531,29.009],[-13.559,29.018],[-13.582,29.011],[-13.58,29.003],[-13.589,29.006],[-13.607,28.981]]]}},{"type":"Feature","properties":{},"geometry":{"type":"Polygon","coordinates":[[[16.481,68.801],[16.514,68.787],[16.51,68.783],[16.528,68.777],[16.534,68.766],[16.53,68.728],[16.496,68.712],[16.545,68.701],[16.593,68.703],[16.602,68.71],[16.6,68.727],[16.606,68.732],[16.576,68.747],[16.598,68.77],[16.604,68.794],[16.573,68.803],[16.573,68.813],[16.595,68.824],[16.593,68.834],[16.567,68.842],[16.518,68.825],[16.499,68.828],[16.504,68.841],[16.496,68.843],[16.485,68.839],[16.481,68.801]]]}},{"type":"Feature","properties":{},"geometry":{"type":"Polygon","coordinates":[[[17.265,68.401],[17.353,68.389],[17.357,68.4],[17.386,68.407],[17.445,68.405],[17.445,68.422],[17.468,68.437],[17.566,68.474],[17.533,68.489],[17.497,68.492],[17.445,68.456],[17.391,68.446],[17.361,68.431],[17.295,68.421],[17.297,68.412],[17.265,68.401]]]}},{"type":"Feature","properties":{},"geometry":{"type":"Polygon","coordinates":[[[18.725,69.68],[18.743,69.673],[18.875,69.675],[18.876,69.665],[18.901,69.666],[18.892,69.639],[18.896,69.63],[18.949,69.613],[18.988,69.629],[19.023,69.633],[19.03,69.661],[19.085,69.677],[19.089,69.69],[19.027,69.7],[19.019,69.715],[18.934,69.72],[18.855,69.693],[18.737,69.69],[18.725,69.68]]]}},{"type":"Feature","properties":{},"geometry":{"type":"Polygon","coordinates":[[[-44.01,-19.78],[-43.991,-19.78],[-43.926,-19.782],[-43.923,-19.746],[-43.934,-19.746],[-43.934,-19.756],[-44.01,-19.756],[-44.01,-19.78]]]}},{"type":"Feature","properties":{},"geometry":{"type":"Polygon","coordinates":[[[-97.274,49.99],[-97.207,49.99],[-97.206,50.01],[-97.273,50.012],[-97.274,49.99]]]}},{"type":"Feature","properties":{},"geometry":{"type":"Polygon","coordinates":[[[-97.142,50.011],[-97.112,50],[-97.07,50.006],[-97.038,49.994],[-97.004,50.003],[-97.004,49.99],[-96.983,49.987],[-96.979,49.961],[-96.967,49.96],[-96.949,49.938],[-96.949,50.012],[-97.142,50.011]]]}},{"type":"Feature","properties":{},"geometry":{"type":"Polygon","coordinates":[[[-90.011,29.839],[-89.957,29.839],[-89.956,29.939],[-89.963,29.942],[-89.959,29.953],[-89.981,29.961],[-89.982,29.973],[-89.989,29.972],[-89.993,29.929],[-90.011,29.939],[-90.011,29.839]]]}},{"type":"Feature","properties":{},"geometry":{"type":"Polygon","coordinates":[[[-51.231,-29.944],[-51.224,-29.97],[-51.218,-29.986],[-51.206,-29.987],[-51.206,-29.945],[-51.222,-29.928],[-51.231,-29.944]]]}}]}