{"type":"FeatureCollection","features":[{"type":"Feature","geometry":{"type":"Polygon","coordinates":[[[5.9504,45.7213],[5.9504,47.8217],[10.4998,47.8217],[10.4998,45.7213],[5.9504,45.7213]]]},"properties":{"name":"Switzerland 50 Centimeter Digital Elevation Models","otId":"OTSDEM.072026.2056.1","short":"CH_50cmDEM","doi":"https://doi.org/10.5069/G9513WFJ","created":"2026-07-18","temporal":"2017-03-01 / 2025-12-01","keywords":"lidar, topography, Switzerland, Liechtenstein, bare-earth, DTM"}},{"type":"Feature","geometry":{"type":"Polygon","coordinates":[[[19.0566,59.6134],[19.0566,70.1429],[31.6255,70.1429],[31.6255,59.6134],[19.0566,59.6134]]]},"properties":{"name":"Finland 2 Meter Digital Elevation Model","otId":"OTSDEM.052026.3067.1","short":"FI_2mDEM","doi":"https://doi.org/10.5069/G98P5XR7","created":"2026-07-18","temporal":"2008-01-01","keywords":"lidar, topography, Finland, bare-earth, DTM"}},{"type":"Feature","geometry":{"type":"Polygon","coordinates":[[[4.28,57.8521],[4.28,71.3077],[31.3452,71.3077],[31.3452,57.8521],[4.28,57.8521]]]},"properties":{"name":"Norway 1 Meter Digital Elevation Models","otId":"OTSDEM.052026.25833.1","short":"NO_1mDEM","doi":"https://doi.org/10.5069/G9DF6PFH","created":"2026-07-16","temporal":"2009-01-01","keywords":"lidar, topography, norway, bare earth, first return, DTM"}},{"type":"Feature","geometry":{"type":"Polygon","coordinates":[[[-116.6083,33.1347],[-116.595,33.1346],[-116.5989,33.1193],[-116.6057,33.1193],[-116.6083,33.1347]]]},"properties":{"name":"UAV Lidar Survey of Volcan Mountain Wilderness Preserve, CA 2024","otId":"OTSDEM.042026.32611.1","short":"CA24_Volcan","doi":"https://doi.org/10.5069/G99P2ZV5","created":"2026-04-18","temporal":"2024-10-25","keywords":"UAV LiDAR, point cloud, Vegetation structure, Forest inventory, Canopy structure, Peninsular Range"}},{"type":"Feature","geometry":{"type":"Polygon","coordinates":[[[-117.9443,34.202],[-117.9355,34.2002],[-117.9378,34.1722],[-117.9603,34.1572],[-118.003,34.1616],[-118.0179,34.1734],[-118.017,34.2009],[-118.0067,34.2109],[-117.9625,34.2196],[-117.9504,34.2175],[-117.9443,34.202]]]},"properties":{"name":"Lidar Collection over the Bobcat and Ranch2 Fire, CA 2020","otId":"OTSDEM.032026.6340.1","short":"CA20_DiBiase","doi":"https://doi.org/10.5069/G9ZG6QGP","created":"2026-03-28","temporal":"2020-11-05","keywords":"lidar, airborne, fire, hydrology, geomorphology"}},{"type":"Feature","geometry":{"type":"Polygon","coordinates":[[[-121.8127,36.6916],[-121.7932,36.8159],[-121.781,36.8152],[-121.7983,36.6848],[-121.7761,36.6742],[-121.7838,36.6627],[-121.804,36.6706],[-121.8076,36.6518],[-121.8427,36.6135],[-121.8412,36.602],[-121.8977,36.5896],[-121.9011,36.6023],[-121.867,36.6068],[-121.8438,36.6287],[-121.8152,36.6809],[-121.8288,36.6901],[-121.8127,36.6916]]]},"properties":{"name":"Mapping Coastal Dune Erosion, CA 2025","otId":"OTSDEM.022026.6339.1","short":"CA25_Sondeno","doi":"https://doi.org/10.5069/G96W989H","created":"2026-02-27","temporal":"2026-08-18","keywords":"lidar, geomorphology, erosion, hydrology"}},{"type":"Feature","geometry":{"type":"Polygon","coordinates":[[[-107.757,37.9187],[-107.7776,37.9378],[-107.7858,37.9576],[-107.7779,37.9599],[-107.7896,37.9674],[-107.7728,37.975],[-107.7665,37.9703],[-107.7607,37.9802],[-107.7291,37.9793],[-107.7019,37.9923],[-107.6806,37.9828],[-107.661,37.9604],[-107.6689,37.9584],[-107.6668,37.948],[-107.6854,37.9423],[-107.6885,37.9345],[-107.7005,37.9288],[-107.6992,37.9248],[-107.7089,37.9234],[-107.7165,37.9135],[-107.7125,37.9073],[-107.719,37.9052],[-107.7123,37.9003],[-107.7297,37.8917],[-107.757,37.9187]],[[-107.6766,37.9439],[-107.6765,37.944],[-107.678,37.9445],[-107.6766,37.9439]]]},"properties":{"name":"Mapping Rock Glaciers in the San Juan Mountains, CO 2025","otId":"OTSDEM.022026.6342.1","short":"CO25_Ruef","doi":"https://doi.org/10.5069/G9348HMJ","created":"2026-02-27","temporal":"2025-08-13","keywords":"glacier, lidar, geomorphology, glaciology, San Juan"}},{"type":"Feature","geometry":{"type":"MultiPolygon","coordinates":[[[[-120.0679,34.701],[-120.0853,34.7212],[-120.0829,34.7355],[-120.0726,34.7435],[-120.0151,34.7457],[-120.0158,34.7419],[-120.0062,34.7396],[-120.0067,34.7328],[-120,34.7322],[-120.001,34.7219],[-120.0199,34.7187],[-120.0182,34.6765],[-120.0617,34.676],[-120.068,34.6793],[-120.0679,34.701]]],[[[-120.4614,34.5119],[-120.435,34.4514],[-120.4563,34.4387],[-120.4632,34.4481],[-120.4725,34.4486],[-120.4791,34.479],[-120.4947,34.4972],[-120.4942,34.5023],[-120.4614,34.5119]]]]},"properties":{"name":"Monitoring Tree Water Stress, CA 2025","otId":"OTSDEM.022026.32610.1","short":"CA25_Allen","doi":"https://doi.org/10.5069/G9BP011S","created":"2026-02-24","temporal":"2025-08-14 / 2025-08-16","keywords":"lidar, ecology, Dangermond, Sedgwick, hydrology"}},{"type":"Feature","geometry":{"type":"Polygon","coordinates":[[[-110.7296,34.9037],[-110.7454,34.9179],[-110.6984,34.9471],[-110.7032,34.9525],[-110.6949,34.9574],[-110.6887,34.9531],[-110.6543,34.976],[-110.6401,34.9663],[-110.6469,34.9568],[-110.6415,34.9451],[-110.6518,34.9394],[-110.6479,34.9306],[-110.6625,34.9226],[-110.6578,34.9179],[-110.6667,34.9126],[-110.672,34.9167],[-110.681,34.9115],[-110.687,34.9141],[-110.718,34.8943],[-110.7296,34.9037]]]},"properties":{"name":"Lithologic Controls on Slot Canyon Formation, AZ 2025","otId":"OTSDEM.022026.6341.1","short":"AZ25_Fong","doi":"https://doi.org/10.5069/G9GF0RRQ","created":"2026-02-21","temporal":"2025-08-12","keywords":"slot canyon, hydrology, lidar, geomorphology"}},{"type":"Feature","geometry":{"type":"Polygon","coordinates":[[[3.3583,50.7503],[3.3583,53.521],[7.2275,53.521],[7.2275,50.7503],[3.3583,50.7503]]]},"properties":{"name":"The Netherlands Digital Elevation Model (AHN4)","otId":"OTSDEM.012026.28992.1","short":"NL22_AHN4","doi":"https://doi.org/10.5069/G9CN725M","created":"2026-01-15","temporal":"2019-11-22 / 2022-03-25","keywords":"lidar, DTM, DSM, topography, elevation"}},{"type":"Feature","geometry":{"type":"Polygon","coordinates":[[[-117.9976,34.1843],[-118.0029,34.1693],[-118.0134,34.1644],[-118.0138,34.1567],[-118.0222,34.1603],[-118.0434,34.155],[-118.0666,34.1606],[-118.0718,34.1535],[-118.0824,34.1555],[-118.079,34.1519],[-118.1003,34.1565],[-118.1093,34.1814],[-118.1292,34.185],[-118.1286,34.1893],[-118.1554,34.1928],[-118.1592,34.1815],[-118.1696,34.1835],[-118.1719,34.1763],[-118.1864,34.1827],[-118.1865,34.1872],[-118.2083,34.1898],[-118.2079,34.2004],[-118.1846,34.1994],[-118.196,34.2254],[-118.1912,34.2546],[-118.1849,34.2631],[-118.1656,34.2684],[-118.0917,34.2548],[-118.0916,34.2485],[-118.0243,34.2415],[-118.0197,34.2342],[-118.0134,34.2344],[-118.0058,34.2202],[-118.0067,34.1929],[-117.998,34.1905],[-117.9976,34.1843]]]},"properties":{"name":"Quantifying Sediment Mobilization by Wildfire, CA 2025","otId":"OTSDEM.122025.6340.1","short":"CA25_Lamb","doi":"https://doi.org/10.5069/G9RX9997","created":"2025-12-12","temporal":"2025-02-20 / 2025-02-21","keywords":"lidar, airborne, fire, debris, hydrology, geomorphology"}},{"type":"Feature","geometry":{"type":"Polygon","coordinates":[[[167.2077,-46.9175],[167.2077,-34.1292],[178.5838,-34.1292],[178.5838,-46.9175],[167.2077,-46.9175]]]},"properties":{"name":"New Zealand Lidar 1 Meter DTM","otId":"OTSDEM.082025.2193.1","short":"LINZ1m_DTM","doi":"https://doi.org/10.5069/G9ZK5DW0","created":"2025-08-28","temporal":"2008-05-01 / 2025-05-21","keywords":"lidar, DEM, DSM, DTM, mosaic, topography"}},{"type":"Feature","geometry":{"type":"Polygon","coordinates":[[[167.2077,-46.9175],[167.2077,-34.1292],[178.5838,-34.1292],[178.5838,-46.9175],[167.2077,-46.9175]]]},"properties":{"name":"New Zealand Lidar 1 Meter DSM","otId":"OTSDEM.082025.2193.2","short":"LINZ1m_DSM","doi":"https://doi.org/10.5069/G9ZK5DW0","created":"2025-08-28","temporal":"2008-05-01 / 2025-05-21","keywords":"lidar, DEM, DSM, DTM, mosaic, topography"}},{"type":"Feature","geometry":{"type":"Polygon","coordinates":[[[-82.5165,-56.5155],[-82.5165,14.0795],[-34.7266,14.0795],[-34.7266,-56.5155],[-82.5165,-56.5155]]]},"properties":{"name":"ANADEM: A Digital Terrain Model for South America","otId":"OTSDEM.082025.4674.1","short":"ANADEM","doi":"https://doi.org/10.5069/G9736P4G","created":"2025-08-04","temporal":"2011-01-01 / 2015-07-01","keywords":"Satellite, DSM, DTM, lidar, Copernicus, Landsat"}},{"type":"Feature","geometry":{"type":"Polygon","coordinates":[[[-180.0012,-62.0087],[-180.0012,83.6853],[180.0008,83.6853],[180.0008,-62.0087],[-180.0012,-62.0087]]]},"properties":{"name":"Global Ensemble Digital Terrain Model","otId":"OTSDEM.082025.4326.1","short":"GEDTM30","doi":"https://doi.org/10.5069/G9BV7DT1","created":"2025-08-04","temporal":"2006-01-01 / 2015-12-31","keywords":"Satellite, DSM, DTM, lidar, Copernicus, ALOS"}},{"type":"Feature","geometry":{"type":"Polygon","coordinates":[[[-123.7358,39.3076],[-123.741,39.3094],[-123.7384,39.3157],[-123.7431,39.3101],[-123.7701,39.3215],[-123.7293,39.3936],[-123.7172,39.4086],[-123.7077,39.4053],[-123.7042,39.4091],[-123.6911,39.4024],[-123.691,39.3861],[-123.7086,39.3545],[-123.6972,39.3492],[-123.7071,39.3331],[-123.7209,39.3338],[-123.7358,39.3076]]]},"properties":{"name":"Lidar Survey of Caspar Creek, CA 2003","otId":"OTSDEM.052025.26910.1","short":"CA03_Caspar","doi":"https://doi.org/10.5069/G94B2ZJ4","created":"2025-05-29","temporal":"2003-11-13 / 2003-11-14","keywords":"Caspar, lidar, ground, bare earth"}},{"type":"Feature","geometry":{"type":"Polygon","coordinates":[[[-145.8999,40.3516],[-145.8999,83.5002],[-52.4997,83.5002],[-52.4997,40.3516],[-145.8999,40.3516]]]},"properties":{"name":"Medium Resolution Digital Elevation Model of Canada","otId":"OTSDEM.032025.3979.1","short":"CA_MRDEM","doi":"https://doi.org/10.5069/G9N8780J","created":"2025-03-28","temporal":"2006-01-01 / 2025-03-26","keywords":"Canada, lidar, DEM, TanDEM-X, Copernicus, HRDEM"}},{"type":"Feature","geometry":{"type":"Polygon","coordinates":[[[-118.6983,34.1191],[-118.6908,34.1322],[-118.6579,34.1377],[-118.5521,34.1397],[-118.4841,34.1316],[-118.4727,34.1197],[-118.4641,34.0877],[-118.4318,34.0536],[-118.4577,34.0278],[-118.5,34.0062],[-118.5341,34.0304],[-118.5458,34.0329],[-118.6715,34.0338],[-118.6881,34.0282],[-118.7109,34.0848],[-118.6983,34.1191]]]},"properties":{"name":"Preliminary Digital Elevation Models for Palisades Fire, CA 2025","otId":"OTSDEM.012025.6340.2","short":"CA25_Palisades","doi":"https://doi.org/10.5069/G9DR2SPG","created":"2025-02-05","temporal":"2025-01-21","keywords":"Palisades Fire, California, lidar, DEM, disaster response"}},{"type":"Feature","geometry":{"type":"Polygon","coordinates":[[[-118.1539,34.1541],[-118.1919,34.2023],[-118.1703,34.2442],[-118.0736,34.2529],[-118.032,34.2338],[-118.0081,34.2098],[-117.9988,34.188],[-118.0129,34.1539],[-118.1539,34.1541]]]},"properties":{"name":"Preliminary Digital Elevation Models for Eaton Fire, CA 2025","otId":"OTSDEM.012025.6340.1","short":"CA25_Eaton","doi":"https://doi.org/10.5069/G9JH3JD6","created":"2025-02-05","temporal":"2025-01-21 / 2025-01-22","keywords":"Eaton Fire, California, lidar, DEM, disaster response"}},{"type":"Feature","geometry":{"type":"MultiPolygon","coordinates":[[[[-156.3388,65.7643],[-156.3385,65.7643],[-156.339,65.7642],[-156.3388,65.7643]]],[[[-156.434,65.7895],[-156.4209,65.7831],[-156.407,65.7912],[-156.4144,65.7965],[-156.3979,65.8075],[-156.4082,65.8109],[-156.3933,65.8168],[-156.3997,65.8205],[-156.3896,65.8257],[-156.3976,65.8288],[-156.3899,65.8303],[-156.3852,65.835],[-156.3909,65.8382],[-156.3795,65.843],[-156.3865,65.8457],[-156.3724,65.8512],[-156.3807,65.856],[-156.3564,65.8675],[-156.3423,65.8655],[-156.3012,65.8775],[-156.269,65.8729],[-156.2634,65.8748],[-156.2811,65.8806],[-156.2496,65.8887],[-156.2411,65.8853],[-156.2293,65.893],[-156.1412,65.8781],[-156.1648,65.8769],[-156.1542,65.8724],[-156.1659,65.8646],[-156.1659,65.8544],[-156.2264,65.8475],[-156.317,65.8071],[-156.3112,65.8041],[-156.3187,65.7996],[-156.3395,65.7972],[-156.3326,65.7962],[-156.3352,65.7922],[-156.3291,65.7886],[-156.3561,65.771],[-156.3466,65.7635],[-156.3298,65.7649],[-156.3082,65.758],[-156.3102,65.7549],[-156.2762,65.7556],[-156.2647,65.7473],[-156.251,65.7497],[-156.2453,65.742],[-156.2338,65.7439],[-156.2158,65.7329],[-156.2111,65.7383],[-156.1866,65.7246],[-156.196,65.7226],[-156.1938,65.7184],[-156.219,65.714],[-156.2158,65.7098],[-156.2484,65.7045],[-156.246,65.6995],[-156.265,65.6961],[-156.2603,65.6913],[-156.296,65.6866],[-156.2936,65.6822],[-156.3179,65.6782],[-156.314,65.6743],[-156.3422,65.6687],[-156.3404,65.6652],[-156.3669,65.6607],[-156.3633,65.6563],[-156.4498,65.646],[-156.4857,65.6495],[-156.4248,65.6581],[-156.4574,65.6607],[-156.5188,65.6438],[-156.5242,65.6478],[-156.5735,65.6428],[-156.568,65.6483],[-156.5977,65.647],[-156.6112,65.6561],[-156.6237,65.6526],[-156.6389,65.6605],[-156.6519,65.6575],[-156.672,65.6702],[-156.6529,65.6793],[-156.6576,65.6825],[-156.6379,65.686],[-156.6392,65.6917],[-156.6293,65.6952],[-156.6326,65.6984],[-156.6134,65.7019],[-156.614,65.7077],[-156.5824,65.7193],[-156.5924,65.7336],[-156.5868,65.7353],[-156.5935,65.7411],[-156.5879,65.747],[-156.5981,65.7531],[-156.5948,65.7607],[-156.434,65.7895]],[[-156.3119,65.7553],[-156.3265,65.7535],[-156.3404,65.754],[-156.3226,65.7528],[-156.3119,65.7553]],[[-156.2169,65.7332],[-156.2175,65.7326],[-156.2158,65.7329],[-156.2169,65.7332]],[[-156.5912,65.6737],[-156.5942,65.6743],[-156.5884,65.6729],[-156.5912,65.6737]],[[-156.5436,65.6757],[-156.5427,65.676],[-156.5446,65.6762],[-156.5436,65.6757]],[[-156.5995,65.6769],[-156.6016,65.6778],[-156.6025,65.6767],[-156.5995,65.6769]],[[-156.6155,65.6787],[-156.6152,65.6797],[-156.6169,65.6795],[-156.6155,65.6787]],[[-156.6015,65.6813],[-156.6043,65.6812],[-156.6035,65.6806],[-156.6015,65.6813]],[[-156.6244,65.6814],[-156.6234,65.6816],[-156.6249,65.6821],[-156.6244,65.6814]],[[-156.5978,65.6857],[-156.5933,65.6876],[-156.603,65.6852],[-156.6003,65.6843],[-156.5978,65.6857]],[[-156.5838,65.6897],[-156.5801,65.6904],[-156.5833,65.6906],[-156.5838,65.6897]],[[-156.5238,65.6802],[-156.5248,65.6794],[-156.5193,65.6805],[-156.5238,65.6802]],[[-156.5145,65.6815],[-156.5134,65.6819],[-156.5157,65.682],[-156.5145,65.6815]],[[-156.5098,65.6982],[-156.506,65.6958],[-156.498,65.6963],[-156.5055,65.6993],[-156.5098,65.6982]],[[-156.5131,65.7004],[-156.5106,65.7014],[-156.5177,65.7005],[-156.5131,65.7004]],[[-156.5761,65.6906],[-156.5759,65.6912],[-156.5774,65.691],[-156.5761,65.6906]],[[-156.5546,65.7084],[-156.5574,65.708],[-156.5533,65.7075],[-156.5546,65.7084]],[[-156.5578,65.7115],[-156.5625,65.712],[-156.563,65.7107],[-156.5578,65.7115]],[[-156.4988,65.6519],[-156.4999,65.6517],[-156.4942,65.6517],[-156.4988,65.6519]],[[-156.4909,65.6907],[-156.4921,65.6899],[-156.4902,65.6901],[-156.4909,65.6907]],[[-156.4893,65.6903],[-156.4853,65.691],[-156.4904,65.691],[-156.4893,65.6903]],[[-156.4616,65.6905],[-156.4621,65.6897],[-156.4582,65.6905],[-156.4616,65.6905]],[[-156.3888,65.6617],[-156.4087,65.6576],[-156.3957,65.6584],[-156.3845,65.6628],[-156.3888,65.6617]],[[-156.3819,65.6641],[-156.3829,65.6646],[-156.3841,65.6639],[-156.3819,65.6641]],[[-156.3852,65.6672],[-156.3892,65.6647],[-156.377,65.6679],[-156.3797,65.6688],[-156.3852,65.6672]],[[-156.385,65.6691],[-156.376,65.6697],[-156.3756,65.6773],[-156.3787,65.6831],[-156.3857,65.6799],[-156.3778,65.6784],[-156.385,65.6691]],[[-156.4573,65.6906],[-156.4577,65.6913],[-156.4587,65.691],[-156.4573,65.6906]],[[-156.4547,65.6911],[-156.4542,65.6913],[-156.4561,65.6915],[-156.4547,65.6911]],[[-156.4531,65.6915],[-156.452,65.6918],[-156.4537,65.6921],[-156.4531,65.6915]],[[-156.4511,65.693],[-156.4467,65.6925],[-156.4421,65.6941],[-156.4511,65.693]],[[-156.4948,65.6952],[-156.4972,65.6959],[-156.5011,65.6939],[-156.4922,65.694],[-156.4948,65.6952]],[[-156.4613,65.7356],[-156.4589,65.7363],[-156.4633,65.7362],[-156.4613,65.7356]],[[-156.494,65.7601],[-156.4972,65.759],[-156.4836,65.7617],[-156.494,65.7601]],[[-156.5267,65.7024],[-156.5278,65.7029],[-156.5286,65.7022],[-156.5267,65.7024]],[[-156.5226,65.704],[-156.5257,65.7037],[-156.5213,65.7031],[-156.5226,65.704]],[[-156.5356,65.7145],[-156.5253,65.7174],[-156.5407,65.7149],[-156.5356,65.7145]],[[-156.5285,65.7287],[-156.5234,65.7305],[-156.532,65.7291],[-156.5285,65.7287]],[[-156.5564,65.7136],[-156.5578,65.7123],[-156.5503,65.7132],[-156.5564,65.7136]],[[-156.5445,65.7139],[-156.55,65.7137],[-156.5446,65.7127],[-156.5445,65.7139]],[[-156.5408,65.7235],[-156.5425,65.7229],[-156.5403,65.7228],[-156.5408,65.7235]],[[-156.5413,65.7356],[-156.5398,65.7356],[-156.5413,65.7364],[-156.5413,65.7356]],[[-156.532,65.7336],[-156.5365,65.7327],[-156.5304,65.733],[-156.532,65.7336]],[[-156.5298,65.7331],[-156.5288,65.7337],[-156.5309,65.7341],[-156.5298,65.7331]],[[-156.5011,65.738],[-156.523,65.7355],[-156.5326,65.7377],[-156.5229,65.7341],[-156.5011,65.738]],[[-156.5333,65.7412],[-156.5368,65.7411],[-156.5358,65.74],[-156.5333,65.7412]],[[-156.5055,65.742],[-156.5045,65.7409],[-156.5028,65.7415],[-156.5055,65.742]],[[-156.499,65.7426],[-156.5016,65.7424],[-156.4999,65.7419],[-156.499,65.7426]],[[-156.5339,65.7456],[-156.5364,65.7445],[-156.5331,65.7449],[-156.5339,65.7456]],[[-156.4089,65.7046],[-156.4101,65.7047],[-156.4088,65.7039],[-156.4089,65.7046]],[[-156.4256,65.7069],[-156.4269,65.7073],[-156.4273,65.7068],[-156.4256,65.7069]],[[-156.408,65.7506],[-156.3962,65.7492],[-156.4052,65.7516],[-156.408,65.7506]],[[-156.3932,65.7506],[-156.395,65.7501],[-156.3902,65.7507],[-156.3932,65.7506]],[[-156.5053,65.746],[-156.5029,65.7459],[-156.5038,65.7464],[-156.5053,65.746]],[[-156.5018,65.7458],[-156.4991,65.7469],[-156.5029,65.7466],[-156.5018,65.7458]],[[-156.5019,65.7548],[-156.5018,65.7543],[-156.5,65.7545],[-156.5019,65.7548]],[[-156.4966,65.7544],[-156.4962,65.7561],[-156.4999,65.7551],[-156.4966,65.7544]],[[-156.3872,65.7535],[-156.393,65.753],[-156.3879,65.7522],[-156.3872,65.7535]],[[-156.3938,65.7568],[-156.3929,65.7566],[-156.3928,65.7573],[-156.3938,65.7568]],[[-156.4114,65.7579],[-156.4073,65.7575],[-156.4058,65.7589],[-156.4114,65.7579]],[[-156.3956,65.76],[-156.3964,65.7605],[-156.3972,65.7601],[-156.3956,65.76]],[[-156.4822,65.7621],[-156.4826,65.7628],[-156.4838,65.7626],[-156.4822,65.7621]],[[-156.4925,65.7639],[-156.4931,65.7629],[-156.4906,65.7638],[-156.4925,65.7639]],[[-156.4761,65.7677],[-156.4889,65.7641],[-156.4664,65.7684],[-156.4761,65.7677]],[[-156.4546,65.7754],[-156.4572,65.7746],[-156.4448,65.7763],[-156.4546,65.7754]],[[-156.5454,65.7384],[-156.5446,65.7386],[-156.5463,65.7385],[-156.5454,65.7384]],[[-156.5744,65.7429],[-156.5762,65.7426],[-156.5717,65.7421],[-156.5744,65.7429]],[[-156.5422,65.7485],[-156.5411,65.7477],[-156.5395,65.7481],[-156.5422,65.7485]],[[-156.5554,65.7497],[-156.556,65.7494],[-156.5537,65.7494],[-156.5554,65.7497]],[[-156.5735,65.7503],[-156.5769,65.751],[-156.5728,65.7493],[-156.5735,65.7503]],[[-156.5332,65.7654],[-156.5348,65.7651],[-156.5331,65.7649],[-156.5332,65.7654]],[[-156.4205,65.7777],[-156.4226,65.7777],[-156.4183,65.7769],[-156.4205,65.7777]],[[-156.4368,65.7781],[-156.4373,65.7787],[-156.4382,65.7783],[-156.4368,65.7781]],[[-156.436,65.7782],[-156.4352,65.779],[-156.437,65.7787],[-156.436,65.7782]],[[-156.4314,65.7793],[-156.4349,65.7791],[-156.4341,65.7785],[-156.4314,65.7793]],[[-156.4261,65.7784],[-156.4215,65.7791],[-156.4299,65.7795],[-156.4261,65.7784]],[[-156.4056,65.7669],[-156.4055,65.7676],[-156.4069,65.7674],[-156.4056,65.7669]],[[-156.415,65.7685],[-156.409,65.77],[-156.4165,65.7692],[-156.415,65.7685]],[[-156.4192,65.7738],[-156.4187,65.7723],[-156.4146,65.7729],[-156.4153,65.7748],[-156.4192,65.7738]],[[-156.3796,65.7767],[-156.3523,65.7881],[-156.3457,65.7981],[-156.3501,65.8008],[-156.3549,65.7903],[-156.3886,65.7745],[-156.3796,65.7767]],[[-156.3843,65.6853],[-156.3851,65.6846],[-156.3802,65.6844],[-156.3829,65.6865],[-156.3843,65.6853]],[[-156.3844,65.6877],[-156.3863,65.6903],[-156.3914,65.6888],[-156.3844,65.6877]],[[-156.3903,65.6927],[-156.3888,65.6925],[-156.3885,65.6931],[-156.3903,65.6927]],[[-156.394,65.6973],[-156.3968,65.6973],[-156.3944,65.6965],[-156.394,65.6973]],[[-156.3582,65.663],[-156.361,65.6637],[-156.3591,65.6623],[-156.3582,65.663]],[[-156.3139,65.7167],[-156.3168,65.716],[-156.3121,65.7167],[-156.3139,65.7167]],[[-156.3168,65.7254],[-156.3195,65.7243],[-156.3152,65.7245],[-156.3168,65.7254]],[[-156.3346,65.7267],[-156.3347,65.7259],[-156.3317,65.7266],[-156.3346,65.7267]],[[-156.3001,65.7092],[-156.3007,65.7086],[-156.2984,65.7092],[-156.3001,65.7092]],[[-156.2611,65.7162],[-156.2635,65.716],[-156.2643,65.7151],[-156.2611,65.7162]],[[-156.2964,65.7192],[-156.2981,65.7191],[-156.2968,65.7188],[-156.2964,65.7192]],[[-156.3691,65.7354],[-156.367,65.7352],[-156.3675,65.7361],[-156.3691,65.7354]],[[-156.3207,65.7385],[-156.3199,65.7391],[-156.3221,65.7388],[-156.3207,65.7385]],[[-156.3447,65.7432],[-156.3443,65.7439],[-156.3466,65.7439],[-156.3447,65.7432]],[[-156.3435,65.7439],[-156.3415,65.7437],[-156.3444,65.7447],[-156.3435,65.7439]],[[-156.3126,65.7215],[-156.3149,65.7214],[-156.3131,65.7207],[-156.3126,65.7215]],[[-156.2437,65.7235],[-156.2439,65.7229],[-156.2422,65.7232],[-156.2437,65.7235]],[[-156.2602,65.725],[-156.2592,65.725],[-156.261,65.7256],[-156.2602,65.725]],[[-156.2593,65.7257],[-156.2566,65.7255],[-156.2576,65.7262],[-156.2593,65.7257]],[[-156.2372,65.7193],[-156.2358,65.72],[-156.2389,65.7196],[-156.2372,65.7193]],[[-156.2245,65.7318],[-156.2258,65.7313],[-156.2239,65.7313],[-156.2245,65.7318]],[[-156.2221,65.7321],[-156.2221,65.7316],[-156.2203,65.7318],[-156.2221,65.7321]],[[-156.2191,65.7329],[-156.2201,65.7326],[-156.218,65.7325],[-156.2191,65.7329]],[[-156.2491,65.7317],[-156.2492,65.7324],[-156.2511,65.7322],[-156.2491,65.7317]],[[-156.2396,65.7407],[-156.2411,65.7402],[-156.2391,65.7404],[-156.2396,65.7407]],[[-156.2388,65.7402],[-156.2349,65.7402],[-156.2374,65.7418],[-156.2388,65.7402]],[[-156.2464,65.7416],[-156.2468,65.7422],[-156.248,65.7419],[-156.2464,65.7416]],[[-156.2096,65.861],[-156.2061,65.8608],[-156.2084,65.8621],[-156.2096,65.861]],[[-156.1789,65.8614],[-156.1767,65.862],[-156.1814,65.8618],[-156.1789,65.8614]],[[-156.1911,65.8656],[-156.1948,65.8619],[-156.2014,65.8597],[-156.1919,65.8611],[-156.1911,65.8656]],[[-156.1893,65.8657],[-156.1905,65.8661],[-156.191,65.8657],[-156.1893,65.8657]],[[-156.3617,65.7458],[-156.3641,65.7451],[-156.3593,65.7456],[-156.3617,65.7458]],[[-156.3477,65.7556],[-156.3451,65.756],[-156.3508,65.7571],[-156.3477,65.7556]],[[-156.3476,65.7638],[-156.3493,65.7638],[-156.3469,65.7633],[-156.3476,65.7638]],[[-156.3337,65.7997],[-156.3349,65.7999],[-156.3345,65.799],[-156.3337,65.7997]],[[-156.3559,65.8015],[-156.3542,65.8001],[-156.349,65.8013],[-156.3584,65.8058],[-156.3559,65.8015]],[[-156.3382,65.8034],[-156.3412,65.8021],[-156.3342,65.8048],[-156.3382,65.8034]],[[-156.3596,65.8073],[-156.3622,65.8075],[-156.3631,65.806],[-156.3592,65.8047],[-156.3596,65.8073]],[[-156.3665,65.8115],[-156.365,65.8106],[-156.3555,65.8141],[-156.3624,65.8142],[-156.3665,65.8115]],[[-156.3339,65.8115],[-156.3296,65.812],[-156.3314,65.8126],[-156.3339,65.8115]],[[-156.3296,65.8283],[-156.3265,65.8237],[-156.3437,65.8148],[-156.323,65.8213],[-156.3296,65.8283]],[[-156.335,65.8315],[-156.3289,65.8313],[-156.3398,65.8407],[-156.3436,65.8541],[-156.3483,65.8533],[-156.3477,65.8434],[-156.3588,65.8479],[-156.335,65.8315]],[[-156.3572,65.8518],[-156.3484,65.8556],[-156.3234,65.8594],[-156.2909,65.8611],[-156.3381,65.8611],[-156.3605,65.8504],[-156.3572,65.8518]],[[-156.275,65.8586],[-156.2788,65.8574],[-156.2722,65.8581],[-156.275,65.8586]],[[-156.2799,65.8592],[-156.2814,65.859],[-156.2794,65.8586],[-156.2799,65.8592]],[[-156.2895,65.8599],[-156.291,65.8582],[-156.283,65.8592],[-156.2895,65.8599]],[[-156.2589,65.8599],[-156.2625,65.8576],[-156.2477,65.8645],[-156.2513,65.8642],[-156.2589,65.8599]],[[-156.2696,65.8765],[-156.2683,65.8769],[-156.2698,65.8766],[-156.2696,65.8765]],[[-156.2135,65.8653],[-156.2109,65.8652],[-156.2097,65.8671],[-156.2118,65.8677],[-156.2135,65.8653]],[[-156.2013,65.8715],[-156.2032,65.8706],[-156.1964,65.8728],[-156.2013,65.8715]],[[-156.2527,65.8691],[-156.2569,65.8683],[-156.2481,65.8657],[-156.2527,65.8691]],[[-156.2569,65.8717],[-156.2603,65.8703],[-156.2553,65.8696],[-156.2569,65.8717]],[[-156.2331,65.8731],[-156.2446,65.874],[-156.224,65.8715],[-156.2331,65.8731]],[[-156.2576,65.8745],[-156.2456,65.8747],[-156.2539,65.8758],[-156.2576,65.8745]],[[-156.1708,65.8763],[-156.1682,65.877],[-156.1805,65.8755],[-156.1918,65.8678],[-156.1708,65.8763]],[[-156.218,65.8713],[-156.2142,65.8726],[-156.2129,65.8749],[-156.2193,65.8718],[-156.218,65.8713]],[[-156.213,65.8792],[-156.2152,65.8798],[-156.2156,65.8757],[-156.2135,65.8757],[-156.213,65.8792]],[[-156.1956,65.8813],[-156.1942,65.8795],[-156.1918,65.8813],[-156.1951,65.8832],[-156.1956,65.8813]],[[-156.2099,65.8843],[-156.2109,65.8839],[-156.2089,65.8839],[-156.2099,65.8843]],[[-156.2083,65.8839],[-156.2073,65.8843],[-156.2096,65.8844],[-156.2083,65.8839]],[[-156.2063,65.8842],[-156.1975,65.8841],[-156.2008,65.8854],[-156.2079,65.8849],[-156.2063,65.8842]]]]},"properties":{"name":"Mapping the Koyukuk River System, AK 2022","otId":"OTSDEM.122024.32604.1","short":"AK22_Lamb","doi":"https://doi.org/10.5069/G9V1231G","created":"2024-12-06","temporal":"2022-08-21 / 2022-08-23","keywords":"lidar, hydrology, Alaska, Koyukuk"}},{"type":"Feature","geometry":{"type":"Polygon","coordinates":[[[-122.7841,46.7196],[-122.7703,46.7177],[-122.7538,46.7064],[-122.7594,46.6875],[-122.7938,46.7019],[-122.8048,46.6984],[-122.8138,46.7022],[-122.8169,46.7123],[-122.8303,46.7142],[-122.8369,46.7267],[-122.8568,46.7325],[-122.8572,46.7474],[-122.852,46.7493],[-122.8662,46.7536],[-122.8472,46.7591],[-122.8674,46.7603],[-122.8681,46.7661],[-122.8854,46.7702],[-122.8858,46.7749],[-122.8526,46.7727],[-122.8528,46.7826],[-122.8645,46.7855],[-122.8639,46.7895],[-122.8432,46.7949],[-122.8261,46.7836],[-122.8256,46.7782],[-122.8149,46.7767],[-122.8237,46.7648],[-122.7594,46.7427],[-122.7594,46.7347],[-122.7655,46.7319],[-122.7929,46.734],[-122.7905,46.7202],[-122.7841,46.7196]],[[-122.8412,46.7754],[-122.8503,46.7679],[-122.8491,46.7653],[-122.833,46.7723],[-122.843,46.7819],[-122.8412,46.7754]]]},"properties":{"name":"Lidar Survey of the Centralia Mine, WA 2023","otId":"OTSDEM.112024.6339.1","short":"WA23_Centralia","doi":"https://doi.org/10.5069/G9765CJS","created":"2024-11-18","temporal":"2023-10-06","keywords":"Lidar, imagery, mining, Centralia, Washington, topography"}},{"type":"Feature","geometry":{"type":"Polygon","coordinates":[[[-122.0022,47.3249],[-121.9961,47.3304],[-121.9804,47.3301],[-121.978,47.3214],[-122.004,47.314],[-122.0046,47.3218],[-121.9971,47.3236],[-122.0022,47.3249]],[[-121.9904,47.3191],[-121.9873,47.3197],[-121.9872,47.3217],[-121.9898,47.321],[-121.9904,47.3191]],[[-121.994,47.3263],[-121.9929,47.3263],[-121.9952,47.327],[-121.994,47.3263]]]},"properties":{"name":"Lidar Survey of John Henry Mine, WA 2023","otId":"OTSDEM.112024.6339.2","short":"WA23_JohnHenry","doi":"https://doi.org/10.5069/G93F4MVH","created":"2024-11-18","temporal":"2023-10-06","keywords":"Lidar, imagery, mining, John Henry, Washington, topography"}},{"type":"Feature","geometry":{"type":"MultiPolygon","coordinates":[[[[-108.9593,35.7071],[-108.9308,35.7255],[-108.9291,35.7357],[-108.9166,35.7364],[-108.9111,35.7078],[-108.9251,35.6938],[-108.925,35.6866],[-108.8712,35.6868],[-108.8712,35.6745],[-108.9096,35.6616],[-108.9072,35.6532],[-108.9173,35.6522],[-108.9178,35.6295],[-108.9358,35.626],[-108.9352,35.6178],[-108.9181,35.6171],[-108.9188,35.5835],[-108.9363,35.5871],[-108.9507,35.5831],[-108.9642,35.5872],[-108.9644,35.5937],[-108.9732,35.5945],[-108.9742,35.6014],[-108.9905,35.6014],[-108.9917,35.6084],[-109.0078,35.6088],[-109.0077,35.6239],[-108.997,35.6371],[-109.0069,35.6389],[-109.0067,35.6542],[-108.9973,35.6554],[-109.0067,35.6597],[-109.0003,35.6686],[-109.0098,35.6753],[-108.998,35.6716],[-108.9816,35.6922],[-108.9656,35.6974],[-108.9593,35.7071]]],[[[-109.0244,35.6332],[-109.0231,35.6243],[-109.0388,35.6255],[-109.0334,35.6332],[-109.0244,35.6332]]],[[[-108.9202,35.6226],[-108.9163,35.6247],[-108.9156,35.6211],[-108.9195,35.6205],[-108.9202,35.6226]]]]},"properties":{"name":"Lidar Survey of the McKinley Mine, NM 2023","otId":"OTSDEM.112024.6341.2","short":"NM23_McKinley","doi":"https://doi.org/10.5069/G9BZ6486","created":"2024-11-18","temporal":"2023-10-17","keywords":"Lidar, imagery, mining, Kayenta, Arizona, topography"}},{"type":"Feature","geometry":{"type":"Polygon","coordinates":[[[-110.4079,36.5294],[-110.4269,36.5161],[-110.437,36.5195],[-110.4401,36.5312],[-110.4549,36.5344],[-110.4549,36.5638],[-110.4351,36.5646],[-110.4342,36.5716],[-110.4256,36.5723],[-110.4161,36.5935],[-110.3973,36.5936],[-110.3957,36.5791],[-110.3466,36.5786],[-110.3466,36.5633],[-110.3543,36.5623],[-110.3549,36.5556],[-110.3678,36.5551],[-110.3672,36.5428],[-110.3459,36.5427],[-110.3362,36.5283],[-110.2746,36.5282],[-110.2733,36.5008],[-110.2388,36.5005],[-110.239,36.389],[-110.2567,36.3888],[-110.2572,36.4014],[-110.2701,36.4019],[-110.2713,36.4067],[-110.2898,36.4067],[-110.2911,36.3887],[-110.3384,36.389],[-110.3387,36.4014],[-110.3523,36.4026],[-110.3523,36.4141],[-110.3421,36.4152],[-110.3421,36.4234],[-110.3521,36.4243],[-110.3523,36.4359],[-110.3346,36.4371],[-110.3386,36.4581],[-110.3251,36.4591],[-110.325,36.4986],[-110.3712,36.4992],[-110.3922,36.5181],[-110.3937,36.5344],[-110.4079,36.5294]]]},"properties":{"name":"Lidar Survey of the Kayenta Mine, AZ 2023","otId":"OTSDEM.112024.6341.1","short":"AZ23_Kayenta","doi":"https://doi.org/10.5069/G9GQ6W0J","created":"2024-11-18","temporal":"2023-10-18 / 2023-10-19","keywords":"Lidar, imagery, mining, Kayenta, Arizona, topography"}},{"type":"Feature","geometry":{"type":"Polygon","coordinates":[[[-122.3672,40.5154],[-122.3539,40.518],[-122.3157,40.477],[-122.3106,40.4769],[-122.3079,40.4845],[-122.2893,40.4755],[-122.2599,40.4772],[-122.2408,40.4686],[-122.2258,40.4775],[-122.2242,40.4607],[-122.209,40.4472],[-122.1969,40.4501],[-122.1867,40.4377],[-122.1906,40.4327],[-122.1804,40.3995],[-122.1505,40.4012],[-122.1485,40.3939],[-122.1708,40.3872],[-122.1519,40.3769],[-122.1593,40.3513],[-122.1898,40.336],[-122.1897,40.3238],[-122.1779,40.3226],[-122.144,40.3397],[-122.1478,40.3046],[-122.1697,40.2983],[-122.1941,40.2715],[-122.218,40.2608],[-122.2218,40.2526],[-122.2176,40.2424],[-122.208,40.2422],[-122.2003,40.2579],[-122.1814,40.2698],[-122.1781,40.2682],[-122.1841,40.2626],[-122.163,40.2535],[-122.1686,40.2443],[-122.1655,40.2379],[-122.1715,40.2376],[-122.2205,40.1944],[-122.2148,40.1654],[-122.1602,40.1559],[-122.1381,40.1466],[-122.1304,40.1209],[-122.1054,40.081],[-122.1103,40.0723],[-122.1027,40.0593],[-122.1066,40.0436],[-122.0757,40.054],[-122.1035,40.0397],[-122.1113,40.0255],[-122.1004,40.0124],[-122.1011,39.9988],[-122.0747,39.9727],[-122.0708,39.9457],[-122.0806,39.9133],[-122.0548,39.9031],[-122.0381,39.886],[-122.0415,39.8687],[-122.0518,39.8585],[-122.0598,39.8384],[-122.0449,39.8353],[-122.0483,39.8314],[-122.0409,39.802],[-122.0206,39.7999],[-122.0212,39.7689],[-121.9853,39.7498],[-121.9776,39.7391],[-121.9696,39.7402],[-121.9661,39.7474],[-121.9498,39.7347],[-121.9291,39.7332],[-121.9363,39.7237],[-121.9286,39.7159],[-121.9435,39.6804],[-121.9608,39.6635],[-121.9629,39.6455],[-121.9805,39.6394],[-121.9725,39.6059],[-121.9908,39.5947],[-121.9816,39.584],[-121.9789,39.5591],[-121.9611,39.5462],[-121.9743,39.5281],[-121.9887,39.4896],[-121.9898,39.4108],[-121.996,39.3924],[-121.9889,39.3849],[-121.9951,39.3739],[-122.0063,39.368],[-122.0152,39.3265],[-122.0132,39.2831],[-121.995,39.2684],[-121.9982,39.2498],[-121.9928,39.2403],[-121.9996,39.2185],[-121.9807,39.2094],[-121.9769,39.1904],[-121.9654,39.1902],[-121.9468,39.2006],[-121.9228,39.201],[-121.939,39.1783],[-121.9294,39.1624],[-121.9154,39.1537],[-121.9143,39.1425],[-121.9343,39.1395],[-121.9344,39.1357],[-121.91,39.1239],[-121.8895,39.0936],[-121.8864,39.0755],[-121.8459,39.0734],[-121.835,39.0647],[-121.8347,39.0484],[-121.8205,39.0325],[-121.8059,39.0288],[-121.8181,39.023],[-121.8214,39.0101],[-121.8076,39.006],[-121.8096,39.0029],[-121.8332,39.0106],[-121.8274,39.0218],[-121.8449,39.0502],[-121.8439,39.0637],[-121.8922,39.0703],[-121.9183,39.1189],[-121.94,39.1307],[-121.9427,39.1447],[-121.9213,39.1493],[-121.9369,39.1592],[-121.9483,39.1884],[-121.9796,39.1855],[-121.9912,39.1923],[-121.9895,39.2068],[-122.0169,39.2168],[-122.0088,39.2456],[-122.0242,39.2677],[-122.0217,39.2928],[-122.0322,39.2992],[-122.0358,39.3406],[-122.031,39.3525],[-122.0171,39.3611],[-122.0107,39.4021],[-122.0123,39.4357],[-122.0181,39.4492],[-122.0118,39.4601],[-122.0182,39.4798],[-122.0062,39.5022],[-122.0123,39.523],[-121.9985,39.5304],[-122.0083,39.5835],[-121.9954,39.6134],[-121.9953,39.651],[-122.0021,39.6652],[-121.9847,39.6856],[-121.9516,39.6954],[-121.9518,39.7084],[-122.0309,39.7643],[-122.037,39.78],[-122.0555,39.7914],[-122.0576,39.8009],[-122.0686,39.8098],[-122.0769,39.8376],[-122.0659,39.8711],[-122.0822,39.878],[-122.073,39.8825],[-122.0721,39.893],[-122.0993,39.9121],[-122.103,39.9233],[-122.0869,39.954],[-122.1051,39.9821],[-122.1222,39.9833],[-122.117,39.9933],[-122.1315,39.9975],[-122.1303,40.0029],[-122.1161,40.0046],[-122.1251,40.0577],[-122.1478,40.1042],[-122.1511,40.1376],[-122.1916,40.1473],[-122.1958,40.1469],[-122.1929,40.1437],[-122.2052,40.1478],[-122.2091,40.1408],[-122.2103,40.1494],[-122.2296,40.1698],[-122.2421,40.1655],[-122.2361,40.1701],[-122.2466,40.1715],[-122.2318,40.1729],[-122.2396,40.1823],[-122.2354,40.1924],[-122.2407,40.1996],[-122.2291,40.1963],[-122.2242,40.211],[-122.1921,40.2293],[-122.1824,40.2499],[-122.1929,40.2518],[-122.2018,40.2327],[-122.2167,40.2301],[-122.2302,40.2415],[-122.2315,40.263],[-122.236,40.2642],[-122.2045,40.2758],[-122.1859,40.2983],[-122.156,40.313],[-122.1642,40.3187],[-122.1787,40.3106],[-122.2208,40.3168],[-122.2072,40.3549],[-122.1924,40.3645],[-122.2231,40.3866],[-122.2046,40.3869],[-122.2062,40.4275],[-122.2323,40.4579],[-122.3171,40.4685],[-122.3522,40.4929],[-122.3776,40.5034],[-122.3801,40.5098],[-122.3716,40.5134],[-122.3732,40.5191],[-122.3672,40.5154]]]},"properties":{"name":"Topo-Bathymetric Data Set: Sacramento River, California 2023","otId":"OTSDEM.102024.6339.1","short":"CA23_Sacramento","doi":"https://doi.org/10.5069/G9MW2F86","created":"2024-10-29","temporal":"2023-09-22 / 2023-10-03","keywords":"lidar, bathymetry, ecology, geomorphology, hydrology, Sacramento"}},{"type":"Feature","geometry":{"type":"Polygon","coordinates":[[[-121.5587,41.7542],[-121.5255,41.7587],[-121.5282,41.768],[-121.4947,41.7728],[-121.4744,41.729],[-121.4661,41.7289],[-121.4639,41.7221],[-121.4701,41.7202],[-121.4622,41.7014],[-121.5468,41.6869],[-121.5556,41.707],[-121.5616,41.7063],[-121.563,41.7105],[-121.5579,41.7118],[-121.5648,41.7278],[-121.5615,41.7294],[-121.5719,41.7476],[-121.5587,41.7542]]]},"properties":{"name":"Lidar Survey of Lava Tubes, CA 2023","otId":"OTSDEM.102024.32610.1","short":"CA23_Williams","doi":"https://doi.org/10.5069/G9ST7N19","created":"2024-10-23","temporal":"2023-09-28","keywords":"lidar, lava, volcanology, speleology, ecology, archeology"}},{"type":"Feature","geometry":{"type":"Polygon","coordinates":[[[-116.3842,34.5301],[-116.314,34.4693],[-116.3255,34.4594],[-116.3335,34.46],[-116.4644,34.57],[-116.5059,34.6257],[-116.5303,34.6489],[-116.5388,34.6421],[-116.5455,34.6474],[-116.5375,34.6535],[-116.5724,34.7057],[-116.5501,34.7102],[-116.531,34.6765],[-116.5213,34.6651],[-116.514,34.6708],[-116.5074,34.6662],[-116.5146,34.6597],[-116.4759,34.6229],[-116.456,34.5925],[-116.3842,34.5301]]]},"properties":{"name":"Lidar Survey Along the Calico Fault, CA 2023","otId":"OTSDEM.092024.32611.1","short":"CA23_Fougere","doi":"https://doi.org/10.5069/G9RR1W65","created":"2024-09-27","temporal":"2023-09-24","keywords":"lidar, seismology, fault, San Andreas, Calico, Garlock"}},{"type":"Feature","geometry":{"type":"Polygon","coordinates":[[[-89.5485,29.411],[-89.5312,29.4312],[-89.5034,29.4367],[-89.4776,29.4071],[-89.4701,29.4106],[-89.4671,29.407],[-89.4725,29.4026],[-89.449,29.3727],[-89.4595,29.3625],[-89.5013,29.3513],[-89.5183,29.3551],[-89.5334,29.3626],[-89.5374,29.3759],[-89.5515,29.3915],[-89.5485,29.411]]]},"properties":{"name":"Lidar Survey of Deltaic Wetlands, LA 2023","otId":"OTSDEM.092024.6345.1","short":"LA23_Davidson","doi":"https://doi.org/10.5069/G9PC30KP","created":"2024-09-25","temporal":"2023-09-20","keywords":"lidar, New Orleans, hydrology, geomorphology, delta"}},{"type":"Feature","geometry":{"type":"Polygon","coordinates":[[[-105.532,40.6129],[-105.5448,40.6048],[-105.5562,40.6066],[-105.552,40.6129],[-105.6089,40.6259],[-105.6238,40.6346],[-105.6146,40.6463],[-105.5449,40.6335],[-105.5425,40.6406],[-105.5244,40.6287],[-105.532,40.6129]]]},"properties":{"name":"Lidar Survey of a Partially Burned Mountain Watershed, CO 2023","otId":"OTSDEM.092024.6342.1","short":"CO23_Roumelis","doi":"https://doi.org/10.5069/G9HD7SMZ","created":"2024-09-23","temporal":"2023-10-05","keywords":"lidar, hydrology, geomorphology, groundwater, Colorado"}},{"type":"Feature","geometry":{"type":"MultiPolygon","coordinates":[[[[-110.7282,43.6405],[-110.736,43.6512],[-110.6924,43.7124],[-110.6923,43.7231],[-110.6766,43.7439],[-110.6514,43.765],[-110.6068,43.7734],[-110.5773,43.8121],[-110.5428,43.8236],[-110.53,43.8381],[-110.5569,43.8538],[-110.5979,43.8506],[-110.5899,43.8577],[-110.6019,43.8608],[-110.6002,43.8679],[-110.5459,43.8701],[-110.5162,43.8539],[-110.5021,43.8548],[-110.4939,43.8311],[-110.5156,43.822],[-110.5249,43.8091],[-110.5578,43.7985],[-110.5991,43.7524],[-110.632,43.7494],[-110.6536,43.7344],[-110.7116,43.6406],[-110.7282,43.6405]],[[-110.7023,43.6586],[-110.7023,43.6586],[-110.7023,43.6587],[-110.7023,43.6586]],[[-110.729,43.6451],[-110.7286,43.645],[-110.7286,43.6453],[-110.729,43.6451]],[[-110.6871,43.7215],[-110.687,43.7212],[-110.6865,43.722],[-110.6871,43.7215]],[[-110.6341,43.7562],[-110.634,43.7561],[-110.6334,43.7564],[-110.6341,43.7562]],[[-110.6498,43.7613],[-110.6411,43.763],[-110.6434,43.7636],[-110.6498,43.7613]],[[-110.5667,43.8011],[-110.5661,43.8007],[-110.5662,43.8017],[-110.5667,43.8011]],[[-110.57,43.8118],[-110.5695,43.8115],[-110.5675,43.8125],[-110.57,43.8118]],[[-110.5151,43.8291],[-110.5154,43.8286],[-110.5149,43.8285],[-110.5151,43.8291]],[[-110.5519,43.8571],[-110.5521,43.8565],[-110.5517,43.8565],[-110.5519,43.8571]],[[-110.5457,43.8563],[-110.5454,43.8552],[-110.5453,43.8587],[-110.5468,43.8593],[-110.5457,43.8563]],[[-110.5225,43.8481],[-110.5232,43.8481],[-110.5224,43.8479],[-110.5225,43.8481]],[[-110.5495,43.8525],[-110.5506,43.8525],[-110.5494,43.852],[-110.5495,43.8525]],[[-110.6008,43.8621],[-110.597,43.8629],[-110.5994,43.8634],[-110.6008,43.8621]],[[-110.5562,43.8642],[-110.5554,43.8638],[-110.5554,43.8643],[-110.5562,43.8642]],[[-110.5576,43.8636],[-110.5564,43.8646],[-110.5575,43.8645],[-110.5576,43.8636]],[[-110.5576,43.8628],[-110.5573,43.8628],[-110.5575,43.8631],[-110.5576,43.8628]],[[-110.5594,43.8642],[-110.5591,43.8638],[-110.5586,43.8643],[-110.5594,43.8642]],[[-110.548,43.8653],[-110.5462,43.8636],[-110.5466,43.8647],[-110.548,43.8653]],[[-110.5458,43.8611],[-110.5458,43.8623],[-110.5457,43.8602],[-110.5458,43.8611]],[[-110.5492,43.8595],[-110.549,43.859],[-110.5486,43.86],[-110.5492,43.8595]]],[[[-110.6006,43.8538],[-110.6016,43.8548],[-110.5969,43.8551],[-110.6006,43.8538]]],[[[-110.5992,43.8621],[-110.5991,43.8625],[-110.5983,43.8626],[-110.5992,43.8621]]],[[[-110.599,43.8629],[-110.5993,43.8631],[-110.5987,43.8631],[-110.599,43.8629]]]]},"properties":{"name":"Lidar Survey of the Snake River,\tWY 2012 (532 nm/Aquarius)","otId":"OTSDEM.092024.26912.1","short":"WY12_LegleiterA","doi":"https://doi.org/10.5069/G9CC0XT2","created":"2024-09-17","temporal":"2012-08-20 / 2012-08-26","keywords":"lidar, bathymetry, hydrology, Snake River, Wyoming"}},{"type":"Feature","geometry":{"type":"Polygon","coordinates":[[[-110.7269,43.6404],[-110.7396,43.6407],[-110.7399,43.6487],[-110.6739,43.75],[-110.6552,43.7663],[-110.606,43.7742],[-110.5963,43.7923],[-110.5899,43.7934],[-110.5842,43.8112],[-110.5773,43.8114],[-110.5733,43.819],[-110.5684,43.8159],[-110.5416,43.8255],[-110.5333,43.837],[-110.56,43.854],[-110.5946,43.8477],[-110.6018,43.8506],[-110.5899,43.8571],[-110.6019,43.8591],[-110.5937,43.8625],[-110.6019,43.8628],[-110.6008,43.8731],[-110.5395,43.8745],[-110.5321,43.8648],[-110.5146,43.8652],[-110.5147,43.8561],[-110.5021,43.8561],[-110.5022,43.847],[-110.4897,43.8469],[-110.4899,43.8289],[-110.5024,43.8289],[-110.5028,43.8199],[-110.5149,43.8199],[-110.5152,43.8097],[-110.526,43.8029],[-110.5538,43.7981],[-110.5589,43.7867],[-110.5774,43.7752],[-110.5803,43.7583],[-110.5897,43.7571],[-110.5959,43.7485],[-110.6326,43.7476],[-110.6423,43.7349],[-110.6522,43.7335],[-110.6525,43.7216],[-110.6647,43.7124],[-110.6679,43.6969],[-110.6772,43.6945],[-110.6824,43.6769],[-110.6898,43.6764],[-110.6898,43.6645],[-110.7063,43.6408],[-110.7269,43.6404]],[[-110.7064,43.6803],[-110.7066,43.6802],[-110.7063,43.6801],[-110.7064,43.6803]],[[-110.7076,43.6829],[-110.7071,43.6827],[-110.7072,43.6833],[-110.7076,43.6829]],[[-110.7086,43.6803],[-110.7086,43.68],[-110.7085,43.6799],[-110.7085,43.6802],[-110.7086,43.6803]],[[-110.6771,43.7396],[-110.6771,43.7396],[-110.6771,43.7396],[-110.6771,43.7396]],[[-110.6647,43.7325],[-110.6647,43.7326],[-110.6648,43.7326],[-110.6647,43.7325]],[[-110.6647,43.7423],[-110.6647,43.7422],[-110.6646,43.7422],[-110.6647,43.7423]],[[-110.5773,43.8113],[-110.5772,43.8113],[-110.5772,43.8113],[-110.5773,43.8113]],[[-110.5505,43.8111],[-110.5504,43.8109],[-110.55,43.8112],[-110.5505,43.8111]],[[-110.5499,43.8112],[-110.5495,43.8111],[-110.5493,43.8114],[-110.5499,43.8112]],[[-110.5813,43.7948],[-110.5811,43.7948],[-110.5811,43.795],[-110.5813,43.7948]],[[-110.5815,43.7946],[-110.5815,43.7941],[-110.5814,43.7941],[-110.5814,43.7945],[-110.5815,43.7946]],[[-110.5525,43.81],[-110.5508,43.8107],[-110.5534,43.8105],[-110.5525,43.81]],[[-110.5286,43.8291],[-110.5291,43.8288],[-110.5286,43.8288],[-110.5286,43.8291]],[[-110.5025,43.8374],[-110.5024,43.8374],[-110.5025,43.8374],[-110.5025,43.8374]],[[-110.508,43.8377],[-110.5081,43.8374],[-110.5079,43.8374],[-110.5079,43.8377],[-110.508,43.8377]],[[-110.5457,43.8561],[-110.5404,43.8503],[-110.5336,43.8485],[-110.546,43.8597],[-110.5457,43.8561]],[[-110.5148,43.8389],[-110.5147,43.839],[-110.5148,43.8391],[-110.5148,43.8389]],[[-110.5231,43.8481],[-110.5247,43.8483],[-110.5223,43.8481],[-110.5231,43.8481]],[[-110.5594,43.8652],[-110.5598,43.8643],[-110.5585,43.8647],[-110.5594,43.8652]],[[-110.5519,43.8568],[-110.5518,43.8569],[-110.5521,43.8571],[-110.5519,43.8568]],[[-110.5967,43.8653],[-110.5966,43.8652],[-110.5965,43.8653],[-110.5967,43.8653]],[[-110.596,43.8654],[-110.5959,43.8653],[-110.5958,43.8654],[-110.596,43.8654]],[[-110.5767,43.8587],[-110.5772,43.8579],[-110.5762,43.8582],[-110.5767,43.8587]],[[-110.562,43.8597],[-110.5624,43.8602],[-110.5618,43.8593],[-110.562,43.8597]],[[-110.5521,43.867],[-110.553,43.8657],[-110.5503,43.866],[-110.5521,43.867]]]},"properties":{"name":"Lidar Survey of the Snake River,\tWY 2012 (1064 nm/Gemini)","otId":"OTSDEM.092024.26912.2","short":"WY12_LegleiterG","doi":"https://doi.org/10.5069/G9CC0XT2","created":"2024-09-17","temporal":"2012-08-20 / 2012-08-26","keywords":"lidar, bathymetry, hydrology, Snake River, Wyoming"}},{"type":"Feature","geometry":{"type":"MultiPolygon","coordinates":[[[[-119.0242,37.9716],[-119.0469,37.9792],[-119.0518,37.9834],[-119.0464,37.9815],[-119.0456,37.9827],[-119.0719,37.9984],[-119.0512,37.9887],[-119.0529,37.991],[-119.0845,38.0087],[-119.0731,37.9995],[-119.0782,37.9986],[-119.0731,37.9963],[-119.073,37.9948],[-119.1071,38.0127],[-119.1223,38.0082],[-119.1137,38.0153],[-119.1313,38.0229],[-119.1221,38.04],[-119.1434,38.0547],[-119.1284,38.0611],[-119.1094,38.0545],[-119.0737,38.0609],[-119.0624,38.0537],[-119.0556,38.0557],[-119.0546,38.0499],[-119.0267,38.0319],[-119.031,38.0296],[-119.016,38.0234],[-119.0187,38.0195],[-119.0132,38.0152],[-119.0186,38.0156],[-119.0079,38.0096],[-119.0182,38.0129],[-119.0118,38.0072],[-119.0193,38.0086],[-119.0065,38.0003],[-119.0166,38.0044],[-119.01,37.9936],[-119.0163,37.9946],[-119.009,37.9886],[-119.0238,37.9881],[-119.0151,37.9815],[-119.0291,37.9835],[-119.0164,37.9757],[-119.0376,37.9803],[-119.0242,37.9716]],[[-119.085,38.0102],[-119.0831,38.0099],[-119.0842,38.0118],[-119.085,38.0102]],[[-119.0617,38.0197],[-119.0598,38.0213],[-119.0618,38.0212],[-119.0617,38.0197]],[[-119.0621,38.018],[-119.0614,38.0166],[-119.0585,38.0162],[-119.0621,38.018]],[[-119.0534,38.0109],[-119.0472,38.0085],[-119.0464,38.0097],[-119.0533,38.0131],[-119.0534,38.0109]],[[-119.0409,38.0205],[-119.0348,38.016],[-119.0315,38.0169],[-119.0409,38.0205]],[[-119.0348,38.0201],[-119.0191,38.0133],[-119.0483,38.0296],[-119.0348,38.0201]],[[-119.0683,38.0016],[-119.066,37.9988],[-119.0607,38.0028],[-119.067,38.0057],[-119.0683,38.0016]],[[-119.0537,37.9929],[-119.053,37.9941],[-119.0545,37.9945],[-119.0537,37.9929]],[[-119.0205,37.9936],[-119.0194,37.9929],[-119.0178,37.9937],[-119.0205,37.9936]],[[-119.0162,37.9932],[-119.0153,37.9921],[-119.0148,37.9924],[-119.0162,37.9932]],[[-119.0167,37.9894],[-119.0219,37.9924],[-119.0184,37.9886],[-119.0167,37.9894]],[[-119.0614,37.9975],[-119.0626,38.0005],[-119.0628,37.9977],[-119.0614,37.9975]],[[-119.0571,37.9964],[-119.0582,37.9956],[-119.0565,37.9949],[-119.0571,37.9964]],[[-119.0563,37.9992],[-119.0554,37.9972],[-119.054,37.9976],[-119.054,37.9992],[-119.0563,37.9992]],[[-119.0838,38.0015],[-119.0797,37.9997],[-119.078,38.0011],[-119.0864,38.0047],[-119.0838,38.0015]],[[-119.0499,38.0074],[-119.0505,38.0087],[-119.0526,38.0088],[-119.0499,38.0074]],[[-119.0539,38.0053],[-119.0551,38.006],[-119.0539,38.0045],[-119.0522,38.0053],[-119.0539,38.0053]],[[-119.0583,38.0079],[-119.0594,38.0079],[-119.0568,38.0068],[-119.0568,38.0083],[-119.0583,38.0079]],[[-119.0419,38.0145],[-119.0471,38.0175],[-119.0471,38.0152],[-119.0419,38.0145]],[[-119.0841,38.0145],[-119.0829,38.0126],[-119.0812,38.0134],[-119.0841,38.0145]],[[-119.0391,38.0267],[-119.0316,38.0234],[-119.0363,38.0272],[-119.0391,38.0267]],[[-119.0363,38.0295],[-119.0254,38.0229],[-119.0237,38.0237],[-119.037,38.0308],[-119.0363,38.0295]],[[-119.0275,38.0198],[-119.0253,38.0198],[-119.0256,38.0209],[-119.028,38.0218],[-119.0275,38.0198]],[[-119.055,38.0147],[-119.0579,38.0146],[-119.0558,38.0127],[-119.055,38.0147]],[[-119.0435,38.029],[-119.0424,38.029],[-119.0426,38.0305],[-119.0435,38.029]],[[-119.039,38.034],[-119.0354,38.034],[-119.042,38.0364],[-119.039,38.034]]],[[[-119.0399,37.9726],[-119.04,37.9749],[-119.038,37.975],[-119.0379,37.9726],[-119.0399,37.9726]]],[[[-119.0536,37.9836],[-119.0562,37.9855],[-119.0516,37.984],[-119.0536,37.9836]]],[[[-119.0588,37.9858],[-119.0611,37.9889],[-119.0559,37.9867],[-119.0588,37.9858]]],[[[-119.0678,37.9922],[-119.0727,37.994],[-119.0727,37.9956],[-119.0678,37.9922]]],[[[-119.0615,37.9885],[-119.0673,37.9916],[-119.0615,37.9901],[-119.0615,37.9885]]]]},"properties":{"name":"Lidar Survey of Paoha Island, CA 2023","otId":"OTSDEM.082024.6340.1","short":"CA23_Smith","doi":"https://doi.org/10.5069/G9NG4NV7","created":"2024-08-21","temporal":"2023-09-27","keywords":"lidar, Mono Lake, Paoha Island, California, volcanic, climate"}},{"type":"Feature","geometry":{"type":"Polygon","coordinates":[[[-93.2579,36.0332],[-93.2722,36.0368],[-93.2765,36.0563],[-93.2729,36.0734],[-93.2832,36.0752],[-93.2828,36.082],[-93.2886,36.0827],[-93.291,36.0899],[-93.2992,36.0898],[-93.3012,36.099],[-93.3105,36.0997],[-93.31,36.1045],[-93.301,36.1047],[-93.3001,36.1131],[-93.2836,36.1154],[-93.277,36.1289],[-93.2339,36.1284],[-93.2294,36.136],[-93.2218,36.135],[-93.2231,36.1297],[-93.2154,36.1289],[-93.2165,36.1044],[-93.2117,36.103],[-93.2238,36.0836],[-93.2298,36.0335],[-93.2579,36.0332]]]},"properties":{"name":"Mapping Landscape Evolution in the Ozarks, AR 2023","otId":"OTSDEM.072024.6344.2","short":"AR23_Moran","doi":"https://doi.org/10.5069/G9959FSJ","created":"2024-07-31","temporal":"2023-09-21","keywords":"lidar, Buffalo, topography, geomorphology, hydrology"}},{"type":"Feature","geometry":{"type":"Polygon","coordinates":[[[-94.8388,30.18],[-94.837,30.1905],[-94.8042,30.1913],[-94.7962,30.0774],[-94.7853,30.0755],[-94.7846,30.0695],[-94.7948,30.0698],[-94.7978,30.0632],[-94.8312,30.0603],[-94.8319,30.0677],[-94.8375,30.067],[-94.8385,30.0733],[-94.8319,30.0766],[-94.8388,30.18]]]},"properties":{"name":"Characterizing Alluvial Channel Bank Erosion with Lidar, TX 2023","otId":"OTSDEM.072024.6344.1","short":"TX23_Nelson","doi":"https://doi.org/10.5069/G9DZ06JZ","created":"2024-07-30","temporal":"2023-09-19","keywords":"lidar, Trinity, topography, geomorphology, hydrology, UAV"}},{"type":"Feature","geometry":{"type":"Polygon","coordinates":[[[-116.7809,43.1173],[-116.8098,43.1162],[-116.803,43.1401],[-116.7779,43.1329],[-116.773,43.1257],[-116.7753,43.1175],[-116.7809,43.1173]]]},"properties":{"name":"Measuring Hydrologic and Biogeochemical Processes in an Intermittent Stream, ID 2023","otId":"OTSDEM.052024.6340.1","short":"ID23_Sclafani","doi":"https://doi.org/10.5069/G9XW4H00","created":"2024-06-17","temporal":"2023-09-11","keywords":"lidar, topography, canopy height, vegetation, geomorphology, hydrology"}},{"type":"Feature","geometry":{"type":"MultiPolygon","coordinates":[[[[-149.0252,61.1677],[-149.059,61.1685],[-149.0738,61.1843],[-149.0785,61.1952],[-149.1092,61.2224],[-149.1023,61.2314],[-149.1052,61.2387],[-149.0646,61.2452],[-149.0476,61.2567],[-149.035,61.2585],[-149.0347,61.2658],[-149.0299,61.2664],[-149.0329,61.2698],[-149.0223,61.2733],[-149.0217,61.2783],[-148.9969,61.2858],[-148.9795,61.2783],[-148.9468,61.2402],[-148.9172,61.2159],[-148.8015,61.2832],[-148.7826,61.2813],[-148.7406,61.2555],[-148.7521,61.2432],[-148.7426,61.237],[-148.7438,61.2297],[-148.8391,61.1686],[-148.9095,61.1659],[-148.9815,61.1489],[-148.9972,61.1523],[-149.0141,61.169],[-149.0252,61.1677]],[[-149.0682,61.1836],[-149.0706,61.1844],[-149.071,61.1832],[-149.0682,61.1836]],[[-149.0603,61.2357],[-149.0614,61.2362],[-149.0614,61.2356],[-149.0603,61.2357]],[[-149.058,61.2365],[-149.0596,61.2364],[-149.0575,61.2359],[-149.058,61.2365]],[[-149.0498,61.1805],[-149.0484,61.1804],[-149.0497,61.1815],[-149.0498,61.1805]],[[-149.0282,61.1868],[-149.0258,61.1871],[-149.0276,61.1874],[-149.0282,61.1868]],[[-148.7786,61.256],[-148.7774,61.2563],[-148.7794,61.2567],[-148.7786,61.256]]],[[[-149.0399,61.2637],[-149.0429,61.2658],[-149.0409,61.2702],[-149.035,61.273],[-149.0399,61.2637]]]]},"properties":{"name":"Monitoring the Mass Balance of Eklutna Glacier, AK 202","otId":"OTSDEM.042024.32606.2","short":"AK23_Brisbois","doi":"https://doi.org/10.5069/G92N50G8","created":"2024-05-07","temporal":"2023-07-22","keywords":"lidar, glaciology, mass balance, Alaska, Eklutna"}},{"type":"Feature","geometry":{"type":"Polygon","coordinates":[[[-147.7186,64.9941],[-147.719,64.988],[-147.7101,64.9828],[-147.7139,64.9782],[-147.7731,64.9753],[-147.7737,64.967],[-147.7836,64.9635],[-147.7973,64.9659],[-147.8005,64.9748],[-147.9164,64.9739],[-147.9246,64.9768],[-147.9281,64.9863],[-147.9247,64.9916],[-147.93,65.004],[-147.9226,65.0094],[-147.9316,65.0209],[-147.9193,65.0344],[-147.8061,65.0363],[-147.8038,65.0473],[-147.7882,65.05],[-147.7797,65.0467],[-147.7771,65.0367],[-147.7163,65.0352],[-147.7132,65.0152],[-147.7181,65.0103],[-147.712,64.9985],[-147.7186,64.9941]],[[-147.8945,65.0323],[-147.8898,65.0333],[-147.8942,65.0343],[-147.8945,65.0323]]]},"properties":{"name":"Detecting Changes in Hillslope Geomorphology Due to Thawing Permafrost, AK 2023","otId":"OTSDEM.042024.32606.1","short":"AK23_Robert","doi":"https://doi.org/10.5069/G9KK991N","created":"2024-04-22","temporal":"2023-07-27","keywords":"lidar, geomorphology, permafrost, slope, Alaska"}},{"type":"Feature","geometry":{"type":"Polygon","coordinates":[[[-180,-85],[-180,85],[180,85],[180,-85],[-180,-85]]]},"properties":{"name":"GEBCO Global Bathymetry and Topography","otId":"OTSDEM.122023.4326.1","short":"GEBCOIceTopo","doi":"https://doi.org/10.5069/G9D21VTT","created":"2024-03-08","temporal":"2000-02-11 / 2023-04-01","keywords":"bathymetry, ocean, altimetry, satellite, ship soundings, gravity anomaly"}},{"type":"Feature","geometry":{"type":"Polygon","coordinates":[[[-180,-85],[-180,85],[180,85],[180,-85],[-180,-85]]]},"properties":{"name":"GEBCO Global Bathymetry and Topography Including Basal Ice Surface","otId":"OTSDEM.122023.4326.2","short":"GEBCOSubIceTopo","doi":"https://doi.org/10.5069/G9D21VTT","created":"2024-03-08","temporal":"2000-02-11 / 2023-04-01","keywords":"bathymetry, ocean, altimetry, satellite, ship soundings, gravity anomaly"}},{"type":"Feature","geometry":{"type":"Polygon","coordinates":[[[-113.8332,47.7324],[-113.85,47.7483],[-113.865,47.8532],[-113.8722,47.8574],[-113.8841,47.9049],[-113.8759,47.9171],[-113.8372,47.9172],[-113.838,47.9129],[-113.8478,47.9154],[-113.8479,47.9096],[-113.839,47.8996],[-113.8348,47.9033],[-113.8307,47.8826],[-113.8347,47.877],[-113.8291,47.8564],[-113.8319,47.8455],[-113.8265,47.8422],[-113.8238,47.7943],[-113.8288,47.787],[-113.8196,47.7411],[-113.8332,47.7324]],[[-113.8362,47.8918],[-113.838,47.8953],[-113.8401,47.8917],[-113.8362,47.8918]]]},"properties":{"name":"Lidar Survey to Evaluate Spatial Heterogeneity and Channel Evolution, MT 2022","otId":"OTSDEM.112023.6341.1","short":"MT22_Marshall","doi":"https://doi.org/10.5069/G9HT2MHS","created":"2023-11-28","temporal":"2022-08-08 / 2022-08-09","keywords":"geomorphology, hydrology, flood plains, riparian, topography, lidar"}},{"type":"Feature","geometry":{"type":"Polygon","coordinates":[[[-121.6016,36.0744],[-121.5982,36.0796],[-121.6079,36.0845],[-121.5984,36.0905],[-121.6012,36.1031],[-121.5965,36.1063],[-121.5891,36.1046],[-121.5818,36.0878],[-121.5881,36.0754],[-121.57,36.0809],[-121.5548,36.0784],[-121.5532,36.0729],[-121.5779,36.0694],[-121.5957,36.0758],[-121.6004,36.0682],[-121.605,36.0699],[-121.6016,36.0744]]]},"properties":{"name":"Quantifying Channel Change in a Steep Coastal Stream, CA 2022","otId":"OTSDEM.072023.6339.1","short":"CA22_Olsen","doi":"https://doi.org/10.5069/G9TD9VJF","created":"2023-08-14","temporal":"2022-10-13","keywords":"geomorphology, fire, Big Sur, topography, lidar"}},{"type":"Feature","geometry":{"type":"MultiPolygon","coordinates":[[[[-121.4486,46.823],[-121.4491,46.823],[-121.4487,46.8231],[-121.4486,46.823]]],[[[-121.5297,47.0113],[-121.495,47.0065],[-121.492,46.9946],[-121.4963,46.9852],[-121.4903,46.9844],[-121.4894,46.975],[-121.4687,46.9702],[-121.4663,46.9621],[-121.4545,46.9602],[-121.4557,46.951],[-121.4485,46.9496],[-121.4488,46.926],[-121.4724,46.926],[-121.4743,46.9002],[-121.462,46.8888],[-121.4663,46.8634],[-121.4631,46.8474],[-121.4537,46.8471],[-121.4507,46.8228],[-121.446,46.8149],[-121.4375,46.814],[-121.4384,46.8038],[-121.4322,46.7958],[-121.4358,46.7772],[-121.4323,46.7615],[-121.4447,46.7502],[-121.4543,46.751],[-121.4633,46.7394],[-121.4714,46.7394],[-121.4766,46.7293],[-121.5047,46.7224],[-121.5054,46.7142],[-121.5483,46.7056],[-121.5485,46.6999],[-121.5807,46.6857],[-121.5912,46.6905],[-121.6174,46.6898],[-121.6736,46.7182],[-121.719,46.7131],[-121.8034,46.7185],[-121.8991,46.7117],[-121.9412,46.7252],[-121.9427,46.7525],[-121.931,46.7743],[-121.9359,46.7737],[-121.9528,46.8112],[-121.9712,46.8316],[-121.9358,46.8416],[-121.9389,46.8638],[-121.9324,46.8739],[-121.9361,46.895],[-121.9314,46.9018],[-121.9394,46.9196],[-121.9304,46.9514],[-121.9362,46.9822],[-121.9444,46.994],[-121.9336,47.0102],[-121.9323,47.0227],[-121.9031,47.0228],[-121.8804,47.012],[-121.8576,47.0142],[-121.8435,47.0075],[-121.7365,47.0064],[-121.7019,47.0124],[-121.6731,47.0052],[-121.6194,47.011],[-121.5872,47.0059],[-121.5297,47.0113]]],[[[-121.935,46.8923],[-121.935,46.8923],[-121.9351,46.8923],[-121.9351,46.8923],[-121.935,46.8923]]]]},"properties":{"name":"Survey of Mount Rainier, WA, 2021","otId":"OTSDEM.072023.26910.2","short":"WA21_Rainier","doi":"https://doi.org/10.5069/G92Z13Q7","created":"2023-07-20","temporal":"2021-09-21 / 2021-09-24","keywords":"Mount Rainier National Park, National Park Service, DSM, photogrammetry, elevation"}},{"type":"Feature","geometry":{"type":"Polygon","coordinates":[[[-119.4647,37.1747],[-119.471,37.1652],[-119.4641,37.1626],[-119.4452,37.1739],[-119.4434,37.1539],[-119.4612,37.1446],[-119.4768,37.1439],[-119.4872,37.1678],[-119.5002,37.1764],[-119.511,37.2058],[-119.5262,37.2195],[-119.5208,37.2225],[-119.5084,37.2143],[-119.4971,37.2147],[-119.5209,37.2864],[-119.5025,37.334],[-119.5047,37.3546],[-119.5163,37.3684],[-119.5015,37.3888],[-119.4885,37.3963],[-119.4719,37.3943],[-119.467,37.3869],[-119.4475,37.3898],[-119.4284,37.372],[-119.4283,37.35],[-119.4355,37.3489],[-119.4409,37.3251],[-119.4348,37.3106],[-119.4505,37.2994],[-119.4566,37.2822],[-119.4474,37.2662],[-119.4675,37.2349],[-119.4776,37.2031],[-119.4777,37.1883],[-119.4647,37.1747]]]},"properties":{"name":"USFS Willow Creek Lidar, CA 2012","otId":"OTSDEM.072023.26911.1","short":"CA12_Willow","doi":"https://doi.org/10.5069/G9G73BWM","created":"2023-07-10","temporal":"2012-11-23 / 2012-11-24","keywords":"BurnPro3D, California, fire, Willow Creek, ecology, topography"}},{"type":"Feature","geometry":{"type":"Polygon","coordinates":[[[-121.9125,41.4107],[-121.9189,41.4116],[-121.918,41.4551],[-121.8784,41.4548],[-121.879,41.4109],[-121.9125,41.4107]]]},"properties":{"name":"USFS Trout Creek Lidar, CA 2012","otId":"OTSDEM.072023.26910.1","short":"CA12_Trout","doi":"https://doi.org/10.5069/G9QN64ZG","created":"2023-07-07","temporal":"2012-10-16","keywords":"BurnPro3D, California, fire, Modoc, Trout Creek, Medicine Lake"}},{"type":"Feature","geometry":{"type":"Polygon","coordinates":[[[-121.9497,41.4545],[-121.964,41.475],[-121.9067,41.4839],[-121.8622,41.4834],[-121.8608,41.4093],[-121.8829,41.4098],[-121.8818,41.452],[-121.9152,41.4518],[-121.9188,41.4204],[-121.9497,41.4545]]]},"properties":{"name":"USFS Trout Creek Lidar, CA 2013","otId":"OTSDEM.062023.26910.8","short":"CA13_Trout","doi":"https://doi.org/10.5069/G9VD6WNC","created":"2023-06-30","temporal":"2013-09-07 / 2013-10-18","keywords":"BurnPro3D, California, fire, Modoc, Trout Creek, Medicine Lake"}},{"type":"Feature","geometry":{"type":"Polygon","coordinates":[[[-123.0788,39.905],[-123.0382,39.8797],[-123.0064,39.9159],[-122.9384,39.9081],[-122.9469,39.8688],[-122.9905,39.861],[-123.0306,39.873],[-123.0768,39.875],[-123.1224,39.8896],[-123.1066,39.9084],[-123.1052,39.9288],[-123.0643,39.9279],[-123.0857,39.9148],[-123.0788,39.905]]]},"properties":{"name":"USFS Taliaferro Ridge Lidar, CA 2013","otId":"OTSDEM.062023.26910.7","short":"CA13_Talia","doi":"https://doi.org/10.5069/G9057D42","created":"2023-06-29","temporal":"2013-10-22","keywords":"BurnPro3D, California, fire, Howard Lake, Taliaferro Ridge, landslide"}},{"type":"Feature","geometry":{"type":"Polygon","coordinates":[[[-122.8018,39.3228],[-122.7964,39.3368],[-122.7541,39.3468],[-122.7543,39.3309],[-122.7634,39.3179],[-122.7924,39.3092],[-122.8046,39.3121],[-122.8018,39.3228]]]},"properties":{"name":"USFS Summit Springs Lidar, CA 2013","otId":"OTSDEM.062023.26910.5","short":"CA13_Summit","doi":"https://doi.org/10.5069/G97P8WMV","created":"2023-06-28","temporal":"2013-10-23","keywords":"BurnPro3D, California, fire, Mendocino, Summit Springs, Plumas"}},{"type":"Feature","geometry":{"type":"Polygon","coordinates":[[[-123.0737,39.9234],[-123.0631,39.9265],[-123.0201,39.9205],[-123.0048,39.9115],[-123.0308,39.8812],[-123.0393,39.8802],[-123.0858,39.9065],[-123.0884,39.9161],[-123.0737,39.9234]]]},"properties":{"name":"USFS Taliaferro Ridge Lidar, CA 2012","otId":"OTSDEM.062023.26910.6","short":"CA12_Talia","doi":"https://doi.org/10.5069/G93X84V2","created":"2023-06-27","temporal":"2012-10-16","keywords":"BurnPro3D, California, fire, Taliaferro Ridge, landslide, Mendocino"}},{"type":"Feature","geometry":{"type":"MultiPolygon","coordinates":[[[[-121.3872,40.0184],[-121.408,40.0291],[-121.3954,40.0517],[-121.3834,40.0521],[-121.3738,40.0776],[-121.382,40.0785],[-121.3829,40.0855],[-121.4142,40.0891],[-121.4162,40.0947],[-121.4113,40.0981],[-121.4316,40.1036],[-121.4204,40.1459],[-121.4233,40.1558],[-121.4314,40.1505],[-121.4453,40.1554],[-121.4324,40.1767],[-121.4356,40.1844],[-121.4273,40.1882],[-121.409,40.1799],[-121.3955,40.1806],[-121.3879,40.1916],[-121.3694,40.2014],[-121.3278,40.2018],[-121.3172,40.2056],[-121.3179,40.2161],[-121.3081,40.2241],[-121.2972,40.2239],[-121.301,40.2169],[-121.2904,40.2169],[-121.2846,40.2277],[-121.269,40.2277],[-121.2686,40.2047],[-121.3061,40.1888],[-121.306,40.1769],[-121.2827,40.1727],[-121.2823,40.1553],[-121.2729,40.1506],[-121.2727,40.1358],[-121.2637,40.1351],[-121.2585,40.1268],[-121.2768,40.1262],[-121.2783,40.1189],[-121.3242,40.1153],[-121.3248,40.1027],[-121.3086,40.1022],[-121.3079,40.1092],[-121.3018,40.1095],[-121.3003,40.1022],[-121.2873,40.1023],[-121.286,40.0951],[-121.2731,40.095],[-121.2725,40.0882],[-121.2613,40.0841],[-121.2513,40.0883],[-121.256,40.0981],[-121.2513,40.0993],[-121.2512,40.113],[-121.2445,40.1134],[-121.2365,40.1052],[-121.2459,40.0841],[-121.2377,40.0795],[-121.2385,40.0676],[-121.2672,40.0634],[-121.2747,40.0407],[-121.2933,40.0325],[-121.3121,40.0035],[-121.3121,39.9827],[-121.3263,39.9615],[-121.3355,39.9606],[-121.3409,39.925],[-121.3458,39.9257],[-121.3423,39.9642],[-121.3558,40.0042],[-121.3523,40.0087],[-121.3729,40.0091],[-121.3872,40.0184]]],[[[-121.2608,40.1204],[-121.26,40.1243],[-121.2491,40.1237],[-121.2498,40.119],[-121.2608,40.1204]]]]},"properties":{"name":"USFS Storrie Fire, CA 2013","otId":"OTSDEM.062023.26910.4","short":"CA13_Storrie","doi":"https://doi.org/10.5069/G9CF9N94","created":"2023-06-27","temporal":"2013-07-30 / 2013-08-06","keywords":"BurnPro3D, California, fire, Storrie Fire, Plumas, ecology"}},{"type":"Feature","geometry":{"type":"Polygon","coordinates":[[[-121.35,39.9196],[-121.3421,39.9616],[-121.3558,40.0044],[-121.3522,40.0086],[-121.3729,40.0091],[-121.4074,40.0276],[-121.4034,40.0393],[-121.3953,40.0518],[-121.3834,40.052],[-121.3725,40.0858],[-121.3565,40.085],[-121.3475,40.0959],[-121.3381,40.0944],[-121.3333,40.0972],[-121.3338,40.1061],[-121.3039,40.1052],[-121.2927,40.1137],[-121.2929,40.1228],[-121.2673,40.1333],[-121.2524,40.1291],[-121.2365,40.1054],[-121.2459,40.0841],[-121.2339,40.0792],[-121.2391,40.0721],[-121.2062,40.061],[-121.2068,40.053],[-121.2196,40.0409],[-121.2206,40.0125],[-121.1916,40.0076],[-121.1842,40.0124],[-121.1811,39.9991],[-121.1972,39.9802],[-121.1976,39.9703],[-121.2422,39.9741],[-121.2639,39.9617],[-121.2876,39.959],[-121.3147,39.9373],[-121.316,39.9217],[-121.3285,39.9115],[-121.3634,39.9005],[-121.3596,39.9122],[-121.35,39.9196]]]},"properties":{"name":"USFS Storrie Fire, CA 2009","otId":"OTSDEM.062023.26910.3","short":"CA09_Storrie","doi":"https://doi.org/10.5069/G9H41PN4","created":"2023-06-26","temporal":"2009-07-31 / 2009-08-11","keywords":"BurnPro3D, California, fire, Storrie Fire, Plumas, ecology"}},{"type":"Feature","geometry":{"type":"Polygon","coordinates":[[[-118.6103,35.9762],[-118.5905,35.9718],[-118.5671,35.9796],[-118.564,35.987],[-118.5357,35.9897],[-118.517,35.9789],[-118.5159,35.9724],[-118.4928,35.9843],[-118.4857,35.9682],[-118.4975,35.9641],[-118.5152,35.9468],[-118.5398,35.9496],[-118.5668,35.9264],[-118.5669,35.9116],[-118.5831,35.9211],[-118.6053,35.9221],[-118.6123,35.9283],[-118.6134,35.9427],[-118.6435,35.9612],[-118.6458,35.9729],[-118.6303,35.9868],[-118.6092,35.9922],[-118.6036,35.9884],[-118.6103,35.9762]]]},"properties":{"name":"USFS South Creek Lidar, CA 2012","otId":"OTSDEM.062023.26911.1","short":"CA12_SouthCreek","doi":"https://doi.org/10.5069/G9WD3XSR","created":"2023-06-23","temporal":"2012-11-19 / 2012-11-20","keywords":"BurnPro3D, California, fire, South Creek, ecology, topography"}},{"type":"Feature","geometry":{"type":"Polygon","coordinates":[[[-122.113,40.8514],[-122.134,40.8169],[-122.1634,40.7833],[-122.1788,40.7806],[-122.1939,40.796],[-122.1716,40.8051],[-122.1352,40.8627],[-122.1243,40.8867],[-122.1276,40.9166],[-122.0754,40.9584],[-122.0593,40.9459],[-122.1014,40.9056],[-122.0973,40.8844],[-122.1048,40.8586],[-122.113,40.8514]]]},"properties":{"name":"USFS Squaw Creek Lidar, CA 2013","otId":"OTSDEM.062023.26910.2","short":"CA13_SquawCreek","doi":"https://doi.org/10.5069/G9MW2FB3","created":"2023-06-23","temporal":"2013-08-20 / 2013-09-01","keywords":"BurnPro3D, California, fire, Squaw Creek, ecology, topography"}},{"type":"Feature","geometry":{"type":"Polygon","coordinates":[[[-121.6195,41.4466],[-121.6202,41.4192],[-121.7238,41.4209],[-121.7217,41.5309],[-121.6242,41.5324],[-121.6198,41.5169],[-121.6195,41.4466]]]},"properties":{"name":"USFS Snag Hill Lidar, CA 2012","otId":"OTSDEM.062023.26910.1","short":"CA12_Snag","doi":"https://doi.org/10.5069/G9J38QQ2","created":"2023-06-20","temporal":"2012-10-14","keywords":"BurnPro3D, California, fire, Snag, ecology, topography"}},{"type":"Feature","geometry":{"type":"MultiPolygon","coordinates":[[[[120.9696,22.6744],[120.9681,22.6753],[120.9745,22.6793],[120.9797,22.6796],[120.9807,22.6825],[120.9847,22.6818],[120.9696,22.6744]]],[[[121.0127,22.863],[121.0148,22.8686],[121.0357,22.8716],[121.0389,22.8667],[121.0539,22.8732],[121.0402,22.8645],[121.027,22.8689],[121.0246,22.8635],[121.0127,22.863]]],[[[121.1253,23.1366],[121.1192,23.1443],[121.1107,23.1486],[121.1194,23.1467],[121.1253,23.1366]]],[[[121.0336,23.1697],[121.0336,23.1725],[121.0217,23.1806],[121.0392,23.1732],[121.0336,23.1697]]],[[[120.8608,23.1949],[120.8545,23.206],[120.8571,23.2109],[120.8626,23.199],[120.8608,23.1949]]],[[[121.2552,23.3141],[121.2479,23.3274],[121.2155,23.3386],[121.2169,23.3467],[121.2222,23.3477],[121.2315,23.3335],[121.2515,23.3307],[121.2552,23.3141]]],[[[121.0885,23.8778],[121.0871,23.8821],[121.0796,23.8838],[121.0791,23.8862],[121.0894,23.8843],[121.0885,23.8778]]],[[[121.1976,24.1356],[121.1925,24.1385],[121.1931,24.1413],[121.1983,24.1372],[121.1976,24.1356]],[[121.1934,24.139],[121.1935,24.139],[121.1935,24.139],[121.1934,24.139]]],[[[121.5673,24.1715],[121.5643,24.1741],[121.5842,24.1761],[121.577,24.1717],[121.5673,24.1715]]],[[[121.4735,24.1748],[121.4717,24.1843],[121.4802,24.1797],[121.486,24.1836],[121.4818,24.1885],[121.4856,24.1879],[121.4866,24.1817],[121.4945,24.182],[121.4887,24.1856],[121.4906,24.2027],[121.4921,24.1865],[121.4966,24.1869],[121.5011,24.1772],[121.5095,24.1808],[121.5156,24.1772],[121.5198,24.1825],[121.5214,24.1766],[121.5007,24.1741],[121.4955,24.1801],[121.4735,24.1748]]]]},"properties":{"name":"Bedrock River Channels of the Taiwan Central Range, 2018-2020","otId":"OTSDEM.062023.32651.1","short":"TW18_Carr","doi":"https://doi.org/10.5069/G9154F8F","created":"2023-06-15","temporal":"2018-03-16 / 2020-01-09","keywords":"Taiwan, river, bedrock river, boulders"}},{"type":"Feature","geometry":{"type":"Polygon","coordinates":[[[-114.6899,33.9332],[-114.6894,33.8987],[-114.7506,33.9008],[-114.7522,33.9503],[-114.7586,33.9548],[-114.6944,33.9627],[-114.6895,33.9582],[-114.6899,33.9332]]]},"properties":{"name":"Quantitative Characterization of Dune-Dune Interactions, CA 2022","otId":"OTSDEM.062023.6340.1","short":"CA22_Marvin","doi":"https://doi.org/10.5069/G9NV9GFG","created":"2023-06-08","temporal":"2022-10-10","keywords":"geomorphology, dunes, rice valley, Mojave, topography, lidar"}},{"type":"Feature","geometry":{"type":"Polygon","coordinates":[[[-123.6782,40.6716],[-123.7012,40.6835],[-123.6975,40.6953],[-123.7054,40.7038],[-123.6988,40.7163],[-123.6999,40.733],[-123.6923,40.7397],[-123.6987,40.7627],[-123.6802,40.7672],[-123.6796,40.7842],[-123.6715,40.7928],[-123.6837,40.7932],[-123.6845,40.7999],[-123.6911,40.8004],[-123.692,40.7864],[-123.6988,40.7865],[-123.7038,40.8095],[-123.693,40.8137],[-123.7033,40.8295],[-123.7215,40.8388],[-123.7374,40.8692],[-123.7343,40.8755],[-123.7391,40.8781],[-123.7394,40.8964],[-123.7202,40.8974],[-123.7188,40.9113],[-123.682,40.9123],[-123.6665,40.9059],[-123.6532,40.8925],[-123.6436,40.8593],[-123.6252,40.8499],[-123.614,40.8539],[-123.6206,40.8721],[-123.6029,40.8904],[-123.5902,40.879],[-123.5707,40.8826],[-123.547,40.8704],[-123.5266,40.8356],[-123.5303,40.8039],[-123.5185,40.7969],[-123.5031,40.7611],[-123.4889,40.7606],[-123.486,40.748],[-123.4759,40.737],[-123.4817,40.7318],[-123.4824,40.7158],[-123.4687,40.6948],[-123.4778,40.6916],[-123.4921,40.6619],[-123.4848,40.6561],[-123.4512,40.6641],[-123.4503,40.6144],[-123.4744,40.5964],[-123.4689,40.5824],[-123.4793,40.5624],[-123.516,40.5492],[-123.609,40.6761],[-123.6236,40.6819],[-123.636,40.6742],[-123.6327,40.6243],[-123.6494,40.6326],[-123.6782,40.6716]]]},"properties":{"name":"USFS Sims Fire Lidar, CA 2012","otId":"OTSDEM.042023.26910.1","short":"CA12_Sims","doi":"https://doi.org/10.5069/G9BK19J5","created":"2023-04-05","temporal":"2012-10-18 / 2012-12-13","keywords":"BurnPro3D, California, fire, Sims, ecology, topography"}},{"type":"Feature","geometry":{"type":"MultiPolygon","coordinates":[[[[-117.9929,34.184],[-117.879,34.1848],[-117.8789,34.1713],[-117.7812,34.172],[-117.7802,34.0638],[-117.8452,34.0633],[-117.8457,34.1039],[-117.992,34.1028],[-117.9929,34.184]]],[[[-118.189,34.2363],[-118.1239,34.2369],[-118.123,34.1693],[-118.1555,34.169],[-118.1546,34.1014],[-118.1709,34.1012],[-118.1707,34.0877],[-118.1869,34.0876],[-118.1867,34.074],[-118.203,34.0739],[-118.2028,34.0603],[-118.2353,34.06],[-118.2355,34.0736],[-118.2517,34.0734],[-118.2521,34.1004],[-118.2684,34.1003],[-118.2686,34.1138],[-118.2036,34.1144],[-118.2038,34.128],[-118.1875,34.1281],[-118.189,34.2363]]]]},"properties":{"name":"USFS San Gabriel Mountain Lidar, CA 2009","otId":"OTSDEM.032023.26911.2","short":"CA09_SanGab","doi":"https://doi.org/10.5069/G9M32T07","created":"2023-04-05","temporal":"2009-05-30 / 2009-06-22","keywords":"BurnPro3D, California, fire, San Gabriel, ecology, topography"}},{"type":"Feature","geometry":{"type":"Polygon","coordinates":[[[-122.8128,40.0971],[-122.8091,40.0953],[-122.8217,40.0572],[-122.8402,40.0295],[-122.8585,40.0247],[-122.8792,40.0408],[-122.8502,40.1024],[-122.8128,40.0971]]]},"properties":{"name":"USFS Slides Glade Lidar, CA 2013","otId":"OTSDEM.042023.26910.2","short":"CA13_Slide","doi":"https://doi.org/10.5069/G9GB228W","created":"2023-04-05","temporal":"2013-06-21","keywords":"BurnPro3D, California, fire, Slides Glade, ecology, topography"}},{"type":"Feature","geometry":{"type":"Polygon","coordinates":[[[-120.5239,41.5754],[-120.5237,41.5587],[-120.5455,41.5587],[-120.5455,41.6037],[-120.5368,41.6043],[-120.5365,41.6146],[-120.5264,41.6151],[-120.5264,41.6412],[-120.5459,41.6416],[-120.5459,41.6534],[-120.5567,41.654],[-120.5562,41.6822],[-120.5654,41.6827],[-120.5656,41.6971],[-120.5726,41.6976],[-120.5724,41.7226],[-120.5578,41.7286],[-120.5581,41.7484],[-120.5466,41.7483],[-120.5461,41.7566],[-120.5386,41.7572],[-120.5387,41.7724],[-120.5125,41.7724],[-120.5128,41.7583],[-120.5196,41.7577],[-120.5243,41.7387],[-120.5332,41.7384],[-120.534,41.7133],[-120.5435,41.7129],[-120.5437,41.6932],[-120.531,41.6924],[-120.5313,41.667],[-120.5242,41.6665],[-120.5243,41.6554],[-120.5049,41.655],[-120.5039,41.6061],[-120.5141,41.6061],[-120.515,41.5949],[-120.524,41.5943],[-120.5239,41.5754]]]},"properties":{"name":"USFS Road46 Lidar, CA 2013","otId":"OTSDEM.032023.26910.4","short":"CA13_Road46","doi":"https://doi.org/10.5069/G9QV3JRP","created":"2023-03-24","temporal":"2013-10-04 / 2013-10-05","keywords":"BurnPro3D, California, fire, Oak Creek, ecology, topography"}},{"type":"Feature","geometry":{"type":"Polygon","coordinates":[[[-118.3237,36.8537],[-118.2582,36.8434],[-118.2284,36.8326],[-118.2448,36.8283],[-118.2504,36.8188],[-118.2787,36.8045],[-118.3107,36.8019],[-118.3418,36.788],[-118.3736,36.7941],[-118.3923,36.8229],[-118.3932,36.8335],[-118.3701,36.8383],[-118.3627,36.8452],[-118.3633,36.8618],[-118.3571,36.8648],[-118.3237,36.8537]]]},"properties":{"name":"USFS Oak Creek Lidar, CA 2012","otId":"OTSDEM.032023.26911.1","short":"CA12_Oak","doi":"https://doi.org/10.5069/G9VM49HV","created":"2023-03-21","temporal":"2012-11-13 / 2012-11-15","keywords":"BurnPro3D, California, fire, Oak Creek, ecology, topography"}},{"type":"Feature","geometry":{"type":"Polygon","coordinates":[[[-122.6982,39.8346],[-122.6983,39.8272],[-122.6867,39.8254],[-122.6891,39.8019],[-122.7034,39.8032],[-122.7042,39.8252],[-122.7147,39.8162],[-122.7162,39.8049],[-122.7477,39.8007],[-122.8795,39.8056],[-122.8746,39.8751],[-122.8483,39.8737],[-122.8458,39.8451],[-122.8283,39.8441],[-122.8265,39.8304],[-122.7927,39.8305],[-122.7913,39.8167],[-122.7573,39.8173],[-122.7557,39.8585],[-122.7383,39.8601],[-122.7364,39.8756],[-122.6976,39.857],[-122.6982,39.8346]]]},"properties":{"name":"USFS Mule Lidar, CA 2013","otId":"OTSDEM.032023.26910.3","short":"CA13_Mule","doi":"https://doi.org/10.5069/G90C4T05","created":"2023-03-17","temporal":"2013-10-20 / 2013-10-21","keywords":"BurnPro3D, California, fire, Mule, Modoc, ecology"}},{"type":"Feature","geometry":{"type":"Polygon","coordinates":[[[-122.7531,39.8507],[-122.7548,39.8149],[-122.7941,39.8144],[-122.7949,39.8286],[-122.8292,39.8282],[-122.8309,39.8424],[-122.8489,39.8428],[-122.8502,39.8722],[-122.7356,39.8733],[-122.7355,39.8576],[-122.7525,39.8576],[-122.7531,39.8507]]]},"properties":{"name":"USFS Mule Lidar, CA 2012","otId":"OTSDEM.032023.26910.2","short":"CA12_Mule","doi":"https://doi.org/10.5069/G9416V8Q","created":"2023-03-13","temporal":"2012-10-15","keywords":"BurnPro3D, California, fire, Mule, ecology, topography"}},{"type":"Feature","geometry":{"type":"Polygon","coordinates":[[[-120.1815,41.9561],[-120.1893,41.9556],[-120.1892,41.9496],[-120.2066,41.9495],[-120.2071,41.9382],[-120.2305,41.9383],[-120.2301,41.9662],[-120.2218,41.9667],[-120.2213,41.9806],[-120.1701,41.98],[-120.1699,41.9561],[-120.1815,41.9561]]]},"properties":{"name":"USFS Mount Bidwell Lidar, CA 2013","otId":"OTSDEM.032023.26910.1","short":"CA13_MtBid","doi":"https://doi.org/10.5069/G9CJ8BP0","created":"2023-03-08","temporal":"2013-10-05","keywords":"BurnPro3D, California, fire, Mount Bidwell, Modoc, ecology"}},{"type":"Feature","geometry":{"type":"Polygon","coordinates":[[[-120.8464,39.4105],[-120.8694,39.41],[-120.8689,39.4349],[-120.8466,39.4419],[-120.8226,39.4413],[-120.8228,39.4218],[-120.8464,39.4105]]]},"properties":{"name":"USFS Moores Flat Lidar, CA 2013","otId":"OTSDEM.022023.26910.5","short":"CA13_Moores","doi":"https://doi.org/10.5069/G9H993DQ","created":"2023-02-24","temporal":"2013-04-26","keywords":"BurnPro3D, California, fire, Moores Flat, ecology, topography"}},{"type":"Feature","geometry":{"type":"Polygon","coordinates":[[[-120.8033,40.0435],[-120.8222,40.0548],[-120.8279,40.0649],[-120.8277,40.0859],[-120.8232,40.0991],[-120.8182,40.0994],[-120.819,40.1095],[-120.7898,40.1227],[-120.7994,40.1301],[-120.8003,40.1401],[-120.7905,40.1434],[-120.7855,40.1614],[-120.8197,40.1624],[-120.8197,40.1447],[-120.8422,40.1429],[-120.8466,40.1551],[-120.8688,40.1709],[-120.8936,40.1785],[-120.8983,40.1897],[-120.8797,40.2082],[-120.87,40.2074],[-120.8695,40.1933],[-120.8364,40.1936],[-120.8359,40.2323],[-120.8504,40.2372],[-120.8497,40.2493],[-120.8295,40.265],[-120.8305,40.275],[-120.7896,40.2851],[-120.7881,40.2947],[-120.7565,40.3212],[-120.7351,40.3197],[-120.7095,40.301],[-120.6932,40.3141],[-120.6601,40.3103],[-120.6531,40.3006],[-120.6299,40.2927],[-120.6223,40.2835],[-120.5958,40.2916],[-120.583,40.2866],[-120.551,40.2571],[-120.5482,40.2403],[-120.5638,40.229],[-120.5733,40.2108],[-120.6004,40.2037],[-120.5965,40.1977],[-120.6062,40.1809],[-120.5846,40.162],[-120.596,40.1535],[-120.5902,40.1476],[-120.6022,40.1358],[-120.5964,40.1297],[-120.6015,40.1202],[-120.6007,40.1013],[-120.594,40.0926],[-120.5998,40.079],[-120.6157,40.072],[-120.6473,40.0722],[-120.6649,40.0627],[-120.6735,40.0683],[-120.6939,40.0646],[-120.7223,40.0542],[-120.7303,40.044],[-120.8033,40.0435]],[[-120.6123,40.0784],[-120.6123,40.0778],[-120.6118,40.0781],[-120.6123,40.0784]],[[-120.6955,40.2127],[-120.6953,40.2077],[-120.6637,40.2073],[-120.6538,40.2148],[-120.6639,40.2167],[-120.6629,40.2375],[-120.6818,40.2402],[-120.6811,40.2634],[-120.697,40.2632],[-120.6999,40.2705],[-120.719,40.2716],[-120.719,40.2927],[-120.7308,40.2922],[-120.7332,40.2999],[-120.7435,40.3003],[-120.7445,40.2929],[-120.7538,40.2926],[-120.7583,40.2782],[-120.7812,40.2781],[-120.7813,40.2736],[-120.7723,40.2733],[-120.7721,40.2588],[-120.7531,40.2591],[-120.7522,40.2521],[-120.7107,40.2361],[-120.7112,40.2209],[-120.7168,40.2159],[-120.6955,40.2127]]]},"properties":{"name":"USFS Moonlight Fire Lidar, CA 2013","otId":"OTSDEM.022023.26910.4","short":"CA13_Moon","doi":"https://doi.org/10.5069/G9RV0KXH","created":"2023-02-22","temporal":"2013-08-03 / 2013-08-15","keywords":"BurnPro3D, California, fire, Moonlight, Plumas, ecology"}},{"type":"Feature","geometry":{"type":"Polygon","coordinates":[[[-119.0206,36.7439],[-119.0479,36.7682],[-119.0563,36.7711],[-119.0659,36.7649],[-119.0952,36.7641],[-119.1187,36.7861],[-119.1189,36.8026],[-119.1294,36.8126],[-119.132,36.8256],[-119.1166,36.8457],[-119.0959,36.8584],[-119.0841,36.8493],[-119.0471,36.8489],[-119.0187,36.8114],[-118.9935,36.8018],[-118.9847,36.7908],[-118.9643,36.7848],[-118.9489,36.7702],[-118.9394,36.7298],[-118.9437,36.7234],[-118.9731,36.7183],[-118.9814,36.7234],[-118.9993,36.7225],[-119.0206,36.7439]]]},"properties":{"name":"USFS Mill Flat Creek Lidar, CA 2012","otId":"OTSDEM.022023.26911.1","short":"CA12_MillFlat","doi":"https://doi.org/10.5069/G9WM1BMS","created":"2023-02-14","temporal":"2012-11-19 / 2019-11-20","keywords":"BurnPro3D, California, fire, Mill Flat, ecology, topography"}},{"type":"Feature","geometry":{"type":"Polygon","coordinates":[[[-180,-52.6881],[-180,52.6881],[180,52.6881],[180,-52.6881],[-180,-52.6881]]]},"properties":{"name":"Global Ecosystem Dynamics Investigation (GEDI) L3 Gridded Land Surface Metrics","otId":"OTSDEM.032022.4326.1","short":"GEDI_L3","doi":"https://doi.org/10.5069/G9V12301","created":"2023-02-13","temporal":"2019-04-18 / 2022-01-19","keywords":"lidar, ecosystem, ISS, canopy, waveform, RH100"}},{"type":"Feature","geometry":{"type":"Polygon","coordinates":[[[-120.7621,39.0113],[-120.7714,39.0116],[-120.7715,39.0188],[-120.7661,39.0324],[-120.754,39.0329],[-120.7531,39.0494],[-120.7186,39.0487],[-120.7194,39.0271],[-120.734,39.0269],[-120.7481,39.018],[-120.7488,39.0119],[-120.7621,39.0113]]]},"properties":{"name":"USFS Michigan Bluff Lidar, CA 2013","otId":"OTSDEM.022023.26910.3","short":"CA13_MichBluff","doi":"https://doi.org/10.5069/G91834Q6","created":"2023-02-07","temporal":"2013-04-26","keywords":"BurnPro3D, California, fire, Meadow Valley, ecology, topography"}},{"type":"Feature","geometry":{"type":"Polygon","coordinates":[[[-124.0851,43.9153],[-124.0856,43.9304],[-124.0352,43.9312],[-124.0337,43.9018],[-124.0858,43.8982],[-124.0851,43.9153]]]},"properties":{"name":"Mapping Changes in Vegetation After Deep-Seated Landslides, OR 2022","otId":"OTSDEM.022023.6339.1","short":"OR22_Sheppard","doi":"https://doi.org/10.5069/G9513WD3","created":"2023-02-07","temporal":"2022-03-16","keywords":"vegetation, landslide, geomorphology, topography, lidar"}},{"type":"Feature","geometry":{"type":"Polygon","coordinates":[[[-121.1349,39.9885],[-121.1313,39.9999],[-121.0573,39.9858],[-121.0408,39.9959],[-121.0405,40.0024],[-121.0308,40.0042],[-120.9774,39.9687],[-120.9516,39.9697],[-120.9537,39.9756],[-120.9331,39.9934],[-120.911,39.9819],[-120.919,39.9753],[-120.9133,39.9585],[-120.9249,39.9589],[-120.936,39.9437],[-120.9612,39.928],[-120.9452,39.8838],[-120.9543,39.8815],[-120.9601,39.869],[-120.9784,39.8573],[-121.0007,39.8579],[-121.035,39.8403],[-121.0691,39.8377],[-121.0942,39.8559],[-121.0988,39.8681],[-121.0883,39.877],[-121.0915,39.8844],[-121.098,39.8848],[-121.105,39.8747],[-121.1295,39.8748],[-121.1221,39.8806],[-121.1183,39.8955],[-121.1357,39.9122],[-121.1365,39.9296],[-121.1588,39.9484],[-121.1493,39.96],[-121.1527,39.9697],[-121.1349,39.9885]]]},"properties":{"name":"USFS Meadow Valley Lidar, CA 2009","otId":"OTSDEM.022023.26910.1","short":"CA09_Meadow","doi":"https://doi.org/10.5069/G98S4N4H","created":"2023-02-02","temporal":"2009-07-31 / 2009-08-11","keywords":"BurnPro3D, California, fire, Meadow Valley, ecology, topography"}},{"type":"Feature","geometry":{"type":"Polygon","coordinates":[[[-123.2244,41.5412],[-123.2349,41.542],[-123.2349,41.5863],[-123.1658,41.586],[-123.1659,41.5412],[-123.2244,41.5412]]]},"properties":{"name":"USFS Marble Valley Lidar, CA 2012","otId":"OTSDEM.012023.26910.3","short":"CA12_Marble","doi":"https://doi.org/10.5069/G9DJ5CVT","created":"2023-02-01","temporal":"2012-10-17","keywords":"BurnPro3D, California, Marble Valley, topography, hydrology, wildlife"}},{"type":"Feature","geometry":{"type":"Polygon","coordinates":[[[-123.5632,41.5093],[-123.5629,41.4742],[-123.5539,41.4738],[-123.5537,41.454],[-123.5448,41.4535],[-123.5443,41.3932],[-123.5353,41.3928],[-123.5352,41.3793],[-123.5417,41.3768],[-123.5537,41.3876],[-123.5548,41.4215],[-123.5624,41.4309],[-123.5738,41.4353],[-123.6014,41.4254],[-123.623,41.432],[-123.6131,41.461],[-123.6273,41.4661],[-123.6389,41.4818],[-123.637,41.4913],[-123.6473,41.5124],[-123.6496,41.5351],[-123.6832,41.5423],[-123.6948,41.5522],[-123.6839,41.5715],[-123.6903,41.5819],[-123.6828,41.5874],[-123.6833,41.6044],[-123.6733,41.6191],[-123.679,41.6333],[-123.6602,41.6366],[-123.6257,41.6225],[-123.5903,41.595],[-123.5743,41.6041],[-123.5699,41.6128],[-123.5631,41.6111],[-123.5606,41.5953],[-123.5729,41.5948],[-123.5726,41.5552],[-123.5636,41.5548],[-123.5632,41.5093]]]},"properties":{"name":"USFS Lower Klamath Lidar, CA 2014","otId":"OTSDEM.012023.26910.2","short":"CA14_Klamath","doi":"https://doi.org/10.5069/G9J964M0","created":"2023-01-24","temporal":"2014-05-12 / 2014-05-21","keywords":"BurnPro3D, California, Klamath, topography, hydrology"}},{"type":"Feature","geometry":{"type":"Polygon","coordinates":[[[-81.1117,36.4779],[-81.1062,36.4836],[-81.1244,36.5001],[-81.1131,36.5093],[-81.0874,36.501],[-81.0662,36.4778],[-81.0851,36.4684],[-81.0978,36.4791],[-81.108,36.4741],[-81.1117,36.4779]]]},"properties":{"name":"Lidar Survey of Sparta Earthquake Rupture, NC 2020","otId":"OTSDEM.122022.32617.1","short":"NC20_Fig","doi":"https://doi.org/10.5069/G92805T4","created":"2023-01-03","temporal":"2020-11-14","keywords":"earthquake, displacement, rupture, lidar, tectonic"}},{"type":"Feature","geometry":{"type":"Polygon","coordinates":[[[-119.4844,37.7274],[-119.4692,37.7381],[-119.46,37.7376],[-119.4542,37.7181],[-119.4371,37.7089],[-119.4219,37.6838],[-119.4242,37.6591],[-119.4352,37.6487],[-119.4385,37.6306],[-119.4762,37.6084],[-119.5379,37.6168],[-119.5673,37.6289],[-119.5849,37.6531],[-119.5862,37.6682],[-119.6012,37.7008],[-119.6011,37.7154],[-119.5845,37.7274],[-119.5824,37.7355],[-119.5732,37.7377],[-119.5502,37.7328],[-119.5184,37.7371],[-119.4989,37.7209],[-119.4883,37.7218],[-119.4844,37.7274]]]},"properties":{"name":"USFS Illilouette Basin Lidar, CA 2011","otId":"OTSDEM.122022.26911.1","short":"CA11_Ill","doi":"https://doi.org/10.5069/G9XG9PCR","created":"2023-01-03","temporal":"2011-08-19 / 2011-08-21","keywords":"BurnPro3D, California, fire, Illilouette, Yosemite, topography"}},{"type":"Feature","geometry":{"type":"Polygon","coordinates":[[[-122.092,44.223],[-122.0945,44.2108],[-122.0907,44.2079],[-122.1053,44.1997],[-122.1732,44.1984],[-122.1849,44.2222],[-122.1954,44.2662],[-122.1588,44.2849],[-122.1617,44.2934],[-122.1546,44.2975],[-122.1305,44.2941],[-122.124,44.2764],[-122.12,44.277],[-122.124,44.271],[-122.1171,44.2632],[-122.1073,44.2651],[-122.1001,44.2472],[-122.0914,44.2448],[-122.0902,44.2341],[-122.0974,44.2334],[-122.092,44.223]],[[-122.1307,44.205],[-122.13,44.2044],[-122.1294,44.2051],[-122.1307,44.205]],[[-122.1325,44.2841],[-122.1311,44.2825],[-122.1291,44.2835],[-122.1325,44.2841]]]},"properties":{"name":"Linking Snowpack Heterogeneity to Subsurface Storage and Transmissivity, OR 2022","otId":"OTSDEM.122022.6339.1","short":"OR22_Newcomb","doi":"https://doi.org/10.5069/G99S1P8W","created":"2022-12-22","temporal":"2022-03-17","keywords":"hydrology, snowpack, topography, subsurface, lidar"}},{"type":"Feature","geometry":{"type":"Polygon","coordinates":[[[-122.6958,41.7497],[-122.7334,41.7415],[-122.7494,41.7327],[-122.7705,41.7351],[-122.778,41.7376],[-122.7772,41.7453],[-122.7872,41.7538],[-122.8091,41.7595],[-122.8203,41.7685],[-122.7794,41.7973],[-122.7676,41.8151],[-122.7483,41.8158],[-122.7318,41.8259],[-122.7295,41.8341],[-122.7118,41.8409],[-122.6729,41.8331],[-122.6657,41.836],[-122.6619,41.8215],[-122.6511,41.8152],[-122.6462,41.8009],[-122.6539,41.7976],[-122.6546,41.7838],[-122.6727,41.778],[-122.6854,41.7655],[-122.6877,41.7539],[-122.6958,41.7497]]]},"properties":{"name":"USFS Humbug Creek Lidar, CA 2013","otId":"OTSDEM.122022.26910.2","short":"CA13_Humbug","doi":"https://doi.org/10.5069/G9FJ2F12","created":"2022-12-07","temporal":"2013-09-04 / 2013-09-07","keywords":"BurnPro3D, California, fire, Humbug Creek, topography, hydrology"}},{"type":"Feature","geometry":{"type":"Polygon","coordinates":[[[-121.5897,41.5549],[-121.6239,41.5304],[-121.7183,41.5291],[-121.7196,41.4128],[-121.7782,41.4125],[-121.7812,41.5437],[-121.7253,41.5765],[-121.7266,41.6136],[-121.7019,41.6641],[-121.5844,41.664],[-121.5825,41.6361],[-121.4279,41.6342],[-121.4292,41.5731],[-121.5634,41.5735],[-121.5897,41.5549]]]},"properties":{"name":"USFS Medicine Lake Volcano Lidar, CA 2013","otId":"OTSDEM.122022.26910.1","short":"CA13_MLV","doi":"https://doi.org/10.5069/G9K935RC","created":"2022-12-05","temporal":"2013-10-06 / 2013-10-18","keywords":"BurnPro3D, California, fire, Hager basin, topography, hydrology"}},{"type":"Feature","geometry":{"type":"Polygon","coordinates":[[[-120.8167,41.8007],[-120.828,41.7924],[-120.8592,41.7922],[-120.8594,41.8068],[-120.8404,41.8071],[-120.8337,41.8226],[-120.7882,41.8227],[-120.788,41.8048],[-120.8167,41.8007]]]},"properties":{"name":"USFS Hager Basin Lidar, CA 2013","otId":"OTSDEM.112022.26910.3","short":"CA13_Hager","doi":"https://doi.org/10.5069/G9TQ5ZRZ","created":"2022-11-18","temporal":"2013-10-02 / 2013-10-05","keywords":"BurnPro3D, California, fire, Hager Basin, topography, hydrology"}},{"type":"Feature","geometry":{"type":"Polygon","coordinates":[[[-120.2182,39.4384],[-120.2242,39.3964],[-120.2504,39.4027],[-120.2816,39.4017],[-120.3048,39.4102],[-120.3099,39.4061],[-120.3251,39.4179],[-120.3248,39.4278],[-120.3188,39.4276],[-120.3147,39.4407],[-120.3093,39.4398],[-120.2826,39.4638],[-120.2637,39.4696],[-120.2266,39.4538],[-120.2166,39.4443],[-120.2182,39.4384]]]},"properties":{"name":"Forest-Snow Interactions in a High Elevation Critical Zone, CA 2022","otId":"OTSDEM.112022.6339.1","short":"CA22_Piske","doi":"https://doi.org/10.5069/G9ZG6QF7","created":"2022-11-17","temporal":"2022-03-21","keywords":"forestry, hydrology, lidar, topography"}},{"type":"Feature","geometry":{"type":"Polygon","coordinates":[[[-121.0395,39.949],[-121.0374,39.9592],[-121.0156,39.9528],[-121.0195,39.9458],[-121.0395,39.949]]]},"properties":{"name":"USFS Gopher Hill Lidar, CA 2012","otId":"OTSDEM.112022.26910.2","short":"CA12_Gopher","doi":"https://doi.org/10.5069/G9707ZNV","created":"2022-11-08","temporal":"2012-11-26","keywords":"BurnPro3D, California, fire, Gopher Hill, ecology, topography"}},{"type":"Feature","geometry":{"type":"Polygon","coordinates":[[[-122.9407,40.8262],[-122.9198,40.8255],[-122.919,40.7909],[-122.9454,40.7906],[-122.9601,40.8256],[-122.9407,40.8262]]]},"properties":{"name":"USFS East Branch East Weaver Creek Lidar, CA 2012","otId":"OTSDEM.112022.26910.1","short":"CA12_EWeaver","doi":"https://doi.org/10.5069/G9GH9G4F","created":"2022-11-07","temporal":"2012-10-14","keywords":"BurnPro3D, California, fire, Weaver Creek, ecology, topography"}},{"type":"Feature","geometry":{"type":"MultiPolygon","coordinates":[[[[171.1178,-42.9137],[171.0365,-42.9704],[170.999,-42.9895],[170.9904,-42.993],[170.9822,-42.9806],[171.0353,-42.9523],[171.0939,-42.9079],[171.1324,-42.8913],[171.171,-42.8655],[171.1862,-42.8747],[171.1416,-42.9045],[171.1178,-42.9137]]],[[[172.0806,-42.4278],[172.1846,-42.3602],[172.2209,-42.3444],[172.2879,-42.297],[172.2869,-42.3053],[172.2925,-42.3039],[172.3005,-42.285],[172.3172,-42.2927],[172.2811,-42.3225],[172.193,-42.3721],[172.0708,-42.452],[172.018,-42.4821],[172.0133,-42.4832],[172.0039,-42.4724],[172.0806,-42.4278]]],[[[171.3929,-42.7526],[171.4261,-42.7328],[171.4829,-42.7106],[171.4924,-42.7131],[171.5041,-42.7005],[171.5863,-42.6558],[171.5986,-42.6656],[171.5269,-42.706],[171.3726,-42.7767],[171.3645,-42.764],[171.3929,-42.7526]]],[[[171.802,-42.5667],[171.8672,-42.5358],[171.8777,-42.547],[171.7245,-42.6157],[171.7058,-42.6218],[171.6984,-42.6095],[171.802,-42.5667]]]]},"properties":{"name":"Alpine Fault, NZ 2015","otId":"OTSDEM.102022.2193.4","short":"NZ15_Alpine","doi":"https://doi.org/10.5069/G9M61HGF","created":"2022-10-31","temporal":"2015-09-22 / 2015-09-25","keywords":"New Zealand, Alpine fault, GNS, South Island, topography, lidar"}},{"type":"Feature","geometry":{"type":"Polygon","coordinates":[[[-119.2474,37.0744],[-119.2821,37.071],[-119.2908,37.0869],[-119.2717,37.095],[-119.2294,37.0891],[-119.2133,37.0946],[-119.1852,37.145],[-119.1513,37.1512],[-119.1342,37.1644],[-119.1137,37.1628],[-119.1093,37.1516],[-119.0959,37.1468],[-119.1003,37.138],[-119.1472,37.1082],[-119.1275,37.0765],[-119.1018,37.0745],[-119.0989,37.0628],[-119.0199,37.0474],[-119.0183,37.0356],[-119.029,37.0215],[-119.0653,37.006],[-119.0815,37.0126],[-119.1102,37.0106],[-119.1013,37.001],[-119.1052,36.9957],[-119.1202,36.999],[-119.123,36.9876],[-119.1152,36.9772],[-119.1136,36.9507],[-119.1505,36.9452],[-119.1745,36.9596],[-119.1427,36.9916],[-119.1371,37.0082],[-119.1922,36.975],[-119.196,36.9646],[-119.2042,36.9666],[-119.2119,36.9571],[-119.2284,36.9607],[-119.2375,36.9764],[-119.2323,36.9931],[-119.2522,37.0136],[-119.2527,37.0266],[-119.2744,37.0273],[-119.2779,37.0356],[-119.2387,37.0381],[-119.2257,37.018],[-119.2161,37.0164],[-119.2048,37.0229],[-119.2138,37.024],[-119.2146,37.0523],[-119.2235,37.0536],[-119.2243,37.0646],[-119.2191,37.0675],[-119.2281,37.0674],[-119.2342,37.0765],[-119.2474,37.0744]]]},"properties":{"name":"USFS Dinkey Creek Lidar, CA 2012","otId":"OTSDEM.102022.26911.3","short":"CA12_Dinkey","doi":"https://doi.org/10.5069/G9474829","created":"2022-10-20","temporal":"2012-11-21 / 2012-11-27","keywords":"BurnPro3D, California, fire, Dinkey Creek, ecology, topography"}},{"type":"Feature","geometry":{"type":"Polygon","coordinates":[[[-110.1197,31.4544],[-110.1465,31.5178],[-110.1474,31.5458],[-110.1806,31.5389],[-110.1816,31.5433],[-110.1508,31.5504],[-110.1505,31.5641],[-110.1621,31.602],[-110.1726,31.6095],[-110.1758,31.6202],[-110.1817,31.619],[-110.1873,31.6337],[-110.1831,31.6394],[-110.2086,31.6889],[-110.2002,31.6942],[-110.1845,31.69],[-110.1692,31.6742],[-110.1697,31.6557],[-110.1581,31.6169],[-110.1461,31.6073],[-110.1372,31.5791],[-110.1309,31.5773],[-110.1277,31.5561],[-110.0983,31.5631],[-110.0968,31.5586],[-110.1277,31.5503],[-110.122,31.5186],[-110.098,31.459],[-110.1015,31.4499],[-110.0947,31.4298],[-110.1026,31.3724],[-110.1106,31.3706],[-110.11,31.361],[-110.1301,31.3478],[-110.1329,31.3375],[-110.1543,31.3346],[-110.1527,31.3432],[-110.1425,31.346],[-110.1218,31.3721],[-110.1153,31.4282],[-110.1197,31.4544]]]},"properties":{"name":"Lidar Survey of the San Pedro River, AZ 2021","otId":"OTSDEM.102022.32612.1","short":"AZ21_McMahon","doi":"https://doi.org/10.5069/G98050T2","created":"2022-10-17","temporal":"2021-07-10 / 2021-07-11","keywords":"lidar, drought, geomorphology, San Pedro, topography, riparian"}},{"type":"Feature","geometry":{"type":"MultiPolygon","coordinates":[[[[-119.2483,37.0875],[-119.2704,37.0931],[-119.2857,37.0896],[-119.286,37.0817],[-119.2961,37.0817],[-119.2969,37.0885],[-119.306,37.0893],[-119.3064,37.0972],[-119.2657,37.0981],[-119.2684,37.1054],[-119.259,37.1052],[-119.253,37.0981],[-119.2202,37.0982],[-119.2283,37.1003],[-119.229,37.1102],[-119.2338,37.1115],[-119.2244,37.1205],[-119.2245,37.1393],[-119.2334,37.1405],[-119.2336,37.1519],[-119.2291,37.1539],[-119.2335,37.1592],[-119.223,37.1716],[-119.2143,37.1641],[-119.1966,37.1626],[-119.2038,37.1361],[-119.1895,37.131],[-119.2015,37.1199],[-119.2006,37.1013],[-119.2248,37.0878],[-119.2483,37.0875]]],[[[-119.0806,37.0489],[-119.0732,37.0511],[-119.0573,37.0306],[-119.0387,37.0224],[-119.0358,37.017],[-119.0416,37.0144],[-119.0344,37.0059],[-119.0456,37.0015],[-119.023,36.9948],[-119.0454,36.9812],[-119.0149,36.9729],[-119.0152,36.9464],[-119.0646,36.9449],[-119.0823,36.9349],[-119.0862,36.9462],[-119.0969,36.9469],[-119.0933,36.9387],[-119.098,36.9375],[-119.125,36.95],[-119.116,36.9518],[-119.1151,36.9582],[-119.1174,36.9765],[-119.126,36.9851],[-119.1243,36.9978],[-119.1035,37.0021],[-119.1122,37.0056],[-119.1105,37.0198],[-119.0953,37.0242],[-119.0784,37.0137],[-119.0786,36.9791],[-119.0681,36.9684],[-119.0615,36.9656],[-119.0616,36.9799],[-119.0532,36.9811],[-119.067,36.9959],[-119.0684,37.0223],[-119.0832,37.0411],[-119.0806,37.0489]],[[-119.0998,36.947],[-119.1,36.9492],[-119.1059,36.9516],[-119.1052,36.9482],[-119.0998,36.947]]],[[[-119.0981,37.0571],[-119.105,37.0598],[-119.0861,37.0727],[-119.0884,37.0814],[-119.0789,37.0882],[-119.0683,37.0888],[-119.0763,37.0816],[-119.0725,37.0748],[-119.0699,37.08],[-119.0581,37.0759],[-119.0539,37.0853],[-119.0416,37.0724],[-119.0418,37.0652],[-119.0521,37.0551],[-119.0981,37.0571]]],[[[-119.1484,37.0183],[-119.14,37.0181],[-119.1334,37.0079],[-119.1399,36.9907],[-119.1821,36.9468],[-119.2008,36.941],[-119.206,36.9225],[-119.2122,36.9227],[-119.2097,36.9328],[-119.2371,36.9426],[-119.2339,36.9667],[-119.2138,36.959],[-119.2076,36.9617],[-119.207,36.971],[-119.1978,36.9661],[-119.1916,36.9785],[-119.1717,36.9881],[-119.1701,36.9932],[-119.1751,36.9952],[-119.167,37.004],[-119.1703,37.0103],[-119.1515,37.0108],[-119.1484,37.0183]]],[[[-119.2453,37.0083],[-119.2554,37.003],[-119.2464,36.9959],[-119.2502,36.9887],[-119.2459,36.9811],[-119.2378,36.9788],[-119.2474,36.9686],[-119.2665,36.9813],[-119.2622,36.9936],[-119.279,36.99],[-119.2831,37.0002],[-119.2942,37.0071],[-119.2903,37.027],[-119.3019,37.0311],[-119.303,37.0402],[-119.3149,37.0461],[-119.3193,37.072],[-119.2955,37.0761],[-119.2942,37.0694],[-119.2883,37.0691],[-119.2867,37.0762],[-119.2768,37.0728],[-119.233,37.0793],[-119.2262,37.0691],[-119.2167,37.0709],[-119.2214,37.0551],[-119.2124,37.0538],[-119.2117,37.0257],[-119.2051,37.0258],[-119.2046,37.0325],[-119.1951,37.0326],[-119.1941,37.0239],[-119.2165,37.0137],[-119.228,37.0165],[-119.2377,37.034],[-119.2485,37.0321],[-119.249,37.0255],[-119.2634,37.028],[-119.2628,37.0187],[-119.2532,37.0211],[-119.2453,37.0083]]],[[[-119.1432,37.0364],[-119.1444,37.0409],[-119.1515,37.0351],[-119.1733,37.0418],[-119.1693,37.0593],[-119.1779,37.0601],[-119.1804,37.0649],[-119.1739,37.0667],[-119.1876,37.0729],[-119.1872,37.0788],[-119.1689,37.0864],[-119.1725,37.123],[-119.1822,37.1321],[-119.1714,37.1402],[-119.1729,37.1493],[-119.1628,37.1518],[-119.1545,37.1428],[-119.1604,37.1362],[-119.1507,37.1347],[-119.1545,37.0864],[-119.1406,37.087],[-119.1332,37.0746],[-119.1241,37.0732],[-119.1283,37.0707],[-119.1268,37.0615],[-119.1197,37.0542],[-119.1355,37.0493],[-119.1253,37.0407],[-119.1432,37.0364]]]]},"properties":{"name":"USFS Dinkey Creek Lidar, CA 2010","otId":"OTSDEM.102022.26911.2","short":"CA10_Dinkey","doi":"https://doi.org/10.5069/G9CR5RJ3","created":"2022-10-13","temporal":"2010-10-12 / 2010-10-19","keywords":"BurnPro3D, California, fire, Dinkey Creek, ecology, topography"}},{"type":"Feature","geometry":{"type":"Polygon","coordinates":[[[-118.9319,37.7496],[-118.9402,37.7334],[-118.9652,37.7076],[-118.9903,37.7049],[-119.0058,37.6922],[-119.024,37.6971],[-119.0498,37.6725],[-119.0646,37.6791],[-119.1068,37.7185],[-119.1013,37.7244],[-119.0884,37.7252],[-119.0786,37.7389],[-119.059,37.7496],[-119.0509,37.7709],[-119.0149,37.7722],[-119.0137,37.7927],[-119.0191,37.8008],[-118.9837,37.801],[-118.9533,37.7717],[-118.9384,37.7645],[-118.9397,37.7566],[-118.9319,37.7496]]]},"properties":{"name":"USFS Deadman Creek Lidar, CA 2103","otId":"OTSDEM.102022.26911.1","short":"CA13_Deadman","doi":"https://doi.org/10.5069/G9N58JKT","created":"2022-10-06","temporal":"2013-08-07 / 2013-09-01","keywords":"BurnPro3D, California, fire, Deadman Creek, ecology, topography"}},{"type":"Feature","geometry":{"type":"Polygon","coordinates":[[[-119.1036,37.0849],[-119.1012,37.0471],[-119.1616,37.0499],[-119.166,37.0724],[-119.1602,37.0736],[-119.1581,37.1135],[-119.1019,37.1129],[-119.1036,37.0849]]]},"properties":{"name":"Topographic and Lithologic Controls on Subsurface Weathering, CA 2021","otId":"OTSDEM.092022.6340.2","short":"CA21_Higa","doi":"https://doi.org/10.5069/G9RX998S","created":"2022-09-30","temporal":"2021-07-13","keywords":"lidar, Sierra Nevada, geomorphology, weathering, topography"}},{"type":"Feature","geometry":{"type":"Polygon","coordinates":[[[-117.0731,39.064],[-117.0565,39.0564],[-117.0844,39.0077],[-117.0771,39.0017],[-117.0789,38.9958],[-117.0885,38.9994],[-117.0973,38.9836],[-117.156,38.9978],[-117.146,39.0164],[-117.1558,39.0204],[-117.1538,39.026],[-117.1416,39.0234],[-117.1098,39.0836],[-117.0731,39.064]]]},"properties":{"name":"Morphodynamics of an Unvegetated Meandering River, NV 2021","otId":"OTSDEM.092022.6340.1","short":"NV21_Hasson","doi":"https://doi.org/10.5069/G9WQ0202","created":"2022-09-21","temporal":"2021-07-15","keywords":"hydrology, nevada, lidar, geomorphology"}},{"type":"Feature","geometry":{"type":"Polygon","coordinates":[[[-121.436,40.2053],[-121.4289,40.2086],[-121.4233,40.2245],[-121.4139,40.2273],[-121.4178,40.2001],[-121.4141,40.1949],[-121.4371,40.1932],[-121.4355,40.1856],[-121.443,40.177],[-121.4421,40.1603],[-121.4346,40.1495],[-121.4391,40.1468],[-121.4387,40.134],[-121.4601,40.1149],[-121.4702,40.1165],[-121.4676,40.1259],[-121.4752,40.1242],[-121.4898,40.1321],[-121.4965,40.1416],[-121.4936,40.1466],[-121.5157,40.1568],[-121.5418,40.1517],[-121.5478,40.156],[-121.5428,40.1576],[-121.545,40.1622],[-121.5779,40.161],[-121.5778,40.1739],[-121.5687,40.1712],[-121.5687,40.1777],[-121.5595,40.1824],[-121.5593,40.1923],[-121.5498,40.1933],[-121.549,40.2031],[-121.5359,40.2034],[-121.5347,40.2107],[-121.5122,40.2108],[-121.5018,40.2148],[-121.501,40.2215],[-121.4785,40.2256],[-121.4728,40.2356],[-121.4561,40.2399],[-121.4602,40.2504],[-121.4441,40.2501],[-121.4484,40.2358],[-121.4377,40.2358],[-121.4371,40.2498],[-121.4301,40.249],[-121.436,40.2053]]]},"properties":{"name":"USFS Cub Complex Lidar, CA 2009","otId":"OTSDEM.092022.26910.2","short":"CA09_Cub","doi":"https://doi.org/10.5069/G91G0JGZ","created":"2022-09-15","temporal":"2009-07-31 / 2009-08-11","keywords":"BurnPro3D, California, fire, Cub Complex, ecology, topography"}},{"type":"Feature","geometry":{"type":"Polygon","coordinates":[[[-31.8441,27.3841],[-31.8441,71.6174],[34.7666,71.6174],[34.7666,27.3841],[-31.8441,27.3841]]]},"properties":{"name":"Continental Europe Digital Terrain Model","otId":"OTSDEM.092022.3035.1","short":"EU_DTM","doi":"https://doi.org/10.5069/G99021ZF","created":"2022-09-13","temporal":"2000-01-01 / 2018-12-31","keywords":"Europe, MERIT, ALOS, GEDI, ICESat-2, machine learning"}},{"type":"Feature","geometry":{"type":"Polygon","coordinates":[[[-123.6975,41.2739],[-123.6718,41.291],[-123.6527,41.2712],[-123.6522,41.2566],[-123.6461,41.2501],[-123.6578,41.235],[-123.6792,41.2389],[-123.6975,41.2739]]]},"properties":{"name":"USFS Bluff Creek Lidar, CA 2013","otId":"OTSDEM.092022.26910.1","short":"CA13_Bluff","doi":"https://doi.org/10.5069/G9571974","created":"2022-09-09","temporal":"2013-04-24","keywords":"BurnPro3D, California, fire, Bluff Creek, ecology, topography"}},{"type":"Feature","geometry":{"type":"MultiPolygon","coordinates":[[[[-120.4534,39.1364],[-120.4064,39.0857],[-120.3985,39.0894],[-120.4044,39.0778],[-120.3991,39.0737],[-120.4005,39.0363],[-120.412,39.0359],[-120.4146,38.9644],[-120.4262,38.9641],[-120.4271,38.9386],[-120.4343,38.9445],[-120.4296,38.9377],[-120.4393,38.9389],[-120.4393,38.9201],[-120.4617,38.9203],[-120.4628,38.9114],[-120.4851,38.9118],[-120.486,38.9043],[-120.4953,38.903],[-120.642,39.0678],[-120.6502,39.0685],[-120.6616,39.0867],[-120.6529,39.087],[-120.6524,39.1038],[-120.6414,39.1043],[-120.6404,39.1125],[-120.6289,39.1135],[-120.6274,39.122],[-120.6171,39.1223],[-120.6162,39.1488],[-120.6052,39.1486],[-120.6043,39.1576],[-120.5927,39.1578],[-120.5924,39.1664],[-120.5808,39.1666],[-120.5805,39.1751],[-120.5696,39.1749],[-120.5687,39.1839],[-120.5577,39.1837],[-120.5566,39.192],[-120.4987,39.1893],[-120.4534,39.1364]],[[-120.4422,38.926],[-120.4418,38.9256],[-120.4413,38.9259],[-120.4422,38.926]],[[-120.4471,38.9267],[-120.4466,38.9272],[-120.4474,38.927],[-120.4471,38.9267]],[[-120.4432,38.9283],[-120.4444,38.9285],[-120.4421,38.9273],[-120.4432,38.9283]],[[-120.4449,38.929],[-120.4444,38.9295],[-120.4457,38.93],[-120.4449,38.929]],[[-120.4717,38.9157],[-120.472,38.9146],[-120.4703,38.914],[-120.4717,38.9157]],[[-120.4729,38.9168],[-120.4722,38.9172],[-120.4725,38.9174],[-120.4729,38.9168]],[[-120.4887,38.9945],[-120.4897,38.9944],[-120.4885,38.9931],[-120.4887,38.9945]],[[-120.4917,38.9964],[-120.4903,38.9952],[-120.4909,38.9969],[-120.4917,38.9964]],[[-120.4489,38.9344],[-120.4499,38.9344],[-120.4492,38.9337],[-120.4489,38.9344]],[[-120.4457,38.9473],[-120.4462,38.9462],[-120.4411,38.9412],[-120.4457,38.9473]],[[-120.408,39.0618],[-120.4079,39.0607],[-120.4066,39.0608],[-120.408,39.0618]],[[-120.4576,39.1065],[-120.4566,39.1073],[-120.4585,39.1084],[-120.4576,39.1065]],[[-120.6454,39.0758],[-120.6426,39.0722],[-120.6409,39.0724],[-120.6448,39.0771],[-120.6454,39.0758]],[[-120.4678,39.1078],[-120.4647,39.1072],[-120.4687,39.111],[-120.4678,39.1078]],[[-120.5231,39.1265],[-120.524,39.1263],[-120.5229,39.1261],[-120.5231,39.1265]],[[-120.5079,39.1478],[-120.5065,39.1446],[-120.5046,39.1442],[-120.5079,39.1478]]],[[[-120.6422,39.0515],[-120.6419,39.0503],[-120.6425,39.0526],[-120.6422,39.0515]]]]},"properties":{"name":"Lidar Survey of the Sierra Nevada Mountains, CA 2012","otId":"OTSDEM.082022.6339.1","short":"CA12_Blacksmith","doi":"https://doi.org/10.5069/G9DN438J","created":"2022-08-30","temporal":"2012-11-01 / 2012-11-07","keywords":"forestry, Sierra Nevada, ecology, topography"}},{"type":"Feature","geometry":{"type":"Polygon","coordinates":[[[-120.6721,38.8855],[-120.692,38.9156],[-120.6827,38.9235],[-120.6544,38.9194],[-120.6526,38.913],[-120.6351,38.9034],[-120.6377,38.9004],[-120.6287,38.8888],[-120.6329,38.8749],[-120.6276,38.8691],[-120.6323,38.8623],[-120.6288,38.8572],[-120.6432,38.8529],[-120.6721,38.8855]]]},"properties":{"name":"USFS Blodgett Forest Lidar, CA 2013","otId":"OTSDEM.082022.26910.3","short":"CA13_Blodgett","doi":"https://doi.org/10.5069/G9JD4TZ1","created":"2022-08-30","temporal":"2013-11-09","keywords":"BurnPro3D, California, geomorphology, ecology, topography, USFS"}},{"type":"Feature","geometry":{"type":"Polygon","coordinates":[[[-121.0806,39.9779],[-121.0806,39.9714],[-121.0888,39.9717],[-121.0886,39.9768],[-121.0806,39.9779]]]},"properties":{"name":"USFS Bean Hill Lidar, CA 2012","otId":"OTSDEM.082022.26910.2","short":"CA12_Bean","doi":"https://doi.org/10.5069/G9P55KPR","created":"2022-08-23","temporal":"2012-11-26","keywords":"BurnPro3D, California, geomorphology, ecology, topography, USFS"}},{"type":"Feature","geometry":{"type":"Polygon","coordinates":[[[-122.0288,41.1146],[-122.0074,41.0985],[-121.9698,41.1006],[-121.967,41.0886],[-121.9745,41.0843],[-121.979,41.0513],[-121.995,41.05],[-121.999,41.0444],[-121.9707,41.0458],[-121.963,41.0299],[-121.9865,41.012],[-121.9943,40.9987],[-122.0047,40.9971],[-122.0032,40.9771],[-122.0166,40.9731],[-122.0228,40.9559],[-122.0447,40.9447],[-122.061,40.9447],[-122.0731,40.9498],[-122.0818,40.9641],[-122.091,40.9632],[-122.0904,40.9728],[-122.1026,40.9713],[-122.1052,40.9816],[-122.1306,40.9933],[-122.1258,41.0081],[-122.1391,41.0106],[-122.1325,41.0156],[-122.1468,41.0277],[-122.1435,41.0475],[-122.1283,41.0552],[-122.1234,41.0692],[-122.1379,41.0942],[-122.1235,41.0911],[-122.1047,41.1093],[-122.0875,41.1156],[-122.0639,41.114],[-122.0593,41.1186],[-122.0496,41.112],[-122.0288,41.1146]]]},"properties":{"name":"USFS Bagley Fire Lidar, CA 2013","otId":"OTSDEM.082022.26910.1","short":"CA13_Bagley","doi":"https://doi.org/10.5069/G9SX6BD5","created":"2022-08-22","temporal":"2013-08-29 / 2013-09-01","keywords":"BurnPro3D, California, fire, Bagley Fire, ecology, topography"}},{"type":"Feature","geometry":{"type":"Polygon","coordinates":[[[-97.3751,26.5669],[-97.3439,26.5694],[-97.3561,26.5952],[-97.362,26.594],[-97.3649,26.5996],[-97.3593,26.6019],[-97.3672,26.622],[-97.3407,26.6301],[-97.326,26.6298],[-97.3225,26.6242],[-97.3026,26.6329],[-97.2917,26.6183],[-97.2731,26.5754],[-97.2755,26.5711],[-97.2536,26.5723],[-97.2516,26.5679],[-97.2735,26.5673],[-97.2636,26.5537],[-97.2717,26.5558],[-97.2668,26.5445],[-97.2726,26.5425],[-97.2861,26.5534],[-97.3318,26.5509],[-97.3421,26.564],[-97.3748,26.5622],[-97.3751,26.5669]]]},"properties":{"name":"Topographic Signatures of Barrier Island Vulnerability, TX 2021","otId":"OTSDEM.082022.32614.1","short":"TX21_Fisher","doi":"https://doi.org/10.5069/G9XP734W","created":"2022-08-22","temporal":"2021-11-29","keywords":"barrier island, coastline, erosion, storm surge, sea level, Texas"}},{"type":"Feature","geometry":{"type":"Polygon","coordinates":[[[-91.4114,29.4976],[-91.4033,29.4849],[-91.4072,29.4581],[-91.4631,29.4525],[-91.4951,29.471],[-91.4986,29.4792],[-91.4964,29.4962],[-91.4906,29.4979],[-91.4934,29.5032],[-91.4836,29.502],[-91.4748,29.5127],[-91.4503,29.5181],[-91.424,29.5193],[-91.4114,29.4976]]]},"properties":{"name":"Sediment Accretion Rates and Spatial Patterns in the Wax Lake Delta, LA 2020","otId":"OTSDEM.072022.6344.1","short":"LA20_Nghiem","doi":"https://doi.org/10.5069/G99W0CP6","created":"2022-08-08","temporal":"2020-11-06","keywords":"delta, sediment, accretion, coastal erosion, deposition"}},{"type":"Feature","geometry":{"type":"Polygon","coordinates":[[[-115.8344,33.4394],[-115.8457,33.4477],[-115.8461,33.4505],[-115.8352,33.4445],[-115.8344,33.4394]]]},"properties":{"name":"Structure from Motion data along the sSAF, Salt Creek, CA 2021","otId":"OTSDEM.072022.32611.1","short":"CA21_Salt","doi":"https://doi.org/10.5069/G9TX3CK0","created":"2022-07-19","temporal":"2021-11-21 / 2021-12-28","keywords":"southernmost San Andreas Fault, tectonic geomorphology, neotectonics, geomorphology, earthquake geology, slip distribution"}},{"type":"Feature","geometry":{"type":"Polygon","coordinates":[[[-120.1404,38.6352],[-120.1215,38.6156],[-120.1017,38.6274],[-120.0791,38.6268],[-120.0884,38.5915],[-120.0823,38.5531],[-120.0932,38.5383],[-120.0695,38.5363],[-120.0562,38.5121],[-120.0044,38.5064],[-120.0069,38.4984],[-120.0733,38.4767],[-120.0715,38.4715],[-120.0948,38.4558],[-120.1109,38.4575],[-120.1303,38.4482],[-120.1399,38.4588],[-120.172,38.4653],[-120.1989,38.4511],[-120.2556,38.4514],[-120.2951,38.4585],[-120.3194,38.4477],[-120.3707,38.462],[-120.3819,38.4455],[-120.4175,38.4597],[-120.4308,38.4447],[-120.4531,38.4335],[-120.4683,38.4409],[-120.4871,38.4374],[-120.4969,38.446],[-120.4984,38.4609],[-120.4602,38.4697],[-120.4178,38.4886],[-120.3851,38.4787],[-120.3875,38.5033],[-120.3795,38.5452],[-120.304,38.5485],[-120.3001,38.5576],[-120.2736,38.5615],[-120.264,38.5791],[-120.2361,38.5907],[-120.2294,38.6095],[-120.2382,38.6304],[-120.2003,38.6279],[-120.1811,38.6357],[-120.1596,38.6352],[-120.1465,38.6443],[-120.1404,38.6352]]]},"properties":{"name":"USFS Power Fire Lidar, CA 2015","otId":"OTSDEM.072022.26910.1","short":"CA15_Power","doi":"https://doi.org/10.5069/G9ZP44B5","created":"2022-07-08","temporal":"2014-11-23 / 2015-06-05","keywords":"BurnPro3D, California, fire, Power Fire, ecology, topography"}},{"type":"Feature","geometry":{"type":"Polygon","coordinates":[[[-115.855,33.4552],[-115.867,33.4635],[-115.866,33.4652],[-115.8512,33.4607],[-115.855,33.4552]]]},"properties":{"name":"Structure from Motion data along the sSAF, Ferrum, CA 2021","otId":"OTSDEM.062022.32611.1","short":"CA21_Ferrum","doi":"https://doi.org/10.5069/G93F4MT2","created":"2022-07-01","temporal":"2021-02-23","keywords":"southernmost San Andreas Fault, tectonic geomorphology, neotectonics, geomorphology, earthquake geology, slip distribution"}},{"type":"Feature","geometry":{"type":"Polygon","coordinates":[[[-123.396,41.7855],[-123.3886,41.7999],[-123.3756,41.8],[-123.375,41.8068],[-123.3687,41.8065],[-123.3656,41.8125],[-123.3375,41.812],[-123.3375,41.788],[-123.3256,41.7875],[-123.3207,41.7997],[-123.3006,41.8],[-123.3,41.8081],[-123.2923,41.8122],[-123.2615,41.8125],[-123.2466,41.834],[-123.2256,41.8375],[-123.2188,41.8475],[-123.1613,41.8337],[-123.1466,41.8374],[-123.0744,41.8],[-123.025,41.7916],[-123.0214,41.7765],[-123,41.7577],[-123,41.7119],[-123.0093,41.7022],[-123.0172,41.7039],[-123.0363,41.6917],[-123.0785,41.6805],[-123.1003,41.6625],[-123.2916,41.6625],[-123.3005,41.6698],[-123.3032,41.6642],[-123.3165,41.6632],[-123.3369,41.6675],[-123.3382,41.675],[-123.3625,41.6757],[-123.3625,41.7121],[-123.375,41.7139],[-123.3704,41.7424],[-123.375,41.762],[-123.3875,41.7625],[-123.3875,41.7746],[-123.3992,41.775],[-123.396,41.7855]]]},"properties":{"name":"USFS North Happy Camp Complex Lidar, CA 2015","otId":"OTSDEM.062022.26910.2","short":"CA15_NHappy","doi":"https://doi.org/10.5069/G9736P31","created":"2022-06-30","temporal":"2015-02-16 / 2022-03-08","keywords":"BurnPro3D, lidar, Klamath, USFS, topography, Happy Camp"}},{"type":"Feature","geometry":{"type":"MultiPolygon","coordinates":[[[[-118.1602,36.4863],[-118.1404,36.4776],[-118.1455,36.4395],[-118.1323,36.4282],[-118.1236,36.4114],[-118.1297,36.3491],[-118.12,36.3107],[-118.1096,36.3026],[-118.1442,36.2669],[-118.2326,36.2691],[-118.2463,36.2862],[-118.2449,36.3069],[-118.2713,36.3092],[-118.2909,36.3246],[-118.3031,36.3176],[-118.3267,36.3189],[-118.3568,36.3477],[-118.3878,36.357],[-118.3492,36.3779],[-118.3055,36.4375],[-118.2776,36.4558],[-118.2513,36.4829],[-118.2363,36.4776],[-118.2314,36.4665],[-118.2231,36.4646],[-118.2116,36.4672],[-118.2122,36.4803],[-118.1806,36.4841],[-118.1861,36.4884],[-118.1773,36.5003],[-118.1639,36.4969],[-118.1602,36.4863]]],[[[-118.3413,36.2736],[-118.326,36.31],[-118.3196,36.31],[-118.3147,36.3007],[-118.276,36.2828],[-118.2596,36.288],[-118.2451,36.2617],[-118.2199,36.2505],[-118.1641,36.2449],[-118.1641,36.2325],[-118.1485,36.2141],[-118.1523,36.2027],[-118.1439,36.1948],[-118.1364,36.2126],[-118.1373,36.1882],[-118.1246,36.1811],[-118.1545,36.179],[-118.1438,36.1459],[-118.1497,36.1465],[-118.1541,36.1246],[-118.1589,36.1247],[-118.1553,36.1638],[-118.1665,36.1779],[-118.1887,36.1651],[-118.2161,36.1779],[-118.2387,36.1738],[-118.2577,36.1803],[-118.2772,36.1777],[-118.2891,36.1911],[-118.3004,36.1936],[-118.2834,36.2162],[-118.3199,36.226],[-118.3435,36.226],[-118.3385,36.2425],[-118.3413,36.2736]]],[[[-118.4023,36.3037],[-118.4088,36.3035],[-118.4081,36.3452],[-118.3992,36.3547],[-118.4023,36.3037]]],[[[-118.4002,36.2568],[-118.4011,36.2496],[-118.4038,36.2491],[-118.4049,36.252],[-118.4002,36.2568]]],[[[-118.3603,36.4026],[-118.3574,36.4053],[-118.351,36.3986],[-118.354,36.3974],[-118.3603,36.4026]]],[[[-118.0963,36.2812],[-118.0932,36.2797],[-118.0982,36.2776],[-118.0989,36.2792],[-118.0963,36.2812]]],[[[-118.3195,36.4394],[-118.3219,36.4361],[-118.3245,36.4364],[-118.3234,36.4399],[-118.3195,36.4394]]]]},"properties":{"name":"USFS Kern Plateau Lidar, CA 2011","otId":"OTSDEM.062022.26911.1","short":"CA11_Kern","doi":"https://doi.org/10.5069/G9MC8X7N","created":"2022-06-28","temporal":"2011-08-13 / 2011-08-18","keywords":"BurnPro3D, California, fire, Kern, Sequoia, topography"}},{"type":"Feature","geometry":{"type":"Polygon","coordinates":[[[-120.0486,38.778],[-120.0446,38.7655],[-120.0507,38.7578],[-120.0507,38.7397],[-120.0723,38.7274],[-120.1098,38.7296],[-120.1171,38.7359],[-120.1314,38.7301],[-120.1476,38.7474],[-120.1663,38.7483],[-120.1825,38.7637],[-120.1976,38.7619],[-120.2219,38.7128],[-120.1856,38.6823],[-120.1849,38.6699],[-120.1777,38.6606],[-120.2004,38.6404],[-120.2049,38.6261],[-120.2369,38.6307],[-120.2495,38.6396],[-120.252,38.6518],[-120.2478,38.6557],[-120.2609,38.6616],[-120.2917,38.666],[-120.3118,38.6753],[-120.3242,38.672],[-120.3442,38.6819],[-120.3786,38.6834],[-120.3818,38.6893],[-120.377,38.7012],[-120.3919,38.7049],[-120.4028,38.7207],[-120.4244,38.7261],[-120.4266,38.7348],[-120.4399,38.7443],[-120.49,38.7521],[-120.5372,38.7491],[-120.5776,38.7617],[-120.582,38.7721],[-120.6006,38.7834],[-120.5421,38.8075],[-120.4504,38.8065],[-120.4556,38.8409],[-120.4543,38.8555],[-120.4485,38.8615],[-120.4353,38.861],[-120.41,38.8475],[-120.3995,38.8321],[-120.3421,38.831],[-120.3278,38.8351],[-120.2742,38.8263],[-120.2645,38.8299],[-120.2594,38.8446],[-120.2386,38.8491],[-120.2337,38.8642],[-120.216,38.8742],[-120.1961,38.8774],[-120.187,38.8855],[-120.1781,38.8803],[-120.1748,38.8687],[-120.1526,38.8858],[-120.1375,38.8704],[-120.1231,38.8674],[-120.0977,38.83],[-120.0427,38.8326],[-120.03,38.8246],[-120.0275,38.8061],[-120.0451,38.8019],[-120.0525,38.7945],[-120.047,38.7874],[-120.0486,38.778]]]},"properties":{"name":"USFS Freds Fire Lidar, CA 2015","otId":"OTSDEM.062022.26910.1","short":"CA15_Fred","doi":"https://doi.org/10.5069/G94B2ZHP","created":"2022-06-07","temporal":"2014-10-16 / 2015-06-03","keywords":"BurnPro3D, California, fire, Freds Fire, ecology, topography"}},{"type":"Feature","geometry":{"type":"MultiPolygon","coordinates":[[[[-104.9768,39.2043],[-104.9699,39.1897],[-104.9561,39.2003],[-104.952,39.2],[-104.9526,39.194],[-104.9486,39.2002],[-104.9348,39.2002],[-104.9242,39.1961],[-104.9214,39.1877],[-104.9074,39.1902],[-104.9074,39.1803],[-104.9192,39.1783],[-104.9188,39.1693],[-104.8601,38.9375],[-104.8573,38.9306],[-104.8494,38.9307],[-104.85,38.9224],[-104.8555,38.9201],[-104.8494,38.9044],[-104.827,38.9123],[-104.8275,38.8998],[-104.8485,38.8946],[-104.8423,38.8745],[-104.8522,38.8724],[-104.8591,38.8904],[-104.8563,38.872],[-104.8717,38.8691],[-104.8803,38.8877],[-104.8883,38.8863],[-104.8875,38.8783],[-104.8955,38.8759],[-104.9201,38.8815],[-104.9221,38.8758],[-104.9344,38.8831],[-104.9387,38.8771],[-104.9308,38.8739],[-104.9308,38.8668],[-104.9336,38.8746],[-104.936,38.8737],[-104.9336,38.8577],[-104.9461,38.8667],[-104.9552,38.8551],[-104.9629,38.8598],[-104.9588,38.8618],[-104.9627,38.8701],[-104.964,38.862],[-104.9705,38.8613],[-104.9747,38.8757],[-104.9854,38.8785],[-104.982,38.8885],[-104.9974,38.8879],[-104.991,38.8963],[-105.0003,38.8946],[-105.0055,38.9028],[-105.0041,38.9138],[-105.0114,38.9148],[-105.0233,38.9295],[-105.0319,38.9306],[-105.0356,38.9452],[-105.0416,38.9461],[-105.0466,38.9575],[-105.0602,39.017],[-105.0671,39.0225],[-105.0791,39.0642],[-105.0976,39.1468],[-105.1045,39.1498],[-105.1157,39.1432],[-105.1157,39.1517],[-105.1008,39.1573],[-105.1066,39.183],[-105.094,39.1882],[-105.0759,39.1884],[-105.0706,39.1776],[-105.0757,39.193],[-105.0455,39.1922],[-105.0376,39.1868],[-105.0377,39.1955],[-105.0281,39.1973],[-105.0236,39.1901],[-105.0266,39.2009],[-105.0173,39.2042],[-105.0084,39.2009],[-104.9769,39.2088],[-104.9768,39.2043]],[[-104.8604,38.8727],[-104.8608,38.8722],[-104.8598,38.8721],[-104.8604,38.8727]],[[-104.9205,38.8833],[-104.9201,38.8819],[-104.9193,38.8839],[-104.9205,38.8833]],[[-104.8961,38.9666],[-104.8951,38.9662],[-104.896,38.9674],[-104.8961,38.9666]],[[-104.9124,39.1234],[-104.9113,39.1235],[-104.9118,39.1241],[-104.9124,39.1234]],[[-104.978,38.8803],[-104.9763,38.8785],[-104.9767,38.8828],[-104.978,38.8803]],[[-104.9921,38.8997],[-104.9926,38.9015],[-104.9935,38.8981],[-104.9921,38.8997]],[[-104.9952,38.9041],[-104.997,38.9043],[-104.9954,38.9032],[-104.9952,38.9041]],[[-105.0332,39.1797],[-105.0333,39.1804],[-105.0339,39.1801],[-105.0332,39.1797]],[[-105.0216,39.1873],[-105.0246,39.1877],[-105.0233,39.1824],[-105.0191,39.1831],[-105.0216,39.1873]]],[[[-104.9673,39.2003],[-104.9666,39.1982],[-104.9674,39.1988],[-104.9673,39.2003]]],[[[-104.9681,39.1958],[-104.9694,39.1965],[-104.9682,39.1974],[-104.9681,39.1958]]]]},"properties":{"name":"Measuring Topographic Response to Hydrologic Events, CO 2018","otId":"OTSDEM.052022.6342.1","short":"CO18_Rossi","doi":"https://doi.org/10.5069/G9CV4FXZ","created":"2022-05-27","temporal":"2018-09-15 / 2018-09-16","keywords":"lidar, topography, snow, melt, hydrology, rain"}},{"type":"Feature","geometry":{"type":"Polygon","coordinates":[[[-73.2487,42.7309],[-73.2454,42.7287],[-73.251,42.7185],[-73.2723,42.7168],[-73.2701,42.7359],[-73.2487,42.7309]]]},"properties":{"name":"Estimating Bedload Transport in Gravel-Bedded Rivers, MA 2021","otId":"OTSDEM.052022.6347.1","short":"MA21_Fields","doi":"https://doi.org/10.5069/G9HM56NP","created":"2022-05-18","temporal":"2021-08-31","keywords":"hydrology, bedload, lidar, transport"}},{"type":"Feature","geometry":{"type":"Polygon","coordinates":[[[-118.68,36.4621],[-118.6471,36.4689],[-118.6126,36.4559],[-118.616,36.4454],[-118.6477,36.4525],[-118.6677,36.449],[-118.69,36.4313],[-118.76,36.4192],[-118.7678,36.4133],[-118.7789,36.4354],[-118.8271,36.45],[-118.8427,36.4713],[-118.8569,36.4798],[-118.8104,36.5178],[-118.8166,36.5354],[-118.8006,36.5648],[-118.7914,36.5652],[-118.7792,36.5601],[-118.7946,36.5323],[-118.7913,36.5234],[-118.7317,36.5396],[-118.727,36.5326],[-118.7308,36.5262],[-118.7583,36.5146],[-118.7979,36.5059],[-118.8245,36.4806],[-118.8129,36.465],[-118.7598,36.4501],[-118.7571,36.4342],[-118.6959,36.4453],[-118.68,36.4621]]]},"properties":{"name":"Impact of Waterfall Formation on River Long Profiles, CA 2021","otId":"OTSDEM.052022.32611.1","short":"CA21_Rothman","doi":"https://doi.org/10.5069/G9WW7FV6","created":"2022-05-16","temporal":"2021-07-25 / 2021-07-27","keywords":"river, waterfall, bedrock, hydrology, sierra nevada"}},{"type":"Feature","geometry":{"type":"MultiPolygon","coordinates":[[[[-91.2944,17.3845],[-91.3574,17.4107],[-91.358,17.4254],[-91.3523,17.4266],[-91.3502,17.4344],[-91.3424,17.4349],[-91.2932,17.4137],[-91.286,17.3991],[-91.2908,17.398],[-91.2944,17.3845]],[[-91.3554,17.4179],[-91.3536,17.4171],[-91.3552,17.4182],[-91.3554,17.4179]],[[-91.3337,17.4037],[-91.3333,17.4048],[-91.334,17.4042],[-91.3337,17.4037]]],[[[-91.1716,17.4558],[-91.1763,17.4563],[-91.179,17.4687],[-91.1832,17.5665],[-91.1911,17.5702],[-91.1908,17.5775],[-91.1844,17.5805],[-91.1874,17.6446],[-91.1932,17.65],[-91.2047,17.6482],[-91.2065,17.6616],[-91.2151,17.6488],[-91.2225,17.6545],[-91.2088,17.7391],[-91.2031,17.7417],[-91.1943,17.7748],[-91.1514,17.9797],[-91.1458,17.9843],[-91.1394,17.978],[-91.1178,17.975],[-91.1079,17.9808],[-91.1065,17.9741],[-91.1035,17.9792],[-91.0891,17.9808],[-91.0917,17.9917],[-91.0827,18.0046],[-91.0766,18.0028],[-91.0769,18.0204],[-91.0698,18.0304],[-91.0785,18.0398],[-91.0746,18.0477],[-91.0687,18.0478],[-91.0736,18.0565],[-91.0683,18.0683],[-90.9413,18.0419],[-90.9263,18.0308],[-90.9264,18.0228],[-90.9338,18.0067],[-90.9455,18.0062],[-90.9411,17.9874],[-90.9553,17.9733],[-90.9471,17.9653],[-90.9548,17.9582],[-90.9504,17.9518],[-90.9529,17.9458],[-90.9571,17.9474],[-90.9575,17.9381],[-90.9643,17.9378],[-90.9587,17.9353],[-90.9607,17.9285],[-91.078,17.9534],[-91.1378,17.6929],[-91.1333,17.6798],[-91.1405,17.6778],[-91.1344,17.5874],[-91.1296,17.5822],[-91.1334,17.5719],[-91.1288,17.4829],[-91.1217,17.478],[-91.1289,17.46],[-91.1357,17.4607],[-91.1349,17.4648],[-91.1459,17.4599],[-91.1611,17.462],[-91.1716,17.4558]],[[-91.1414,17.4659],[-91.1388,17.4657],[-91.1373,17.4692],[-91.1414,17.4659]],[[-91.1386,17.4699],[-91.1381,17.4701],[-91.1383,17.4704],[-91.1386,17.4699]],[[-91.1941,17.6553],[-91.194,17.655],[-91.1938,17.6554],[-91.1941,17.6553]],[[-91.1948,17.6522],[-91.1933,17.6523],[-91.1948,17.6547],[-91.1948,17.6522]],[[-91.143,17.6921],[-91.1426,17.6931],[-91.1433,17.6926],[-91.143,17.6921]],[[-91.1471,17.7066],[-91.1471,17.7056],[-91.1467,17.7062],[-91.1471,17.7066]],[[-91.1446,17.7049],[-91.1439,17.7044],[-91.1435,17.7045],[-91.1446,17.7049]],[[-91.1423,17.7003],[-91.142,17.6998],[-91.1419,17.7001],[-91.1423,17.7003]],[[-91.1323,17.7545],[-91.1311,17.7548],[-91.1319,17.7552],[-91.1323,17.7545]],[[-91.137,17.7519],[-91.1353,17.753],[-91.1366,17.7531],[-91.137,17.7519]],[[-91.1286,17.7626],[-91.1273,17.762],[-91.1275,17.7632],[-91.1286,17.7626]],[[-91.1282,17.7563],[-91.1282,17.7588],[-91.1304,17.7552],[-91.1282,17.7563]],[[-91.1283,17.7605],[-91.1288,17.7601],[-91.1283,17.7593],[-91.1283,17.7605]],[[-91.1326,17.7678],[-91.1321,17.7659],[-91.129,17.7658],[-91.1326,17.7678]],[[-91.1637,17.7812],[-91.1619,17.7804],[-91.1624,17.7813],[-91.1637,17.7812]],[[-91.1472,17.7815],[-91.1467,17.7797],[-91.1424,17.7826],[-91.1472,17.7815]],[[-91.1412,17.781],[-91.142,17.7804],[-91.1405,17.7804],[-91.1412,17.781]],[[-91.1511,17.7752],[-91.1511,17.7745],[-91.1507,17.7748],[-91.1511,17.7752]],[[-91.1726,17.7774],[-91.1727,17.7752],[-91.1704,17.7731],[-91.1704,17.7771],[-91.1726,17.7774]],[[-90.9504,17.992],[-90.9518,17.9913],[-90.9453,17.9914],[-90.9504,17.992]],[[-90.9971,18.0381],[-90.9974,18.0375],[-90.9954,18.0376],[-90.9971,18.0381]],[[-90.9933,18.037],[-90.9928,18.0366],[-90.9923,18.0372],[-90.9933,18.037]],[[-90.9883,18.0418],[-90.9879,18.0416],[-90.988,18.042],[-90.9883,18.0418]],[[-90.983,18.0414],[-90.9785,18.0389],[-90.9751,18.039],[-90.9748,18.0402],[-90.983,18.0414]],[[-90.9924,18.0333],[-90.987,18.0334],[-90.9924,18.0347],[-90.9924,18.0333]],[[-90.9836,18.0387],[-90.9831,18.0391],[-90.9835,18.0394],[-90.9836,18.0387]],[[-90.9876,18.041],[-90.9876,18.0396],[-90.9843,18.0391],[-90.9876,18.041]],[[-91.0679,18.0609],[-91.0679,18.0609],[-91.0679,18.0609],[-91.0679,18.0609]]],[[[-91.0546,17.4569],[-91.0586,17.4613],[-91.0739,17.4607],[-91.0793,17.4761],[-91.0723,17.5152],[-91.0548,17.5064],[-91.0548,17.515],[-91.046,17.511],[-91.0465,17.4658],[-91.0546,17.4569]]],[[[-91.4489,17.4762],[-91.464,17.4817],[-91.4569,17.4942],[-91.4704,17.4908],[-91.4695,17.5141],[-91.4081,17.5356],[-91.3541,17.5464],[-91.3465,17.5532],[-91.3265,17.5481],[-91.3225,17.53],[-91.3276,17.5121],[-91.4055,17.4888],[-91.4095,17.4809],[-91.418,17.4845],[-91.4489,17.4762]],[[-91.4669,17.5004],[-91.4628,17.4976],[-91.465,17.5012],[-91.4669,17.5004]]],[[[-91.4392,17.5843],[-91.452,17.5979],[-91.4459,17.6071],[-91.4546,17.6052],[-91.4529,17.6163],[-91.4667,17.628],[-91.4641,17.6325],[-91.4765,17.626],[-91.4786,17.6309],[-91.4725,17.6375],[-91.4826,17.641],[-91.4825,17.6496],[-91.4588,17.6715],[-91.4384,17.6808],[-91.439,17.69],[-91.4256,17.6918],[-91.2852,17.7971],[-91.2759,17.7881],[-91.2797,17.7825],[-91.264,17.776],[-91.2599,17.7455],[-91.3102,17.7074],[-91.3095,17.7019],[-91.2943,17.6969],[-91.2908,17.687],[-91.3193,17.6646],[-91.3193,17.6597],[-91.3974,17.6068],[-91.4021,17.601],[-91.3998,17.5933],[-91.404,17.5906],[-91.41,17.596],[-91.4183,17.5863],[-91.4244,17.5843],[-91.4324,17.5904],[-91.4392,17.5843]],[[-91.2984,17.6934],[-91.2969,17.6942],[-91.2997,17.6937],[-91.2984,17.6934]]]]},"properties":{"name":"Lidar Survey of Middle Usumacinta Region, Mexico","otId":"OTSDEM.042022.32615.1","short":"MX19_Inomata","doi":"https://doi.org/10.5069/G95B00NF","created":"2022-05-09","temporal":"2019-06-09 / 2019-06-18","keywords":"Usumacinta, Mexico, archaeology, lidar, Tabasco"}},{"type":"Feature","geometry":{"type":"Polygon","coordinates":[[[-120.4602,34.437],[-120.4609,34.4451],[-120.4718,34.4453],[-120.4721,34.4538],[-120.4818,34.4569],[-120.4841,34.4805],[-120.495,34.4811],[-120.4954,34.4892],[-120.5064,34.4929],[-120.5074,34.5164],[-120.4965,34.5171],[-120.4981,34.5693],[-120.4879,34.5715],[-120.4883,34.58],[-120.4774,34.5797],[-120.4764,34.5713],[-120.4505,34.5721],[-120.4435,34.5632],[-120.4225,34.5638],[-120.4213,34.5549],[-120.4001,34.5521],[-120.3994,34.5379],[-120.3885,34.5377],[-120.3876,34.5288],[-120.3705,34.529],[-120.369,34.5229],[-120.3568,34.5185],[-120.3547,34.5105],[-120.3546,34.4943],[-120.4084,34.4917],[-120.4073,34.4477],[-120.4495,34.4459],[-120.4497,34.4369],[-120.4602,34.437]]]},"properties":{"name":"Lidar Survey of Dangermond Preserve, CA","otId":"OTSDEM.042022.32611.1","short":"CA18_Dangermond","doi":"https://doi.org/10.5069/G9T43R8K","created":"2022-04-20","temporal":"2018-01-01 / 2018-12-31","keywords":"Nature Conservancy, Point Conception, biodiversity, ecology"}},{"type":"Feature","geometry":{"type":"MultiPolygon","coordinates":[[[[-121.1048,40.7219],[-121.1117,40.7178],[-121.1125,40.7002],[-121.1606,40.6967],[-121.1899,40.7042],[-121.1903,40.7601],[-121.112,40.7598],[-121.1119,40.7457],[-121.102,40.7372],[-121.1048,40.7219]]],[[[-121.0903,40.7012],[-121.0937,40.7046],[-121.1058,40.7086],[-121.0875,40.7145],[-121.0857,40.7035],[-121.0903,40.7012]]]]},"properties":{"name":"Blacks Mountain Experimental Forest, CA 2009","otId":"OTSDEM.032022.26910.1","short":"BMEF2009","doi":"https://doi.org/10.5069/G9ZS2TP6","created":"2022-03-08","temporal":"2009-07-31 / 2009-08-11","keywords":"BurnPro3D, forest, blacks mountain, forest service"}},{"type":"Feature","geometry":{"type":"Polygon","coordinates":[[[-114.0481,45.3028],[-114.0568,45.3114],[-114.0657,45.3576],[-114.0805,45.3736],[-114.0759,45.374],[-114.0811,45.3814],[-114.0762,45.3907],[-114.06,45.3968],[-114.0069,45.3788],[-113.9972,45.3427],[-114.0006,45.3309],[-114.0215,45.3226],[-114.0216,45.3068],[-114.0481,45.3028]]]},"properties":{"name":"Lidar Survey of Dump Creek, ID 2019","otId":"OTSDEM.032022.6341.1","short":"ID19_Yanites","doi":"https://doi.org/10.5069/G93J3B5W","created":"2022-03-07","temporal":"2019-09-23","keywords":"lidar, Idaho, Salmon, Dump Creek"}},{"type":"Feature","geometry":{"type":"MultiPolygon","coordinates":[[[[-117.9617,36.7023],[-117.9839,36.7164],[-117.9875,36.738],[-117.9182,36.78],[-117.8966,36.7826],[-117.8711,36.7727],[-117.8675,36.7558],[-117.9218,36.7257],[-117.9334,36.724],[-117.9617,36.7023]]],[[[-117.9811,36.0388],[-117.9711,36.0133],[-118.0131,35.9933],[-118.0372,36.005],[-118.0518,36.0435],[-118.0427,36.0539],[-118.0096,36.061],[-117.9896,36.0547],[-117.9811,36.0388]]],[[[-118.0693,36.2249],[-118.0874,36.2174],[-118.1067,36.2206],[-118.1248,36.2502],[-118.1226,36.2714],[-118.0761,36.2931],[-118.0513,36.2949],[-118.0427,36.2823],[-118.0514,36.2469],[-118.0693,36.2249]]]]},"properties":{"name":"Climate and Tectonic Controls on Bedrock Hillslopes, CA 2019","otId":"OTSDEM.022022.6340.1","short":"CA19_Dibiase","doi":"https://doi.org/10.5069/G9C24TN0","created":"2022-02-08","temporal":"2019-09-29 / 2019-10-03","keywords":"lidar, Inyo, Sierra, climate, tectonics, hillslope"}},{"type":"Feature","geometry":{"type":"MultiPolygon","coordinates":[[[[-120.9853,47.229],[-120.9743,47.245],[-120.9627,47.2495],[-120.911,47.229],[-120.9328,47.207],[-120.9682,47.2203],[-120.9704,47.217],[-120.9832,47.2157],[-120.9758,47.2232],[-120.9853,47.229]],[[-120.9482,47.2414],[-120.9474,47.242],[-120.9492,47.2426],[-120.9482,47.2414]]],[[[-121.0516,47.5426],[-121.0473,47.5335],[-121.0408,47.5304],[-121.0395,47.5321],[-121.0317,47.521],[-121.086,47.4975],[-121.0893,47.4995],[-121.091,47.5063],[-121.1171,47.5223],[-121.1206,47.5328],[-121.0809,47.5597],[-121.0726,47.5592],[-121.067,47.5548],[-121.0653,47.5513],[-121.0594,47.5497],[-121.0557,47.5555],[-121.0465,47.5513],[-121.0501,47.5453],[-121.0551,47.5469],[-121.0538,47.5432],[-121.0516,47.5426]],[[-121.0881,47.4992],[-121.0869,47.4995],[-121.0878,47.5005],[-121.0881,47.4992]],[[-121.1083,47.5402],[-121.1074,47.5398],[-121.1072,47.5405],[-121.1083,47.5402]],[[-121.0715,47.5578],[-121.0715,47.5569],[-121.0704,47.5575],[-121.0715,47.5578]],[[-121.0673,47.5531],[-121.0676,47.5524],[-121.0663,47.5527],[-121.0673,47.5531]],[[-121.1002,47.5111],[-121.0989,47.5106],[-121.099,47.5112],[-121.1002,47.5111]],[[-121.0552,47.545],[-121.0558,47.5456],[-121.0559,47.5449],[-121.0552,47.545]],[[-121.037,47.5272],[-121.0365,47.5278],[-121.0379,47.5273],[-121.037,47.5272]],[[-121.0659,47.5508],[-121.0655,47.5498],[-121.065,47.5504],[-121.0659,47.5508]],[[-121.0711,47.5556],[-121.0696,47.5555],[-121.0703,47.5567],[-121.0711,47.5556]]],[[[-121.0479,47.5402],[-121.048,47.5395],[-121.0485,47.54],[-121.0479,47.5402]]],[[[-121.0474,47.5391],[-121.0485,47.5392],[-121.048,47.5395],[-121.0474,47.5391]]],[[[-121.0406,47.5321],[-121.0401,47.5324],[-121.0395,47.5321],[-121.0406,47.5321]]],[[[-121.0516,47.5461],[-121.0521,47.5467],[-121.0511,47.5466],[-121.0516,47.5461]]],[[[-121.0528,47.5437],[-121.0521,47.5434],[-121.0531,47.5435],[-121.0528,47.5437]]],[[[-121.0642,47.4046],[-121.0305,47.3994],[-121.0371,47.3553],[-121.0212,47.3518],[-121.0219,47.3431],[-121.0887,47.3567],[-121.0767,47.4032],[-121.0642,47.4046]],[[-121.0514,47.4011],[-121.0502,47.4012],[-121.0513,47.4019],[-121.0514,47.4011]]],[[[-121.0703,47.3533],[-121.0704,47.3538],[-121.0696,47.3534],[-121.0703,47.3533]]]]},"properties":{"name":"Hydrologic Effects of Forest Restoration, WA 2021","otId":"OTSDEM.122021.6339.1","short":"WA21_Lumbrazo","doi":"https://doi.org/10.5069/G989142F","created":"2021-12-08","temporal":"2021-04-01","keywords":"lidar, forest, hydrology, Cascade, washington, restoration"}},{"type":"Feature","geometry":{"type":"MultiPolygon","coordinates":[[[[-87.8233,42.8496],[-87.8164,42.8445],[-87.8214,42.8361],[-87.7912,42.8083],[-87.7595,42.7892],[-87.7493,42.7932],[-87.7545,42.7859],[-87.7468,42.7753],[-87.7663,42.777],[-87.7705,42.7801],[-87.7664,42.7866],[-87.8019,42.8002],[-87.8013,42.8066],[-87.8302,42.831],[-87.8441,42.867],[-87.854,42.8695],[-87.8483,42.8744],[-87.8498,42.8923],[-87.8657,42.8975],[-87.8595,42.9001],[-87.8609,42.9044],[-87.8491,42.9037],[-87.8425,42.914],[-87.8491,42.924],[-87.8617,42.926],[-87.8546,42.9305],[-87.8578,42.9349],[-87.8499,42.9359],[-87.8477,42.9464],[-87.8496,42.9621],[-87.8643,42.9783],[-87.8651,42.9836],[-87.8556,42.9862],[-87.8366,42.959],[-87.8419,42.9282],[-87.8332,42.9168],[-87.833,42.9056],[-87.8438,42.8963],[-87.8391,42.8732],[-87.8233,42.8496]],[[-87.8576,42.9822],[-87.8588,42.9826],[-87.8574,42.9805],[-87.8576,42.9822]],[[-87.8596,42.9838],[-87.8586,42.9841],[-87.8592,42.9845],[-87.8596,42.9838]]],[[[-87.8193,43.4356],[-87.8601,43.3928],[-87.8721,43.3685],[-87.8824,43.3064],[-87.8974,43.2832],[-87.9078,43.2495],[-87.9013,43.2257],[-87.8865,43.2203],[-87.8863,43.2059],[-87.8932,43.2019],[-87.8735,43.165],[-87.8968,43.13],[-87.8927,43.1191],[-87.8664,43.0959],[-87.8574,43.0651],[-87.8639,43.0617],[-87.8774,43.0803],[-87.8789,43.0987],[-87.8976,43.1038],[-87.9034,43.1103],[-87.899,43.1149],[-87.9091,43.1166],[-87.904,43.1262],[-87.9097,43.1286],[-87.9089,43.1432],[-87.9013,43.1456],[-87.8831,43.1698],[-87.8931,43.1787],[-87.889,43.1833],[-87.9069,43.1908],[-87.9023,43.1998],[-87.911,43.2014],[-87.8987,43.2129],[-87.916,43.2262],[-87.9131,43.2319],[-87.9195,43.2385],[-87.9158,43.2441],[-87.9197,43.2526],[-87.9071,43.281],[-87.9103,43.2858],[-87.8931,43.3078],[-87.8882,43.3519],[-87.8819,43.3655],[-87.8848,43.3721],[-87.8694,43.392],[-87.8723,43.3969],[-87.8072,43.4647],[-87.8069,43.4799],[-87.7952,43.4916],[-87.8005,43.5034],[-87.7974,43.5473],[-87.7951,43.5551],[-87.7846,43.5533],[-87.787,43.5374],[-87.7799,43.5356],[-87.7897,43.5264],[-87.7857,43.4899],[-87.796,43.4761],[-87.7973,43.4628],[-87.8193,43.4356]],[[-87.8927,43.2198],[-87.893,43.2192],[-87.8919,43.2194],[-87.8927,43.2198]]]]},"properties":{"name":"Measuring Lake Michigan Coastal Erosion, WI 2020","otId":"OTSDEM.102021.6345.1","short":"WI20_Roland","doi":"https://doi.org/10.5069/G9Z036C5","created":"2021-10-08","temporal":"2020-11-12 / 2020-11-13","keywords":"lidar, Lake Michigan, Wisconsin, erosion, geomorphology, bathymetry"}},{"type":"Feature","geometry":{"type":"MultiPolygon","coordinates":[[[[-120.21,39.42],[-120.2234,39.3931],[-120.2353,39.3948],[-120.2364,39.3903],[-120.2596,39.3957],[-120.2767,39.3927],[-120.2814,39.3983],[-120.3296,39.4036],[-120.3416,39.4095],[-120.3355,39.4126],[-120.3407,39.4141],[-120.3398,39.4211],[-120.3327,39.4279],[-120.2908,39.4474],[-120.3044,39.4496],[-120.2848,39.4567],[-120.2838,39.4694],[-120.2766,39.4658],[-120.2576,39.4781],[-120.1973,39.4454],[-120.21,39.42]]],[[[-120.3008,39.4442],[-120.2996,39.444],[-120.3011,39.4441],[-120.3008,39.4442]]],[[[-120.2962,39.4488],[-120.2957,39.4492],[-120.2951,39.4487],[-120.2962,39.4488]]],[[[-120.2964,39.4473],[-120.2968,39.447],[-120.2974,39.4469],[-120.2964,39.4473]]]]},"properties":{"name":"Preserving Mountains with Forest Management, CA 2020","otId":"OTSDEM.092021.6339.1","short":"CA20_Graup","doi":"https://doi.org/10.5069/G96H4FMX","created":"2021-09-16","temporal":"2020-11-10","keywords":"lidar, california, forest, management, water, tower"}},{"type":"Feature","geometry":{"type":"Polygon","coordinates":[[[-115.7316,33.3537],[-115.7742,33.3941],[-115.895,33.4808],[-115.9205,33.5111],[-116.0368,33.6086],[-116.0403,33.6221],[-115.9708,33.5709],[-115.8849,33.4856],[-115.7477,33.3844],[-115.7312,33.3646],[-115.7316,33.3537]]]},"properties":{"name":"Southern San Andreas Fault from Painted Canyon to Bombay Beach, CA","otId":"OTSDEM.092021.32611.1","short":"CA21_Bunds","doi":"https://doi.org/10.5069/G94M92RG","created":"2021-09-03","temporal":"2020-02-15 / 2020-02-18","keywords":"San Andreas fault, tectonic, scarp, SfM, sUAS, topography"}},{"type":"Feature","geometry":{"type":"Polygon","coordinates":[[[-122.3797,39.1388],[-122.382,39.1626],[-122.3616,39.1606],[-122.3306,39.175],[-122.3142,39.1663],[-122.3091,39.1405],[-122.3215,39.1307],[-122.3271,39.1362],[-122.36,39.121],[-122.3764,39.127],[-122.3797,39.1388]]]},"properties":{"name":"Repeat Mapping of Antelope Valley Ranch, CA, 2019","otId":"OTSDEM.082021.6339.2","short":"CA19_Dietrich","doi":"https://doi.org/10.5069/G9FX77MW","created":"2021-08-30","temporal":"2019-04-16 / 2019-04-17","keywords":"lidar, high resolution, mapping, antelope valley, california, ca"}},{"type":"Feature","geometry":{"type":"Polygon","coordinates":[[[-123.6358,42.8186],[-123.6364,42.8694],[-123.5975,42.8721],[-123.593,42.8778],[-123.5483,42.8726],[-123.5414,42.8777],[-123.5343,42.8674],[-123.5338,42.8154],[-123.5391,42.8062],[-123.582,42.809],[-123.5808,42.7982],[-123.593,42.798],[-123.5958,42.8071],[-123.6318,42.8085],[-123.6358,42.8186]]]},"properties":{"name":"Post-Fire Debris Flow Detection and Erosion, Oregon 2020","otId":"OTSDEM.082021.6339.1","short":"OR20_Hunter","doi":"https://doi.org/10.5069/G9V69GS8","created":"2021-08-26","temporal":"2020-11-08","keywords":"lidar, fire, oregon, debris, flow, erosion"}},{"type":"Feature","geometry":{"type":"MultiPolygon","coordinates":[[[[-120.0971,34.7608],[-120.0968,34.7608],[-120.0971,34.7606],[-120.0971,34.7608]]],[[[-120.1007,34.6588],[-120.1006,34.659],[-120.1004,34.6587],[-120.1007,34.6588]]],[[[-119.9993,34.6563],[-119.9996,34.6563],[-119.9993,34.6565],[-119.9993,34.6563]]],[[[-119.9959,34.7583],[-119.9957,34.7583],[-119.9957,34.7581],[-119.9959,34.7583]]],[[[-120.0496,34.6675],[-120.0536,34.6577],[-120.0676,34.6627],[-120.0639,34.6756],[-120.0726,34.6798],[-120.0659,34.6905],[-120.0734,34.6948],[-120.0723,34.7008],[-120.0849,34.7031],[-120.0774,34.711],[-120.0922,34.7149],[-120.0869,34.722],[-120.097,34.7265],[-120.0941,34.7314],[-120.0979,34.7334],[-120.0839,34.7439],[-120.0827,34.7556],[-120.0722,34.757],[-120.069,34.7517],[-120.0644,34.7568],[-120.046,34.7544],[-120.0432,34.7592],[-120.0283,34.7542],[-120.025,34.759],[-120.0165,34.7556],[-120.0095,34.7393],[-119.9966,34.7338],[-119.9969,34.7245],[-120.0086,34.7138],[-120.0122,34.6779],[-120.0184,34.6655],[-120.028,34.6704],[-120.0303,34.6658],[-120.0496,34.6675]]]]},"properties":{"name":"3D Fuel Structure in Relation to Prescribed Fire, CA 2020","otId":"OTSDEM.082021.32610.1","short":"CA20_Brande","doi":"https://doi.org/10.5069/G9C53J18","created":"2021-08-23","temporal":"2020-11-04","keywords":"fire, lidar, fuel, sedgwick, plant, 3D"}},{"type":"Feature","geometry":{"type":"MultiPolygon","coordinates":[[[[-73.5812,18.0543],[-73.6106,18.0485],[-73.6708,18.0546],[-73.7185,18.0914],[-73.7128,18.1091],[-73.7026,18.1183],[-73.6866,18.1123],[-73.6771,18.1186],[-73.6572,18.1033],[-73.5888,18.0979],[-73.5685,18.0862],[-73.5685,18.062],[-73.5812,18.0543]]],[[[-72.9584,20.0702],[-72.9033,20.0909],[-72.8514,20.0975],[-72.7998,20.096],[-72.6635,20.0404],[-72.6154,20.0117],[-72.6341,19.9731],[-72.6577,19.9826],[-72.7423,19.9936],[-72.8455,20.0251],[-72.8786,20.0172],[-72.9019,20.0217],[-72.9516,20.0413],[-72.9791,20.0655],[-72.9771,20.0702],[-72.9584,20.0702]]],[[[-73.2655,18.872],[-73.2895,18.8892],[-73.3054,18.9109],[-73.3095,18.9256],[-73.3047,18.941],[-73.2901,18.9566],[-73.2484,18.9772],[-73.1984,18.9775],[-73.0586,18.9218],[-72.9898,18.9004],[-72.8402,18.8346],[-72.8086,18.7975],[-72.7904,18.7366],[-72.8098,18.727],[-72.8046,18.7062],[-72.8138,18.6935],[-72.833,18.6859],[-72.8603,18.7195],[-73.0412,18.7512],[-73.1295,18.8053],[-73.2185,18.8283],[-73.2452,18.8449],[-73.2655,18.872]]],[[[-73.9019,18.0282],[-73.9746,18.1351],[-73.9881,18.1418],[-73.997,18.1574],[-74.11,18.2399],[-74.1704,18.2577],[-74.1842,18.2672],[-74.192,18.2877],[-74.2402,18.3024],[-74.246,18.296],[-74.2619,18.3014],[-74.3014,18.2831],[-74.3305,18.2767],[-74.3521,18.281],[-74.3975,18.3016],[-74.4146,18.3212],[-74.4532,18.3398],[-74.4713,18.3934],[-74.5009,18.429],[-74.4659,18.4777],[-74.4736,18.4946],[-74.4567,18.5059],[-74.4401,18.5555],[-74.4242,18.5665],[-74.4365,18.6104],[-74.4248,18.6245],[-74.3428,18.6621],[-74.321,18.6658],[-74.2937,18.6609],[-74.2847,18.6744],[-74.2693,18.6786],[-74.2,18.6772],[-74.1458,18.6682],[-74.0269,18.6127],[-73.9682,18.6102],[-73.9512,18.595],[-73.9302,18.5958],[-73.8967,18.5778],[-73.8401,18.5739],[-73.7926,18.5501],[-73.7803,18.556],[-73.7501,18.5483],[-73.7069,18.5824],[-73.6819,18.5824],[-73.6371,18.5948],[-73.5549,18.5883],[-73.5762,18.5573],[-73.6039,18.5395],[-73.6232,18.5424],[-73.6232,18.5341],[-73.6768,18.5466],[-73.6557,18.5378],[-73.6646,18.5187],[-73.6509,18.5107],[-73.6189,18.5151],[-73.6051,18.5086],[-73.5728,18.5271],[-73.4542,18.5347],[-73.4157,18.5245],[-73.3451,18.5162],[-73.3053,18.497],[-73.2855,18.4931],[-73.1649,18.4924],[-73.096,18.4642],[-72.9853,18.4796],[-72.887,18.457],[-72.8906,18.4459],[-72.8599,18.4557],[-72.8387,18.4558],[-72.7553,18.4386],[-72.7208,18.4461],[-72.6966,18.4656],[-72.6607,18.5304],[-72.6336,18.5623],[-72.5972,18.57],[-72.431,18.5559],[-72.418,18.57],[-72.4054,18.5675],[-72.3883,18.5521],[-72.3549,18.5502],[-72.3592,18.5696],[-72.3563,18.6289],[-72.3526,18.645],[-72.3354,18.6715],[-72.3381,18.6774],[-72.388,18.7019],[-72.4381,18.7087],[-72.4939,18.7591],[-72.5175,18.7565],[-72.5557,18.7786],[-72.5662,18.7897],[-72.5882,18.8367],[-72.6167,18.8644],[-72.6252,18.8837],[-72.6383,18.8964],[-72.6771,18.9231],[-72.7295,18.9481],[-72.7646,19.0006],[-72.8204,19.0325],[-72.8291,19.0842],[-72.7782,19.1037],[-72.7228,19.1115],[-72.7175,19.1199],[-72.7213,19.1319],[-72.7688,19.1561],[-72.8057,19.2122],[-72.8149,19.2352],[-72.8064,19.241],[-72.7751,19.2936],[-72.7304,19.3042],[-72.6917,19.3221],[-72.6845,19.3443],[-72.6606,19.3588],[-72.7063,19.4393],[-72.7643,19.4455],[-72.8196,19.497],[-72.883,19.5244],[-72.9353,19.555],[-72.9721,19.5673],[-73.0066,19.5952],[-73.0185,19.591],[-73.083,19.6135],[-73.1204,19.62],[-73.1342,19.6087],[-73.1492,19.6057],[-73.1902,19.619],[-73.2208,19.6374],[-73.2369,19.6225],[-73.2839,19.6167],[-73.4127,19.6272],[-73.4661,19.6666],[-73.4783,19.7264],[-73.4334,19.7991],[-73.4196,19.7995],[-73.3912,19.812],[-73.4373,19.8121],[-73.4395,19.8184],[-73.4085,19.8465],[-73.3852,19.8435],[-73.366,19.8489],[-73.347,19.843],[-73.2276,19.8948],[-73.168,19.939],[-73.1427,19.9295],[-73.1152,19.9325],[-73.072,19.9211],[-73.0438,19.9204],[-73.0073,19.9275],[-72.9675,19.9249],[-72.9441,19.9369],[-72.8988,19.9381],[-72.8423,19.9505],[-72.7747,19.9529],[-72.6703,19.9298],[-72.6246,19.9057],[-72.5799,19.9],[-72.535,19.8612],[-72.4906,19.8373],[-72.4271,19.8324],[-72.3978,19.8163],[-72.3793,19.8215],[-72.3706,19.7998],[-72.3296,19.7747],[-72.2646,19.7717],[-72.2425,19.7954],[-72.2153,19.796],[-72.1858,19.7874],[-72.1937,19.7513],[-72.1807,19.75],[-72.1577,19.7622],[-72.1279,19.7542],[-72.0994,19.7338],[-72.053,19.7306],[-71.9391,19.7411],[-71.861,19.7237],[-71.84,19.7266],[-71.7503,19.719],[-71.6894,19.6806],[-71.7105,19.6093],[-71.6706,19.5599],[-71.6473,19.4736],[-71.6426,19.3626],[-71.6605,19.3347],[-71.7252,19.3222],[-71.6182,19.2507],[-71.5635,19.2017],[-71.6286,19.1047],[-71.7763,18.9629],[-71.7127,18.8899],[-71.7093,18.7848],[-71.725,18.7119],[-71.7651,18.697],[-71.7995,18.6217],[-71.8282,18.6184],[-71.8363,18.6102],[-71.9489,18.6261],[-71.9301,18.5782],[-71.9027,18.5571],[-71.8685,18.516],[-71.8695,18.4804],[-71.8761,18.4696],[-71.8609,18.4496],[-71.8252,18.4331],[-71.8065,18.4078],[-71.7242,18.358],[-71.6782,18.3382],[-71.7102,18.2938],[-71.7257,18.2462],[-71.7612,18.1829],[-71.7278,18.1459],[-71.7218,18.1299],[-71.7307,18.1077],[-71.718,18.094],[-71.7172,18.0628],[-71.7445,18.0284],[-71.7673,18.0363],[-71.7716,18.0254],[-71.7991,18.0432],[-71.8694,18.1304],[-71.8987,18.1556],[-71.9322,18.1756],[-72.0105,18.2011],[-72.0735,18.2285],[-72.1078,18.2286],[-72.1898,18.2158],[-72.4394,18.2149],[-72.5203,18.2009],[-72.5454,18.2131],[-72.5364,18.1827],[-72.5548,18.1636],[-72.5723,18.1632],[-72.6137,18.1759],[-72.7419,18.1663],[-72.7337,18.1457],[-72.7751,18.1514],[-72.8014,18.1368],[-72.858,18.142],[-72.8867,18.1315],[-72.9163,18.1477],[-72.9795,18.1678],[-73.129,18.1812],[-73.1521,18.1952],[-73.2698,18.2176],[-73.2965,18.2217],[-73.416,18.2167],[-73.4195,18.2245],[-73.4158,18.237],[-73.3706,18.2388],[-73.3716,18.2485],[-73.3777,18.2491],[-73.4569,18.2485],[-73.5276,18.2213],[-73.5415,18.2282],[-73.5509,18.2477],[-73.5601,18.2331],[-73.5574,18.219],[-73.5683,18.2154],[-73.5739,18.2044],[-73.5941,18.2149],[-73.6093,18.2063],[-73.6221,18.2129],[-73.6432,18.2115],[-73.6673,18.1936],[-73.6688,18.2226],[-73.6779,18.2139],[-73.6833,18.2268],[-73.6859,18.2186],[-73.7328,18.183],[-73.8039,18.1516],[-73.8331,18.1159],[-73.7791,18.0552],[-73.7863,18.0214],[-73.8059,18.0169],[-73.8741,18.0172],[-73.9019,18.0282]]],[[[-73.712,18.5922],[-73.7404,18.5809],[-73.8326,18.6079],[-73.776,18.6424],[-73.7372,18.6457],[-73.6988,18.6233],[-73.6983,18.5967],[-73.712,18.5922]]]]},"properties":{"name":"Haiti Digital Terrain Model 2014 - 2016","otId":"OTSDEM.082021.32618.1","short":"Haiti_16","doi":"https://doi.org/10.5069/G9GX48R8","created":"2021-08-19","temporal":"2014-01-01 / 2016-12-31","keywords":"lidar, haiti, earthquake, world bank, DTM, elevation"}},{"type":"Feature","geometry":{"type":"MultiPolygon","coordinates":[[[[-118.5062,37.4861],[-118.5064,37.4918],[-118.5031,37.4922],[-118.5025,37.4856],[-118.5062,37.4861]]],[[[-118.5034,37.4821],[-118.4989,37.4851],[-118.4839,37.4713],[-118.4897,37.4676],[-118.5034,37.4821]]],[[[-118.4572,37.4453],[-118.4615,37.445],[-118.4617,37.4304],[-118.4947,37.435],[-118.4818,37.4565],[-118.4799,37.4774],[-118.4693,37.4733],[-118.4683,37.4779],[-118.4513,37.4769],[-118.4461,37.4707],[-118.4553,37.4676],[-118.4403,37.4597],[-118.4414,37.43],[-118.4469,37.4331],[-118.4457,37.4407],[-118.4572,37.4453]],[[-118.4713,37.4448],[-118.4729,37.4391],[-118.4701,37.4399],[-118.4713,37.4448]],[[-118.4448,37.4577],[-118.4456,37.4584],[-118.4455,37.457],[-118.4448,37.4577]],[[-118.4497,37.4616],[-118.4483,37.4603],[-118.4486,37.463],[-118.4497,37.4616]],[[-118.4701,37.4657],[-118.4641,37.4656],[-118.4603,37.4628],[-118.4679,37.4722],[-118.4747,37.4662],[-118.4701,37.4657]]]]},"properties":{"name":"Topography of Normal Faults in the Volcanic Tablelands, CA 2018","otId":"OTSDEM.062020.26911.2","short":"CA18_Scott","doi":"https://doi.org/10.5069/G9SF2TC5","created":"2021-08-18","temporal":"2018-03-05 / 2018-03-12","keywords":"normal fault, bishop, california, volcanic, SfM, drone"}},{"type":"Feature","geometry":{"type":"MultiPolygon","coordinates":[[[[-82.3769,35.4639],[-82.3768,35.4639],[-82.3771,35.4637],[-82.3769,35.4639]]],[[[-82.3726,35.211],[-82.3728,35.2112],[-82.3726,35.2112],[-82.3726,35.211]]],[[[-82.2253,35.2128],[-82.2255,35.2126],[-82.2254,35.2128],[-82.2253,35.2128]]],[[[-82.2293,35.4655],[-82.2293,35.4655],[-82.2291,35.4653],[-82.2293,35.4655]]],[[[-82.2711,35.2731],[-82.2858,35.2663],[-82.2771,35.2681],[-82.2637,35.2585],[-82.2449,35.2736],[-82.2279,35.2591],[-82.2556,35.2335],[-82.2541,35.2288],[-82.2605,35.2243],[-82.2533,35.223],[-82.2792,35.2121],[-82.284,35.2157],[-82.2974,35.2119],[-82.3097,35.2196],[-82.3103,35.227],[-82.3012,35.2361],[-82.2882,35.2363],[-82.2797,35.2462],[-82.2873,35.2555],[-82.2866,35.2661],[-82.3088,35.2568],[-82.3054,35.253],[-82.3103,35.2489],[-82.3163,35.2533],[-82.3378,35.2434],[-82.3403,35.2484],[-82.3352,35.2502],[-82.3464,35.2501],[-82.3687,35.2823],[-82.3642,35.2872],[-82.3742,35.2942],[-82.3695,35.2982],[-82.3578,35.2908],[-82.3486,35.2947],[-82.3466,35.2895],[-82.3269,35.2834],[-82.3107,35.2914],[-82.3155,35.3028],[-82.301,35.3109],[-82.292,35.2986],[-82.2754,35.3007],[-82.2679,35.2916],[-82.2611,35.2934],[-82.2574,35.2832],[-82.2711,35.2731]]],[[[-82.2694,35.4343],[-82.3015,35.4497],[-82.2914,35.4644],[-82.2532,35.4535],[-82.2465,35.4643],[-82.2415,35.4625],[-82.2458,35.4527],[-82.2287,35.4427],[-82.24,35.421],[-82.2582,35.4306],[-82.2662,35.428],[-82.2641,35.4327],[-82.2694,35.4343]]]]},"properties":{"name":"Evaluating Area-Volume Relationships after Mass Wasting Event, NC 2020","otId":"OTSDEM.082021.6346.1","short":"NC21_Scheip","doi":"https://doi.org/10.5069/G9RF5S7S","created":"2021-08-13","temporal":"2020-11-14","keywords":"lidar, landslide, north carolina, wasting event, rainfall, area"}},{"type":"Feature","geometry":{"type":"Polygon","coordinates":[[[-180,-85],[-180,84],[180,84],[180,-85],[-180,-85]]]},"properties":{"name":"Copernicus GLO-90 Digital Elevation Model","otId":"OTSDEM.032021.4326.1","short":"COP90","doi":"https://doi.org/10.5069/G9028PQB","created":"2021-04-22","temporal":"2011-01-01 / 2015-07-01","keywords":"Copernicus, ESA, DSM, Sinergise, AWS, TanDEM-X"}},{"type":"Feature","geometry":{"type":"Polygon","coordinates":[[[-180,-85],[-180,84],[180,84],[180,-85],[-180,-85]]]},"properties":{"name":"Copernicus GLO-30 Digital Elevation Model","otId":"OTSDEM.032021.4326.3","short":"COP30","doi":"https://doi.org/10.5069/G9028PQB","created":"2021-04-22","temporal":"2011-01-01 / 2015-07-01","keywords":"Copernicus, ESA, DSM, TanDEM-X, DLR, SAR"}},{"type":"Feature","geometry":{"type":"Polygon","coordinates":[[[-179.0001,-56.0001],[-179.0001,61.0001],[179.0001,61.0001],[179.0001,-56.0001],[-179.0001,-56.0001]]]},"properties":{"name":"NASADEM Global Digital Elevation Model","otId":"OTSDEM.032021.4326.2","short":"NASADEM","doi":"https://doi.org/10.5069/G93T9FD9","created":"2021-04-22","temporal":"2000-02-11 / 2000-02-21","keywords":"NASA, SRTM, ASTER, ICESat, GLAS, DEM"}},{"type":"Feature","geometry":{"type":"Polygon","coordinates":[[[-119.5521,37.7007],[-119.5524,37.7075],[-119.5375,37.7116],[-119.5303,37.7069],[-119.5376,37.6986],[-119.5142,37.6844],[-119.518,37.6757],[-119.5283,37.6774],[-119.5183,37.6722],[-119.5192,37.6678],[-119.5218,37.6638],[-119.5317,37.6665],[-119.534,37.6568],[-119.5284,37.6511],[-119.5348,37.6476],[-119.5363,37.6382],[-119.5405,37.6409],[-119.5485,37.6346],[-119.5419,37.6351],[-119.5421,37.6284],[-119.5503,37.6271],[-119.5551,37.6322],[-119.5547,37.627],[-119.5667,37.6284],[-119.5665,37.6236],[-119.5763,37.622],[-119.5824,37.6298],[-119.5952,37.6246],[-119.6045,37.6273],[-119.6017,37.6393],[-119.6072,37.6425],[-119.6172,37.6422],[-119.6198,37.6361],[-119.6289,37.639],[-119.625,37.6516],[-119.6302,37.6613],[-119.6186,37.6722],[-119.6243,37.676],[-119.6201,37.6822],[-119.6235,37.6866],[-119.613,37.6947],[-119.6316,37.7011],[-119.6319,37.7109],[-119.607,37.7037],[-119.5981,37.7149],[-119.5892,37.7117],[-119.5925,37.7179],[-119.5814,37.7242],[-119.5724,37.7216],[-119.5753,37.7175],[-119.5619,37.7023],[-119.5521,37.7007]]]},"properties":{"name":"Illilouette Creek Basin Lidar Survey, Yosemite Valley, CA 2018","otId":"OTSDEM.042021.6340.1","short":"CA18_Thompson","doi":"https://doi.org/10.5069/G96M351N","created":"2021-04-13","temporal":"2018-09-21 / 2018-09-23","keywords":"lidar, yosemite, california"}},{"type":"Feature","geometry":{"type":"Polygon","coordinates":[[[-180,-85],[-180,85],[180,85],[180,-85],[-180,-85]]]},"properties":{"name":"Global Bathymetry and Topography at 15 Arc Sec: SRTM15+ V2.5.5","otId":"OTSRTM.122019.4326.1","short":"SRTM15Plus","doi":"https://doi.org/10.5069/G92R3PT9","created":"2020-12-10","temporal":"2000-02-11 / 2023-03-20","keywords":"SRTM, bathymetry, ocean, altimetry, satellite, ship soundings"}},{"type":"Feature","geometry":{"type":"Polygon","coordinates":[[[-124.1043,40.5087],[-124.1305,40.5052],[-124.1354,40.4992],[-124.1347,40.4726],[-124.1292,40.4669],[-124.1223,40.4992],[-124.1209,40.4679],[-124.1099,40.4536],[-124.0811,40.4412],[-124.0072,40.4322],[-123.9621,40.4088],[-123.9432,40.3777],[-123.9392,40.3579],[-123.9463,40.3389],[-123.935,40.3072],[-123.9073,40.2705],[-123.8551,40.2454],[-123.8388,40.2174],[-123.8156,40.2085],[-123.8014,40.1903],[-123.8033,40.1698],[-123.8248,40.152],[-123.8251,40.1421],[-123.8451,40.1353],[-123.8358,40.1014],[-123.8307,40.0961],[-123.8211,40.1004],[-123.8302,40.0757],[-123.803,40.0385],[-123.8118,40.0176],[-123.8055,40.001],[-123.8214,39.9798],[-123.8146,39.9553],[-123.7793,39.9107],[-123.7771,39.8982],[-123.7518,39.8671],[-123.7327,39.8272],[-123.7005,39.8213],[-123.6729,39.8014],[-123.6588,39.7503],[-123.6729,39.7117],[-123.6654,39.7111],[-123.6726,39.7105],[-123.6756,39.7038],[-123.6391,39.7031],[-123.6216,39.7505],[-123.6361,39.8],[-123.6236,39.8054],[-123.6377,39.81],[-123.6245,39.8117],[-123.6348,39.8142],[-123.6427,39.822],[-123.6394,39.8255],[-123.7272,39.8905],[-123.7815,39.9743],[-123.7697,39.9918],[-123.7732,40.0155],[-123.766,40.0281],[-123.7664,40.0442],[-123.7907,40.0803],[-123.7795,40.0974],[-123.778,40.1145],[-123.7872,40.1365],[-123.7663,40.1624],[-123.7642,40.198],[-123.7909,40.2316],[-123.8035,40.2343],[-123.8161,40.2529],[-123.8513,40.2822],[-123.8762,40.2876],[-123.9036,40.3215],[-123.9026,40.3574],[-123.9083,40.3857],[-123.9135,40.4068],[-123.9289,40.4259],[-123.9945,40.46],[-124.0816,40.4735],[-124.0895,40.4826],[-124.094,40.5033],[-124.1043,40.5087]]]},"properties":{"name":"South Fork Eel River, CA: Understanding Terrace Formation and Abandonment","otId":"OTSDEM.092012.26910.4","short":"CA09_Perkins","doi":"https://doi.org/10.5069/G93F4MH1","created":"2012-10-23","temporal":"2009-09-04","keywords":"lidar"}},{"type":"Feature","geometry":{"type":"MultiPolygon","coordinates":[[[[-113.8772,44.1695],[-113.8471,44.1529],[-113.8344,44.1343],[-113.8434,44.1329],[-113.8533,44.1494],[-113.867,44.1562],[-113.8772,44.1695]]],[[[-113.8756,44.1889],[-113.8784,44.1839],[-113.89,44.1906],[-113.8805,44.1933],[-113.8756,44.1889]]]]},"properties":{"name":"Lost River Fault at Doublespring Pass Rd, Idaho 2015","otId":"OTSDEM.112020.6341.1","short":"ID15_Bunds","doi":"https://doi.org/10.5069/G9TH8JWV","created":"2020-11-11","temporal":"2015-05-01 / 2016-05-01","keywords":"Borah Peak, earthquake, surface rupture, Lost River fault, normal fault, segment boundary"}},{"type":"Feature","geometry":{"type":"MultiPolygon","coordinates":[[[[-110.0112,37.7318],[-110.1005,37.7472],[-110.1145,37.7584],[-110.1105,37.7805],[-109.9991,37.752],[-109.9915,37.746],[-109.9968,37.7392],[-109.9813,37.7357],[-109.9827,37.7314],[-110.0112,37.7318]]],[[[-110.0688,37.5114],[-110.1165,37.4846],[-110.1325,37.5008],[-110.0122,37.5723],[-109.997,37.5783],[-109.9841,37.5694],[-109.9819,37.5641],[-110.0688,37.5114]]],[[[-109.9694,37.5571],[-109.9342,37.592],[-109.9446,37.5975],[-109.9417,37.6028],[-109.93,37.6002],[-109.8857,37.6449],[-109.877,37.6432],[-109.8682,37.6326],[-109.8583,37.6356],[-109.8531,37.6302],[-109.8538,37.6195],[-109.8442,37.6192],[-109.8498,37.6043],[-109.8751,37.5795],[-109.8633,37.5737],[-109.8655,37.5681],[-109.8829,37.5702],[-109.9346,37.516],[-109.9451,37.5228],[-109.9582,37.5198],[-109.9509,37.5282],[-109.9598,37.5435],[-109.9647,37.5399],[-109.9755,37.5472],[-109.9694,37.5571]]],[[[-109.9268,37.4713],[-109.8945,37.5314],[-109.8661,37.5324],[-109.8606,37.5207],[-109.8997,37.4444],[-109.8979,37.4349],[-109.9034,37.4377],[-109.9097,37.4268],[-109.9523,37.3391],[-109.9838,37.3435],[-109.9894,37.3518],[-109.9356,37.4533],[-109.9371,37.4608],[-109.9325,37.4601],[-109.9268,37.4713]]],[[[-110.1779,37.814],[-110.1254,37.7956],[-110.1372,37.7715],[-110.2011,37.7914],[-110.1984,37.8069],[-110.188,37.8062],[-110.186,37.8141],[-110.1779,37.814]]]]},"properties":{"name":"Monitoring Woodland Ecosystems, Utah 2018","otId":"OTSDEM.092020.26912.1","short":"UT18_Dennison","doi":"https://doi.org/10.5069/G90C4SZ9","created":"2020-10-13","temporal":"2018-06-02 / 2018-06-03","keywords":"lidar, utah, new mexico, woodlands, ecosystem"}},{"type":"Feature","geometry":{"type":"MultiPolygon","coordinates":[[[[-116.6515,31.8679],[-116.6611,31.8604],[-116.6785,31.8711],[-116.6711,31.8709],[-116.6697,31.8817],[-116.6626,31.8817],[-116.6613,31.8724],[-116.6515,31.8679]]],[[[-116.7547,31.9211],[-116.7605,31.9606],[-116.7576,31.9613],[-116.7513,31.9443],[-116.7321,31.9481],[-116.7311,31.9439],[-116.7474,31.9412],[-116.7511,31.942],[-116.7479,31.9208],[-116.7547,31.9211]],[[-116.7504,31.9426],[-116.7502,31.9418],[-116.7487,31.9421],[-116.7504,31.9426]]]]},"properties":{"name":"Salsipuedes-Punta Morro, Baja California, Mexico 2014","otId":"OTSDEM.082020.26911.1","short":"MX14_Hinojosa","doi":"https://doi.org/10.5069/G9FQ9TSV","created":"2020-08-31","temporal":"2014-07-02 / 2014-07-03","keywords":"Salsipuedes Bay, CICESE, Punta Morro, Baja California, lidar"}},{"type":"Feature","geometry":{"type":"Polygon","coordinates":[[[-97.3103,28.2268],[-97.3137,28.2366],[-97.3077,28.2368],[-97.3067,28.2547],[-97.314,28.2735],[-97.3059,28.3208],[-97.2723,28.3141],[-97.2511,28.3159],[-97.2506,28.3079],[-97.2412,28.3077],[-97.2402,28.2995],[-97.2503,28.298],[-97.2448,28.2697],[-97.2492,28.2548],[-97.2427,28.2557],[-97.2414,28.2511],[-97.2463,28.2451],[-97.2418,28.2359],[-97.2476,28.2357],[-97.251,28.2173],[-97.2642,28.2191],[-97.2681,28.2139],[-97.2709,28.2209],[-97.2801,28.2211],[-97.2872,28.2146],[-97.302,28.2154],[-97.3044,28.2259],[-97.3103,28.2268]]]},"properties":{"name":"Post Hurricane Harvey Mapping of the Mission River, Texas 2018 (Ch 1, 2, 3)","otId":"OTSDEM.082020.6343.1b","short":"TX18_Guneralp3C","doi":"https://doi.org/10.5069/G9MG7MPD","created":"2020-08-26","temporal":"2018-03-08 / 2018-03-09","keywords":"lidar, texas, hurricane, harvey, Mission River, Rapid Response"}},{"type":"Feature","geometry":{"type":"Polygon","coordinates":[[[-97.3103,28.2268],[-97.3137,28.2366],[-97.3077,28.2368],[-97.3067,28.2547],[-97.314,28.2735],[-97.3059,28.3208],[-97.2723,28.3141],[-97.2511,28.3159],[-97.2506,28.3079],[-97.2412,28.3077],[-97.2402,28.2995],[-97.2503,28.298],[-97.2448,28.2697],[-97.2492,28.2548],[-97.2427,28.2557],[-97.2414,28.2511],[-97.2463,28.2451],[-97.2418,28.2359],[-97.2476,28.2357],[-97.251,28.2173],[-97.2642,28.2191],[-97.2681,28.2139],[-97.2709,28.2209],[-97.2801,28.2211],[-97.2872,28.2146],[-97.302,28.2154],[-97.3044,28.2259],[-97.3103,28.2268]]]},"properties":{"name":"Post Hurricane Harvey Mapping of the Mission River, Texas 2018 (Ch 1, 2)","otId":"OTSDEM.082020.6343.1","short":"TX18_Guneralp2C","doi":"https://doi.org/10.5069/G9MG7MPD","created":"2020-08-26","temporal":"2018-03-08 / 2018-03-09","keywords":"lidar, texas, hurricane, harvey, Mission River, Rapid Response"}},{"type":"Feature","geometry":{"type":"Polygon","coordinates":[[[-114.3965,45.4354],[-114.3968,45.4431],[-114.359,45.4601],[-114.3298,45.4354],[-114.3201,45.4351],[-114.3214,45.431],[-114.302,45.4179],[-114.2953,45.407],[-114.2771,45.399],[-114.256,45.3789],[-114.3054,45.351],[-114.327,45.3661],[-114.3446,45.3904],[-114.3965,45.4354]]]},"properties":{"name":"Measuring Variations in Bedrock Cliff Morphologies, Idaho 2019","otId":"OTSDEM.082020.6341.1","short":"ID19_Mitchell","doi":"https://doi.org/10.5069/G9GQ6VZP","created":"2020-08-26","temporal":"2019-09-23 / 2019-09-24","keywords":"lidar, Idaho, bedrock, fracture, incision rate, boulder creek"}},{"type":"Feature","geometry":{"type":"Polygon","coordinates":[[[-121.0666,36.4771],[-121.0649,36.4681],[-121.0496,36.4545],[-121.0429,36.4593],[-121.0554,36.4766],[-121.0666,36.4771]]]},"properties":{"name":"High Resolution SFM Topography of the Central San Andreas Fault, California","otId":"OTSDEM.082020.32610.1","short":"CA19_Bunds","doi":"https://doi.org/10.5069/G91N7Z92","created":"2020-08-11","temporal":"2019-10-27 / 2019-10-28","keywords":"San Andreas fault, aseismic creep, tectonic, scarp, structure from motion, SfM"}},{"type":"Feature","geometry":{"type":"Polygon","coordinates":[[[-116.8346,36.1356],[-116.8384,36.1396],[-116.8347,36.203],[-116.8321,36.2068],[-116.7875,36.2076],[-116.7862,36.1626],[-116.7941,36.1601],[-116.7976,36.0656],[-116.7389,36.0046],[-116.752,35.9916],[-116.8022,36.0366],[-116.8223,36.066],[-116.8241,36.1093],[-116.8346,36.1356]]]},"properties":{"name":"Meandering Channels in Death Valley, CA 2019","otId":"OTSDEM.072020.6340.2","short":"CA19_Douglas","doi":"https://doi.org/10.5069/G96D5R55","created":"2020-07-29","temporal":"2019-09-27 / 2019-09-28","keywords":"lidar, Death Valley, channels, rivers, bank cohesion"}},{"type":"Feature","geometry":{"type":"Polygon","coordinates":[[[-118.8414,34.0245],[-118.8495,34.032],[-118.848,34.0668],[-118.853,34.0676],[-118.8517,34.0768],[-118.8468,34.0776],[-118.8463,34.1048],[-118.7783,34.1071],[-118.7784,34.0788],[-118.7704,34.0781],[-118.7793,34.0643],[-118.7749,34.061],[-118.7744,34.0331],[-118.7792,34.0239],[-118.8414,34.0245]]]},"properties":{"name":"Post-fire Debris Flows in Santa Monica Mountains, CA 2019","otId":"OTSDEM.072020.32611.1","short":"CA19_Townsend","doi":"https://doi.org/10.5069/G9MK6B2P","created":"2020-07-24","temporal":"2019-09-25 / 2019-09-26","keywords":"lidar, debris flow, California, Santa Monica, post-fire, landscape change"}},{"type":"Feature","geometry":{"type":"MultiPolygon","coordinates":[[[[-113.3154,43.807],[-113.3273,43.8166],[-113.3172,43.8213],[-113.3106,43.8163],[-113.3083,43.8119],[-113.3154,43.807]]],[[[-113.3805,43.8799],[-113.3854,43.8841],[-113.3825,43.8888],[-113.3776,43.8831],[-113.3805,43.8799]]],[[[-113.3908,43.9173],[-113.3982,43.9232],[-113.3976,43.9313],[-113.3926,43.9311],[-113.3908,43.9173]]],[[[-113.5248,43.9287],[-113.5369,43.9354],[-113.54,43.942],[-113.5203,43.9346],[-113.5248,43.9287]]],[[[-113.6784,44.0189],[-113.6959,44.0234],[-113.697,44.0261],[-113.6765,44.0245],[-113.6784,44.0189]]],[[[-113.8299,44.1048],[-113.843,44.1268],[-113.8444,44.1395],[-113.881,44.1668],[-113.8788,44.1704],[-113.8673,44.1679],[-113.8409,44.1467],[-113.8294,44.1215],[-113.8337,44.1112],[-113.8299,44.1048]]],[[[-113.8994,44.2183],[-113.9055,44.2219],[-113.9057,44.2257],[-113.9013,44.2249],[-113.8994,44.2183]]],[[[-114.0191,44.2522],[-114.0509,44.2616],[-114.0514,44.2656],[-114.018,44.2571],[-114.0191,44.2522]]],[[[-114.0596,44.3943],[-114.0712,44.3994],[-114.057,44.3994],[-114.0596,44.3943]]],[[[-114.0932,44.4097],[-114.1001,44.4154],[-114.0999,44.4173],[-114.0937,44.4191],[-114.0932,44.4097]]]]},"properties":{"name":"High Resolution Topography along the Lost River Valley, Idaho 2019","otId":"OTSDEM.072020.32612.1","short":"ID19_Bello","doi":"https://doi.org/10.5069/G94M92Q1","created":"2020-07-17","temporal":"2019-04-19 / 2019-04-28","keywords":"Structure from Motion, faults, Lost River Valley, Borah Peak, Idaho, UAV"}},{"type":"Feature","geometry":{"type":"Polygon","coordinates":[[[-117.4858,33.6684],[-117.4872,33.681],[-117.4793,33.6846],[-117.4834,33.7073],[-117.4012,33.7177],[-117.3953,33.7123],[-117.4015,33.707],[-117.3943,33.6894],[-117.3866,33.6874],[-117.3925,33.6829],[-117.383,33.6545],[-117.4122,33.646],[-117.4666,33.643],[-117.4733,33.6714],[-117.4858,33.6684]]]},"properties":{"name":"Change Detection of Post-fire Runoff Events, CA 2019","otId":"OTSDEM.072020.6340.1","short":"CA19_Guilinger","doi":"https://doi.org/10.5069/G9HT2MGB","created":"2020-07-15","temporal":"2019-09-25 / 2019-09-26","keywords":"lidar, erosion, sediments, post-fire, change detection, Santa Ana Mountains"}},{"type":"Feature","geometry":{"type":"Polygon","coordinates":[[[-109.9132,38.0351],[-109.9407,38.0443],[-109.9406,38.0499],[-109.9496,38.0522],[-109.9476,38.0565],[-109.9582,38.0575],[-109.9574,38.0652],[-109.9633,38.0609],[-109.969,38.064],[-109.964,38.0704],[-109.9738,38.0804],[-109.952,38.0915],[-109.9559,38.0962],[-109.9504,38.1036],[-109.9007,38.1449],[-109.8756,38.1282],[-109.8774,38.1228],[-109.8722,38.1258],[-109.8654,38.1204],[-109.8692,38.1161],[-109.865,38.1122],[-109.8714,38.1067],[-109.8665,38.1031],[-109.8729,38.0973],[-109.865,38.0946],[-109.8598,38.0808],[-109.8701,38.077],[-109.8671,38.0697],[-109.8786,38.0724],[-109.8742,38.0675],[-109.8795,38.0605],[-109.8878,38.056],[-109.8915,38.0603],[-109.8981,38.0553],[-109.8936,38.0514],[-109.8989,38.043],[-109.9103,38.0448],[-109.9132,38.0351]],[[-109.8835,38.0641],[-109.8838,38.063],[-109.8829,38.0621],[-109.8835,38.0641]],[[-109.8711,38.0769],[-109.8712,38.0767],[-109.871,38.0768],[-109.8711,38.0769]],[[-109.9256,38.1235],[-109.9234,38.1225],[-109.9256,38.1241],[-109.9256,38.1235]]]},"properties":{"name":"Normal Fault Comparisons, Utah 2019","otId":"OTSDEM.072020.6341.1","short":"UT19_Padilla","doi":"https://doi.org/10.5069/G9X34VNQ","created":"2020-07-10","temporal":"2019-09-14 / 2019-09-15","keywords":"lidar, normal fault, rheology, seismogenic, utah, needles"}},{"type":"Feature","geometry":{"type":"Polygon","coordinates":[[[-121.5484,40.524],[-121.5518,40.5342],[-121.5479,40.54],[-121.526,40.5439],[-121.5289,40.5484],[-121.5204,40.5521],[-121.5128,40.546],[-121.4935,40.5504],[-121.4729,40.473],[-121.4619,40.4601],[-121.4634,40.451],[-121.5207,40.4438],[-121.5235,40.4705],[-121.5484,40.524]]]},"properties":{"name":"Lassen Volcanic National Park, CA 2019","otId":"OTSDEM.072020.6339.1","short":"CA19_Herbst","doi":"https://doi.org/10.5069/G9SB43XC","created":"2020-07-10","temporal":"2019-09-21 / 2019-09-22","keywords":"lidar, lava dome, Lassen Volcanic National Park, California"}},{"type":"Feature","geometry":{"type":"MultiPolygon","coordinates":[[[[-123.5294,41.0141],[-123.5308,41.0178],[-123.5258,41.0177],[-123.5302,41.0218],[-123.4633,41.0708],[-123.4515,41.0642],[-123.4505,41.0573],[-123.4363,41.0553],[-123.4393,41.0495],[-123.4116,41.0167],[-123.4244,41.0011],[-123.4403,40.9934],[-123.449,40.9794],[-123.4728,40.9681],[-123.4806,40.9682],[-123.4925,40.9853],[-123.5061,40.9891],[-123.5164,41.0081],[-123.5238,41.0055],[-123.5294,41.0141]]],[[[-123.5131,40.9981],[-123.5142,40.9988],[-123.5126,40.9996],[-123.5131,40.9981]]]]},"properties":{"name":"Study in Erosion Response: Horse Linto, CA 2019","otId":"OTSDEM.072020.6339.2","short":"CA19_Reed","doi":"https://doi.org/10.5069/G9NK3C62","created":"2020-07-11","temporal":"2019-09-20 / 2019-09-21","keywords":"lidar, erosion, knickpoint, chemical erosion, horse linto, California"}},{"type":"Feature","geometry":{"type":"MultiPolygon","coordinates":[[[[-118.485,37.4464],[-118.4801,37.4449],[-118.4904,37.4146],[-118.498,37.4151],[-118.485,37.4464]]],[[[-118.4439,37.4651],[-118.4415,37.4574],[-118.4382,37.4593],[-118.4398,37.426],[-118.444,37.4259],[-118.4477,37.4645],[-118.4439,37.4651]],[[-118.4466,37.4615],[-118.4467,37.4616],[-118.4467,37.4615],[-118.4466,37.4615]],[[-118.4466,37.4618],[-118.4466,37.4618],[-118.4466,37.4618],[-118.4466,37.4618]],[[-118.4401,37.4332],[-118.4401,37.433],[-118.44,37.4332],[-118.4401,37.4332]],[[-118.4415,37.4439],[-118.4415,37.4439],[-118.4415,37.4438],[-118.4415,37.4439]],[[-118.4466,37.4612],[-118.4466,37.4614],[-118.4467,37.4612],[-118.4466,37.4612]],[[-118.4466,37.4614],[-118.4466,37.4614],[-118.4466,37.4614],[-118.4466,37.4614]],[[-118.4415,37.4433],[-118.4415,37.4433],[-118.4415,37.4433],[-118.4415,37.4433]],[[-118.4415,37.4433],[-118.4415,37.4433],[-118.4415,37.4433],[-118.4415,37.4433]],[[-118.4415,37.4267],[-118.4415,37.4267],[-118.4415,37.4267],[-118.4415,37.4267]]],[[[-118.507,37.4961],[-118.5043,37.4866],[-118.4989,37.479],[-118.5049,37.481],[-118.507,37.4961]]]]},"properties":{"name":"Topography of Normal Faults in the Volcanic Tablelands, CA 2019","otId":"OTSDEM.062020.26911.1","short":"CA19_Scott","doi":"https://doi.org/10.5069/G97S7KXT","created":"2020-06-25","temporal":"2019-04-11 / 2019-04-13","keywords":"normal fault, bishop, california, volcanic, SfM, drone"}},{"type":"Feature","geometry":{"type":"MultiPolygon","coordinates":[[[[-116.815,33.7188],[-116.8165,33.7301],[-116.8033,33.7423],[-116.7846,33.7459],[-116.784,33.7549],[-116.763,33.7549],[-116.7624,33.7639],[-116.7516,33.7644],[-116.7516,33.7729],[-116.7414,33.7729],[-116.7408,33.7819],[-116.7305,33.7819],[-116.7299,33.7909],[-116.7197,33.7908],[-116.7179,33.7998],[-116.7083,33.8003],[-116.7042,33.8121],[-116.7088,33.8179],[-116.7191,33.8179],[-116.7196,33.8269],[-116.7406,33.827],[-116.7406,33.8355],[-116.7514,33.836],[-116.7514,33.854],[-116.7406,33.8544],[-116.7405,33.863],[-116.7303,33.863],[-116.7297,33.872],[-116.7189,33.8724],[-116.7188,33.881],[-116.7086,33.881],[-116.708,33.89],[-116.6977,33.89],[-116.6971,33.899],[-116.6549,33.8921],[-116.654,33.8813],[-116.6432,33.8802],[-116.6433,33.8542],[-116.6325,33.8537],[-116.632,33.8447],[-116.6109,33.8446],[-116.6109,33.827],[-116.6001,33.8266],[-116.6002,33.8176],[-116.611,33.8171],[-116.6112,33.7905],[-116.6214,33.7906],[-116.622,33.7861],[-116.6651,33.7902],[-116.6653,33.7525],[-116.6804,33.7367],[-116.6869,33.7362],[-116.6904,33.7251],[-116.6991,33.7186],[-116.815,33.7188]]],[[[-117.6615,34.1591],[-117.6619,34.201],[-117.6508,34.2131],[-117.6504,34.2221],[-117.6422,34.2185],[-117.6048,34.2639],[-117.6029,34.2755],[-117.5183,34.2771],[-117.5072,34.2689],[-117.4888,34.2656],[-117.4885,34.2189],[-117.4935,34.2147],[-117.4885,34.2147],[-117.4885,34.196],[-117.541,34.2002],[-117.5484,34.1911],[-117.5678,34.1869],[-117.5693,34.1787],[-117.5811,34.169],[-117.5962,34.1685],[-117.6017,34.1596],[-117.6615,34.1591]]],[[[-117.507,34.2749],[-117.5112,34.2765],[-117.5036,34.275],[-117.507,34.2749]]]]},"properties":{"name":"Southern California Bedrock Landscapes 2015 Airborne Lidar","otId":"OTSDEM.062020.6340.1","short":"CA15_Dibiase","doi":"https://doi.org/10.5069/G9J38QPM","created":"2020-06-16","temporal":"2015-06-18 / 2015-06-24","keywords":"Lidar, California, San Gabriel Mountains, San Jacinto Mountains, airborne"}},{"type":"Feature","geometry":{"type":"Polygon","coordinates":[[[-117.7158,36.0203],[-117.4186,36.0216],[-117.4172,35.7694],[-117.278,35.7698],[-117.2769,35.4755],[-117.4157,35.4751],[-117.4132,34.9769],[-117.5729,34.9763],[-117.5756,35.3569],[-117.6297,35.3566],[-117.6267,34.9675],[-117.7815,34.9666],[-117.7918,36.0137],[-117.7158,36.0142],[-117.7158,36.0203]]]},"properties":{"name":"2019 Ridgecrest, CA Pre-Earthquake Digital Surface Model V2","otId":"OTSDEM.062020.32611.1","short":"CA19_Barn2Pre","doi":"https://doi.org/10.5069/G9ZC8119","created":"2020-06-10","temporal":"2014-09-25 / 2016-10-21","keywords":"Ridgecrest, Earthquakes, Digital Globe, WorldView, imagery, pre-event"}},{"type":"Feature","geometry":{"type":"Polygon","coordinates":[[[-117.8219,36.1803],[-117.3161,36.1795],[-117.313,35.406],[-117.814,35.4073],[-117.8219,36.1803]]]},"properties":{"name":"2019 Ridgecrest, CA Post-Earthquake Digital Surface Model","otId":"OTSDEM.062020.32611.2","short":"CA19_Barn2Post","doi":"https://doi.org/10.5069/G9TM789K","created":"2020-06-05","temporal":"2019-07-06 / 2019-08-02","keywords":"Ridgecrest, Earthquakes, Digital Globe, WorldView, imagery, post-event"}},{"type":"Feature","geometry":{"type":"Polygon","coordinates":[[[-110.3085,38.8973],[-110.2797,38.8956],[-110.2779,38.9046],[-110.2681,38.9041],[-110.2676,38.8962],[-110.1701,38.8958],[-110.1619,38.893],[-110.1662,38.8701],[-110.1611,38.8611],[-110.2672,38.8614],[-110.2704,38.848],[-110.2805,38.8486],[-110.2789,38.8613],[-110.3256,38.8622],[-110.3263,38.895],[-110.3085,38.8973]]]},"properties":{"name":"Interpreting Fluvial Processes from Channel-Belt Deposits, Utah 2018","otId":"OTSDEM.052020.6341.1","short":"UT19_Speed","doi":"https://doi.org/10.5069/G9J964J3","created":"2020-05-13","temporal":"2019-09-14 / 2019-09-15","keywords":"lidar, utah, channel, deposits, fluvial"}},{"type":"Feature","geometry":{"type":"Polygon","coordinates":[[[-116.0844,31.4444],[-116.0845,31.4377],[-116.0986,31.4416],[-116.101,31.4354],[-116.1074,31.4441],[-116.1831,31.4725],[-116.2714,31.4967],[-116.2791,31.4901],[-116.2782,31.4976],[-116.2939,31.4983],[-116.3201,31.5246],[-116.3196,31.5297],[-116.3251,31.5283],[-116.5166,31.6326],[-116.5646,31.6541],[-116.5726,31.6525],[-116.5703,31.6568],[-116.6195,31.6774],[-116.6201,31.6887],[-116.539,31.6583],[-116.4606,31.6154],[-116.4501,31.6159],[-116.4466,31.6094],[-116.4088,31.5888],[-116.3121,31.5415],[-116.286,31.5098],[-116.2754,31.5101],[-116.2672,31.5037],[-116.1729,31.4824],[-116.0862,31.4496],[-116.0885,31.4454],[-116.0844,31.4444]],[[-116.273,31.5064],[-116.279,31.5072],[-116.2769,31.5057],[-116.273,31.5064]]]},"properties":{"name":"Agua Blanca Fault, Baja California, Mexico.","otId":"OTSDEM.042020.26911.1","short":"MX14_ABF","doi":"https://doi.org/10.5069/G9VQ30TT","created":"2020-04-29","temporal":"2014-07-02 / 2014-07-03","keywords":"Agua Blanca Fault, Baja California, Mexico, lidar"}},{"type":"Feature","geometry":{"type":"Polygon","coordinates":[[[-120.8604,35.9145],[-120.86,35.9204],[-120.8269,35.9404],[-120.8256,35.9462],[-120.8178,35.9463],[-120.7275,36.0054],[-120.7119,36.0105],[-120.6918,35.9913],[-120.6997,35.987],[-120.6997,35.9804],[-120.8409,35.8918],[-120.8454,35.8906],[-120.8604,35.9145]]]},"properties":{"name":"High Resolution Topography over Gabilan Mesa, CA 2003","otId":"OTSDEM.042020.26910.1","short":"GabilanMesa","doi":"https://doi.org/10.5069/G947481V","created":"2020-04-27","temporal":"2003-05-26 / 2003-05-27","keywords":"mesa, california, gabilan, lidar"}},{"type":"Feature","geometry":{"type":"Polygon","coordinates":[[[-124.0847,41.5243],[-124.0823,41.5496],[-124.0617,41.5491],[-124.0409,41.542],[-124.0277,41.5203],[-124.0039,41.525],[-123.9814,41.5102],[-123.9643,41.5119],[-123.9603,41.4897],[-123.9467,41.4815],[-123.9417,41.4739],[-123.9456,41.4686],[-123.9326,41.4605],[-123.9245,41.4349],[-123.9346,41.416],[-123.9201,41.3843],[-123.906,41.3796],[-123.8981,41.3668],[-123.8752,41.3515],[-123.8532,41.3432],[-123.8575,41.3302],[-123.8484,41.3165],[-123.8659,41.3114],[-123.872,41.3043],[-123.8608,41.2955],[-123.8599,41.2872],[-123.8501,41.2781],[-123.8224,41.2826],[-123.7834,41.2676],[-123.7694,41.2444],[-123.7691,41.2235],[-123.7444,41.1971],[-123.725,41.1967],[-123.7096,41.187],[-123.679,41.1885],[-123.6485,41.2208],[-123.6558,41.2317],[-123.6498,41.2497],[-123.6069,41.2599],[-123.6058,41.2759],[-123.5716,41.2857],[-123.5681,41.2964],[-123.5504,41.2959],[-123.5361,41.3034],[-123.5276,41.3129],[-123.5297,41.3195],[-123.524,41.3205],[-123.5261,41.3293],[-123.5096,41.3376],[-123.5034,41.3599],[-123.4918,41.3696],[-123.5026,41.3801],[-123.5061,41.4386],[-123.5124,41.4432],[-123.5013,41.4481],[-123.4935,41.4458],[-123.5098,41.462],[-123.5032,41.4683],[-123.5154,41.4708],[-123.5278,41.5068],[-123.5328,41.5086],[-123.5266,41.562],[-123.5423,41.5778],[-123.5171,41.586],[-123.5096,41.5952],[-123.5142,41.6013],[-123.5042,41.6025],[-123.4954,41.6174],[-123.4679,41.6201],[-123.4631,41.6291],[-123.465,41.651],[-123.4496,41.6666],[-123.4323,41.6725],[-123.4483,41.6929],[-123.448,41.7196],[-123.4388,41.7227],[-123.436,41.7312],[-123.4249,41.7314],[-123.4018,41.7463],[-123.3955,41.7546],[-123.405,41.7678],[-123.3952,41.7862],[-123.3691,41.7945],[-123.3571,41.8128],[-123.3477,41.8081],[-123.3463,41.7957],[-123.3359,41.7888],[-123.345,41.7763],[-123.3422,41.7712],[-123.3262,41.7849],[-123.3115,41.7848],[-123.3337,41.7997],[-123.3255,41.8058],[-123.3163,41.7996],[-123.3155,41.8148],[-123.2985,41.829],[-123.3122,41.853],[-123.3093,41.8664],[-123.2689,41.8682],[-123.2677,41.8602],[-123.2501,41.8675],[-123.2458,41.8588],[-123.2329,41.8587],[-123.2184,41.8433],[-123.2007,41.8415],[-123.1879,41.828],[-123.1752,41.839],[-123.1557,41.8348],[-123.1365,41.8286],[-123.1249,41.816],[-123.1125,41.8147],[-123.1113,41.8092],[-123.0965,41.8076],[-123.0711,41.7836],[-123.0504,41.7908],[-123.0352,41.7805],[-123.0312,41.7888],[-123.0224,41.7921],[-123.0143,41.8236],[-122.9872,41.8263],[-122.984,41.8307],[-122.9638,41.8246],[-122.9639,41.8294],[-122.9408,41.84],[-122.9059,41.8484],[-122.849,41.8335],[-122.8385,41.8386],[-122.8381,41.8507],[-122.8161,41.871],[-122.7676,41.8557],[-122.7496,41.86],[-122.7428,41.8678],[-122.719,41.8627],[-122.7088,41.867],[-122.7024,41.8571],[-122.6799,41.8433],[-122.6704,41.843],[-122.6592,41.8305],[-122.644,41.829],[-122.6366,41.8366],[-122.6065,41.8345],[-122.6014,41.8286],[-122.586,41.8342],[-122.5727,41.8479],[-122.5755,41.8555],[-122.5608,41.8723],[-122.5556,41.8883],[-122.5148,41.9014],[-122.4902,41.9017],[-122.4842,41.897],[-122.4763,41.9055],[-122.4643,41.9053],[-122.4628,41.9165],[-122.4536,41.9179],[-122.4391,41.9385],[-122.4461,41.9622],[-122.4449,41.9795],[-122.431,41.9793],[-122.4288,41.9671],[-122.3765,41.99],[-122.3715,41.9884],[-122.3737,41.9835],[-122.3939,41.9754],[-122.3709,41.9742],[-122.3632,41.9886],[-122.343,41.981],[-122.3116,41.9983],[-122.2849,41.98],[-122.2399,41.9701],[-122.207,41.9806],[-122.2139,41.9903],[-122.2074,41.9944],[-122.2061,42.0088],[-122.1894,42.0247],[-122.1747,42.0311],[-122.1251,42.0262],[-122.1099,42.0326],[-122.1023,42.0606],[-122.0931,42.0638],[-122.0926,42.0763],[-122.0437,42.1392],[-122.0486,42.1452],[-122.0307,42.1562],[-122.0463,42.1551],[-122.0566,42.1771],[-122.0861,42.1965],[-122.1049,42.2298],[-122.116,42.2334],[-122.1233,42.2437],[-122.1613,42.2623],[-122.1648,42.2545],[-122.1593,42.2457],[-122.1654,42.2356],[-122.1769,42.2367],[-122.1816,42.2458],[-122.2158,42.2521],[-122.2071,42.2709],[-122.2158,42.2815],[-122.2106,42.2882],[-122.1892,42.2866],[-122.1665,42.2663],[-122.1573,42.267],[-122.1142,42.2445],[-122.1112,42.2369],[-122.0985,42.2319],[-122.0801,42.2015],[-122.0553,42.1844],[-122.0449,42.1667],[-122.0272,42.1619],[-122.0242,42.1528],[-121.9968,42.1578],[-121.9741,42.1486],[-121.9528,42.129],[-121.9516,42.139],[-121.9427,42.1397],[-121.9212,42.1209],[-121.9034,42.1225],[-121.9044,42.1126],[-121.8854,42.1016],[-121.8831,42.0864],[-121.872,42.0889],[-121.8629,42.0961],[-121.8615,42.1056],[-121.8449,42.1147],[-121.8566,42.1291],[-121.8544,42.1453],[-121.8321,42.1648],[-121.8039,42.1711],[-121.8006,42.1806],[-121.7884,42.1887],[-121.7795,42.2026],[-121.7912,42.2187],[-121.7818,42.2207],[-121.7706,42.2149],[-121.7749,42.1837],[-121.7957,42.1772],[-121.8019,42.168],[-121.8296,42.1623],[-121.8523,42.1417],[-121.8516,42.1283],[-121.8404,42.1225],[-121.8398,42.1143],[-121.8712,42.0855],[-121.8858,42.0836],[-121.8892,42.1],[-121.9085,42.1116],[-121.9057,42.1198],[-121.9234,42.1182],[-121.9439,42.1363],[-121.9478,42.1366],[-121.9458,42.128],[-121.9537,42.1256],[-121.9857,42.1491],[-122.0016,42.1517],[-122.0274,42.1443],[-122.0257,42.1327],[-122.0374,42.123],[-122.0452,42.0829],[-122.0518,42.0725],[-122.0724,42.0605],[-122.0794,42.0329],[-122.0943,42.0184],[-122.0987,42.0053],[-122.1581,42.0011],[-122.1848,41.9861],[-122.1927,41.969],[-122.179,41.9621],[-122.1632,41.938],[-122.168,41.9345],[-122.1846,41.9594],[-122.1966,41.965],[-122.2087,41.9566],[-122.2429,41.9505],[-122.2944,41.9723],[-122.309,41.9659],[-122.3045,41.9757],[-122.3106,41.9791],[-122.3177,41.9732],[-122.3462,41.976],[-122.3872,41.9634],[-122.4121,41.9665],[-122.4241,41.955],[-122.4184,41.9435],[-122.4254,41.9304],[-122.3807,41.9256],[-122.3624,41.9283],[-122.3554,41.9389],[-122.3383,41.9475],[-122.3134,41.9455],[-122.3131,41.9396],[-122.3239,41.9366],[-122.324,41.932],[-122.3416,41.9404],[-122.3582,41.926],[-122.3397,41.916],[-122.329,41.9007],[-122.331,41.8783],[-122.3382,41.8851],[-122.3359,41.8991],[-122.3519,41.9179],[-122.3671,41.9247],[-122.3795,41.9195],[-122.4356,41.9265],[-122.4589,41.9152],[-122.4611,41.9032],[-122.474,41.9029],[-122.4828,41.8939],[-122.5125,41.8985],[-122.5528,41.8859],[-122.557,41.871],[-122.5714,41.8547],[-122.5686,41.8463],[-122.5832,41.8319],[-122.6002,41.8256],[-122.608,41.8316],[-122.6368,41.8332],[-122.6412,41.8266],[-122.655,41.8292],[-122.6597,41.8239],[-122.6724,41.8401],[-122.6949,41.8471],[-122.7097,41.8639],[-122.719,41.8596],[-122.7418,41.8647],[-122.7474,41.8572],[-122.7678,41.8523],[-122.8157,41.8677],[-122.8167,41.8616],[-122.8259,41.859],[-122.8354,41.8474],[-122.8352,41.8365],[-122.8457,41.8304],[-122.9052,41.8452],[-122.9386,41.8373],[-122.9604,41.827],[-122.9618,41.8213],[-122.9825,41.8274],[-122.9856,41.8228],[-123.0126,41.8206],[-123.0095,41.8122],[-123.0174,41.8043],[-123.0183,41.7902],[-123.0277,41.787],[-123.0347,41.7766],[-123.0508,41.7876],[-123.0731,41.7808],[-123.0994,41.8052],[-123.1129,41.8062],[-123.1391,41.826],[-123.1569,41.8318],[-123.1742,41.8359],[-123.1808,41.8266],[-123.1898,41.8252],[-123.2032,41.839],[-123.2216,41.8411],[-123.2356,41.8562],[-123.2484,41.8561],[-123.252,41.8646],[-123.2679,41.8571],[-123.2703,41.8651],[-123.3062,41.8641],[-123.3081,41.8537],[-123.2943,41.8283],[-123.3115,41.8136],[-123.3132,41.7974],[-123.3238,41.8026],[-123.3294,41.7992],[-123.3092,41.7908],[-123.308,41.7826],[-123.324,41.7822],[-123.332,41.7725],[-123.3447,41.7686],[-123.3492,41.777],[-123.3397,41.7872],[-123.3487,41.7919],[-123.349,41.8023],[-123.3573,41.8096],[-123.3661,41.7923],[-123.3919,41.7842],[-123.4007,41.7673],[-123.3914,41.7531],[-123.4048,41.7399],[-123.4229,41.7286],[-123.4334,41.7287],[-123.4351,41.7209],[-123.4439,41.7186],[-123.4441,41.6938],[-123.4281,41.6719],[-123.4464,41.6644],[-123.4611,41.6497],[-123.4589,41.6285],[-123.4642,41.6182],[-123.4926,41.6148],[-123.5017,41.5998],[-123.5104,41.5999],[-123.5056,41.5938],[-123.5144,41.5834],[-123.5247,41.5762],[-123.5366,41.5781],[-123.5224,41.5622],[-123.53,41.5158],[-123.5248,41.5004],[-123.5125,41.483],[-123.5113,41.4723],[-123.4997,41.47],[-123.4959,41.4625],[-123.4996,41.4596],[-123.488,41.4463],[-123.5082,41.4435],[-123.5018,41.4387],[-123.4979,41.381],[-123.488,41.3681],[-123.4997,41.3583],[-123.5067,41.3351],[-123.5225,41.3276],[-123.5198,41.3187],[-123.5258,41.3173],[-123.5236,41.3118],[-123.5325,41.3013],[-123.5541,41.2869],[-123.5664,41.2935],[-123.5688,41.2833],[-123.6027,41.2735],[-123.6047,41.2571],[-123.6465,41.2477],[-123.6516,41.2319],[-123.6442,41.2189],[-123.6774,41.1856],[-123.7103,41.1836],[-123.7259,41.1936],[-123.7469,41.1946],[-123.7729,41.2221],[-123.7735,41.2438],[-123.7865,41.2655],[-123.8247,41.2797],[-123.8515,41.2752],[-123.8634,41.2855],[-123.8646,41.2941],[-123.8762,41.3046],[-123.867,41.3154],[-123.8527,41.3174],[-123.8622,41.3276],[-123.8573,41.3407],[-123.8764,41.3459],[-123.8902,41.3602],[-123.9041,41.3658],[-123.9073,41.376],[-123.9223,41.3803],[-123.9328,41.394],[-123.9337,41.406],[-123.9435,41.4181],[-123.9305,41.4341],[-123.9375,41.4571],[-123.9501,41.4641],[-123.9481,41.473],[-123.9662,41.4872],[-123.9675,41.5013],[-123.9964,41.5017],[-124.0027,41.5127],[-124.0318,41.5113],[-124.0517,41.5285],[-124.0649,41.5328],[-124.0783,41.5334],[-124.0798,41.5244],[-124.0847,41.5243]]]},"properties":{"name":"Topographic Data Set: Klamath River, California 2018 (State Plane)","otId":"OTSDEM.042020.6416.1","short":"CA18_Klamath_SP","doi":"https://doi.org/10.5069/G9DN436N","created":"2020-04-22","temporal":"2018-02-11 / 2018-10-07","keywords":"Klamath, California, Oregon, Yurok, dam, lidar"}},{"type":"Feature","geometry":{"type":"Polygon","coordinates":[[[-124.0847,41.5243],[-124.0823,41.5496],[-124.0617,41.5491],[-124.0409,41.542],[-124.0277,41.5203],[-124.0039,41.525],[-123.9814,41.5102],[-123.9643,41.5119],[-123.9603,41.4897],[-123.9467,41.4815],[-123.9417,41.4739],[-123.9456,41.4686],[-123.9326,41.4605],[-123.9245,41.4349],[-123.9346,41.416],[-123.9201,41.3843],[-123.906,41.3796],[-123.8981,41.3668],[-123.8752,41.3515],[-123.8532,41.3432],[-123.8575,41.3302],[-123.8484,41.3165],[-123.8659,41.3114],[-123.872,41.3043],[-123.8608,41.2955],[-123.8599,41.2872],[-123.8501,41.2781],[-123.8224,41.2826],[-123.7834,41.2676],[-123.7694,41.2444],[-123.7691,41.2235],[-123.7444,41.1971],[-123.725,41.1967],[-123.7096,41.187],[-123.679,41.1885],[-123.6485,41.2208],[-123.6558,41.2317],[-123.6498,41.2497],[-123.6069,41.2599],[-123.6058,41.2759],[-123.5716,41.2857],[-123.5681,41.2964],[-123.5504,41.2959],[-123.5361,41.3034],[-123.5276,41.3129],[-123.5297,41.3195],[-123.524,41.3205],[-123.5261,41.3293],[-123.5096,41.3376],[-123.5034,41.3599],[-123.4918,41.3696],[-123.5026,41.3801],[-123.5061,41.4386],[-123.5124,41.4432],[-123.5013,41.4481],[-123.4935,41.4458],[-123.5098,41.462],[-123.5032,41.4683],[-123.5154,41.4708],[-123.5278,41.5068],[-123.5328,41.5086],[-123.5266,41.562],[-123.5423,41.5778],[-123.5171,41.586],[-123.5096,41.5952],[-123.5142,41.6013],[-123.5042,41.6025],[-123.4954,41.6174],[-123.4679,41.6201],[-123.4631,41.6291],[-123.465,41.651],[-123.4496,41.6666],[-123.4323,41.6725],[-123.4483,41.6929],[-123.448,41.7196],[-123.4388,41.7227],[-123.436,41.7312],[-123.4249,41.7314],[-123.4018,41.7463],[-123.3955,41.7546],[-123.405,41.7678],[-123.3952,41.7862],[-123.3691,41.7945],[-123.3571,41.8128],[-123.3477,41.8081],[-123.3463,41.7957],[-123.3359,41.7888],[-123.345,41.7763],[-123.3422,41.7712],[-123.3262,41.7849],[-123.3115,41.7848],[-123.3337,41.7997],[-123.3255,41.8058],[-123.3163,41.7996],[-123.3155,41.8148],[-123.2985,41.829],[-123.3122,41.853],[-123.3093,41.8664],[-123.2689,41.8682],[-123.2677,41.8602],[-123.2501,41.8675],[-123.2458,41.8588],[-123.2329,41.8587],[-123.2184,41.8433],[-123.2007,41.8415],[-123.1879,41.828],[-123.1752,41.839],[-123.1557,41.8348],[-123.1365,41.8286],[-123.1249,41.816],[-123.1125,41.8147],[-123.1113,41.8092],[-123.0965,41.8076],[-123.0711,41.7836],[-123.0504,41.7908],[-123.0352,41.7805],[-123.0312,41.7888],[-123.0224,41.7921],[-123.0143,41.8236],[-122.9872,41.8263],[-122.984,41.8307],[-122.9638,41.8246],[-122.9639,41.8294],[-122.9408,41.84],[-122.9059,41.8484],[-122.849,41.8335],[-122.8385,41.8386],[-122.8381,41.8507],[-122.8161,41.871],[-122.7676,41.8557],[-122.7496,41.86],[-122.7428,41.8678],[-122.719,41.8627],[-122.7088,41.867],[-122.7024,41.8571],[-122.6799,41.8433],[-122.6704,41.843],[-122.6592,41.8305],[-122.644,41.829],[-122.6366,41.8366],[-122.6065,41.8345],[-122.6014,41.8286],[-122.586,41.8342],[-122.5727,41.8479],[-122.5755,41.8555],[-122.5608,41.8723],[-122.5556,41.8883],[-122.5148,41.9014],[-122.4902,41.9017],[-122.4842,41.897],[-122.4763,41.9055],[-122.4643,41.9053],[-122.4628,41.9165],[-122.4536,41.9179],[-122.4391,41.9385],[-122.4461,41.9622],[-122.4449,41.9795],[-122.431,41.9793],[-122.4288,41.9671],[-122.3765,41.99],[-122.3715,41.9884],[-122.3737,41.9835],[-122.3939,41.9754],[-122.3709,41.9742],[-122.3632,41.9886],[-122.343,41.981],[-122.3116,41.9983],[-122.2849,41.98],[-122.2399,41.9701],[-122.207,41.9806],[-122.2139,41.9903],[-122.2074,41.9944],[-122.2061,42.0088],[-122.1894,42.0247],[-122.1747,42.0311],[-122.1251,42.0262],[-122.1099,42.0326],[-122.1023,42.0606],[-122.0931,42.0638],[-122.0926,42.0763],[-122.0437,42.1392],[-122.0486,42.1452],[-122.0307,42.1562],[-122.0463,42.1551],[-122.0566,42.1771],[-122.0861,42.1965],[-122.1049,42.2298],[-122.116,42.2334],[-122.1233,42.2437],[-122.1613,42.2623],[-122.1648,42.2545],[-122.1593,42.2457],[-122.1654,42.2356],[-122.1769,42.2367],[-122.1816,42.2458],[-122.2158,42.2521],[-122.2071,42.2709],[-122.2158,42.2815],[-122.2106,42.2882],[-122.1892,42.2866],[-122.1665,42.2663],[-122.1573,42.267],[-122.1142,42.2445],[-122.1112,42.2369],[-122.0985,42.2319],[-122.0801,42.2015],[-122.0553,42.1844],[-122.0449,42.1667],[-122.0272,42.1619],[-122.0242,42.1528],[-121.9968,42.1578],[-121.9741,42.1486],[-121.9528,42.129],[-121.9516,42.139],[-121.9427,42.1397],[-121.9212,42.1209],[-121.9034,42.1225],[-121.9044,42.1126],[-121.8854,42.1016],[-121.8831,42.0864],[-121.872,42.0889],[-121.8629,42.0961],[-121.8615,42.1056],[-121.8449,42.1147],[-121.8566,42.1291],[-121.8544,42.1453],[-121.8321,42.1648],[-121.8039,42.1711],[-121.8006,42.1806],[-121.7884,42.1887],[-121.7795,42.2026],[-121.7912,42.2187],[-121.7818,42.2207],[-121.7706,42.2149],[-121.7749,42.1837],[-121.7957,42.1772],[-121.8019,42.168],[-121.8296,42.1623],[-121.8523,42.1417],[-121.8516,42.1283],[-121.8404,42.1225],[-121.8398,42.1143],[-121.8712,42.0855],[-121.8858,42.0836],[-121.8892,42.1],[-121.9085,42.1116],[-121.9057,42.1198],[-121.9234,42.1182],[-121.9439,42.1363],[-121.9478,42.1366],[-121.9458,42.128],[-121.9537,42.1256],[-121.9857,42.1491],[-122.0016,42.1517],[-122.0274,42.1443],[-122.0257,42.1327],[-122.0374,42.123],[-122.0452,42.0829],[-122.0518,42.0725],[-122.0724,42.0605],[-122.0794,42.0329],[-122.0943,42.0184],[-122.0987,42.0053],[-122.1581,42.0011],[-122.1848,41.9861],[-122.1927,41.969],[-122.179,41.9621],[-122.1632,41.938],[-122.168,41.9345],[-122.1846,41.9594],[-122.1966,41.965],[-122.2087,41.9566],[-122.2429,41.9505],[-122.2944,41.9723],[-122.309,41.9659],[-122.3045,41.9757],[-122.3106,41.9791],[-122.3177,41.9732],[-122.3462,41.976],[-122.3872,41.9634],[-122.4121,41.9665],[-122.4241,41.955],[-122.4184,41.9435],[-122.4254,41.9304],[-122.3807,41.9256],[-122.3624,41.9283],[-122.3554,41.9389],[-122.3383,41.9475],[-122.3134,41.9455],[-122.3131,41.9396],[-122.3239,41.9366],[-122.324,41.932],[-122.3416,41.9404],[-122.3582,41.926],[-122.3397,41.916],[-122.329,41.9007],[-122.331,41.8783],[-122.3382,41.8851],[-122.3359,41.8991],[-122.3519,41.9179],[-122.3671,41.9247],[-122.3795,41.9195],[-122.4356,41.9265],[-122.4589,41.9152],[-122.4611,41.9032],[-122.474,41.9029],[-122.4828,41.8939],[-122.5125,41.8985],[-122.5528,41.8859],[-122.557,41.871],[-122.5714,41.8547],[-122.5686,41.8463],[-122.5832,41.8319],[-122.6002,41.8256],[-122.608,41.8316],[-122.6368,41.8332],[-122.6412,41.8266],[-122.655,41.8292],[-122.6597,41.8239],[-122.6724,41.8401],[-122.6949,41.8471],[-122.7097,41.8639],[-122.719,41.8596],[-122.7418,41.8647],[-122.7474,41.8572],[-122.7678,41.8523],[-122.8157,41.8677],[-122.8167,41.8616],[-122.8259,41.859],[-122.8354,41.8474],[-122.8352,41.8365],[-122.8457,41.8304],[-122.9052,41.8452],[-122.9386,41.8373],[-122.9604,41.827],[-122.9618,41.8213],[-122.9825,41.8274],[-122.9856,41.8228],[-123.0126,41.8206],[-123.0095,41.8122],[-123.0174,41.8043],[-123.0183,41.7902],[-123.0277,41.787],[-123.0347,41.7766],[-123.0508,41.7876],[-123.0731,41.7808],[-123.0994,41.8052],[-123.1129,41.8062],[-123.1391,41.826],[-123.1569,41.8318],[-123.1742,41.8359],[-123.1808,41.8266],[-123.1898,41.8252],[-123.2032,41.839],[-123.2216,41.8411],[-123.2356,41.8562],[-123.2484,41.8561],[-123.252,41.8646],[-123.2679,41.8571],[-123.2703,41.8651],[-123.3062,41.8641],[-123.3081,41.8537],[-123.2943,41.8283],[-123.3115,41.8136],[-123.3132,41.7974],[-123.3238,41.8026],[-123.3294,41.7992],[-123.3092,41.7908],[-123.308,41.7826],[-123.324,41.7822],[-123.332,41.7725],[-123.3447,41.7686],[-123.3492,41.777],[-123.3397,41.7872],[-123.3487,41.7919],[-123.349,41.8023],[-123.3573,41.8096],[-123.3661,41.7923],[-123.3919,41.7842],[-123.4007,41.7673],[-123.3914,41.7531],[-123.4048,41.7399],[-123.4229,41.7286],[-123.4334,41.7287],[-123.4351,41.7209],[-123.4439,41.7186],[-123.4441,41.6938],[-123.4281,41.6719],[-123.4464,41.6644],[-123.4611,41.6497],[-123.4589,41.6285],[-123.4642,41.6182],[-123.4926,41.6148],[-123.5017,41.5998],[-123.5104,41.5999],[-123.5056,41.5938],[-123.5144,41.5834],[-123.5247,41.5762],[-123.5366,41.5781],[-123.5224,41.5622],[-123.53,41.5158],[-123.5248,41.5004],[-123.5125,41.483],[-123.5113,41.4723],[-123.4997,41.47],[-123.4959,41.4625],[-123.4996,41.4596],[-123.488,41.4463],[-123.5082,41.4435],[-123.5018,41.4387],[-123.4979,41.381],[-123.488,41.3681],[-123.4997,41.3583],[-123.5067,41.3351],[-123.5225,41.3276],[-123.5198,41.3187],[-123.5258,41.3173],[-123.5236,41.3118],[-123.5325,41.3013],[-123.5541,41.2869],[-123.5664,41.2935],[-123.5688,41.2833],[-123.6027,41.2735],[-123.6047,41.2571],[-123.6465,41.2477],[-123.6516,41.2319],[-123.6442,41.2189],[-123.6774,41.1856],[-123.7103,41.1836],[-123.7259,41.1936],[-123.7469,41.1946],[-123.7729,41.2221],[-123.7735,41.2438],[-123.7865,41.2655],[-123.8247,41.2797],[-123.8515,41.2752],[-123.8634,41.2855],[-123.8646,41.2941],[-123.8762,41.3046],[-123.867,41.3154],[-123.8527,41.3174],[-123.8622,41.3276],[-123.8573,41.3407],[-123.8764,41.3459],[-123.8902,41.3602],[-123.9041,41.3658],[-123.9073,41.376],[-123.9223,41.3803],[-123.9328,41.394],[-123.9337,41.406],[-123.9435,41.4181],[-123.9305,41.4341],[-123.9375,41.4571],[-123.9501,41.4641],[-123.9481,41.473],[-123.9662,41.4872],[-123.9675,41.5013],[-123.9964,41.5017],[-124.0027,41.5127],[-124.0318,41.5113],[-124.0517,41.5285],[-124.0649,41.5328],[-124.0783,41.5334],[-124.0798,41.5244],[-124.0847,41.5243]]]},"properties":{"name":"Topographic Data Set: Klamath River, California 2018","otId":"OTSDEM.042020.6339.1","short":"CA18_Klamath","doi":"https://doi.org/10.5069/G9DN436N","created":"2020-04-22","temporal":"2018-02-11 / 2018-10-07","keywords":"Klamath, California, Oregon, Yurok, dam, lidar"}},{"type":"Feature","geometry":{"type":"Polygon","coordinates":[[[-121.9331,37.0622],[-121.9356,37.0732],[-121.9178,37.0864],[-121.8977,37.0862],[-121.8937,37.0942],[-121.8827,37.0837],[-121.8751,37.0851],[-121.8766,37.0766],[-121.866,37.0734],[-121.8537,37.0576],[-121.8392,37.0496],[-121.842,37.0463],[-121.8307,37.0351],[-121.8308,37.0271],[-121.8365,37.0242],[-121.8428,37.0309],[-121.8543,37.0164],[-121.8787,37.0147],[-121.926,37.0505],[-121.9247,37.0557],[-121.9331,37.0622]]]},"properties":{"name":"High Resolution Topography near Santa Cruz, CA 2017","otId":"OTSDEM.042020.6339.2","short":"CA17_Duvall","doi":"https://doi.org/10.5069/G9FN14B1","created":"2020-04-21","temporal":"2017-10-12 / 2017-10-14","keywords":"lidar, california, ncalm, high resolution, topography"}},{"type":"Feature","geometry":{"type":"Polygon","coordinates":[[[-117.568,35.5304],[-117.6235,35.5688],[-117.6379,35.5668],[-117.6353,35.5745],[-117.6445,35.5644],[-117.6522,35.5685],[-117.6449,35.5816],[-117.6634,35.5942],[-117.6586,35.6047],[-117.6394,35.6204],[-117.6433,35.6236],[-117.6313,35.6305],[-117.6302,35.6386],[-117.6214,35.6425],[-117.5934,35.6772],[-117.609,35.6886],[-117.609,35.6986],[-117.6265,35.707],[-117.6818,35.7751],[-117.6954,35.7821],[-117.7199,35.8166],[-117.7357,35.8265],[-117.7369,35.8355],[-117.7244,35.8493],[-117.7303,35.8537],[-117.7403,35.8453],[-117.747,35.8499],[-117.7368,35.8582],[-117.7723,35.8906],[-117.7716,35.9033],[-117.7546,35.9114],[-117.7716,35.9057],[-117.7748,35.8902],[-117.7896,35.9037],[-117.7801,35.9222],[-117.7583,35.9357],[-117.7319,35.9657],[-117.7162,35.9699],[-117.7128,35.9617],[-117.7076,35.9646],[-117.693,35.9565],[-117.6787,35.9573],[-117.6774,35.9503],[-117.6684,35.9525],[-117.644,35.9376],[-117.6002,35.879],[-117.6018,35.8751],[-117.594,35.8743],[-117.5934,35.8617],[-117.5864,35.8583],[-117.5897,35.8536],[-117.578,35.8431],[-117.5771,35.8334],[-117.566,35.8281],[-117.5615,35.8126],[-117.5499,35.8024],[-117.5478,35.7896],[-117.5125,35.7617],[-117.5107,35.7547],[-117.4951,35.7661],[-117.482,35.7532],[-117.4723,35.7616],[-117.4673,35.7585],[-117.4706,35.7475],[-117.4613,35.7459],[-117.4279,35.7194],[-117.4302,35.7024],[-117.4441,35.6927],[-117.4512,35.6789],[-117.3996,35.6372],[-117.3848,35.6533],[-117.3717,35.647],[-117.3911,35.6306],[-117.3727,35.6278],[-117.3601,35.6388],[-117.3355,35.626],[-117.3437,35.6194],[-117.3414,35.6095],[-117.3483,35.6068],[-117.3406,35.6021],[-117.3436,35.5933],[-117.3508,35.5954],[-117.3367,35.5858],[-117.3316,35.5742],[-117.3363,35.5665],[-117.3277,35.5602],[-117.3357,35.5562],[-117.3302,35.5514],[-117.334,35.5371],[-117.3405,35.5415],[-117.3474,35.537],[-117.3638,35.5404],[-117.4217,35.5325],[-117.4333,35.5429],[-117.4578,35.5512],[-117.4697,35.5648],[-117.486,35.5542],[-117.4896,35.5587],[-117.4789,35.5675],[-117.4914,35.5777],[-117.4972,35.5734],[-117.5039,35.586],[-117.5264,35.5646],[-117.5341,35.5642],[-117.5378,35.5512],[-117.5439,35.5509],[-117.5538,35.5368],[-117.568,35.5304]],[[-117.6053,35.7022],[-117.603,35.7026],[-117.6041,35.7041],[-117.6066,35.703],[-117.6053,35.7022]],[[-117.5962,35.7015],[-117.5947,35.7005],[-117.5947,35.7026],[-117.5962,35.7015]],[[-117.5907,35.7018],[-117.5905,35.6971],[-117.5947,35.6998],[-117.6015,35.6948],[-117.577,35.6949],[-117.5751,35.6991],[-117.5872,35.7014],[-117.5837,35.7074],[-117.5922,35.7069],[-117.5907,35.7018]],[[-117.5148,35.7017],[-117.5096,35.6997],[-117.5099,35.7056],[-117.514,35.7052],[-117.5148,35.7017]],[[-117.5069,35.7106],[-117.5069,35.7079],[-117.5027,35.7083],[-117.5044,35.712],[-117.5069,35.7106]],[[-117.4689,35.7021],[-117.4689,35.6945],[-117.4664,35.6935],[-117.4654,35.7004],[-117.4689,35.7021]],[[-117.6041,35.647],[-117.6045,35.6419],[-117.6009,35.6379],[-117.6012,35.6498],[-117.6041,35.647]],[[-117.5959,35.6464],[-117.5909,35.6429],[-117.5756,35.6553],[-117.5911,35.6584],[-117.5959,35.6464]],[[-117.5632,35.6483],[-117.5459,35.6527],[-117.5502,35.6617],[-117.561,35.6614],[-117.5632,35.6483]],[[-117.5938,35.623],[-117.5949,35.623],[-117.5924,35.6218],[-117.5925,35.6234],[-117.5938,35.623]],[[-117.5885,35.6385],[-117.5865,35.6385],[-117.5865,35.6398],[-117.5885,35.6385]],[[-117.6072,35.6315],[-117.6019,35.6309],[-117.6008,35.6333],[-117.6053,35.6364],[-117.6072,35.6315]],[[-117.5939,35.6338],[-117.5925,35.6319],[-117.5863,35.6366],[-117.5898,35.6373],[-117.5939,35.6338]],[[-117.5623,35.6459],[-117.5623,35.6444],[-117.5601,35.6444],[-117.5601,35.6459],[-117.5623,35.6459]],[[-117.5147,35.6755],[-117.5113,35.6732],[-117.5105,35.6762],[-117.5136,35.6773],[-117.5147,35.6755]],[[-117.5081,35.6781],[-117.5045,35.6793],[-117.5042,35.6812],[-117.5081,35.6809],[-117.5081,35.6781]],[[-117.5002,35.6833],[-117.4982,35.6824],[-117.4985,35.6837],[-117.5002,35.6833]],[[-117.5845,35.6609],[-117.5815,35.6582],[-117.5813,35.6602],[-117.5748,35.6609],[-117.5748,35.6623],[-117.5823,35.6668],[-117.5845,35.6609]],[[-117.5656,35.6651],[-117.5633,35.6625],[-117.5618,35.6634],[-117.5639,35.6659],[-117.5656,35.6651]],[[-117.5588,35.665],[-117.5571,35.6638],[-117.556,35.6646],[-117.5588,35.665]],[[-117.6043,35.6549],[-117.6021,35.6533],[-117.6021,35.6549],[-117.6043,35.6549]],[[-117.61,35.6508],[-117.6128,35.6508],[-117.6125,35.6488],[-117.6109,35.6481],[-117.61,35.6508]],[[-117.5911,35.6607],[-117.5903,35.6595],[-117.5887,35.6603],[-117.5911,35.6607]],[[-117.5994,35.6656],[-117.5972,35.6654],[-117.5983,35.667],[-117.5994,35.6656]],[[-117.6017,35.6618],[-117.6017,35.6603],[-117.5995,35.6603],[-117.5995,35.6618],[-117.6017,35.6618]],[[-117.5932,35.668],[-117.5918,35.666],[-117.591,35.668],[-117.5932,35.668]],[[-117.5874,35.6684],[-117.5899,35.6711],[-117.5899,35.6672],[-117.5874,35.6684]],[[-117.527,35.6665],[-117.523,35.663],[-117.5214,35.6637],[-117.5215,35.667],[-117.527,35.6665]],[[-117.5544,35.672],[-117.5555,35.6727],[-117.5572,35.6712],[-117.5561,35.6696],[-117.5544,35.672]],[[-117.5737,35.6685],[-117.5729,35.6665],[-117.5715,35.6669],[-117.5715,35.6685],[-117.5737,35.6685]],[[-117.4941,35.6737],[-117.4925,35.6719],[-117.4906,35.6731],[-117.4923,35.6745],[-117.4941,35.6737]],[[-117.4898,35.6712],[-117.4898,35.6696],[-117.4876,35.6696],[-117.4876,35.6712],[-117.4898,35.6712]],[[-117.5713,35.6924],[-117.5706,35.6909],[-117.5656,35.6909],[-117.5676,35.6933],[-117.5713,35.6924]],[[-117.5306,35.6949],[-117.5319,35.6935],[-117.5302,35.6917],[-117.529,35.6939],[-117.5306,35.6949]],[[-117.5241,35.6921],[-117.5206,35.6895],[-117.5186,35.6906],[-117.5224,35.6932],[-117.5241,35.6921]],[[-117.5033,35.7009],[-117.5018,35.6972],[-117.4949,35.6963],[-117.4984,35.7072],[-117.5033,35.7009]],[[-117.4722,35.6935],[-117.4706,35.6919],[-117.4696,35.6933],[-117.4711,35.6945],[-117.4722,35.6935]],[[-117.4824,35.6918],[-117.4808,35.691],[-117.4797,35.6926],[-117.4822,35.6938],[-117.4824,35.6918]],[[-117.4846,35.6808],[-117.4837,35.6788],[-117.4824,35.6792],[-117.4824,35.6808],[-117.4846,35.6808]],[[-117.5128,35.6895],[-117.512,35.6875],[-117.5106,35.6879],[-117.5106,35.6895],[-117.5128,35.6895]],[[-117.4924,35.686],[-117.491,35.6849],[-117.4874,35.6876],[-117.4899,35.6895],[-117.4924,35.686]],[[-117.5912,35.6839],[-117.5893,35.6799],[-117.586,35.6835],[-117.5912,35.6839]],[[-117.6015,35.6864],[-117.6001,35.6852],[-117.6001,35.6868],[-117.6015,35.6864]],[[-117.528,35.6899],[-117.5272,35.6887],[-117.5239,35.6895],[-117.525,35.6911],[-117.528,35.6899]],[[-117.572,35.7021],[-117.5726,35.7087],[-117.577,35.7074],[-117.572,35.7021]],[[-117.5668,35.7005],[-117.5676,35.6972],[-117.5659,35.6964],[-117.5629,35.6988],[-117.5668,35.7005]],[[-117.6015,35.8279],[-117.6001,35.8266],[-117.5991,35.8279],[-117.6015,35.8279]],[[-117.5873,35.7583],[-117.5889,35.7599],[-117.5906,35.7576],[-117.5873,35.7583]],[[-117.6052,35.7371],[-117.6043,35.7361],[-117.6032,35.7373],[-117.6052,35.7371]],[[-117.537,35.738],[-117.5353,35.7391],[-117.5369,35.7399],[-117.537,35.738]],[[-117.6244,35.7184],[-117.6236,35.7174],[-117.6221,35.7183],[-117.6244,35.7184]],[[-117.6079,35.719],[-117.6059,35.7181],[-117.6062,35.7226],[-117.6087,35.7225],[-117.6079,35.719]],[[-117.4934,35.7201],[-117.4914,35.7191],[-117.4903,35.7207],[-117.4934,35.7219],[-117.4934,35.7201]],[[-117.6127,35.7102],[-117.6105,35.7088],[-117.6098,35.7099],[-117.6127,35.7102]],[[-117.6033,35.7112],[-117.6014,35.7088],[-117.6,35.7092],[-117.6,35.7123],[-117.6033,35.7112]],[[-117.6186,35.7147],[-117.6151,35.7162],[-117.6168,35.717],[-117.6186,35.7147]],[[-117.6118,35.7155],[-117.6109,35.7135],[-117.6095,35.7139],[-117.6096,35.7155],[-117.6118,35.7155]],[[-117.4936,35.7176],[-117.4947,35.7168],[-117.4931,35.716],[-117.4936,35.7176]],[[-117.6067,35.7289],[-117.6046,35.7281],[-117.6043,35.7299],[-117.6067,35.7289]],[[-117.5711,35.7293],[-117.5661,35.7286],[-117.57,35.7318],[-117.5711,35.7293]],[[-117.6057,35.7334],[-117.6043,35.7322],[-117.6043,35.7338],[-117.6057,35.7334]],[[-117.6083,35.7521],[-117.6067,35.7521],[-117.6083,35.7539],[-117.6097,35.753],[-117.6083,35.7521]],[[-117.5757,35.7553],[-117.5743,35.7505],[-117.5711,35.752],[-117.5719,35.7552],[-117.5757,35.7553]],[[-117.5706,35.746],[-117.5687,35.7447],[-117.5649,35.7466],[-117.5683,35.7482],[-117.5706,35.746]],[[-117.5593,35.7463],[-117.5618,35.7412],[-117.5577,35.7401],[-117.5566,35.7462],[-117.5593,35.7463]],[[-117.5174,35.7469],[-117.5151,35.7469],[-117.5151,35.7484],[-117.5174,35.7492],[-117.5174,35.7469]],[[-117.5524,35.7436],[-117.5544,35.7424],[-117.5508,35.7417],[-117.5524,35.7436]],[[-117.5464,35.7448],[-117.5475,35.744],[-117.5458,35.7432],[-117.5464,35.7448]],[[-117.5685,35.7435],[-117.5671,35.7424],[-117.5671,35.7439],[-117.5685,35.7435]],[[-117.6025,35.751],[-117.6028,35.7521],[-117.6045,35.7514],[-117.602,35.7494],[-117.6025,35.751]],[[-117.601,35.7627],[-117.6029,35.7631],[-117.6018,35.7616],[-117.601,35.7627]],[[-117.5973,35.7929],[-117.5973,35.7912],[-117.5954,35.7905],[-117.5954,35.7936],[-117.5973,35.7929]],[[-117.6525,35.7733],[-117.6505,35.7721],[-117.6506,35.774],[-117.6525,35.7733]],[[-117.5977,35.7815],[-117.5989,35.7798],[-117.5973,35.7789],[-117.5958,35.7797],[-117.5977,35.7815]],[[-117.5994,35.7743],[-117.5986,35.7748],[-117.6002,35.7755],[-117.5994,35.7743]],[[-117.6019,35.7787],[-117.6005,35.7775],[-117.6005,35.7791],[-117.6019,35.7787]],[[-117.5986,35.8162],[-117.5988,35.8151],[-117.5964,35.8147],[-117.5961,35.8158],[-117.5986,35.8162]],[[-117.5931,35.8011],[-117.5914,35.8022],[-117.5931,35.803],[-117.5931,35.8011]],[[-117.5698,35.8013],[-117.5658,35.8013],[-117.5667,35.8055],[-117.5725,35.8043],[-117.5698,35.8013]],[[-117.5936,35.8177],[-117.5936,35.8162],[-117.5914,35.8155],[-117.5914,35.8177],[-117.5936,35.8177]],[[-117.7328,35.8637],[-117.7303,35.8637],[-117.7289,35.8732],[-117.7316,35.8712],[-117.7328,35.8637]],[[-117.6533,35.8414],[-117.6532,35.8432],[-117.6547,35.8423],[-117.6533,35.8414]],[[-117.6981,35.8379],[-117.6967,35.8385],[-117.6986,35.8401],[-117.6997,35.8393],[-117.6981,35.8379]],[[-117.668,35.8404],[-117.6666,35.8385],[-117.6663,35.8405],[-117.668,35.8404]],[[-117.5998,35.8542],[-117.5997,35.8527],[-117.5971,35.8531],[-117.5983,35.855],[-117.5998,35.8542]],[[-117.6809,35.8579],[-117.6795,35.8567],[-117.6795,35.8583],[-117.6809,35.8579]],[[-117.7142,35.8694],[-117.712,35.8678],[-117.712,35.8694],[-117.7142,35.8694]],[[-117.7352,35.8767],[-117.7371,35.8778],[-117.736,35.8747],[-117.7352,35.8767]],[[-117.7018,35.9086],[-117.6999,35.9094],[-117.704,35.9129],[-117.7043,35.911],[-117.7018,35.9086]],[[-117.7838,35.9076],[-117.7819,35.9066],[-117.7809,35.9076],[-117.7833,35.9089],[-117.7838,35.9076]],[[-117.7775,35.914],[-117.7792,35.9148],[-117.7794,35.9136],[-117.7778,35.9129],[-117.7775,35.914]]]},"properties":{"name":"2019 Ridgecrest, CA Post-Earthquake Lidar Collection","otId":"OTSDEM.012020.32611.1","short":"CA19_ridge3","doi":"https://doi.org/10.5069/G9W0942Z","created":"2020-01-28","temporal":"2019-07-27 / 2019-08-02","keywords":"Ridgecrest, Earthquake, Surface Rupture, lidar"}},{"type":"Feature","geometry":{"type":"MultiPolygon","coordinates":[[[[-118.4704,35.6458],[-118.4705,35.6458],[-118.4705,35.646],[-118.4704,35.6458]]],[[[-118.4686,35.6459],[-118.4688,35.6459],[-118.4688,35.6461],[-118.4686,35.6459]]],[[[-118.4649,35.6514],[-118.4652,35.6515],[-118.4651,35.6516],[-118.4649,35.6514]]],[[[-118.4532,35.6558],[-118.4534,35.6558],[-118.4534,35.6561],[-118.4532,35.6558]]],[[[-118.464,35.6559],[-118.4647,35.6561],[-118.464,35.6563],[-118.464,35.6559]]],[[[-118.4617,35.6555],[-118.462,35.6556],[-118.4619,35.656],[-118.4617,35.6555]]],[[[-118.4625,35.6556],[-118.4628,35.6557],[-118.4627,35.6561],[-118.4625,35.6556]]],[[[-118.4567,35.6567],[-118.4569,35.657],[-118.4565,35.6571],[-118.4567,35.6567]]],[[[-118.4605,35.6561],[-118.4613,35.6567],[-118.4599,35.6569],[-118.4605,35.6561]]],[[[-118.4635,35.6561],[-118.4638,35.6562],[-118.4637,35.6563],[-118.4635,35.6561]]],[[[-118.462,35.6568],[-118.4622,35.6568],[-118.4622,35.6571],[-118.462,35.6568]]],[[[-118.4653,35.6572],[-118.4655,35.6573],[-118.465,35.6575],[-118.4653,35.6572]]],[[[-118.4666,35.6577],[-118.4667,35.6577],[-118.4667,35.658],[-118.4666,35.6577]]],[[[-118.465,35.6578],[-118.4653,35.6579],[-118.4652,35.6582],[-118.465,35.6578]]],[[[-118.4597,35.6584],[-118.4603,35.6591],[-118.4597,35.6592],[-118.4597,35.6584]]],[[[-118.465,35.6587],[-118.4653,35.6588],[-118.4652,35.6592],[-118.465,35.6587]]],[[[-118.4643,35.6593],[-118.4645,35.6595],[-118.464,35.6597],[-118.4643,35.6593]]],[[[-118.4668,35.6524],[-118.465,35.657],[-118.4657,35.6523],[-118.4668,35.6524]]],[[[-118.4645,35.6523],[-118.4647,35.6523],[-118.4647,35.6525],[-118.4645,35.6523]]],[[[-118.4669,35.652],[-118.4672,35.6521],[-118.4669,35.6522],[-118.4669,35.652]]],[[[-118.4637,35.6531],[-118.4643,35.6536],[-118.4637,35.6537],[-118.4637,35.6531]]],[[[-118.4509,35.6622],[-118.4512,35.6623],[-118.4507,35.6626],[-118.4509,35.6622]]],[[[-118.4616,35.6619],[-118.4617,35.6623],[-118.4614,35.6622],[-118.4616,35.6619]]],[[[-118.461,35.6625],[-118.4612,35.6625],[-118.4612,35.6628],[-118.461,35.6625]]],[[[-118.4646,35.6646],[-118.4649,35.6655],[-118.464,35.6657],[-118.4646,35.6646]]],[[[-118.4542,35.6637],[-118.4544,35.6637],[-118.4544,35.664],[-118.4542,35.6637]]],[[[-118.4651,35.6654],[-118.4654,35.6655],[-118.4653,35.6659],[-118.4651,35.6654]]],[[[-118.454,35.6646],[-118.4541,35.6648],[-118.4537,35.6649],[-118.454,35.6646]]],[[[-118.4527,35.6652],[-118.4529,35.6652],[-118.4529,35.6654],[-118.4527,35.6652]]],[[[-118.4611,35.6652],[-118.4613,35.6657],[-118.461,35.6656],[-118.4611,35.6652]]],[[[-118.4577,35.6655],[-118.458,35.6656],[-118.458,35.6658],[-118.4577,35.6655]]],[[[-118.4552,35.6661],[-118.4555,35.6662],[-118.4554,35.6666],[-118.4552,35.6661]]],[[[-118.4567,35.6657],[-118.4576,35.6659],[-118.456,35.6665],[-118.4567,35.6657]]],[[[-118.4494,35.6648],[-118.4525,35.6653],[-118.4482,35.668],[-118.4494,35.6648]]],[[[-118.4557,35.6666],[-118.4559,35.6666],[-118.4559,35.6668],[-118.4557,35.6666]]],[[[-118.456,35.6669],[-118.4567,35.6672],[-118.4558,35.6673],[-118.456,35.6669]]],[[[-118.455,35.6674],[-118.4553,35.6675],[-118.4552,35.6677],[-118.455,35.6674]]],[[[-118.454,35.6674],[-118.4545,35.6677],[-118.4542,35.6679],[-118.454,35.6674]]],[[[-118.4583,35.6679],[-118.4587,35.668],[-118.4587,35.6682],[-118.4583,35.6679]]],[[[-118.4527,35.6604],[-118.4534,35.6609],[-118.4509,35.6615],[-118.4527,35.6604]]],[[[-118.4563,35.6558],[-118.4557,35.6654],[-118.4522,35.6675],[-118.4563,35.6558]],[[-118.4553,35.6605],[-118.4548,35.6605],[-118.4551,35.6607],[-118.4553,35.6605]]],[[[-118.4615,35.6587],[-118.4625,35.6638],[-118.4606,35.6643],[-118.4615,35.6659],[-118.4595,35.6675],[-118.4564,35.6618],[-118.4615,35.6587]],[[-118.4589,35.666],[-118.4591,35.6657],[-118.4586,35.6655],[-118.4589,35.666]],[[-118.4599,35.6667],[-118.4597,35.6664],[-118.4593,35.6666],[-118.4599,35.6667]]],[[[-118.4628,35.6598],[-118.4633,35.66],[-118.4624,35.66],[-118.4628,35.6598]]],[[[-118.446,35.6727],[-118.4462,35.6727],[-118.4462,35.6729],[-118.446,35.6727]]],[[[-118.4049,35.6747],[-118.4052,35.6748],[-118.4051,35.6749],[-118.4049,35.6747]]],[[[-118.4143,35.6744],[-118.4145,35.6744],[-118.4145,35.6747],[-118.4143,35.6744]]],[[[-118.4059,35.6745],[-118.4062,35.6746],[-118.4061,35.6749],[-118.4059,35.6745]]],[[[-118.457,35.6734],[-118.4573,35.674],[-118.4568,35.6745],[-118.457,35.6734]]],[[[-118.4565,35.6748],[-118.4562,35.6756],[-118.4559,35.6754],[-118.4565,35.6748]]],[[[-118.4209,35.6755],[-118.4211,35.6755],[-118.4211,35.6758],[-118.4209,35.6755]]],[[[-118.4435,35.6797],[-118.4437,35.6797],[-118.4437,35.6799],[-118.4435,35.6797]]],[[[-118.454,35.6811],[-118.4537,35.6817],[-118.4534,35.6812],[-118.454,35.6811]]],[[[-118.4433,35.6817],[-118.4434,35.6817],[-118.4434,35.6819],[-118.4433,35.6817]]],[[[-118.4435,35.6828],[-118.4437,35.6828],[-118.4437,35.683],[-118.4435,35.6828]]],[[[-118.4552,35.6914],[-118.4557,35.6916],[-118.455,35.692],[-118.4552,35.6914]]],[[[-118.4463,35.6854],[-118.4465,35.6862],[-118.446,35.6859],[-118.4463,35.6854]]],[[[-118.4448,35.6848],[-118.4451,35.6849],[-118.445,35.685],[-118.4448,35.6848]]],[[[-118.4512,35.6793],[-118.4514,35.6794],[-118.4513,35.6796],[-118.4512,35.6793]]],[[[-118.456,35.6764],[-118.4561,35.6787],[-118.4554,35.6779],[-118.456,35.6764]]],[[[-118.4489,35.6785],[-118.4504,35.6802],[-118.4496,35.6811],[-118.4481,35.6804],[-118.4489,35.6785]]],[[[-118.4466,35.6976],[-118.4468,35.6981],[-118.4463,35.6978],[-118.4466,35.6976]]],[[[-118.4326,35.7021],[-118.4328,35.7022],[-118.4326,35.7023],[-118.4326,35.7021]]],[[[-118.4353,35.7024],[-118.4355,35.7024],[-118.4355,35.7027],[-118.4353,35.7024]]],[[[-118.4499,35.693],[-118.4502,35.6931],[-118.4501,35.6935],[-118.4499,35.693]]],[[[-118.4532,35.6898],[-118.4547,35.6924],[-118.4493,35.6975],[-118.4507,35.6921],[-118.4532,35.6898]],[[-118.4519,35.6934],[-118.4515,35.6934],[-118.4518,35.6942],[-118.4519,35.6934]]],[[[-118.4487,35.6683],[-118.4491,35.6684],[-118.4491,35.6686],[-118.4487,35.6683]]],[[[-118.4636,35.6689],[-118.4638,35.669],[-118.4637,35.6691],[-118.4636,35.6689]]],[[[-118.4469,35.6705],[-118.447,35.6708],[-118.4466,35.6709],[-118.4469,35.6705]]],[[[-118.457,35.6701],[-118.4572,35.6701],[-118.4572,35.6703],[-118.457,35.6701]]],[[[-118.4479,35.6693],[-118.448,35.6693],[-118.4481,35.6696],[-118.4479,35.6693]]],[[[-118.4484,35.6693],[-118.4488,35.6694],[-118.4488,35.6697],[-118.4484,35.6693]]],[[[-118.453,35.6681],[-118.4532,35.6683],[-118.4532,35.6686],[-118.453,35.6681]]],[[[-118.4593,35.6681],[-118.459,35.6689],[-118.4588,35.6682],[-118.4593,35.6681]]],[[[-118.4506,35.6687],[-118.4508,35.6687],[-118.4508,35.669],[-118.4506,35.6687]]],[[[-118.4575,35.6668],[-118.4581,35.6678],[-118.4575,35.6687],[-118.4575,35.6668]]],[[[-118.4585,35.6685],[-118.4587,35.6685],[-118.4587,35.6687],[-118.4585,35.6685]]],[[[-118.4585,35.6686],[-118.459,35.6703],[-118.457,35.6732],[-118.4585,35.6686]]],[[[-118.4466,35.6718],[-118.4468,35.6718],[-118.4468,35.6721],[-118.4466,35.6718]]],[[[-118.4469,35.6722],[-118.4471,35.6722],[-118.4471,35.6724],[-118.4469,35.6722]]],[[[-118.4618,35.6718],[-118.461,35.6728],[-118.4602,35.6724],[-118.4618,35.6718]]],[[[-118.3154,35.8611],[-118.3455,35.8613],[-118.3448,35.9688],[-118.3029,35.9689],[-118.3029,35.8614],[-118.3154,35.8611]]],[[[-118.7514,35.18],[-118.7508,35.1984],[-118.6744,35.2509],[-118.6259,35.2924],[-118.5654,35.3763],[-118.5565,35.4039],[-118.559,35.52],[-118.5564,35.5121],[-118.5427,35.5121],[-118.521,35.5396],[-118.497,35.6038],[-118.4966,35.6296],[-118.4775,35.6771],[-118.4573,35.7064],[-118.4577,35.743],[-118.4477,35.7433],[-118.4482,35.8498],[-118.4425,35.8511],[-118.465,35.9549],[-118.4631,35.9731],[-118.4691,35.9733],[-118.4695,36.0393],[-118.4565,36.0403],[-118.449,36.1255],[-118.4184,36.25],[-118.4119,36.3079],[-118.4203,36.4325],[-118.4094,36.4988],[-118.4083,36.554],[-118.4327,36.6249],[-118.4325,36.717],[-118.4165,36.7173],[-118.4176,36.7761],[-118.3914,36.7761],[-118.3904,36.5553],[-118.3947,36.555],[-118.395,36.4986],[-118.4113,36.431],[-118.3979,36.3093],[-118.4034,36.2505],[-118.4334,36.1255],[-118.4503,35.956],[-118.401,35.7507],[-118.3747,35.7504],[-118.4001,35.6746],[-118.4221,35.6786],[-118.4216,35.6741],[-118.4486,35.6724],[-118.4521,35.6753],[-118.4549,35.67],[-118.4499,35.6731],[-118.4496,35.6694],[-118.4573,35.6688],[-118.4552,35.6774],[-118.4496,35.6784],[-118.4484,35.6743],[-118.4437,35.6844],[-118.4432,35.6785],[-118.4419,35.6831],[-118.4445,35.6878],[-118.4653,35.6719],[-118.4714,35.6439],[-118.4675,35.6426],[-118.4627,35.6554],[-118.4622,35.6534],[-118.4592,35.6569],[-118.4601,35.6518],[-118.4533,35.6587],[-118.4545,35.655],[-118.4534,35.6546],[-118.5113,35.4999],[-118.524,35.4139],[-118.5415,35.373],[-118.5755,35.3238],[-118.6177,35.2814],[-118.6532,35.2494],[-118.7514,35.18]],[[-118.4968,35.6007],[-118.4968,35.6007],[-118.4966,35.6005],[-118.4968,35.6007]],[[-118.4695,35.6603],[-118.4681,35.6604],[-118.4689,35.6614],[-118.4695,35.6603]],[[-118.4814,35.6522],[-118.4802,35.6514],[-118.4796,35.6531],[-118.4814,35.6522]],[[-118.4789,35.652],[-118.4781,35.6505],[-118.4765,35.6547],[-118.4789,35.652]],[[-118.4769,35.6521],[-118.4769,35.6521],[-118.4768,35.6521],[-118.4769,35.6521]],[[-118.463,35.652],[-118.4632,35.6513],[-118.4623,35.6521],[-118.463,35.652]],[[-118.4612,35.6522],[-118.4609,35.6521],[-118.461,35.6523],[-118.4612,35.6522]],[[-118.4667,35.6438],[-118.4666,35.6439],[-118.4667,35.6438],[-118.4667,35.6438]],[[-118.4766,35.6515],[-118.4767,35.6514],[-118.4766,35.6515],[-118.4766,35.6515]],[[-118.477,35.6511],[-118.4771,35.651],[-118.477,35.6509],[-118.477,35.6511]],[[-118.4776,35.6504],[-118.4776,35.6498],[-118.4771,35.6504],[-118.4776,35.6504]],[[-118.4665,35.6479],[-118.4671,35.6469],[-118.4667,35.6463],[-118.4665,35.6479]],[[-118.4638,35.648],[-118.4599,35.6486],[-118.4604,35.6516],[-118.4638,35.648]],[[-118.4658,35.6451],[-118.4644,35.6447],[-118.4639,35.6471],[-118.4658,35.6451]],[[-118.4606,35.653],[-118.4605,35.6544],[-118.4612,35.6534],[-118.4606,35.653]],[[-118.4667,35.6604],[-118.4667,35.6604],[-118.4666,35.6604],[-118.4667,35.6604]],[[-118.4767,35.6561],[-118.4758,35.6554],[-118.4747,35.6577],[-118.4767,35.6561]],[[-118.4828,35.6528],[-118.4822,35.6523],[-118.4809,35.6558],[-118.4828,35.6528]],[[-118.4829,35.6561],[-118.4837,35.6563],[-118.4831,35.655],[-118.4829,35.6561]],[[-118.4589,35.6935],[-118.4574,35.6933],[-118.4587,35.6936],[-118.4589,35.6935]],[[-118.4572,35.6933],[-118.4551,35.6828],[-118.444,35.6984],[-118.4521,35.6989],[-118.4572,35.6933]],[[-118.4459,35.6933],[-118.4459,35.6933],[-118.4458,35.6933],[-118.4459,35.6933]],[[-118.4334,35.6769],[-118.4282,35.6782],[-118.4325,35.6783],[-118.4334,35.6769]],[[-118.4313,35.6769],[-118.4313,35.6769],[-118.4312,35.677],[-118.4313,35.6769]],[[-118.4306,35.677],[-118.4305,35.677],[-118.4306,35.677],[-118.4306,35.677]],[[-118.4294,35.6769],[-118.4287,35.6769],[-118.4286,35.677],[-118.4292,35.677],[-118.4294,35.6769]],[[-118.4265,35.6771],[-118.4264,35.677],[-118.4265,35.6771],[-118.4265,35.6771]],[[-118.4544,35.6769],[-118.4542,35.6768],[-118.4542,35.6768],[-118.4544,35.6769],[-118.4544,35.6769]],[[-118.452,35.6769],[-118.4515,35.6767],[-118.4511,35.6769],[-118.452,35.6769]],[[-118.4568,35.6708],[-118.4568,35.6706],[-118.4566,35.6707],[-118.4568,35.6708]],[[-118.4478,35.6742],[-118.4477,35.6737],[-118.4473,35.6742],[-118.4478,35.6742]],[[-118.4486,35.6738],[-118.4482,35.6737],[-118.4482,35.6742],[-118.4486,35.6738]],[[-118.4524,35.6756],[-118.4506,35.676],[-118.4514,35.6766],[-118.4524,35.6756]],[[-118.4312,35.6747],[-118.4302,35.6743],[-118.4307,35.6751],[-118.4312,35.6747]],[[-118.4312,35.6759],[-118.431,35.6754],[-118.4299,35.676],[-118.4312,35.6759]],[[-118.4264,35.6796],[-118.4266,35.6793],[-118.4263,35.6796],[-118.4264,35.6796]],[[-118.4266,35.6793],[-118.4263,35.6783],[-118.4253,35.6784],[-118.4266,35.6793]],[[-118.4272,35.6778],[-118.4276,35.6782],[-118.4283,35.6779],[-118.4272,35.6778]],[[-118.43,35.6798],[-118.43,35.6788],[-118.4288,35.6791],[-118.4288,35.68],[-118.43,35.6798]],[[-118.4442,35.678],[-118.4445,35.6778],[-118.444,35.6775],[-118.4442,35.678]],[[-118.4428,35.6913],[-118.4433,35.6917],[-118.443,35.6902],[-118.4428,35.6913]],[[-118.4453,35.6879],[-118.4455,35.6873],[-118.445,35.6876],[-118.4453,35.6879]],[[-118.4367,35.7016],[-118.437,35.6993],[-118.4315,35.7024],[-118.4353,35.7037],[-118.4367,35.7016]],[[-118.4407,35.6964],[-118.4389,35.6987],[-118.439,35.7009],[-118.4407,35.6964]],[[-118.4435,35.6953],[-118.4433,35.6972],[-118.4446,35.6955],[-118.4435,35.6953]],[[-118.4381,35.7101],[-118.438,35.7106],[-118.4382,35.7108],[-118.4381,35.7101]],[[-118.431,35.71],[-118.4305,35.7084],[-118.4307,35.711],[-118.431,35.71]],[[-118.4299,35.71],[-118.4292,35.7099],[-118.4297,35.7106],[-118.4299,35.71]],[[-118.4287,35.7064],[-118.428,35.7059],[-118.428,35.7064],[-118.4287,35.7064]],[[-118.429,35.7086],[-118.4291,35.708],[-118.4288,35.7079],[-118.4287,35.7085],[-118.429,35.7086]],[[-118.4312,35.7075],[-118.4306,35.7073],[-118.4303,35.7081],[-118.4312,35.7075]],[[-118.4328,35.7097],[-118.4323,35.7093],[-118.4324,35.7097],[-118.4328,35.7097]],[[-118.4338,35.7073],[-118.4326,35.7068],[-118.4328,35.7086],[-118.4338,35.7073]],[[-118.4202,36.6656],[-118.4199,36.6652],[-118.4195,36.6659],[-118.4202,36.6656]],[[-118.4302,36.707],[-118.4293,36.7066],[-118.4301,36.7077],[-118.4302,36.707]],[[-118.4214,36.6867],[-118.4207,36.6871],[-118.4212,36.6873],[-118.4214,36.6867]],[[-118.4157,36.6819],[-118.4152,36.6814],[-118.4147,36.6816],[-118.4157,36.6819]],[[-118.4226,36.6832],[-118.4222,36.6831],[-118.4222,36.6836],[-118.4226,36.6832]],[[-118.4257,36.6917],[-118.4251,36.6912],[-118.4245,36.6918],[-118.4257,36.6917]],[[-118.405,36.7046],[-118.4045,36.7043],[-118.4045,36.7048],[-118.405,36.7046]],[[-118.4117,36.7455],[-118.4109,36.7458],[-118.4114,36.7458],[-118.4117,36.7455]],[[-118.4105,36.7318],[-118.4087,36.7301],[-118.4103,36.7329],[-118.4105,36.7318]],[[-118.4157,36.7256],[-118.4158,36.725],[-118.4155,36.7249],[-118.4154,36.7255],[-118.4157,36.7256]],[[-118.4115,36.7351],[-118.4117,36.7348],[-118.4113,36.735],[-118.4115,36.7351]],[[-118.4098,36.7425],[-118.4091,36.7422],[-118.4091,36.7429],[-118.4098,36.7425]]]]},"properties":{"name":"Kern Canyon Lidar Collection, CA 2008","otId":"OTSDEM.122019.2229.1","short":"CA08_Amos","doi":"https://doi.org/10.5069/G9X34VM8","created":"2019-12-06","temporal":"2008-05-01 / 2009-09-01","keywords":"Kern Canyon, Fault, floodplain, dam, Lake Success, california"}},{"type":"Feature","geometry":{"type":"MultiPolygon","coordinates":[[[[-120.2881,39.3282],[-120.2945,39.3318],[-120.2882,39.3436],[-120.2634,39.3361],[-120.27,39.3257],[-120.2881,39.3282]]],[[[-120.2223,39.2457],[-120.2138,39.3022],[-120.2187,39.3261],[-120.2046,39.3286],[-120.2041,39.3371],[-120.1918,39.3325],[-120.1428,39.3461],[-120.1186,39.3908],[-120.0717,39.3884],[-120.0689,39.3955],[-120.062,39.3951],[-120.0595,39.3881],[-120.0119,39.3869],[-120.0097,39.3609],[-120.0572,39.3601],[-120.0611,39.3536],[-120.0735,39.359],[-120.1042,39.3601],[-120.1127,39.3437],[-120.1089,39.3356],[-120.1177,39.3306],[-120.1942,39.3111],[-120.204,39.2409],[-120.1935,39.2351],[-120.1978,39.2297],[-120.1882,39.2117],[-120.1878,39.1784],[-120.1798,39.168],[-120.1501,39.1688],[-120.1511,39.1559],[-120.1611,39.1602],[-120.1751,39.1566],[-120.1999,39.1659],[-120.2091,39.1826],[-120.2077,39.2122],[-120.2186,39.2387],[-120.2239,39.2391],[-120.2223,39.2457]]]]},"properties":{"name":"Paleo-Outburst Floods in the Truckee River Canyon, CA","otId":"OTSDEM.102019.6339.2","short":"CA18_Feehan","doi":"https://doi.org/10.5069/G9X928F9","created":"2019-11-06","temporal":"2018-09-22 / 2018-09-23","keywords":"lidar, SEED, flood, Truckee, Geomorphic, paleo outburst"}},{"type":"Feature","geometry":{"type":"Polygon","coordinates":[[[-121.7675,37.4304],[-121.7668,37.5253],[-121.7531,37.53],[-121.754,37.524],[-121.7484,37.5285],[-121.7307,37.5253],[-121.7279,37.428],[-121.7675,37.4304]]]},"properties":{"name":"Alteration of Groundwater Flow due to Slow Landslide Failure, CA","otId":"OTSDEM.102019.6339.1","short":"CA19_Murphy","doi":"https://doi.org/10.5069/G9SQ8XJP","created":"2019-10-23","temporal":"2018-09-21 / 2018-09-22","keywords":"lidar, california, groundwater, landslide"}},{"type":"Feature","geometry":{"type":"Polygon","coordinates":[[[-113.3912,39.4024],[-113.3798,39.4],[-113.3806,39.39],[-113.3864,39.3864],[-113.3759,39.3818],[-113.3882,39.3754],[-113.3927,39.3612],[-113.4008,39.3654],[-113.3912,39.4024]]]},"properties":{"name":"High Resolution Topography of House Range Fault, Utah","otId":"OTSDEM.102019.6341.1","short":"UT19_Bunds","doi":"https://doi.org/10.5069/G9348HH6","created":"2019-10-17","temporal":"2016-05-01 / 2016-05-03","keywords":"House Range fault, Basin and Range, Sevier Desert, tectonic, earthquake, surface rupture"}},{"type":"Feature","geometry":{"type":"MultiPolygon","coordinates":[[[[-117.404,35.7361],[-117.4128,35.7419],[-117.3811,35.7794],[-117.3573,35.7658],[-117.3906,35.7278],[-117.404,35.7361]]],[[[-117.3823,35.6123],[-117.3664,35.6302],[-117.3478,35.6194],[-117.3666,35.597],[-117.3823,35.6123]]]]},"properties":{"name":"2019 Ridgecrest, CA: Trona-Argus Area - Post-Earthquake Lidar","otId":"OTSDEM.102019.32611.1","short":"CA19_ridgecrest","doi":"https://doi.org/10.5069/G97W69C0","created":"2019-10-15","temporal":"2019-07-27 / 2019-08-02","keywords":"Southern California, Ridgecrest Earthquake, lidar, Pinnacles, Trona, surface rupture"}},{"type":"Feature","geometry":{"type":"MultiPolygon","coordinates":[[[[-121.8035,38.0384],[-121.8037,38.0548],[-121.7977,38.0523],[-121.7897,38.0565],[-121.7356,38.0539],[-121.734,38.0484],[-121.7376,38.0328],[-121.7516,38.0266],[-121.754,38.0295],[-121.7983,38.0287],[-121.7962,38.0351],[-121.8035,38.0384]],[[-121.7711,38.0274],[-121.77,38.0276],[-121.771,38.0289],[-121.7711,38.0274]],[[-121.7979,38.0485],[-121.8,38.0456],[-121.7985,38.0438],[-121.7968,38.0453],[-121.7979,38.0485]],[[-121.7979,38.0485],[-121.7935,38.0474],[-121.7932,38.0489],[-121.7959,38.0524],[-121.7979,38.0485]],[[-121.7623,38.0304],[-121.7645,38.0303],[-121.7626,38.0295],[-121.7623,38.0304]],[[-121.7878,38.0403],[-121.7861,38.0415],[-121.7903,38.0422],[-121.7878,38.0403]],[[-121.7932,38.044],[-121.7945,38.0441],[-121.7941,38.0433],[-121.7932,38.044]],[[-121.7902,38.0532],[-121.7914,38.0531],[-121.7911,38.0519],[-121.7902,38.0532]],[[-121.7944,38.0527],[-121.7932,38.0534],[-121.7947,38.0535],[-121.7944,38.0527]],[[-121.7902,38.0548],[-121.791,38.0553],[-121.7917,38.0546],[-121.7902,38.0548]],[[-121.7963,38.0465],[-121.7954,38.046],[-121.7954,38.0468],[-121.7963,38.0465]]],[[[-121.6739,38.0991],[-121.6716,38.1221],[-121.5979,38.1207],[-121.6053,38.0871],[-121.6731,38.0889],[-121.6739,38.0991]],[[-121.6726,38.0939],[-121.6706,38.0924],[-121.6677,38.0948],[-121.6726,38.0939]],[[-121.6081,38.1024],[-121.6044,38.1022],[-121.6059,38.103],[-121.6081,38.1024]],[[-121.6081,38.1024],[-121.6092,38.1031],[-121.61,38.102],[-121.6081,38.1024]],[[-121.6666,38.0938],[-121.6672,38.0949],[-121.6677,38.0941],[-121.6666,38.0938]],[[-121.6658,38.0982],[-121.6662,38.0973],[-121.6649,38.0977],[-121.6658,38.0982]]],[[[-121.5585,38.0882],[-121.5577,38.1161],[-121.5524,38.1184],[-121.4785,38.1174],[-121.4838,38.0899],[-121.4959,38.0878],[-121.5585,38.0882]],[[-121.5054,38.1172],[-121.5048,38.1161],[-121.5037,38.1166],[-121.5054,38.1172]],[[-121.5266,38.0896],[-121.5272,38.0885],[-121.5262,38.0888],[-121.5266,38.0896]],[[-121.4947,38.0937],[-121.4935,38.0938],[-121.4941,38.0949],[-121.4947,38.0937]],[[-121.5017,38.117],[-121.5034,38.1166],[-121.5018,38.116],[-121.5017,38.117]]]]},"properties":{"name":"Ecosystem Structure in Hetereogeneous Restored Wetlands, CA 2018","otId":"OTSDEM.092019.26910.1","short":"CA18_Hemes","doi":"https://doi.org/10.5069/G9ZK5DT3","created":"2019-09-16","temporal":"2018-09-20 / 2018-09-21","keywords":"Wetlands, lidar, ecosystem, Sherman Island, Twitchell Island, Bouldin Island"}},{"type":"Feature","geometry":{"type":"MultiPolygon","coordinates":[[[[-118.8001,37.5573],[-118.8021,37.5782],[-118.8078,37.581],[-118.8022,37.5829],[-118.809,37.5899],[-118.8033,37.593],[-118.8074,37.599],[-118.7867,37.6039],[-118.7726,37.5766],[-118.7734,37.5466],[-118.7935,37.5472],[-118.8001,37.5573]]],[[[-119.0297,37.6312],[-118.9975,37.6235],[-119.0077,37.6051],[-119.0074,37.5955],[-119.0308,37.5984],[-119.0324,37.6118],[-119.0367,37.6115],[-119.0297,37.6312]]]]},"properties":{"name":"Point Classification for Hazard Applications: Mammoth Lakes, CA","otId":"OTSDEM.092019.26911.1","short":"CA18_Sare","doi":"https://doi.org/10.5069/G9TT4P3S","created":"2019-09-16","temporal":"2018-09-22 / 2018-09-23","keywords":"lidar, mammoth lakes, california, earthquake, volcano, hazards"}},{"type":"Feature","geometry":{"type":"Polygon","coordinates":[[[-115.8729,44.3164],[-115.8838,44.3245],[-115.8752,44.3436],[-115.8861,44.3498],[-115.8718,44.3542],[-115.8644,44.3697],[-115.858,44.3681],[-115.8497,44.3795],[-115.8418,44.3782],[-115.8445,44.3822],[-115.8368,44.3907],[-115.8236,44.3873],[-115.7905,44.4011],[-115.7477,44.3922],[-115.7671,44.3624],[-115.7681,44.3544],[-115.7599,44.356],[-115.7606,44.3498],[-115.7711,44.3438],[-115.7768,44.3498],[-115.8272,44.2914],[-115.8729,44.3164]]]},"properties":{"name":"Control of steepland landscape morphology in Idaho Batholith","otId":"OTSDEM.092019.6340.1","short":"ID18_Struble","doi":"https://doi.org/10.5069/G98050QQ","created":"2019-09-06","temporal":"2018-09-18 / 2018-09-19","keywords":"Idaho, batholith, landscape, morphology, lidar, debris"}},{"type":"Feature","geometry":{"type":"MultiPolygon","coordinates":[[[[-117.5825,39.4469],[-117.5825,39.4469],[-117.5825,39.4469],[-117.5825,39.4469]]],[[[-117.5825,39.4469],[-117.5825,39.4469],[-117.5825,39.4469],[-117.5825,39.4469]]],[[[-117.57,39.4553],[-117.5699,39.4554],[-117.57,39.4553],[-117.57,39.4553]]],[[[-117.6849,39.4625],[-117.6849,39.4625],[-117.6849,39.4625],[-117.6849,39.4625]]],[[[-117.6849,39.4625],[-117.6849,39.4625],[-117.6849,39.4625],[-117.6849,39.4625]]],[[[-117.6849,39.4625],[-117.6849,39.4625],[-117.6849,39.4625],[-117.6849,39.4625]]],[[[-117.6849,39.4625],[-117.6849,39.4626],[-117.6849,39.4626],[-117.6849,39.4625]]],[[[-117.558,39.4709],[-117.5581,39.4796],[-117.5884,39.4904],[-117.5895,39.4951],[-117.5945,39.4975],[-117.5967,39.494],[-117.6492,39.5138],[-117.6806,39.4821],[-117.6859,39.464],[-117.6425,39.4476],[-117.6346,39.4432],[-117.6379,39.4401],[-117.5945,39.4279],[-117.5836,39.4479],[-117.558,39.4709]]]]},"properties":{"name":"Woodland-encroached sagebrush ecosystem, Nevada","otId":"OTSDEM.102016.26911.1","short":"NV15_Snyder","doi":"https://doi.org/10.5069/G9X63JVB","created":"2016-10-24","temporal":"2015-07-14","keywords":"Nevada, woodland, rainfall, vegetation, lidar"}},{"type":"Feature","geometry":{"type":"Polygon","coordinates":[[[-112.2502,36.1928],[-112.2526,36.2332],[-112.2438,36.2338],[-112.2395,36.241],[-112.2453,36.2413],[-112.247,36.2542],[-112.241,36.2613],[-112.25,36.2621],[-112.2538,36.274],[-112.2452,36.2863],[-112.2306,36.2847],[-112.237,36.2952],[-112.2344,36.3019],[-112.2569,36.2956],[-112.28,36.3042],[-112.2786,36.3154],[-112.3017,36.3177],[-112.3084,36.323],[-112.3126,36.3155],[-112.3099,36.2952],[-112.3177,36.292],[-112.3299,36.2976],[-112.3306,36.3114],[-112.3386,36.3116],[-112.3381,36.3173],[-112.3548,36.3301],[-112.3652,36.3231],[-112.3569,36.282],[-112.3723,36.2793],[-112.3805,36.2887],[-112.3916,36.2825],[-112.402,36.2857],[-112.3994,36.2891],[-112.4069,36.2994],[-112.3861,36.3109],[-112.3827,36.3204],[-112.3836,36.3296],[-112.3909,36.333],[-112.387,36.3478],[-112.3552,36.3352],[-112.3534,36.3442],[-112.3438,36.3512],[-112.3431,36.3633],[-112.3199,36.3649],[-112.3393,36.3708],[-112.3361,36.3764],[-112.35,36.3737],[-112.3595,36.3788],[-112.3588,36.3898],[-112.3522,36.3914],[-112.372,36.405],[-112.3609,36.4115],[-112.3699,36.4147],[-112.3718,36.4242],[-112.3924,36.432],[-112.3934,36.444],[-112.4078,36.4624],[-112.4106,36.487],[-112.4037,36.4945],[-112.409,36.4972],[-112.4044,36.5094],[-112.4094,36.5313],[-112.4022,36.5746],[-112.3976,36.5774],[-112.4025,36.5847],[-112.4015,36.6005],[-112.3885,36.6191],[-112.3764,36.6185],[-112.3728,36.6439],[-112.3659,36.6508],[-112.3489,36.645],[-112.3499,36.6388],[-112.3573,36.6371],[-112.3516,36.6242],[-112.3534,36.6168],[-112.3531,36.6127],[-112.3512,36.6119],[-112.3417,36.637],[-112.3441,36.6703],[-112.3389,36.6738],[-112.3444,36.6802],[-112.3234,36.6908],[-112.3434,36.6918],[-112.3437,36.7006],[-112.3251,36.717],[-112.3077,36.723],[-112.311,36.7327],[-112.2983,36.7472],[-112.3021,36.7562],[-112.282,36.7776],[-112.2795,36.7898],[-112.2594,36.809],[-112.2512,36.8079],[-112.2477,36.796],[-112.2371,36.7998],[-112.2202,36.8204],[-112.1853,36.8396],[-112.1792,36.8371],[-112.181,36.8204],[-112.1745,36.8065],[-112.163,36.8195],[-112.1505,36.8188],[-112.1417,36.8282],[-112.1182,36.8297],[-112.1123,36.827],[-112.1121,36.8188],[-112.104,36.8234],[-112.0983,36.8125],[-112.1041,36.7902],[-112.1245,36.763],[-112.1296,36.737],[-112.12,36.7408],[-112.1139,36.7309],[-112.1169,36.7051],[-112.1225,36.6992],[-112.118,36.696],[-112.1186,36.6848],[-112.1262,36.6638],[-112.1003,36.6101],[-112.0817,36.5914],[-112.0694,36.5676],[-112.0733,36.5625],[-112.0535,36.5607],[-112.0532,36.554],[-112.061,36.55],[-112.0531,36.541],[-112.0564,36.5305],[-112.0508,36.5174],[-112.0515,36.4989],[-112.0323,36.4797],[-112.0265,36.4618],[-112.029,36.4477],[-112.0405,36.4508],[-112.0525,36.4462],[-112.0655,36.4204],[-112.0444,36.4276],[-112.0419,36.4092],[-112.0334,36.4067],[-112.0377,36.3939],[-112.0284,36.393],[-112.03,36.3821],[-112.0234,36.3789],[-112.0226,36.3641],[-112.0148,36.363],[-112.0136,36.3501],[-112.0051,36.3508],[-111.9951,36.3607],[-111.9793,36.3497],[-111.9764,36.3442],[-111.9824,36.3364],[-111.9949,36.3325],[-111.9806,36.3274],[-111.9754,36.3351],[-111.9654,36.3368],[-111.9575,36.3293],[-111.9653,36.3224],[-111.9574,36.3184],[-111.95,36.3265],[-111.9162,36.3235],[-111.9236,36.3145],[-111.9189,36.3083],[-111.9225,36.304],[-111.9583,36.3042],[-111.9544,36.2926],[-111.9772,36.2944],[-111.9651,36.2869],[-111.9631,36.2754],[-111.954,36.2682],[-111.9623,36.2621],[-111.9712,36.2659],[-111.9678,36.2575],[-111.9801,36.2579],[-111.9803,36.2528],[-111.9708,36.2495],[-111.9724,36.2433],[-111.9601,36.2487],[-111.9525,36.246],[-111.9533,36.2394],[-111.9678,36.2351],[-111.9544,36.2325],[-111.9549,36.2262],[-111.9308,36.2337],[-111.9327,36.2255],[-111.9434,36.2184],[-111.9441,36.2098],[-111.9259,36.2177],[-111.921,36.206],[-111.9129,36.2065],[-111.9118,36.1974],[-111.9218,36.1988],[-111.9178,36.1695],[-111.932,36.1645],[-111.9149,36.1588],[-111.9132,36.1504],[-111.9025,36.1476],[-111.9015,36.1386],[-111.9091,36.1324],[-111.9317,36.1366],[-111.9327,36.1272],[-111.9441,36.1203],[-111.9673,36.1204],[-111.9763,36.1359],[-111.9621,36.1685],[-111.9827,36.1467],[-111.9916,36.1538],[-112.0005,36.1456],[-112.0248,36.1528],[-112.0168,36.1572],[-112.0157,36.1653],[-112.0255,36.1679],[-112.0269,36.1735],[-112.0051,36.1841],[-112.0189,36.2],[-112.0086,36.2137],[-112.0066,36.2292],[-112.0135,36.2203],[-112.0191,36.2226],[-112.0227,36.2144],[-112.0298,36.2161],[-112.0308,36.2004],[-112.0473,36.207],[-112.0388,36.1896],[-112.0427,36.1844],[-112.062,36.1949],[-112.0694,36.2094],[-112.0801,36.2051],[-112.0591,36.182],[-112.065,36.1747],[-112.0739,36.1816],[-112.0795,36.1731],[-112.0868,36.1766],[-112.109,36.1727],[-112.1136,36.1825],[-112.1313,36.171],[-112.1327,36.1805],[-112.1387,36.1745],[-112.1543,36.1821],[-112.1524,36.1872],[-112.1441,36.1876],[-112.1552,36.2005],[-112.1375,36.2233],[-112.1416,36.2309],[-112.1333,36.2461],[-112.1517,36.2313],[-112.1576,36.2347],[-112.1605,36.2472],[-112.1659,36.2366],[-112.1669,36.2071],[-112.1756,36.1998],[-112.1769,36.1886],[-112.1853,36.194],[-112.178,36.2086],[-112.1854,36.214],[-112.1806,36.2235],[-112.1902,36.2291],[-112.175,36.2463],[-112.1861,36.2479],[-112.2006,36.2415],[-112.1983,36.2365],[-112.2094,36.2195],[-112.2107,36.2043],[-112.2221,36.2093],[-112.2268,36.2043],[-112.235,36.21],[-112.2502,36.1928]],[[-112.2477,36.7936],[-112.2488,36.7936],[-112.2485,36.7917],[-112.2477,36.7936]]]},"properties":{"name":"Mapping the Kaibab Plateau, AZ","otId":"OTSDEM.082019.26912.1","short":"AZ12_USFS","doi":"https://doi.org/10.5069/G9TX3CH3","created":"2019-08-13","temporal":"2012-08-25 / 2012-09-15","keywords":"Arizona, Kaibab Plateau, Northern  Goshawk, Grand Canyon, National Forest, USFS"}},{"type":"Feature","geometry":{"type":"MultiPolygon","coordinates":[[[[-114.0061,44.3399],[-113.9688,44.3119],[-113.953,44.2888],[-113.9399,44.2813],[-113.9498,44.2827],[-113.9654,44.299],[-113.9743,44.301],[-113.9705,44.3062],[-113.9813,44.308],[-113.9953,44.3201],[-114.0061,44.3399]]],[[[-113.9718,44.2561],[-113.9392,44.2442],[-113.9161,44.2499],[-113.9087,44.2352],[-113.9099,44.2207],[-113.9227,44.2188],[-113.932,44.2382],[-113.9627,44.2441],[-113.9744,44.2511],[-113.9718,44.2561]]]]},"properties":{"name":"Lost River Fault Zone Near Borah Peak, Idaho","otId":"OTSDEM.052019.6341.1","short":"Bund_BoraPk","doi":"https://doi.org/10.5069/G9222RWR","created":"2019-08-05","temporal":"2015-05-01 / 2016-05-01","keywords":"Borah Peak, earthquake, surface rupture, normal fault, segment boundary, structure-from-motion"}},{"type":"Feature","geometry":{"type":"Polygon","coordinates":[[[-122.3783,39.13],[-122.3785,39.1576],[-122.3727,39.1623],[-122.315,39.1754],[-122.3094,39.1436],[-122.3169,39.1316],[-122.3373,39.1313],[-122.3555,39.1203],[-122.3759,39.1201],[-122.3783,39.13]]]},"properties":{"name":"High Resolution Mapping of Antelope Valley Ranch, CA.","otId":"OTSDEM.072019.6339.2","short":"CA17_Dietrich","doi":"https://doi.org/10.5069/G9QC01MQ","created":"2019-07-23","temporal":"2017-03-16 / 2017-03-17","keywords":"lidar, high resolution, mapping, antelope valley, california, ca"}},{"type":"Feature","geometry":{"type":"Polygon","coordinates":[[[-121.467,46.4838],[-121.4591,46.4877],[-121.4632,46.4931],[-121.4501,46.5053],[-121.4451,46.5089],[-121.4354,46.5049],[-121.3706,46.5597],[-121.3599,46.5596],[-121.3301,46.5386],[-121.3179,46.5404],[-121.3096,46.5334],[-121.3232,46.5262],[-121.3467,46.5005],[-121.3836,46.4789],[-121.376,46.4718],[-121.3834,46.4657],[-121.393,46.4673],[-121.3857,46.4595],[-121.3953,46.452],[-121.409,46.4593],[-121.4237,46.4476],[-121.467,46.4838]],[[-121.4541,46.4971],[-121.4544,46.4963],[-121.4531,46.4964],[-121.4541,46.4971]],[[-121.451,46.5005],[-121.4506,46.4979],[-121.4459,46.4971],[-121.451,46.5005]]]},"properties":{"name":"High-Resolution Mapping of Goat Rock Volcano, WA","otId":"OTSDEM.072019.6339.1","short":"WA18_Wall","doi":"https://doi.org/10.5069/G95H7DC6","created":"2019-07-15","temporal":"2018-09-19 / 2018-09-20","keywords":"lidar, washington, goat rocks, volcano, geology, mapping"}},{"type":"Feature","geometry":{"type":"Polygon","coordinates":[[[-118.0509,36.0357],[-116.9982,36.0403],[-116.9982,35.0362],[-118.0379,35.0318],[-118.0509,36.0357]]]},"properties":{"name":"2019 Ridgecrest, CA  Pre-Earthquake Digital Surface Model","otId":"OTSDEM.072019.32611.1","short":"CA19_Barnhart","doi":"https://doi.org/10.5069/G998854C","created":"2019-07-09","temporal":"2007-12-14 / 2016-10-21","keywords":"Southern California, Eastern California Shear Zone, Ridgecrest Earthquake, lidar"}},{"type":"Feature","geometry":{"type":"Polygon","coordinates":[[[-118.8523,35.432],[-118.8581,35.441],[-118.8352,35.4585],[-118.4788,35.6522],[-118.4791,35.6578],[-118.4614,35.6497],[-118.4401,35.6239],[-118.4471,35.6001],[-118.4586,35.6011],[-118.8144,35.4026],[-118.8367,35.4004],[-118.832,35.4028],[-118.8341,35.4105],[-118.8523,35.432]]]},"properties":{"name":"Erosion and sedimentation within the Kern River Canyon, CA","otId":"OTSDEM.052019.6340.1","short":"CA16_Krugh","doi":"https://doi.org/10.5069/G95Q4T79","created":"2019-05-24","temporal":"2016-10-09 / 2016-10-10","keywords":"lidar, sierra nevada, sedimentation, erosion, water, california"}},{"type":"Feature","geometry":{"type":"Polygon","coordinates":[[[-104.8503,32],[-104.8566,32.0095],[-104.8219,32.0464],[-104.7461,31.9958],[-104.7289,31.9797],[-104.7303,31.9721],[-104.7323,31.9685],[-104.7422,31.9733],[-104.7729,31.9433],[-104.8503,32]]]},"properties":{"name":"Quantifying rock strength controls in Guadalupe Mountains, NM/TX","otId":"OTSDEM.042019.6342.2","short":"NM18_Neely","doi":"https://doi.org/10.5069/G9BK19G8","created":"2019-04-25","temporal":"2018-06-04","keywords":"lidar, New Mexico, Texas, Guadalupe Mountains, strength, morphology"}},{"type":"Feature","geometry":{"type":"MultiPolygon","coordinates":[[[[-108.1615,36.1199],[-108.1612,36.1199],[-108.1615,36.1197],[-108.1615,36.1199]]],[[[-108.1538,35.9276],[-108.1538,35.9278],[-108.1536,35.9276],[-108.1538,35.9276]]],[[[-107.6336,35.9402],[-107.6338,35.9402],[-107.6336,35.9404],[-107.6336,35.9402]]],[[[-107.6402,36.1325],[-107.64,36.1325],[-107.64,36.1323],[-107.6402,36.1325]]],[[[-107.6612,36.0125],[-107.6615,36.0086],[-107.6429,36.0037],[-107.635,35.9849],[-107.6411,35.9728],[-107.6479,35.971],[-107.6489,35.9604],[-107.6654,35.9515],[-107.6914,35.9523],[-107.6945,35.9473],[-107.7145,35.9473],[-107.7168,35.9421],[-107.7351,35.9443],[-107.7367,35.9379],[-107.7454,35.9427],[-107.7581,35.9387],[-107.8001,35.9416],[-107.8043,35.9507],[-107.8136,35.9492],[-107.8233,35.9599],[-107.8435,35.9601],[-107.8427,35.9656],[-107.8696,35.9715],[-108.0895,35.998],[-108.0949,36.0238],[-108.091,36.0519],[-108.0825,36.0576],[-108.0829,36.0694],[-108.0753,36.0695],[-108.067,36.0845],[-108.0442,36.0951],[-108.0337,36.1106],[-107.9966,36.1165],[-107.9795,36.1246],[-107.7607,36.0949],[-107.7609,36.0814],[-107.7513,36.08],[-107.7563,36.0708],[-107.7457,36.0649],[-107.741,36.0389],[-107.7274,36.0359],[-107.7249,36.0278],[-107.6935,36.0241],[-107.6938,36.0185],[-107.6612,36.0125]]],[[[-108.1266,36.013],[-108.1269,35.9647],[-108.1489,35.958],[-108.1561,36.0159],[-108.1537,36.0203],[-108.1288,36.0211],[-108.1266,36.013]]]]},"properties":{"name":"3D Landscape Reconstruction and Land Use Modeling, Chaco Canyon, NM 2016","otId":"OTSDEM.042019.6342.1","short":"NM16_Dorshow","doi":"https://doi.org/10.5069/G9XG9P8D","created":"2019-04-05","temporal":"2016-10-12 / 2016-10-15","keywords":"lidar, New Mexico, Chaco Canyon, landscape, land use, 3D modeling"}},{"type":"Feature","geometry":{"type":"Polygon","coordinates":[[[-120.5306,35.9857],[-120.518,35.9846],[-120.4851,35.9629],[-120.4874,35.9588],[-120.3336,35.8281],[-120.3151,35.8031],[-120.3407,35.7889],[-120.3459,35.7917],[-120.3685,35.8197],[-120.5061,35.9419],[-120.511,35.9449],[-120.521,35.9362],[-120.5287,35.9416],[-120.5172,35.9515],[-120.5438,35.9781],[-120.5306,35.9857]]]},"properties":{"name":"Mapping of Displacements Near Parkfield, California","otId":"OTSDEM.032019.32610.1","short":"CA18_Vadman","doi":"https://doi.org/10.5069/G9HD7SRR","created":"2019-03-14","temporal":"2018-05-31 / 2018-06-01","keywords":"lidar, fault, california, San Andreas, airborne, mapping"}},{"type":"Feature","geometry":{"type":"MultiPolygon","coordinates":[[[[-117.7417,34.3479],[-117.7417,34.3479],[-117.7417,34.3479],[-117.7417,34.3479]]],[[[-117.7417,34.3479],[-117.739,34.3031],[-117.7281,34.3031],[-117.728,34.2941],[-117.7389,34.2939],[-117.7389,34.285],[-117.7605,34.2848],[-117.7608,34.2939],[-117.7922,34.2937],[-117.8014,34.3001],[-117.8138,34.311],[-117.8152,34.3204],[-117.8248,34.3205],[-117.8262,34.3294],[-117.837,34.3294],[-117.8371,34.3383],[-117.8588,34.3495],[-117.8592,34.3563],[-117.869,34.3576],[-117.8701,34.3743],[-117.8592,34.3744],[-117.8593,34.3834],[-117.8484,34.3836],[-117.8485,34.3925],[-117.8269,34.3926],[-117.8269,34.4016],[-117.816,34.4017],[-117.8158,34.3927],[-117.795,34.392],[-117.7941,34.3839],[-117.7879,34.3838],[-117.761,34.357],[-117.7511,34.357],[-117.7547,34.3541],[-117.7438,34.3469],[-117.7417,34.3479]],[[-117.7397,34.3486],[-117.7397,34.3486],[-117.7398,34.3485],[-117.7397,34.3486]],[[-117.74,34.3473],[-117.74,34.3473],[-117.74,34.3473],[-117.74,34.3473]],[[-117.74,34.3474],[-117.7401,34.3474],[-117.74,34.3474],[-117.74,34.3474]],[[-117.7404,34.3461],[-117.7404,34.3461],[-117.7404,34.3461],[-117.7404,34.3461]],[[-117.7404,34.3478],[-117.7404,34.3478],[-117.7406,34.3478],[-117.7404,34.3478]],[[-117.7404,34.3479],[-117.7406,34.3479],[-117.7405,34.3479],[-117.7404,34.3479]],[[-117.7406,34.3478],[-117.7406,34.3479],[-117.7406,34.3479],[-117.7406,34.3478]],[[-117.7406,34.3479],[-117.7406,34.3479],[-117.7406,34.3479],[-117.7406,34.3479]],[[-117.7407,34.3472],[-117.7407,34.3472],[-117.7406,34.3472],[-117.7406,34.3472],[-117.7407,34.3472]],[[-117.7407,34.3472],[-117.7407,34.3472],[-117.7407,34.3472],[-117.7407,34.3472]],[[-117.7411,34.3475],[-117.7411,34.3474],[-117.7411,34.3474],[-117.7411,34.3475]],[[-117.7417,34.3478],[-117.7417,34.3478],[-117.7417,34.3478],[-117.7417,34.3478]]],[[[-117.7393,34.3245],[-117.7393,34.3246],[-117.7393,34.3246],[-117.7393,34.3245]]],[[[-117.7393,34.3246],[-117.7393,34.3246],[-117.7393,34.3246],[-117.7393,34.3246]]],[[[-117.7405,34.3486],[-117.7405,34.3486],[-117.7405,34.3487],[-117.7405,34.3486]]],[[[-117.7405,34.3486],[-117.7405,34.3486],[-117.7405,34.3486],[-117.7405,34.3486]]],[[[-118.0455,34.2549],[-118.0455,34.2549],[-118.0455,34.2549],[-118.0455,34.2549]]],[[[-118.0455,34.2549],[-118.0424,34.2467],[-118.0262,34.2468],[-118.0206,34.2378],[-117.999,34.238],[-117.9988,34.229],[-117.9669,34.2216],[-117.9664,34.2059],[-117.9876,34.2021],[-117.9876,34.193],[-117.9985,34.1928],[-117.9984,34.1779],[-118.0198,34.1747],[-118.0203,34.1657],[-118.0621,34.1666],[-118.0635,34.1744],[-118.0829,34.1742],[-118.1056,34.1832],[-118.1071,34.192],[-118.1287,34.1918],[-118.129,34.2008],[-118.1505,34.2006],[-118.1508,34.2097],[-118.1786,34.2101],[-118.1835,34.2184],[-118.2031,34.2193],[-118.2268,34.2285],[-118.2272,34.236],[-118.2439,34.2358],[-118.249,34.2448],[-118.2635,34.2446],[-118.2709,34.2536],[-118.2914,34.257],[-118.2934,34.3164],[-118.2827,34.3165],[-118.2825,34.3232],[-118.2718,34.3258],[-118.2719,34.3347],[-118.1454,34.3359],[-118.1412,34.327],[-118.1263,34.3271],[-118.1194,34.3181],[-118.0994,34.3171],[-118.0975,34.3093],[-118.0868,34.3094],[-118.0865,34.3004],[-118.0758,34.3005],[-118.0755,34.2736],[-118.0646,34.2735],[-118.0644,34.2556],[-118.0455,34.2549]],[[-118.0591,34.1659],[-118.0591,34.1658],[-118.059,34.1658],[-118.0591,34.1659]],[[-118.0591,34.1658],[-118.0591,34.1658],[-118.0591,34.1658],[-118.0591,34.1658]],[[-118.0591,34.1657],[-118.0591,34.1657],[-118.0591,34.1658],[-118.0591,34.1657]],[[-118.2346,34.3332],[-118.2349,34.3343],[-118.2361,34.3337],[-118.2346,34.3332]],[[-118.2771,34.2608],[-118.2766,34.261],[-118.2774,34.2611],[-118.2771,34.2608]]],[[[-117.9682,34.2026],[-117.9682,34.2025],[-117.9682,34.2026],[-117.9682,34.2026]]],[[[-117.9703,34.2028],[-117.9704,34.2027],[-117.9702,34.2031],[-117.9703,34.2028]]],[[[-117.9704,34.2027],[-117.9704,34.2027],[-117.9704,34.2027],[-117.9704,34.2027]]],[[[-117.9704,34.2028],[-117.9704,34.2028],[-117.9704,34.2028],[-117.9704,34.2028]]],[[[-117.9814,34.228],[-117.9814,34.228],[-117.9814,34.228],[-117.9814,34.228]]]]},"properties":{"name":"Mapping of  San Gabriel Mountains, CA 2009 Fire","otId":"OTSDEM.012019.26911.1","short":"CA09_Heimsath","doi":"https://doi.org/10.5069/G94M92N4","created":"2019-01-31","temporal":"2009-09-28 / 2009-10-01","keywords":"lidar, fire, california, San Gabriel Mountains, airborne, mapping"}},{"type":"Feature","geometry":{"type":"MultiPolygon","coordinates":[[[[-113.009,37.0202],[-112.9905,37.0205],[-112.9901,37.0363],[-112.983,37.0387],[-112.934,37.0394],[-112.9333,37.0125],[-112.9445,37.0116],[-112.9454,36.9942],[-113.0115,36.9931],[-113.009,37.0202]]],[[[-113.7002,37.0868],[-113.7114,37.0874],[-113.7127,37.1227],[-113.724,37.1238],[-113.7213,37.1502],[-113.7252,37.1585],[-113.759,37.1583],[-113.7601,37.1673],[-113.7931,37.1665],[-113.7953,37.3197],[-113.7537,37.3213],[-113.7543,37.3387],[-113.743,37.3395],[-113.7443,37.3749],[-113.6774,37.3765],[-113.677,37.3855],[-113.6552,37.386],[-113.656,37.431],[-113.5995,37.4323],[-113.5977,37.3783],[-113.6089,37.3773],[-113.6083,37.36],[-113.6309,37.3589],[-113.6303,37.3415],[-113.6528,37.3403],[-113.6509,37.287],[-113.6952,37.2859],[-113.6957,37.2769],[-113.7287,37.2762],[-113.7291,37.2671],[-113.7516,37.2661],[-113.7494,37.2042],[-113.7043,37.2028],[-113.7033,37.1956],[-113.671,37.1964],[-113.6681,37.2595],[-113.65,37.2606],[-113.6506,37.2779],[-113.6393,37.2788],[-113.6399,37.2962],[-113.6372,37.2912],[-113.6344,37.2963],[-113.5948,37.2943],[-113.5933,37.2342],[-113.6039,37.2333],[-113.6009,37.1445],[-113.5784,37.1444],[-113.5771,37.1264],[-113.5561,37.1268],[-113.5568,37.1719],[-113.4563,37.174],[-113.4508,37.1856],[-113.4546,37.192],[-113.4343,37.1925],[-113.4338,37.2013],[-113.4121,37.2019],[-113.4118,37.218],[-113.3894,37.2211],[-113.3894,37.2812],[-113.3122,37.2766],[-113.3141,37.3532],[-113.3122,37.3571],[-113.2817,37.3577],[-113.2811,37.3667],[-113.2698,37.3675],[-113.2709,37.4029],[-113.2596,37.4038],[-113.2601,37.4206],[-113.281,37.4237],[-113.2833,37.4383],[-113.2946,37.4386],[-113.2949,37.447],[-113.3062,37.4474],[-113.3073,37.4564],[-113.3177,37.4562],[-113.3187,37.4652],[-113.3406,37.4647],[-113.3419,37.5071],[-113.3307,37.5106],[-113.331,37.519],[-113.2862,37.5199],[-113.285,37.4934],[-113.2737,37.4931],[-113.2723,37.4751],[-113.2505,37.4761],[-113.251,37.4935],[-113.2171,37.4941],[-113.2161,37.4581],[-113.2273,37.4549],[-113.2263,37.4225],[-113.215,37.4221],[-113.2142,37.3951],[-113.2255,37.3943],[-113.225,37.3768],[-113.2362,37.376],[-113.2357,37.3586],[-113.2462,37.3584],[-113.2465,37.3404],[-113.2502,37.3441],[-113.2577,37.3395],[-113.2567,37.3042],[-113.2679,37.3033],[-113.2669,37.2685],[-113.2556,37.2681],[-113.2545,37.2327],[-113.2433,37.2323],[-113.2422,37.2233],[-113.1874,37.2243],[-113.1869,37.2333],[-113.1765,37.2335],[-113.1752,37.2426],[-113.1647,37.2434],[-113.165,37.2571],[-113.1539,37.2616],[-113.1509,37.2791],[-113.1045,37.2799],[-113.0979,37.2761],[-113.0968,37.235],[-113.108,37.2342],[-113.1071,37.1994],[-113.0958,37.1989],[-113.0947,37.19],[-113.0175,37.1913],[-113.0172,37.2093],[-112.9834,37.2099],[-112.983,37.1925],[-112.9717,37.1921],[-112.9715,37.1837],[-112.9602,37.1807],[-112.9592,37.1742],[-112.9487,37.1744],[-112.9485,37.166],[-112.9372,37.1656],[-112.9362,37.1566],[-112.9257,37.1568],[-112.9255,37.1484],[-112.9142,37.1479],[-112.9133,37.1389],[-112.9028,37.1391],[-112.9018,37.1301],[-112.8913,37.1302],[-112.8921,37.1213],[-112.936,37.1206],[-112.937,37.1296],[-112.9701,37.1302],[-112.9711,37.138],[-112.9815,37.1378],[-112.9825,37.1468],[-113.083,37.1451],[-113.0841,37.1541],[-113.117,37.1535],[-113.1181,37.1625],[-113.1398,37.1621],[-113.1401,37.1706],[-113.1513,37.1709],[-113.1524,37.1799],[-113.1741,37.1795],[-113.1751,37.1885],[-113.1848,37.1883],[-113.1863,37.1793],[-113.1966,37.1791],[-113.1977,37.1881],[-113.2524,37.1871],[-113.2519,37.1426],[-113.2406,37.1422],[-113.2395,37.1332],[-113.2178,37.1336],[-113.2169,37.1246],[-113.1959,37.125],[-113.1953,37.1341],[-113.1278,37.1338],[-113.1265,37.1173],[-113.1048,37.1177],[-113.1039,37.0823],[-113.1487,37.0808],[-113.149,37.0892],[-113.1603,37.0896],[-113.1613,37.0986],[-113.1718,37.0979],[-113.1718,37.0894],[-113.2277,37.0884],[-113.2288,37.0974],[-113.2617,37.0968],[-113.2627,37.1058],[-113.2733,37.1056],[-113.2735,37.1139],[-113.2848,37.1144],[-113.2861,37.1323],[-113.2965,37.1315],[-113.295,37.0781],[-113.3596,37.0768],[-113.3602,37.0934],[-113.3675,37.1057],[-113.4637,37.1017],[-113.4696,37.0793],[-113.4655,37.0567],[-113.4742,37.0558],[-113.4728,37.0114],[-113.6524,37.0076],[-113.6536,37.0436],[-113.6424,37.0445],[-113.6436,37.0792],[-113.6993,37.0786],[-113.7002,37.0868]],[[-113.3778,37.211],[-113.3767,37.2027],[-113.31,37.2046],[-113.311,37.213],[-113.3778,37.211]]],[[[-113.5136,37.4431],[-113.4877,37.4437],[-113.4875,37.4617],[-113.431,37.4614],[-113.4301,37.4352],[-113.4417,37.4266],[-113.4629,37.4262],[-113.4632,37.4103],[-113.473,37.4031],[-113.4628,37.3972],[-113.4618,37.3902],[-113.4513,37.3904],[-113.4525,37.3633],[-113.4939,37.3625],[-113.4966,37.3714],[-113.5409,37.3713],[-113.5424,37.4155],[-113.5199,37.4166],[-113.5207,37.4409],[-113.5136,37.4431]]],[[[-113.0582,37.4714],[-113.0586,37.4868],[-113.0473,37.4888],[-113.0475,37.4972],[-112.9915,37.5152],[-112.9913,37.5078],[-112.98,37.5074],[-112.9797,37.499],[-112.9684,37.4985],[-112.9682,37.4902],[-112.959,37.4863],[-112.889,37.4904],[-112.8883,37.4462],[-112.8992,37.4447],[-112.8976,37.3831],[-112.8863,37.3827],[-112.8859,37.3647],[-112.9926,37.3647],[-112.9989,37.3697],[-113,37.3809],[-113.0331,37.3803],[-113.0333,37.3887],[-113.0442,37.3891],[-113.0456,37.3981],[-113.0561,37.3979],[-113.0569,37.4243],[-113.0638,37.4254],[-113.0658,37.4428],[-113.0574,37.4436],[-113.0582,37.4714]],[[-113.0235,37.4453],[-113.0233,37.4351],[-113.0119,37.4347],[-113.0105,37.4077],[-112.9556,37.4086],[-112.953,37.4177],[-112.9437,37.4185],[-112.9557,37.4441],[-112.9958,37.4707],[-113.0121,37.4708],[-113.0157,37.4617],[-113.024,37.461],[-113.0235,37.4453]]],[[[-113.9205,37.6036],[-113.9185,37.614],[-113.8778,37.615],[-113.8774,37.6067],[-113.8661,37.6063],[-113.8649,37.5973],[-113.8318,37.5981],[-113.8306,37.5892],[-113.7191,37.5918],[-113.7192,37.616],[-113.6885,37.6165],[-113.6832,37.5599],[-113.8414,37.5529],[-113.8429,37.5708],[-113.876,37.57],[-113.8771,37.579],[-113.8989,37.5785],[-113.9,37.5875],[-113.9106,37.5872],[-113.911,37.5956],[-113.9217,37.596],[-113.9205,37.6036]]],[[[-110.4028,37.8601],[-110.4103,37.8656],[-110.4053,37.8884],[-110.3968,37.8918],[-110.3096,37.8941],[-110.2943,37.8886],[-110.2906,37.8722],[-110.283,37.8672],[-110.2776,37.8903],[-110.2688,37.8987],[-110.2614,37.9],[-110.2097,37.8947],[-110.2001,37.9174],[-110.2056,37.9276],[-110.2071,37.9425],[-110.1677,37.967],[-110.1624,37.9825],[-110.1449,37.9936],[-110.1446,38.0024],[-110.1159,38.011],[-110.0954,37.9972],[-110.0806,37.999],[-110.0748,38.0078],[-110.0788,38.019],[-110.0743,38.0339],[-110.0599,38.0466],[-110.0462,38.0508],[-110.0478,38.0709],[-110.0198,38.1048],[-110.0141,38.1099],[-110.0055,38.1104],[-109.9885,38.1013],[-109.9788,38.1104],[-109.9655,38.1141],[-109.9564,38.131],[-109.9308,38.1396],[-109.928,38.1492],[-109.9337,38.1591],[-109.9037,38.1794],[-109.8878,38.1839],[-109.8887,38.1892],[-109.9006,38.187],[-109.9052,38.1908],[-109.8901,38.2073],[-109.8972,38.2052],[-109.9063,38.2079],[-109.9201,38.2129],[-109.9213,38.2184],[-109.9209,38.2245],[-109.9159,38.2283],[-109.8902,38.23],[-109.9002,38.2415],[-109.9134,38.2378],[-109.9199,38.242],[-109.9215,38.2481],[-109.9043,38.2554],[-109.9056,38.2664],[-109.9113,38.2691],[-109.9282,38.2588],[-109.9362,38.2613],[-109.9305,38.2804],[-109.9495,38.2892],[-109.9521,38.2984],[-109.948,38.3091],[-109.9655,38.3209],[-109.968,38.3319],[-109.9487,38.3402],[-109.9448,38.353],[-109.9563,38.3414],[-109.9672,38.3392],[-109.9846,38.3502],[-109.9884,38.3586],[-109.9777,38.3763],[-109.9792,38.3865],[-110.0145,38.3632],[-110.0178,38.3689],[-110.0134,38.3774],[-110.0317,38.3834],[-110.0367,38.3904],[-110.0054,38.4146],[-110.0231,38.4407],[-110.0455,38.4495],[-110.0432,38.458],[-110.0342,38.4605],[-110.0219,38.4505],[-110.0128,38.4503],[-110.0043,38.4775],[-110.0169,38.4897],[-110.0035,38.4857],[-109.9978,38.4687],[-110.0081,38.4598],[-110.0104,38.4478],[-110.0187,38.4455],[-110.0375,38.4565],[-110.0414,38.4515],[-110.0262,38.4475],[-110.0013,38.415],[-110.0306,38.389],[-110.0102,38.3793],[-110.0086,38.3699],[-109.9767,38.3924],[-109.9719,38.3894],[-109.9715,38.375],[-109.9808,38.3581],[-109.9753,38.3487],[-109.9645,38.3414],[-109.958,38.344],[-109.9537,38.3558],[-109.9405,38.354],[-109.9448,38.3394],[-109.9629,38.3317],[-109.9632,38.3226],[-109.9447,38.3077],[-109.9483,38.2908],[-109.9274,38.2843],[-109.9334,38.2629],[-109.9262,38.2616],[-109.9097,38.2721],[-109.9001,38.2646],[-109.901,38.2555],[-109.9165,38.2422],[-109.8981,38.243],[-109.8876,38.2287],[-109.9129,38.2269],[-109.919,38.2214],[-109.8995,38.2078],[-109.8872,38.2085],[-109.901,38.1889],[-109.8792,38.1978],[-109.8631,38.2005],[-109.8513,38.2167],[-109.8373,38.2165],[-109.8181,38.2315],[-109.8027,38.2327],[-109.808,38.2398],[-109.8204,38.2316],[-109.8329,38.2309],[-109.8431,38.236],[-109.8434,38.2414],[-109.8341,38.2492],[-109.8126,38.246],[-109.8098,38.2626],[-109.7926,38.2725],[-109.8112,38.2886],[-109.7908,38.2939],[-109.7836,38.305],[-109.7642,38.3066],[-109.7743,38.3227],[-109.7705,38.3421],[-109.7785,38.3474],[-109.7862,38.3648],[-109.7733,38.372],[-109.7649,38.3674],[-109.7604,38.356],[-109.7382,38.359],[-109.7496,38.3835],[-109.7462,38.3995],[-109.7536,38.4063],[-109.7335,38.4183],[-109.7468,38.408],[-109.7412,38.3981],[-109.7459,38.3874],[-109.7399,38.3868],[-109.7451,38.385],[-109.7289,38.3618],[-109.7349,38.3576],[-109.7326,38.3541],[-109.7612,38.353],[-109.7707,38.3671],[-109.7816,38.3627],[-109.7677,38.3449],[-109.7691,38.3226],[-109.7614,38.3046],[-109.783,38.3023],[-109.7857,38.2968],[-109.7805,38.2924],[-109.8043,38.2888],[-109.7894,38.2724],[-109.7941,38.2651],[-109.8079,38.261],[-109.8052,38.2549],[-109.8113,38.2447],[-109.8406,38.2409],[-109.8273,38.2317],[-109.8045,38.2416],[-109.799,38.2326],[-109.8192,38.2291],[-109.8361,38.2129],[-109.8497,38.2143],[-109.8635,38.1981],[-109.8811,38.1944],[-109.8864,38.1819],[-109.9032,38.1772],[-109.928,38.1582],[-109.9263,38.1484],[-109.9283,38.139],[-109.9549,38.1303],[-109.9635,38.1128],[-109.9781,38.1094],[-109.9864,38.0992],[-109.9956,38.0992],[-110.0074,38.1093],[-110.0158,38.1057],[-110.0452,38.0723],[-110.0399,38.0566],[-110.0438,38.0477],[-110.0626,38.0432],[-110.0747,38.0227],[-110.0712,38.0109],[-110.0662,38.0113],[-110.0709,38.0076],[-110.0639,38.0036],[-110.072,38.0034],[-110.0853,37.9897],[-110.1128,38.0072],[-110.1373,38.0035],[-110.1512,37.9836],[-110.1599,37.982],[-110.1631,37.9687],[-110.1729,37.9583],[-110.2033,37.944],[-110.2041,37.9309],[-110.193,37.9119],[-110.2025,37.9059],[-110.2015,37.8949],[-110.2162,37.8915],[-110.2707,37.8961],[-110.2782,37.8819],[-110.2745,37.8687],[-110.2677,37.8649],[-110.2917,37.8662],[-110.3008,37.8883],[-110.3589,37.8919],[-110.3962,37.8832],[-110.3962,37.8663],[-110.4028,37.8601]]],[[[-111.648,40.1893],[-111.6479,40.1725],[-111.6687,40.1714],[-111.6694,40.1656],[-111.6789,40.1624],[-111.7038,40.1622],[-111.7073,40.1532],[-111.7389,40.153],[-111.7396,40.144],[-111.7505,40.1439],[-111.7513,40.1389],[-111.7639,40.1348],[-111.8209,40.1344],[-111.8216,40.1288],[-111.8333,40.1247],[-111.8333,40.1163],[-111.8449,40.1156],[-111.8446,40.0892],[-111.8563,40.0885],[-111.8554,40.0801],[-111.8448,40.0802],[-111.851,40.0621],[-111.856,40.0614],[-111.8558,40.045],[-111.8675,40.0434],[-111.8666,40.035],[-111.8321,40.0275],[-111.8435,39.9991],[-111.8552,39.9985],[-111.8543,39.99],[-111.8434,39.9901],[-111.843,39.9616],[-111.8484,39.9451],[-111.8611,39.9359],[-111.8881,39.9394],[-111.8904,39.9447],[-111.9122,39.9445],[-111.9129,39.9361],[-111.9016,39.9356],[-111.9043,39.9266],[-111.9362,39.9288],[-111.9371,39.9353],[-111.948,39.9357],[-111.9483,39.9533],[-111.9366,39.954],[-111.9374,40.0179],[-111.9331,40.031],[-111.9151,40.0346],[-111.9143,40.0421],[-111.9026,40.0444],[-111.9027,40.0521],[-111.9143,40.0527],[-111.9147,40.07],[-111.9255,40.0706],[-111.9266,40.079],[-111.9384,40.0909],[-111.9387,40.1059],[-111.9492,40.1083],[-111.9507,40.1307],[-111.9138,40.1878],[-111.9046,40.1885],[-111.9046,40.1969],[-111.8929,40.1975],[-111.893,40.206],[-111.8813,40.2064],[-111.8816,40.2331],[-111.8699,40.2338],[-111.8702,40.2549],[-111.8648,40.2636],[-111.8824,40.2955],[-111.8943,40.3048],[-111.8944,40.3134],[-111.9061,40.3208],[-111.9065,40.3313],[-111.9183,40.3371],[-111.9185,40.3489],[-111.9067,40.3506],[-111.9068,40.368],[-111.8245,40.3646],[-111.8236,40.3596],[-111.8046,40.3596],[-111.7999,40.3508],[-111.7654,40.3502],[-111.7653,40.3426],[-111.7535,40.3386],[-111.7529,40.2887],[-111.7412,40.2881],[-111.7403,40.2791],[-111.7293,40.2792],[-111.7177,40.2452],[-111.7174,40.2342],[-111.728,40.2341],[-111.7287,40.2257],[-111.6939,40.2251],[-111.6926,40.2163],[-111.6761,40.2164],[-111.669,40.2075],[-111.6596,40.2075],[-111.648,40.1893]]],[[[-109.4209,40.9151],[-109.4199,40.9086],[-109.4062,40.9066],[-109.3948,40.9],[-109.3733,40.9058],[-109.3661,40.8978],[-109.3555,40.899],[-109.335,40.9139],[-109.3233,40.9086],[-109.314,40.9125],[-109.3035,40.9078],[-109.2931,40.9139],[-109.267,40.912],[-109.2486,40.905],[-109.249,40.8947],[-109.221,40.8879],[-109.1839,40.8992],[-109.1458,40.9021],[-109.1463,40.8897],[-109.1318,40.8757],[-109.148,40.8685],[-109.1261,40.8538],[-109.1282,40.8415],[-109.1048,40.8438],[-109.0897,40.8413],[-109.0806,40.8507],[-109.0642,40.8512],[-109.0394,40.835],[-109.032,40.839],[-109.0349,40.8302],[-109.0132,40.8255],[-108.9875,40.8416],[-108.9475,40.8172],[-108.945,40.8102],[-108.9133,40.8118],[-108.9108,40.8058],[-108.8959,40.8039],[-108.9027,40.7968],[-108.9021,40.7892],[-108.8921,40.7869],[-108.8915,40.7805],[-108.8817,40.784],[-108.8707,40.7797],[-108.889,40.7735],[-108.8806,40.7641],[-108.8799,40.7387],[-108.9019,40.7546],[-108.9154,40.782],[-108.9614,40.8018],[-108.9879,40.8249],[-108.9987,40.8284],[-109.0083,40.8224],[-109.0231,40.8243],[-109.0584,40.8337],[-109.0683,40.8422],[-109.074,40.8381],[-109.0788,40.843],[-109.091,40.8398],[-109.1295,40.8408],[-109.1282,40.8528],[-109.1517,40.869],[-109.1483,40.8803],[-109.1552,40.888],[-109.1469,40.9011],[-109.2241,40.8868],[-109.2501,40.8936],[-109.2516,40.9038],[-109.2681,40.9106],[-109.2921,40.9125],[-109.3037,40.9064],[-109.3235,40.9073],[-109.3347,40.9125],[-109.3543,40.8981],[-109.3665,40.8966],[-109.373,40.9044],[-109.392,40.8984],[-109.4215,40.907],[-109.4278,40.9127],[-109.4209,40.9151]]],[[[-111.6816,41.3758],[-111.6809,41.2164],[-111.6911,41.2163],[-111.6918,41.2083],[-111.7037,41.2066],[-111.7036,41.1982],[-111.7148,41.1981],[-111.7159,41.1891],[-111.7392,41.189],[-111.7402,41.198],[-111.7738,41.2],[-111.7807,41.2088],[-111.7983,41.2066],[-111.8034,41.1979],[-111.8176,41.1975],[-111.8217,41.268],[-111.8119,41.2702],[-111.8134,41.3956],[-111.7802,41.3959],[-111.7766,41.3869],[-111.7406,41.3781],[-111.6816,41.3758]]],[[[-108.4881,40.4443],[-108.4901,40.4375],[-108.5155,40.4398],[-108.5252,40.451],[-108.5346,40.4512],[-108.5409,40.462],[-108.5506,40.4606],[-108.5595,40.4722],[-108.5984,40.4502],[-108.6071,40.4504],[-108.6091,40.4458],[-108.6127,40.4448],[-108.6163,40.4465],[-108.6157,40.4525],[-108.6248,40.4522],[-108.6443,40.469],[-108.6601,40.4573],[-108.669,40.4662],[-108.6804,40.465],[-108.7033,40.472],[-108.7071,40.476],[-108.7203,40.4749],[-108.735,40.4813],[-108.7453,40.4917],[-108.7643,40.4811],[-108.7718,40.4893],[-108.7765,40.5019],[-108.7881,40.4972],[-108.8115,40.4946],[-108.8094,40.4836],[-108.812,40.4785],[-108.8176,40.4764],[-108.8242,40.4836],[-108.833,40.4819],[-108.8399,40.4649],[-108.8577,40.4628],[-108.8646,40.466],[-108.8618,40.4711],[-108.8706,40.4708],[-108.8675,40.4772],[-108.8622,40.4769],[-108.8645,40.483],[-108.8587,40.4848],[-108.8736,40.4842],[-108.8723,40.4945],[-108.8894,40.4737],[-108.9018,40.4676],[-108.9118,40.4799],[-108.9066,40.4924],[-108.9189,40.4961],[-108.9186,40.505],[-108.9268,40.509],[-108.9221,40.5156],[-108.9319,40.5174],[-108.9286,40.522],[-108.9178,40.5208],[-108.9184,40.5245],[-108.942,40.5288],[-108.9582,40.5186],[-108.9639,40.5285],[-108.9784,40.5301],[-108.9629,40.5302],[-108.9571,40.5205],[-108.9424,40.5309],[-108.9176,40.5258],[-108.9166,40.5195],[-108.9305,40.5181],[-108.9202,40.5161],[-108.9249,40.5093],[-108.9169,40.5063],[-108.9169,40.4974],[-108.9034,40.4941],[-108.9079,40.4858],[-108.9021,40.4731],[-108.8904,40.4772],[-108.8709,40.4964],[-108.8716,40.4858],[-108.8549,40.485],[-108.8627,40.4816],[-108.8554,40.4799],[-108.8573,40.475],[-108.8672,40.4727],[-108.8441,40.4666],[-108.834,40.4837],[-108.823,40.4846],[-108.8137,40.479],[-108.8158,40.4918],[-108.8116,40.4963],[-108.7769,40.5033],[-108.7714,40.5013],[-108.7668,40.4846],[-108.7448,40.4932],[-108.7189,40.4759],[-108.7079,40.4776],[-108.6795,40.4668],[-108.6677,40.4675],[-108.659,40.4595],[-108.6478,40.4698],[-108.6395,40.4699],[-108.623,40.4535],[-108.6144,40.4549],[-108.6123,40.4464],[-108.6084,40.4522],[-108.5991,40.4515],[-108.5769,40.4682],[-108.5593,40.4736],[-108.5493,40.4615],[-108.5414,40.4635],[-108.5301,40.4539],[-108.4881,40.4443]]],[[[-111.0364,42.2629],[-111.0363,42.2002],[-111.0969,42.2001],[-111.097,42.2632],[-111.0364,42.2629]]],[[[-112.9657,42.7006],[-112.965,42.6786],[-112.9764,42.6784],[-112.977,42.6694],[-112.9891,42.6686],[-112.9884,42.645],[-113.024,42.6416],[-113.0246,42.6341],[-113.0307,42.6325],[-113.0602,42.6319],[-113.0608,42.6236],[-113.0722,42.6227],[-113.0728,42.616],[-113.1206,42.6128],[-113.1212,42.6053],[-113.1264,42.6037],[-113.1577,42.6031],[-113.1588,42.6121],[-113.1945,42.6114],[-113.1948,42.6198],[-113.2064,42.6202],[-113.2067,42.6112],[-113.2189,42.6103],[-113.2206,42.593],[-113.2296,42.5927],[-113.2334,42.5837],[-113.2423,42.5841],[-113.2435,42.5925],[-113.2548,42.5922],[-113.256,42.6012],[-113.2795,42.6008],[-113.2807,42.6097],[-113.3285,42.6088],[-113.3289,42.6172],[-113.3411,42.6175],[-113.3422,42.6265],[-113.3658,42.626],[-113.3673,42.644],[-113.4753,42.6417],[-113.4758,42.6327],[-113.4996,42.6369],[-113.5016,42.6676],[-113.5138,42.6679],[-113.513,42.6859],[-113.491,42.6864],[-113.4905,42.6954],[-113.4303,42.6967],[-113.4241,42.7058],[-113.35,42.7074],[-113.3444,42.706],[-113.3433,42.6985],[-113.3196,42.6954],[-113.3182,42.681],[-113.3068,42.6812],[-113.3059,42.6549],[-113.2815,42.6547],[-113.2812,42.6464],[-113.269,42.646],[-113.2678,42.637],[-113.2329,42.6377],[-113.2324,42.6467],[-113.2089,42.6472],[-113.2083,42.6552],[-113.1894,42.6565],[-113.1717,42.6569],[-113.1705,42.6479],[-113.147,42.6483],[-113.1459,42.6394],[-113.111,42.64],[-113.1111,42.667],[-113.0745,42.6677],[-113.0733,42.6587],[-113.0507,42.6591],[-113.0501,42.6681],[-113.0379,42.669],[-113.0382,42.6773],[-113.0269,42.6776],[-113.0263,42.6866],[-113.0141,42.6874],[-113.0144,42.6958],[-112.9909,42.6962],[-112.9902,42.7036],[-112.9845,42.7053],[-112.9677,42.7056],[-112.9657,42.7006]]],[[[-111.8912,40.9568],[-111.8907,40.9177],[-111.9025,40.917],[-111.9017,40.8546],[-111.9135,40.8538],[-111.9134,40.8398],[-111.9718,40.8359],[-111.9725,40.8269],[-112.0784,40.826],[-112.079,40.817],[-112.0909,40.8162],[-112.0906,40.7989],[-112.1143,40.798],[-112.1139,40.7761],[-112.1368,40.7714],[-112.1374,40.7637],[-112.1492,40.7617],[-112.1501,40.7533],[-112.1601,40.7531],[-112.1608,40.746],[-112.1718,40.744],[-112.1727,40.7387],[-112.1942,40.7258],[-112.2071,40.7256],[-112.2112,40.7166],[-112.2305,40.7164],[-112.2312,40.7074],[-112.2422,40.7072],[-112.2428,40.6982],[-112.2539,40.6981],[-112.2545,40.6896],[-112.2655,40.689],[-112.2703,40.6801],[-112.3009,40.6796],[-112.3015,40.6706],[-112.3126,40.6704],[-112.3131,40.6618],[-112.3242,40.6613],[-112.3266,40.6523],[-112.3476,40.652],[-112.3526,40.6435],[-112.4072,40.6423],[-112.4075,40.6507],[-112.4194,40.6512],[-112.4202,40.6601],[-112.4295,40.66],[-112.4329,40.7314],[-112.4448,40.732],[-112.4457,40.7409],[-112.4568,40.7408],[-112.4572,40.7581],[-112.469,40.7586],[-112.4699,40.7676],[-112.4921,40.7673],[-112.4929,40.7605],[-112.5023,40.7582],[-112.5282,40.7579],[-112.5284,40.7663],[-112.5403,40.7667],[-112.5405,40.7751],[-112.5516,40.7756],[-112.552,40.7619],[-112.56,40.7598],[-112.6229,40.7571],[-112.624,40.7656],[-112.635,40.7654],[-112.6353,40.7739],[-112.6471,40.7742],[-112.6473,40.7826],[-112.6586,40.7831],[-112.6594,40.7915],[-112.6705,40.7931],[-112.6671,40.7964],[-112.675,40.8055],[-112.6833,40.8007],[-112.6835,40.809],[-112.6902,40.8098],[-112.6963,40.8455],[-112.6845,40.8463],[-112.6847,40.8547],[-112.6737,40.8549],[-112.673,40.8633],[-112.6849,40.8638],[-112.686,40.8728],[-112.7089,40.8725],[-112.7096,40.8988],[-112.7214,40.8993],[-112.7219,40.9166],[-112.7302,40.9171],[-112.7345,40.9436],[-112.758,40.9438],[-112.7592,40.9527],[-112.7822,40.9524],[-112.7833,40.9614],[-112.8061,40.961],[-112.8072,40.97],[-112.8302,40.9696],[-112.8305,40.9782],[-112.8423,40.9785],[-112.8426,40.9869],[-112.8536,40.9876],[-112.8552,41.0138],[-112.8672,41.0168],[-112.8679,41.0411],[-112.856,41.0419],[-112.8565,41.0592],[-112.8446,41.0601],[-112.8459,41.1043],[-112.834,41.1053],[-112.836,41.1767],[-112.8241,41.1785],[-112.8252,41.1859],[-112.8362,41.1857],[-112.8367,41.2032],[-112.8606,41.2034],[-112.8608,41.2117],[-112.8728,41.2136],[-112.8738,41.2212],[-112.8968,41.2208],[-112.8973,41.2388],[-112.8854,41.2395],[-112.8857,41.2474],[-112.9003,41.245],[-112.9028,41.2499],[-112.9319,41.2574],[-112.9379,41.2564],[-112.8975,41.2411],[-112.9443,41.238],[-112.9448,41.229],[-112.9739,41.2285],[-112.9926,41.2309],[-112.9935,41.2372],[-113.0343,41.2364],[-113.0525,41.2389],[-113.0536,41.2451],[-113.0885,41.2445],[-113.0896,41.2799],[-113.1016,41.2803],[-113.1008,41.3151],[-113.0908,41.3171],[-113.0913,41.3343],[-113.0802,41.3347],[-113.0797,41.3437],[-113.0686,41.3439],[-113.068,41.3529],[-113.0569,41.3531],[-113.0564,41.3621],[-113.0453,41.3623],[-113.0447,41.3714],[-113.0335,41.3716],[-113.033,41.3806],[-113.0211,41.3817],[-113.0213,41.3893],[-113.0333,41.3897],[-113.0341,41.416],[-113.0461,41.4164],[-113.0467,41.4337],[-113.0586,41.4342],[-113.0592,41.4516],[-113.0712,41.4521],[-113.072,41.4783],[-113.084,41.4788],[-113.0849,41.5052],[-113.0968,41.5056],[-113.0974,41.5229],[-113.1054,41.5234],[-113.1098,41.5336],[-113.1106,41.5587],[-113.1206,41.5591],[-113.1227,41.5644],[-113.1235,41.5861],[-113.1115,41.5869],[-113.112,41.6019],[-113.124,41.6042],[-113.1249,41.6311],[-113.113,41.6319],[-113.1138,41.6582],[-113.0898,41.6593],[-113.0915,41.7116],[-113.0796,41.7135],[-113.0798,41.722],[-112.9965,41.7235],[-112.996,41.7325],[-112.912,41.7339],[-112.9105,41.7159],[-112.8874,41.7163],[-112.8863,41.7073],[-112.8518,41.7079],[-112.8472,41.7169],[-112.7921,41.7178],[-112.7908,41.735],[-112.7565,41.7364],[-112.7558,41.7441],[-112.7327,41.7458],[-112.732,41.7533],[-112.7089,41.7551],[-112.7082,41.7625],[-112.6802,41.7734],[-112.6495,41.7739],[-112.6479,41.7566],[-112.6359,41.7561],[-112.6353,41.7306],[-112.6472,41.7284],[-112.647,41.72],[-112.6821,41.7195],[-112.6828,41.7105],[-112.6948,41.7096],[-112.6948,41.6924],[-112.7064,41.6916],[-112.71,41.6562],[-112.7294,41.6551],[-112.7283,41.6134],[-112.7334,41.6017],[-112.74,41.6011],[-112.7399,41.5926],[-112.7517,41.5918],[-112.7515,41.5834],[-112.7629,41.5832],[-112.7633,41.5742],[-112.7752,41.5734],[-112.7748,41.5566],[-112.7628,41.556],[-112.7616,41.5382],[-112.7504,41.5383],[-112.7493,41.5293],[-112.7381,41.5295],[-112.7376,41.5121],[-112.7256,41.5116],[-112.7251,41.4942],[-112.7131,41.4938],[-112.7127,41.4763],[-112.6888,41.4762],[-112.6885,41.4678],[-112.6765,41.4674],[-112.6755,41.4584],[-112.6643,41.4592],[-112.665,41.4856],[-112.5453,41.4872],[-112.5449,41.4698],[-112.5216,41.4695],[-112.5194,41.4066],[-112.5314,41.4058],[-112.5304,41.3618],[-112.5184,41.3615],[-112.5182,41.3531],[-112.5062,41.3526],[-112.5052,41.3436],[-112.4821,41.3439],[-112.4813,41.3092],[-112.4932,41.3069],[-112.4922,41.2634],[-112.4852,41.2628],[-112.48,41.2513],[-112.4795,41.2274],[-112.4676,41.227],[-112.4665,41.218],[-112.4323,41.2185],[-112.4317,41.2275],[-112.4198,41.2282],[-112.4204,41.2546],[-112.4085,41.2554],[-112.4088,41.2728],[-112.3969,41.2736],[-112.3975,41.2994],[-112.4094,41.2999],[-112.4102,41.3353],[-112.4222,41.3357],[-112.423,41.3447],[-112.4343,41.3455],[-112.4349,41.3715],[-112.423,41.3724],[-112.4233,41.3896],[-112.4122,41.3899],[-112.4116,41.3983],[-112.4354,41.3986],[-112.4359,41.416],[-112.4479,41.4165],[-112.45,41.5133],[-112.415,41.5159],[-112.4141,41.522],[-112.4054,41.525],[-112.3792,41.5254],[-112.3786,41.5344],[-112.3666,41.5351],[-112.3669,41.5511],[-112.3434,41.5528],[-112.3426,41.5354],[-112.3306,41.5349],[-112.3297,41.526],[-112.3073,41.5262],[-112.3014,41.5353],[-112.2278,41.5361],[-112.1987,41.5274],[-112.1983,41.5098],[-112.1986,41.5274],[-112.1819,41.5252],[-112.1678,41.5367],[-112.1516,41.5369],[-112.151,41.5459],[-112.1399,41.546],[-112.1391,41.5535],[-112.1272,41.5558],[-112.128,41.5996],[-112.14,41.6003],[-112.1412,41.6715],[-112.147,41.6767],[-112.2476,41.6746],[-112.2507,41.7427],[-112.1434,41.7441],[-112.1428,41.7596],[-112.1308,41.7629],[-112.1311,41.7766],[-112.116,41.7984],[-112.0842,41.7987],[-112.116,41.7985],[-112.1035,41.8166],[-112.0957,41.8173],[-112.0909,41.8347],[-112.0727,41.8349],[-112.072,41.8439],[-112.06,41.8446],[-112.0603,41.8614],[-112.0723,41.8619],[-112.0726,41.8793],[-112.0847,41.8841],[-112.085,41.8978],[-112.0738,41.8979],[-112.0731,41.9063],[-112.1059,41.9066],[-112.1095,41.924],[-112.1175,41.9268],[-112.1216,41.9374],[-112.1223,41.964],[-112.0862,41.9698],[-112.0861,41.9615],[-112.0767,41.9609],[-112.0728,41.943],[-112.0138,41.9435],[-112.0125,41.8895],[-112.0246,41.8886],[-112.0242,41.863],[-112.0129,41.8624],[-112.0124,41.8805],[-111.9762,41.8814],[-111.9766,41.9072],[-111.9887,41.9077],[-111.9895,41.9611],[-112.0016,41.9616],[-111.9977,42.0047],[-111.7608,42.0038],[-111.7611,41.9455],[-111.7721,41.9447],[-111.7717,41.9094],[-111.7837,41.9082],[-111.7829,41.8378],[-111.775,41.8373],[-111.7586,41.8217],[-111.758,41.7743],[-111.7813,41.7742],[-111.758,41.7743],[-111.7597,41.7615],[-111.7107,41.7656],[-111.7084,41.7747],[-111.6746,41.7749],[-111.6738,41.7836],[-111.6507,41.784],[-111.649,41.7904],[-111.6275,41.7841],[-111.6267,41.7791],[-111.6497,41.7654],[-111.6496,41.759],[-111.6728,41.7569],[-111.6736,41.7503],[-111.6909,41.751],[-111.7132,41.7387],[-111.7448,41.7384],[-111.7593,41.731],[-111.7808,41.7292],[-111.7695,41.7292],[-111.7694,41.7166],[-111.772,41.7022],[-111.7812,41.7015],[-111.7807,41.6571],[-111.7927,41.6564],[-111.7918,41.648],[-111.7806,41.6481],[-111.7862,41.6444],[-111.7805,41.6391],[-111.7916,41.639],[-111.7805,41.6391],[-111.7853,41.6358],[-111.7804,41.6364],[-111.7795,41.6301],[-111.7332,41.6304],[-111.7288,41.6378],[-111.7176,41.6395],[-111.6628,41.638],[-111.6595,41.6308],[-111.6489,41.6309],[-111.6495,41.6129],[-111.6841,41.6134],[-111.6849,41.6217],[-111.7194,41.6215],[-111.7201,41.6125],[-111.7673,41.6122],[-111.7715,41.6098],[-111.768,41.6032],[-111.7912,41.603],[-111.768,41.6031],[-111.7676,41.5677],[-111.7604,41.5672],[-111.7555,41.5457],[-111.755,41.517],[-111.7651,41.5131],[-111.8389,41.5126],[-111.839,41.5209],[-111.8505,41.5243],[-111.8512,41.5388],[-111.8629,41.5433],[-111.8635,41.5658],[-111.8832,41.5669],[-111.8885,41.5753],[-111.9059,41.5756],[-111.9126,41.5841],[-111.9333,41.5872],[-111.9367,41.5929],[-111.9599,41.592],[-111.9595,41.5697],[-111.9956,41.5744],[-111.9959,41.5917],[-112.0044,41.5924],[-112.0048,41.6193],[-111.972,41.6196],[-111.9725,41.6376],[-111.9614,41.6377],[-111.9726,41.6394],[-111.9727,41.6461],[-111.9829,41.6487],[-111.9851,41.6735],[-111.9971,41.6735],[-111.9974,41.6914],[-111.9862,41.6915],[-111.9969,41.6915],[-111.9983,41.7005],[-112.0094,41.7008],[-112.0098,41.7177],[-112.0214,41.7199],[-112.0231,41.7987],[-112.0323,41.7992],[-112.0433,41.8163],[-112.0506,41.819],[-112.0644,41.7989],[-112.0713,41.7983],[-112.0711,41.7899],[-112.0832,41.7898],[-112.0833,41.7981],[-112.083,41.7808],[-112.095,41.78],[-112.0946,41.7544],[-112.1058,41.7535],[-112.1065,41.7452],[-112.0584,41.7449],[-112.0573,41.6819],[-112.0933,41.6809],[-112.0928,41.6461],[-112.0807,41.6457],[-112.0806,41.6372],[-112.0731,41.6367],[-112.068,41.6013],[-112.0611,41.6004],[-112.0554,41.5655],[-112.0493,41.5628],[-112.0428,41.5295],[-112.0385,41.5289],[-112.0305,41.5038],[-112.03,41.476],[-112.042,41.4743],[-112.0452,41.439],[-112.0411,41.4209],[-112.0762,41.4205],[-112.0411,41.4208],[-112.0407,41.3944],[-112.0329,41.3939],[-112.0286,41.3759],[-112.0395,41.3758],[-112.0415,41.3668],[-112.0522,41.3661],[-112.0586,41.3397],[-112.0868,41.3394],[-112.0875,41.3304],[-112.1225,41.33],[-112.1236,41.3211],[-112.1351,41.3202],[-112.1349,41.3085],[-112.1449,41.3028],[-112.1826,41.3024],[-112.1829,41.3198],[-112.194,41.3203],[-112.1943,41.2933],[-112.2055,41.2931],[-112.2061,41.2841],[-112.218,41.2834],[-112.2179,41.275],[-112.2298,41.2743],[-112.2297,41.2659],[-112.2416,41.2651],[-112.2403,41.2477],[-112.2055,41.2481],[-112.2045,41.2391],[-112.1696,41.2392],[-112.1693,41.2311],[-112.1531,41.2306],[-112.1332,41.209],[-112.1327,41.1809],[-112.1445,41.176],[-112.1445,41.1677],[-112.1563,41.167],[-112.1558,41.1411],[-112.1201,41.1409],[-112.1198,41.1235],[-112.1078,41.1219],[-112.1071,41.0786],[-112.0952,41.078],[-112.0943,41.0691],[-112.0832,41.0691],[-112.0821,41.0602],[-112.0593,41.0604],[-112.0582,41.0514],[-112.0353,41.0516],[-112.0343,41.0426],[-112.0005,41.0429],[-111.9755,41.0311],[-111.9746,41.0251],[-111.9635,41.0252],[-111.9634,41.0168],[-111.9515,41.0163],[-111.9513,41.0078],[-111.9395,41.0064],[-111.9385,40.9984],[-111.9274,40.9976],[-111.9271,40.972],[-111.9003,40.9716],[-111.8912,40.9568]],[[-112.1976,41.5094],[-112.195,41.5094],[-112.1752,41.5096],[-112.1976,41.5094]],[[-112.1743,41.5091],[-112.1741,41.4947],[-112.174,41.4922],[-112.1743,41.5091]],[[-112.1732,41.4916],[-112.1617,41.49],[-112.1509,41.4919],[-112.1732,41.4916]],[[-112.1501,41.4913],[-112.1503,41.4885],[-112.1498,41.4745],[-112.1501,41.4913]],[[-112.149,41.4739],[-112.1462,41.4739],[-112.1267,41.4741],[-112.149,41.4739]],[[-112.1258,41.4735],[-112.1256,41.4602],[-112.1255,41.4567],[-112.1258,41.4735]],[[-112.1247,41.4561],[-112.1023,41.4563],[-112.1035,41.4563],[-112.1247,41.4561]],[[-112.1015,41.4557],[-112.1013,41.4387],[-112.1012,41.4387],[-112.1015,41.4557]],[[-112.1009,41.4383],[-112.1008,41.4382],[-112.0781,41.4385],[-112.1009,41.4383]],[[-112.0773,41.4379],[-112.077,41.4223],[-112.077,41.4212],[-112.0773,41.4379]],[[-111.792,41.6036],[-111.7925,41.6384],[-111.7921,41.6051],[-111.792,41.6036]],[[-111.9611,41.6197],[-111.9612,41.6197],[-111.9612,41.6197],[-111.9611,41.6197]],[[-111.9612,41.6197],[-111.962,41.6197],[-111.9615,41.6197],[-111.9612,41.6197]],[[-111.962,41.6197],[-111.9622,41.6197],[-111.9621,41.6197],[-111.962,41.6197]],[[-111.9622,41.6197],[-111.9623,41.6197],[-111.9622,41.6197],[-111.9622,41.6197]],[[-111.9623,41.6197],[-111.9624,41.6197],[-111.9623,41.6197],[-111.9623,41.6197]],[[-111.9624,41.6197],[-111.9626,41.6197],[-111.9624,41.6197],[-111.9624,41.6197]],[[-111.9629,41.6197],[-111.9633,41.6197],[-111.9632,41.6197],[-111.9629,41.6197]],[[-111.9633,41.6197],[-111.9636,41.6197],[-111.9635,41.6197],[-111.9633,41.6197]],[[-111.9636,41.6197],[-111.9641,41.6197],[-111.9638,41.6197],[-111.9636,41.6197]],[[-111.9641,41.6197],[-111.9646,41.6197],[-111.9644,41.6197],[-111.9641,41.6197]],[[-111.9646,41.6197],[-111.9648,41.6197],[-111.9647,41.6197],[-111.9646,41.6197]],[[-111.9649,41.6197],[-111.9651,41.6197],[-111.965,41.6197],[-111.9649,41.6197]],[[-111.9651,41.6197],[-111.9653,41.6197],[-111.9653,41.6197],[-111.9651,41.6197]],[[-111.9653,41.6197],[-111.9658,41.6197],[-111.9658,41.6197],[-111.9653,41.6197]],[[-111.9658,41.6197],[-111.9661,41.6197],[-111.9659,41.6197],[-111.9658,41.6197]],[[-111.9661,41.6197],[-111.9676,41.6197],[-111.9674,41.6197],[-111.9661,41.6197]],[[-111.9676,41.6197],[-111.9684,41.6196],[-111.968,41.6196],[-111.9676,41.6197]],[[-111.9684,41.6196],[-111.9695,41.6196],[-111.9693,41.6196],[-111.9684,41.6196]],[[-111.9695,41.6196],[-111.97,41.6196],[-111.9698,41.6196],[-111.9695,41.6196]],[[-111.97,41.6196],[-111.9702,41.6196],[-111.9702,41.6196],[-111.97,41.6196]],[[-111.9702,41.6196],[-111.9708,41.6196],[-111.9706,41.6196],[-111.9702,41.6196]],[[-111.971,41.6196],[-111.9715,41.6196],[-111.971,41.6196],[-111.971,41.6196]],[[-111.9715,41.6196],[-111.9718,41.6196],[-111.9716,41.6196],[-111.9715,41.6196]],[[-111.7816,41.7298],[-111.7821,41.7735],[-111.7821,41.7734],[-111.7816,41.7298]]],[[[-111.6866,41.7478],[-111.691,41.7479],[-111.6885,41.7483],[-111.6866,41.7478]]],[[[-112.2995,41.8962],[-112.2983,41.8414],[-112.3758,41.8405],[-112.3769,41.8953],[-112.2995,41.8962]]],[[[-112.1672,41.9229],[-112.1602,41.8963],[-112.2029,41.8959],[-112.229,41.9798],[-112.1823,41.9803],[-112.1672,41.9229]]],[[[-111.2418,42.0865],[-111.244,42.0018],[-111.2536,42.0011],[-111.2535,41.9927],[-111.2656,41.9921],[-111.2654,41.945],[-111.2704,41.9297],[-111.2774,41.929],[-111.2772,41.8853],[-111.2807,41.8756],[-111.2892,41.8749],[-111.2934,41.8417],[-111.3123,41.8395],[-111.3163,41.8305],[-111.3252,41.8298],[-111.3251,41.8214],[-111.3371,41.8207],[-111.3371,41.8034],[-111.3491,41.8027],[-111.349,41.7878],[-111.3971,41.7877],[-111.3976,41.8662],[-111.3864,41.8663],[-111.3856,41.8746],[-111.4326,41.8751],[-111.4341,41.9105],[-111.4462,41.9124],[-111.4468,42.0039],[-111.4227,42.0109],[-111.4227,42.0282],[-111.4107,42.0289],[-111.4109,42.0553],[-111.3988,42.056],[-111.3994,42.1538],[-111.4107,42.1544],[-111.4097,42.2624],[-111.2789,42.2629],[-111.2788,42.2365],[-111.2563,42.2359],[-111.2539,42.0924],[-111.2427,42.0918],[-111.2418,42.0865]]],[[[-109.2441,40.4264],[-109.2336,40.4058],[-109.25,40.4069],[-109.263,40.4194],[-109.2693,40.4108],[-109.2689,40.3956],[-109.2746,40.3921],[-109.29,40.4039],[-109.2923,40.4242],[-109.31,40.4328],[-109.3252,40.4332],[-109.3276,40.4275],[-109.3162,40.4104],[-109.3302,40.4016],[-109.3203,40.3831],[-109.3303,40.3765],[-109.3362,40.3599],[-109.3598,40.3416],[-109.3541,40.3339],[-109.3567,40.3291],[-109.3904,40.3178],[-109.3889,40.3129],[-109.3972,40.3116],[-109.4128,40.2935],[-109.4451,40.3006],[-109.4531,40.3071],[-109.4678,40.3046],[-109.4821,40.3137],[-109.4974,40.2969],[-109.5184,40.3013],[-109.5173,40.2917],[-109.5253,40.2828],[-109.5019,40.2853],[-109.4894,40.2721],[-109.4971,40.2541],[-109.5122,40.2436],[-109.5228,40.2419],[-109.535,40.2479],[-109.5462,40.2714],[-109.5453,40.2842],[-109.5902,40.2676],[-109.5879,40.2559],[-109.5661,40.2484],[-109.5775,40.2396],[-109.5944,40.2415],[-109.5796,40.2163],[-109.5794,40.2032],[-109.587,40.1957],[-109.6134,40.1918],[-109.6085,40.1878],[-109.5717,40.1877],[-109.5672,40.1721],[-109.5735,40.1606],[-109.5971,40.1514],[-109.6065,40.118],[-109.6337,40.1093],[-109.6568,40.0876],[-109.661,40.0806],[-109.6564,40.0631],[-109.6837,40.0577],[-109.7113,40.0594],[-109.7339,40.0466],[-109.7322,40.0275],[-109.7411,40.027],[-109.751,40.0104],[-109.7833,40.0047],[-109.787,39.9869],[-109.8056,39.977],[-109.785,39.9701],[-109.786,39.9608],[-109.7983,39.9566],[-109.823,39.9645],[-109.8275,39.9601],[-109.8146,39.9347],[-109.8191,39.9237],[-109.8426,39.9142],[-109.8581,39.9208],[-109.8662,39.9159],[-109.866,39.9018],[-109.848,39.8834],[-109.8538,39.8648],[-109.8853,39.8602],[-109.9024,39.8444],[-109.9167,39.8418],[-109.9022,39.8493],[-109.895,39.8612],[-109.8644,39.8658],[-109.8535,39.8724],[-109.8525,39.8783],[-109.8722,39.9011],[-109.8698,39.9197],[-109.8565,39.9246],[-109.8416,39.9199],[-109.8216,39.9281],[-109.8323,39.9553],[-109.8298,39.9663],[-109.7905,39.9631],[-109.8092,39.9723],[-109.8123,39.9817],[-109.795,39.9867],[-109.7858,40.0098],[-109.7597,40.0115],[-109.7574,40.0306],[-109.746,40.0368],[-109.7411,40.0606],[-109.7236,40.075],[-109.6918,40.0706],[-109.6916,40.0866],[-109.6772,40.0884],[-109.6782,40.1001],[-109.6552,40.1219],[-109.6603,40.131],[-109.6523,40.128],[-109.6351,40.1381],[-109.6175,40.1612],[-109.5868,40.1762],[-109.5876,40.182],[-109.6109,40.1799],[-109.6213,40.1885],[-109.6169,40.2004],[-109.5916,40.2001],[-109.5869,40.2049],[-109.5999,40.2431],[-109.5922,40.2473],[-109.5782,40.2433],[-109.5753,40.2479],[-109.5857,40.2483],[-109.598,40.2593],[-109.5992,40.2669],[-109.5418,40.2884],[-109.5371,40.2819],[-109.5413,40.2723],[-109.5314,40.253],[-109.5153,40.2461],[-109.5024,40.2579],[-109.4971,40.2722],[-109.5028,40.2802],[-109.5324,40.281],[-109.5225,40.2903],[-109.5253,40.3003],[-109.5192,40.3052],[-109.4951,40.3061],[-109.4836,40.3166],[-109.4495,40.3105],[-109.4369,40.3019],[-109.4183,40.3015],[-109.3865,40.3333],[-109.359,40.3321],[-109.3739,40.3528],[-109.3681,40.3589],[-109.3395,40.3634],[-109.3377,40.377],[-109.3264,40.3841],[-109.3354,40.3975],[-109.3293,40.4368],[-109.3091,40.4355],[-109.2916,40.4279],[-109.2857,40.4022],[-109.2742,40.3956],[-109.271,40.4149],[-109.2625,40.4213],[-109.2534,40.4208],[-109.2491,40.4085],[-109.2374,40.4074],[-109.2482,40.4264],[-109.2441,40.4264]]],[[[-108.8923,40.733],[-108.8799,40.7387],[-108.8792,40.7326],[-108.8649,40.7286],[-108.8865,40.7281],[-108.9003,40.696],[-108.902,40.6672],[-108.932,40.6484],[-108.9326,40.6392],[-108.9387,40.6363],[-108.9451,40.6196],[-108.9449,40.6079],[-108.9606,40.594],[-108.9838,40.5909],[-108.9601,40.5548],[-108.9687,40.5433],[-108.9827,40.5404],[-108.9785,40.5268],[-108.9863,40.5189],[-108.9962,40.5185],[-108.9916,40.5335],[-108.9959,40.5403],[-109.0097,40.5443],[-109.0236,40.5341],[-109.0757,40.5384],[-109.0882,40.5326],[-109.0891,40.5258],[-109.0943,40.5191],[-109.116,40.5082],[-109.1323,40.5099],[-109.1505,40.5217],[-109.1498,40.5158],[-109.1353,40.509],[-109.1439,40.5017],[-109.1692,40.4968],[-109.1796,40.4856],[-109.178,40.478],[-109.1845,40.4683],[-109.2682,40.4567],[-109.2517,40.4476],[-109.2441,40.4264],[-109.2527,40.4336],[-109.2547,40.4465],[-109.2709,40.4527],[-109.2703,40.4568],[-109.2653,40.4598],[-109.1857,40.4699],[-109.1806,40.491],[-109.1657,40.5065],[-109.1456,40.5039],[-109.1619,40.5165],[-109.1598,40.5271],[-109.1143,40.5104],[-109.0952,40.5208],[-109.0869,40.5366],[-109.0756,40.5397],[-109.0606,40.5426],[-109.0236,40.5359],[-109.0104,40.5458],[-108.9695,40.5445],[-108.9628,40.5563],[-108.9793,40.5743],[-108.9853,40.5914],[-108.9624,40.5948],[-108.9493,40.6055],[-108.9423,40.6347],[-108.9341,40.6399],[-108.9333,40.6492],[-108.92,40.6619],[-108.9039,40.6676],[-108.905,40.6848],[-108.8918,40.716],[-108.8923,40.733]]],[[[-111.8836,38.6012],[-111.8841,38.5404],[-111.8928,38.5398],[-111.8929,38.5259],[-111.9021,38.5253],[-111.9021,38.5114],[-111.9115,38.5108],[-111.9114,38.4968],[-111.9207,38.4962],[-111.9206,38.4826],[-111.9296,38.482],[-111.9294,38.468],[-111.9387,38.4674],[-111.9385,38.4535],[-111.9476,38.4528],[-111.9477,38.439],[-111.9567,38.4383],[-111.9566,38.4244],[-111.9746,38.4239],[-111.9719,38.3656],[-111.9903,38.3649],[-111.9895,38.3053],[-112.0071,38.3053],[-112.0077,38.2895],[-112.0246,38.2892],[-112.025,38.2459],[-112.119,38.25],[-112.1191,38.297],[-112.1014,38.297],[-112.1007,38.3115],[-112.0832,38.3115],[-112.0824,38.3233],[-112.1007,38.3239],[-112.1007,38.3378],[-112.1099,38.3384],[-112.11,38.3813],[-112.1192,38.3819],[-112.1192,38.3958],[-112.1284,38.3964],[-112.1285,38.4109],[-112.1377,38.4115],[-112.1377,38.4254],[-112.146,38.4261],[-112.1465,38.5025],[-112.1378,38.5032],[-112.1382,38.5176],[-112.1199,38.518],[-112.1197,38.5764],[-112.1083,38.5772],[-112.1086,38.62],[-112.0993,38.6207],[-112.0996,38.6348],[-112.0905,38.6355],[-112.0906,38.664],[-112.0729,38.6642],[-112.0723,38.6787],[-112.0355,38.6789],[-112.0348,38.6934],[-112.0161,38.6941],[-112.0161,38.7081],[-111.9803,38.708],[-111.9795,38.7154],[-111.9388,38.7173],[-111.9387,38.6729],[-111.9215,38.6721],[-111.9211,38.6542],[-111.9304,38.6534],[-111.9303,38.6437],[-111.9201,38.6433],[-111.9192,38.6292],[-111.9026,38.6303],[-111.9014,38.6015],[-111.8836,38.6012]]],[[[-112.8032,38.6096],[-112.8052,38.5432],[-112.8015,38.5417],[-112.7971,38.3668],[-113.0374,38.3625],[-113.0442,38.6056],[-112.8032,38.6096]]],[[[-109.5253,38.7332],[-109.5197,38.7375],[-109.4968,38.7348],[-109.5224,38.7202],[-109.5253,38.7332]]],[[[-110.1683,38.7467],[-110.1483,38.7465],[-110.1466,38.7587],[-110.133,38.76],[-110.1047,38.7761],[-110.1225,38.7913],[-110.1072,38.8006],[-110.111,38.8157],[-110.1257,38.8206],[-110.1278,38.8251],[-110.1219,38.8299],[-110.1471,38.8396],[-110.1388,38.867],[-110.1528,38.8615],[-110.1629,38.8626],[-110.1615,38.8917],[-110.1821,38.9054],[-110.1739,38.9276],[-110.1374,38.9265],[-110.1408,38.9425],[-110.1523,38.9482],[-110.1541,38.9525],[-110.1397,38.9616],[-110.1605,38.9873],[-110.1512,38.9827],[-110.1515,38.9882],[-110.1396,39.0012],[-110.1398,39.0064],[-110.1552,39.0139],[-110.1418,39.0241],[-110.158,39.0356],[-110.141,39.0586],[-110.141,39.0699],[-110.1476,39.0764],[-110.1418,39.0819],[-110.1442,39.0875],[-110.1193,39.0956],[-110.1103,39.1139],[-110.1176,39.1199],[-110.113,39.1258],[-110.1082,39.1132],[-110.1113,39.1015],[-110.1316,39.0862],[-110.1416,39.0858],[-110.1383,39.0794],[-110.1428,39.0754],[-110.135,39.0604],[-110.1478,39.0379],[-110.1383,39.0231],[-110.1528,39.0153],[-110.1371,39.0069],[-110.1392,38.9964],[-110.149,38.9865],[-110.1428,38.9798],[-110.1489,38.9769],[-110.1354,38.9612],[-110.1512,38.9501],[-110.1397,38.9453],[-110.128,38.9285],[-110.1397,38.9232],[-110.1697,38.9252],[-110.1756,38.9222],[-110.1776,38.9084],[-110.1587,38.8935],[-110.161,38.864],[-110.1373,38.8691],[-110.1319,38.8615],[-110.1439,38.8425],[-110.1192,38.8321],[-110.1228,38.8211],[-110.1113,38.8193],[-110.1052,38.8116],[-110.1034,38.8011],[-110.1187,38.79],[-110.0826,38.7663],[-110.0784,38.7574],[-110.087,38.7491],[-110.0999,38.7474],[-110.1112,38.7301],[-110.1025,38.7159],[-110.0826,38.712],[-110.0984,38.6926],[-110.0852,38.68],[-110.0928,38.6681],[-110.0718,38.6747],[-110.0672,38.6681],[-110.0717,38.6592],[-110.0661,38.6594],[-110.0648,38.665],[-110.0558,38.6622],[-110.0541,38.6473],[-110.0472,38.6596],[-110.0356,38.6583],[-110.0356,38.6505],[-110.0476,38.6346],[-110.0409,38.6171],[-110.0481,38.6145],[-110.0636,38.6181],[-110.0665,38.6127],[-110.0513,38.6071],[-110.0247,38.6115],[-110.0176,38.6245],[-109.9991,38.6216],[-109.994,38.6065],[-109.9982,38.5895],[-110.0144,38.5864],[-110.0329,38.6033],[-110.057,38.5817],[-110.0363,38.5731],[-110.0234,38.578],[-110.0135,38.563],[-109.995,38.5699],[-109.984,38.5642],[-110.0027,38.5425],[-109.9894,38.5287],[-109.9922,38.5248],[-110.0096,38.5225],[-110.0151,38.5128],[-110.0357,38.5165],[-110.0435,38.513],[-110.0095,38.4897],[-110.0448,38.5067],[-110.0464,38.5144],[-110.038,38.5197],[-110.0205,38.5147],[-110.0129,38.5264],[-109.999,38.5267],[-110.0066,38.5432],[-109.9907,38.5647],[-110.0152,38.5605],[-110.025,38.5754],[-110.043,38.5668],[-110.0436,38.5749],[-110.0572,38.5777],[-110.0597,38.5842],[-110.0325,38.6056],[-110.0236,38.6025],[-110.0157,38.5898],[-110.002,38.59],[-109.9972,38.5975],[-110,38.6137],[-110.0124,38.6224],[-110.0243,38.6081],[-110.0542,38.604],[-110.0661,38.6079],[-110.0702,38.6148],[-110.0668,38.6201],[-110.0436,38.6189],[-110.0507,38.6345],[-110.0386,38.6558],[-110.0437,38.6579],[-110.0484,38.6469],[-110.0605,38.6435],[-110.0579,38.6594],[-110.0736,38.657],[-110.0721,38.6715],[-110.0952,38.6656],[-110.0883,38.678],[-110.102,38.6937],[-110.0884,38.7059],[-110.0899,38.7126],[-110.1261,38.706],[-110.1224,38.7126],[-110.109,38.7152],[-110.1147,38.731],[-110.1024,38.7485],[-110.0838,38.7539],[-110.0903,38.7678],[-110.1038,38.7754],[-110.1206,38.7622],[-110.1443,38.7571],[-110.1462,38.745],[-110.1683,38.7467]]],[[[-111.6659,38.5856],[-111.6659,38.5766],[-111.6888,38.5764],[-111.6891,38.6035],[-111.6776,38.6035],[-111.6777,38.6125],[-111.6547,38.6127],[-111.6545,38.5856],[-111.6659,38.5856]]],[[[-111.6434,38.6308],[-111.6433,38.6218],[-111.6663,38.6216],[-111.6664,38.6396],[-111.6779,38.6396],[-111.6782,38.6666],[-111.6897,38.6666],[-111.6899,38.6936],[-111.6669,38.6937],[-111.6668,38.6757],[-111.6553,38.6758],[-111.655,38.6487],[-111.6435,38.6488],[-111.6434,38.6308]]],[[[-111.5062,38.7216],[-111.5061,38.7125],[-111.5291,38.7124],[-111.5293,38.7395],[-111.4948,38.7396],[-111.4947,38.7306],[-111.5062,38.7306],[-111.5062,38.7216]]],[[[-109.0512,39.1195],[-109.051,39.1157],[-109.0732,39.1164],[-109.0851,39.0836],[-109.1006,39.0798],[-109.1026,39.0657],[-109.1285,39.0555],[-109.1322,39.0448],[-109.1252,39.0393],[-109.1236,39.0296],[-109.13,39.0246],[-109.1438,39.0199],[-109.1466,39.0129],[-109.1353,39.0048],[-109.1463,38.9937],[-109.1639,38.9939],[-109.1616,38.9832],[-109.178,38.9807],[-109.1832,38.9707],[-109.1887,38.9648],[-109.2021,38.9576],[-109.2111,38.9594],[-109.2301,38.9722],[-109.2412,38.9719],[-109.2364,38.9554],[-109.2237,38.9418],[-109.2262,38.9319],[-109.2453,38.9211],[-109.2474,38.9143],[-109.2245,38.9074],[-109.235,38.8965],[-109.256,38.8908],[-109.259,38.8802],[-109.2816,38.8543],[-109.2779,38.8467],[-109.2839,38.8304],[-109.281,38.822],[-109.274,38.8212],[-109.2703,38.8165],[-109.2778,38.8208],[-109.2865,38.8112],[-109.3129,38.8095],[-109.3107,38.7994],[-109.3228,38.7946],[-109.3299,38.7955],[-109.3357,38.8032],[-109.3391,38.802],[-109.3309,38.7789],[-109.3203,38.7676],[-109.323,38.7601],[-109.366,38.7324],[-109.3722,38.7214],[-109.3782,38.7222],[-109.3743,38.7188],[-109.3894,38.7149],[-109.3944,38.7024],[-109.4029,38.7019],[-109.4216,38.685],[-109.4487,38.6785],[-109.4498,38.683],[-109.4663,38.6842],[-109.4975,38.6709],[-109.5047,38.6473],[-109.4791,38.6515],[-109.4765,38.641],[-109.4858,38.6327],[-109.5203,38.6197],[-109.5391,38.6052],[-109.5552,38.6129],[-109.5605,38.6022],[-109.5771,38.6018],[-109.5674,38.5889],[-109.5705,38.5786],[-109.5523,38.5724],[-109.5478,38.5632],[-109.5585,38.571],[-109.5767,38.5719],[-109.5819,38.5573],[-109.6014,38.5335],[-109.5941,38.529],[-109.6142,38.5281],[-109.628,38.5326],[-109.6343,38.5428],[-109.6393,38.577],[-109.6513,38.5718],[-109.6543,38.5625],[-109.643,38.5509],[-109.6526,38.53],[-109.6445,38.5159],[-109.657,38.5061],[-109.6492,38.4971],[-109.6524,38.4796],[-109.648,38.4777],[-109.6683,38.4629],[-109.6705,38.4471],[-109.6661,38.4461],[-109.6711,38.4385],[-109.678,38.4349],[-109.6947,38.4387],[-109.707,38.4317],[-109.7139,38.4532],[-109.73,38.4513],[-109.7374,38.4437],[-109.7482,38.4405],[-109.753,38.4449],[-109.7533,38.4566],[-109.7591,38.4574],[-109.7617,38.4461],[-109.7306,38.4309],[-109.7278,38.4238],[-109.7392,38.4183],[-109.7352,38.4258],[-109.7701,38.4493],[-109.7642,38.4616],[-109.7485,38.4616],[-109.7482,38.4434],[-109.7313,38.4532],[-109.7168,38.4564],[-109.7095,38.4536],[-109.7062,38.4411],[-109.6779,38.44],[-109.6726,38.4661],[-109.6572,38.4772],[-109.6513,38.4939],[-109.6612,38.5065],[-109.6533,38.5158],[-109.6596,38.5331],[-109.6477,38.549],[-109.6581,38.5603],[-109.6565,38.5711],[-109.6626,38.5712],[-109.642,38.5828],[-109.6321,38.5729],[-109.6258,38.5738],[-109.632,38.5702],[-109.6245,38.5656],[-109.6311,38.5656],[-109.6304,38.5405],[-109.6111,38.5309],[-109.5808,38.5703],[-109.5964,38.5933],[-109.5907,38.6027],[-109.582,38.609],[-109.5636,38.6034],[-109.5547,38.6156],[-109.5389,38.6104],[-109.5189,38.6233],[-109.48,38.6399],[-109.4783,38.6451],[-109.4841,38.6487],[-109.5004,38.6431],[-109.5063,38.6461],[-109.5019,38.678],[-109.4967,38.6743],[-109.4799,38.6838],[-109.4602,38.6865],[-109.4436,38.6814],[-109.4228,38.6865],[-109.4161,38.6979],[-109.3957,38.7053],[-109.3898,38.7177],[-109.3236,38.7625],[-109.342,38.8025],[-109.3339,38.8072],[-109.3289,38.7974],[-109.3226,38.7965],[-109.314,38.8001],[-109.3153,38.8109],[-109.2849,38.8197],[-109.2881,38.8353],[-109.2823,38.8459],[-109.2947,38.8641],[-109.2797,38.8667],[-109.2743,38.8757],[-109.2675,38.8741],[-109.2569,38.8932],[-109.2327,38.9042],[-109.2542,38.9167],[-109.2496,38.9259],[-109.2351,38.9288],[-109.2279,38.9379],[-109.2457,38.9457],[-109.2513,38.9656],[-109.2558,38.964],[-109.2502,38.9759],[-109.234,38.9823],[-109.2089,38.9608],[-109.2002,38.96],[-109.1891,38.9659],[-109.1775,38.9822],[-109.1627,38.9834],[-109.1647,38.9945],[-109.1468,38.9943],[-109.1367,39.0043],[-109.1487,39.0119],[-109.1448,39.0222],[-109.1248,39.0304],[-109.1343,39.0451],[-109.1252,39.0668],[-109.1278,39.0818],[-109.1049,39.0899],[-109.1016,39.1097],[-109.0957,39.1008],[-109.0873,39.1049],[-109.0747,39.1281],[-109.0512,39.1195]]],[[[-111.1584,39.1198],[-111.1515,39.1198],[-111.1514,39.059],[-111.1891,39.0589],[-111.1892,39.0847],[-111.2253,39.0853],[-111.2254,39.1197],[-111.1584,39.1198]]],[[[-109.9162,39.8418],[-109.8822,39.8381],[-109.869,39.8296],[-109.8721,39.8134],[-109.8892,39.8028],[-109.8721,39.7943],[-109.8708,39.7889],[-109.8768,39.7827],[-109.8955,39.7878],[-109.9104,39.7824],[-109.9194,39.7851],[-109.9254,39.7959],[-109.9187,39.7768],[-109.9276,39.7528],[-109.9231,39.7486],[-109.9315,39.7463],[-109.9438,39.7492],[-109.9459,39.7384],[-109.9527,39.7335],[-109.9467,39.7233],[-109.9497,39.7186],[-109.962,39.723],[-109.9654,39.7405],[-109.9919,39.7371],[-109.9691,39.7094],[-109.9731,39.7045],[-109.9919,39.7022],[-109.994,39.6923],[-110.0042,39.6869],[-109.9831,39.681],[-109.9834,39.664],[-109.994,39.6467],[-110.0094,39.6455],[-110.01,39.6377],[-109.9982,39.6312],[-109.9963,39.6256],[-110.0092,39.6244],[-110.0113,39.6163],[-110.0275,39.5997],[-110.0175,39.585],[-110.0372,39.5667],[-110.0277,39.5545],[-110.0264,39.5474],[-110.0305,39.5375],[-110.046,39.5331],[-110.0237,39.5235],[-110.0227,39.5041],[-110.0119,39.4898],[-110.0236,39.477],[-110.0184,39.4692],[-110.022,39.4633],[-110.0141,39.4549],[-110.023,39.4409],[-110.0196,39.4355],[-110.0222,39.4237],[-110.0121,39.4201],[-110.0081,39.4106],[-110.0188,39.3956],[-110.0147,39.3795],[-110.0246,39.376],[-110.0171,39.3619],[-110.0233,39.3499],[-110.0328,39.3487],[-110.0334,39.3388],[-110.0469,39.3257],[-110.0579,39.3282],[-110.055,39.3183],[-110.0602,39.3099],[-110.051,39.3071],[-110.0479,39.3018],[-110.0701,39.2906],[-110.0762,39.2763],[-110.0584,39.2638],[-110.0622,39.2499],[-110.0526,39.2286],[-110.061,39.2224],[-110.0755,39.2271],[-110.0725,39.201],[-110.0786,39.1921],[-110.0914,39.192],[-110.1019,39.1841],[-110.0978,39.1658],[-110.1153,39.1536],[-110.1012,39.1429],[-110.0981,39.1359],[-110.1148,39.1258],[-110.1006,39.1372],[-110.1178,39.1523],[-110.1139,39.161],[-110.0998,39.1682],[-110.1121,39.1843],[-110.106,39.1814],[-110.0988,39.1912],[-110.0796,39.1945],[-110.0733,39.2062],[-110.0795,39.2195],[-110.0767,39.2287],[-110.0635,39.2243],[-110.0548,39.2303],[-110.0642,39.2499],[-110.0619,39.265],[-110.0786,39.2759],[-110.0714,39.2924],[-110.0515,39.3016],[-110.0632,39.3081],[-110.0572,39.3192],[-110.0596,39.33],[-110.0481,39.3276],[-110.0334,39.3506],[-110.0224,39.3542],[-110.0269,39.3769],[-110.0179,39.384],[-110.0223,39.394],[-110.0114,39.4135],[-110.0248,39.4233],[-110.0246,39.4457],[-110.0169,39.4552],[-110.0253,39.4628],[-110.0256,39.4775],[-110.0158,39.4911],[-110.0247,39.5034],[-110.0272,39.5228],[-110.0398,39.5244],[-110.0492,39.5332],[-110.0308,39.5403],[-110.0297,39.5541],[-110.0404,39.5669],[-110.0349,39.5769],[-110.0196,39.5862],[-110.0303,39.6012],[-110.0193,39.6099],[-110.012,39.6256],[-109.9983,39.627],[-110.0127,39.6369],[-110.0123,39.6478],[-109.996,39.6479],[-109.9854,39.6639],[-109.9867,39.6806],[-110.0052,39.6824],[-110.0071,39.6869],[-109.9982,39.6929],[-109.9948,39.7038],[-109.9723,39.7085],[-109.9945,39.7312],[-109.9941,39.738],[-109.9658,39.7436],[-109.9592,39.7374],[-109.9595,39.7249],[-109.9511,39.7217],[-109.9556,39.7312],[-109.9483,39.7498],[-109.9312,39.7499],[-109.9228,39.7744],[-109.9305,39.7974],[-109.9182,39.7993],[-109.913,39.7861],[-109.897,39.7923],[-109.8756,39.7884],[-109.8948,39.8024],[-109.8806,39.8104],[-109.8733,39.8277],[-109.8807,39.8262],[-109.8775,39.8306],[-109.8853,39.8293],[-109.8809,39.833],[-109.8859,39.8348],[-109.9086,39.8347],[-109.9162,39.8418]]]]},"properties":{"name":"2015-2017 State of Utah Lidar Acquisition","otId":"OTSDEM.092018.6341.1","short":"UT16_UGS","doi":"https://doi.org/10.5069/G9RV0KSQ","created":"2019-05-06","temporal":"2015-10-15 / 2016-11-19","keywords":"utah, idaho, minidoka, bear lake, bear river, cache valley"}},{"type":"Feature","geometry":{"type":"MultiPolygon","coordinates":[[[[63.6189,25.9042],[63.6187,25.8816],[63.469,25.8821],[63.4704,26.2208],[63.6205,26.2202],[63.6189,25.9042]]],[[[64.8701,26.1191],[64.8697,26.0965],[64.7198,26.0984],[64.7201,26.1209],[64.6951,26.1212],[64.6961,26.1889],[64.6711,26.1892],[64.6689,26.0313],[64.519,26.0329],[64.5207,26.1683],[64.4957,26.1686],[64.496,26.1912],[64.421,26.1919],[64.4188,26.0114],[64.3689,26.0119],[64.3686,25.9893],[64.3436,25.9895],[64.3434,25.967],[64.0188,25.9696],[64.018,25.8793],[63.7685,25.8809],[63.7707,26.2195],[63.8708,26.2189],[63.8709,26.2415],[63.971,26.2408],[63.9731,26.4891],[64.1487,26.4878],[64.1485,26.4652],[64.2738,26.4642],[64.2771,26.7575],[64.5285,26.755],[64.5264,26.5971],[64.677,26.5954],[64.6756,26.5051],[64.7007,26.5048],[64.703,26.6628],[64.7784,26.6619],[64.7787,26.6844],[64.8541,26.6835],[64.8508,26.4804],[64.9009,26.4797],[64.9013,26.5023],[65.0016,26.5009],[65.0055,26.7265],[64.9804,26.7269],[64.9824,26.8397],[64.9572,26.84],[64.9604,27.0205],[65.3885,27.0139],[65.3889,27.0364],[65.4141,27.036],[65.4151,27.0811],[65.3899,27.0815],[65.3962,27.3747],[65.5225,27.3725],[65.5286,27.643],[65.5033,27.6435],[65.5069,27.8013],[65.5576,27.8004],[65.5582,27.8229],[65.685,27.8205],[65.6844,27.798],[65.7098,27.7975],[65.7009,27.4368],[65.6756,27.4373],[65.6751,27.4147],[65.7004,27.4142],[65.6982,27.324],[65.6477,27.325],[65.6472,27.3025],[65.6976,27.3015],[65.6906,27.0084],[65.6654,27.0089],[65.6644,26.9638],[65.614,26.9647],[65.613,26.9196],[65.5627,26.9206],[65.5586,26.7402],[65.5084,26.7411],[65.5035,26.5156],[65.4032,26.5173],[65.4036,26.5398],[65.3786,26.5403],[65.3744,26.3373],[65.1741,26.3404],[65.1746,26.363],[65.0243,26.3652],[65.0235,26.3201],[64.8483,26.3225],[64.8469,26.2322],[64.8719,26.2319],[64.8701,26.1191]],[[64.6994,26.4146],[64.6987,26.3695],[64.7238,26.3692],[64.7244,26.4143],[64.6994,26.4146]]]]},"properties":{"name":"2013 Baluchistan, Pakistan Post-Earthquake Stereogrammetric DEMs","otId":"OTSDEM.112018.32641.2","short":"PostPak13_Barn","doi":"https://doi.org/10.5069/G9125QRC","created":"2018-12-17","temporal":"2013-09-28 / 2018-06-14","keywords":"Balochistan earthquake 2013, Hoshab Fault, Pakistan, dem, QuickBird, GEOEYE"}},{"type":"Feature","geometry":{"type":"MultiPolygon","coordinates":[[[[64.4971,26.4738],[64.4909,25.9876],[64.1541,25.987],[64.1539,25.9651],[63.9958,25.9663],[63.9992,26.3671],[64.1578,26.3659],[64.1577,26.3569],[64.3032,26.3556],[64.3094,26.8958],[64.5026,26.8939],[64.4971,26.4738]]],[[[64.892,27.0266],[64.9859,27.0253],[64.986,27.0324],[65.156,27.0299],[65.1561,27.0366],[65.2961,27.0344],[65.3048,27.4548],[65.4899,27.4516],[65.4929,27.5866],[65.5427,27.5857],[65.5478,27.8038],[65.8533,27.8037],[65.8365,27.1495],[65.6859,27.1524],[65.6817,26.9725],[65.4793,26.9747],[65.4796,26.9869],[65.4145,26.988],[65.4052,26.5469],[65.3349,26.5481],[65.3231,25.9579],[65.1361,25.9608],[65.1431,26.3413],[65.0143,26.3431],[65.0079,25.9703],[64.8748,25.9721],[64.8769,26.1043],[64.8497,26.1046],[64.8477,25.9731],[64.6703,25.9752],[64.6714,26.0565],[64.6523,26.0568],[64.6511,25.9735],[64.498,25.9751],[64.5112,26.9884],[64.6277,26.9871],[64.6279,27.0033],[64.6852,27.0026],[64.6853,27.0104],[64.8323,27.0086],[64.8325,27.0248],[64.892,27.0266]]]]},"properties":{"name":"2013 Baluchistan, Pakistan Pre-Earthquake Stereogrammetric DEMs","otId":"OTSDEM.112018.32641.1","short":"PrePak13_Barn","doi":"https://doi.org/10.5069/G9W9578G","created":"2018-12-10","temporal":"2011-08-27 / 2013-09-24","keywords":"Balochistan earthquake 2013, Hoshab Fault, Pakistan, dem, QuickBird, GEOEYE"}},{"type":"Feature","geometry":{"type":"MultiPolygon","coordinates":[[[[-122.1242,45.5822],[-121.9854,45.6247],[-121.9545,45.6354],[-121.9553,45.6399],[-121.9328,45.6414],[-121.9092,45.6526],[-121.898,45.668],[-121.836,45.6859],[-121.8343,45.692],[-121.727,45.6954],[-121.7067,45.6872],[-121.6966,45.6692],[-121.6991,45.6584],[-121.717,45.6488],[-121.8021,45.6203],[-121.8069,45.6138],[-121.7998,45.6111],[-121.8089,45.5967],[-121.8,45.5915],[-121.8065,45.5684],[-121.8253,45.5624],[-121.8238,45.5576],[-121.8399,45.5458],[-121.865,45.537],[-121.9133,45.549],[-121.9511,45.5471],[-121.9725,45.5526],[-121.9836,45.5481],[-122.0101,45.5507],[-122.0118,45.5465],[-122.032,45.5523],[-122.0563,45.544],[-122.0608,45.5484],[-122.0772,45.5444],[-122.1092,45.5575],[-122.1326,45.5512],[-122.1367,45.5555],[-122.1957,45.5369],[-122.2115,45.5462],[-122.1976,45.5514],[-122.2032,45.5537],[-122.1785,45.5605],[-122.1715,45.5687],[-122.1242,45.5822]]],[[[-121.9321,45.6432],[-121.9334,45.6441],[-121.9334,45.6443],[-121.9321,45.6432]]],[[[-121.9486,45.6405],[-121.9492,45.6413],[-121.9486,45.641],[-121.9486,45.6405]]],[[[-121.9553,45.6399],[-121.9557,45.6402],[-121.9554,45.6407],[-121.9553,45.6399]]],[[[-122.0343,45.61],[-122.0344,45.6108],[-122.0338,45.611],[-122.0343,45.61]]],[[[-121.9096,45.6556],[-121.9103,45.6552],[-121.9092,45.6561],[-121.9096,45.6556]]],[[[-121.9026,45.6645],[-121.9034,45.6659],[-121.9032,45.6657],[-121.9026,45.6645]]]]},"properties":{"name":"Eagle Creek Fire Area in the Columbia River Gorge, Oregon","otId":"OTSDEM.112018.26910.1","short":"OR18_Roering","doi":"https://doi.org/10.5069/G9M043H0","created":"2018-11-09","temporal":"2018-05-03 / 2018-05-06","keywords":"lidar, fire, columbia river gorge, oregon, eagle creek, airborne"}},{"type":"Feature","geometry":{"type":"Polygon","coordinates":[[[-111.2385,40.17],[-111.2512,40.1695],[-111.2628,40.1778],[-111.2731,40.1702],[-111.2706,40.1786],[-111.2755,40.1811],[-111.2834,40.174],[-111.2887,40.1825],[-111.293,40.1743],[-111.3141,40.1702],[-111.3128,40.1891],[-111.3327,40.1899],[-111.3322,40.1974],[-111.3418,40.199],[-111.3493,40.1851],[-111.3466,40.173],[-111.3574,40.1467],[-111.3528,40.137],[-111.3637,40.0984],[-111.4013,40.0895],[-111.4261,40.0924],[-111.4372,40.0763],[-111.4463,40.0769],[-111.4609,40.0633],[-111.4749,40.0607],[-111.4964,40.0447],[-111.5146,40.0426],[-111.5151,40.032],[-111.5217,40.0269],[-111.5074,40.0135],[-111.4609,40.0406],[-111.4471,40.0402],[-111.4438,40.0477],[-111.421,40.0607],[-111.4069,40.0575],[-111.3989,40.0633],[-111.3855,40.0581],[-111.3653,40.0686],[-111.341,40.0713],[-111.3325,40.0655],[-111.3171,40.0778],[-111.3177,40.0879],[-111.2952,40.116],[-111.2795,40.1476],[-111.2709,40.1515],[-111.2387,40.1473],[-111.2426,40.1595],[-111.2385,40.17]]]},"properties":{"name":"Mapping of Diamond Fork River, UT 2017","otId":"OTSDEM.062018.26912.2","short":"UT17_Jones","doi":"https://doi.org/10.5069/G94T6G9J","created":"2018-07-02","temporal":"2017-10-03 / 2017-10-06","keywords":"ncalm, utah, mapping, river, lidar"}},{"type":"Feature","geometry":{"type":"MultiPolygon","coordinates":[[[[-116.7813,43.3185],[-116.7988,43.3208],[-116.7974,43.3148],[-116.7997,43.3131],[-116.7996,43.3268],[-116.8164,43.3299],[-116.8161,43.3342],[-116.8449,43.3337],[-116.8453,43.3287],[-116.8551,43.328],[-116.854,43.3189],[-116.8619,43.3191],[-116.8666,43.31],[-116.8652,43.2589],[-116.8666,43.2526],[-116.8768,43.2503],[-116.8768,43.2431],[-116.8665,43.2419],[-116.8669,43.1845],[-116.8487,43.1787],[-116.8484,43.1732],[-116.8311,43.17],[-116.8303,43.1646],[-116.8222,43.1651],[-116.8215,43.1766],[-116.8137,43.1739],[-116.813,43.189],[-116.8124,43.1821],[-116.804,43.1823],[-116.8032,43.1969],[-116.795,43.2042],[-116.7942,43.2349],[-116.7863,43.2297],[-116.7906,43.226],[-116.7597,43.2248],[-116.759,43.2291],[-116.7451,43.2314],[-116.7512,43.2343],[-116.7489,43.2431],[-116.7093,43.2436],[-116.7011,43.2451],[-116.6797,43.2083],[-116.6693,43.2084],[-116.692,43.2444],[-116.6799,43.2511],[-116.6843,43.2663],[-116.6942,43.2713],[-116.7497,43.2702],[-116.755,43.3097],[-116.7685,43.3109],[-116.7658,43.3091],[-116.7656,43.3065],[-116.772,43.3063],[-116.7721,43.3114],[-116.7817,43.3115],[-116.7813,43.3185]],[[-116.7911,43.3155],[-116.7905,43.3083],[-116.7914,43.3086],[-116.7911,43.3155]],[[-116.7815,43.3109],[-116.7818,43.3107],[-116.7816,43.3112],[-116.7815,43.3109]],[[-116.8081,43.3289],[-116.8081,43.3289],[-116.8081,43.329],[-116.8081,43.329],[-116.8081,43.3289]],[[-116.7646,43.2996],[-116.7646,43.2996],[-116.7646,43.2995],[-116.7646,43.2995],[-116.7646,43.2996]],[[-116.7647,43.2995],[-116.7646,43.2995],[-116.7646,43.2995],[-116.7647,43.2995],[-116.7647,43.2995]],[[-116.7646,43.2994],[-116.7646,43.2994],[-116.7646,43.2994],[-116.7646,43.2994],[-116.7646,43.2994]],[[-116.7646,43.2994],[-116.7646,43.2994],[-116.7646,43.2994],[-116.7646,43.2994],[-116.7646,43.2994]],[[-116.7517,43.2924],[-116.7517,43.2923],[-116.7517,43.2923],[-116.7517,43.2924]],[[-116.7517,43.2923],[-116.7516,43.2923],[-116.7516,43.2923],[-116.7517,43.2923]],[[-116.867,43.2857],[-116.867,43.2857],[-116.867,43.2857],[-116.867,43.2857]],[[-116.75,43.2705],[-116.75,43.2704],[-116.75,43.2704],[-116.75,43.2705]],[[-116.7501,43.2704],[-116.7501,43.2704],[-116.7501,43.2705],[-116.7501,43.2705],[-116.7501,43.2704]],[[-116.7504,43.2703],[-116.7502,43.2703],[-116.7503,43.2701],[-116.7504,43.2703]],[[-116.7228,43.2691],[-116.7227,43.2691],[-116.7228,43.2691],[-116.7228,43.2691]],[[-116.8506,43.2685],[-116.8505,43.2685],[-116.8505,43.2684],[-116.8506,43.2684],[-116.8506,43.2685]],[[-116.8506,43.2684],[-116.8506,43.2684],[-116.8506,43.2684],[-116.8506,43.2684]],[[-116.6908,43.2603],[-116.6906,43.2602],[-116.6909,43.2601],[-116.6908,43.2603]],[[-116.7499,43.2453],[-116.7497,43.2451],[-116.7499,43.2451],[-116.7499,43.2453]],[[-116.761,43.2445],[-116.761,43.2442],[-116.7614,43.2439],[-116.761,43.2445]],[[-116.7458,43.2441],[-116.7442,43.244],[-116.7483,43.2438],[-116.7458,43.2441]],[[-116.7457,43.2441],[-116.7457,43.2441],[-116.7457,43.2441],[-116.7457,43.2441],[-116.7457,43.2441]],[[-116.7458,43.2441],[-116.7458,43.2441],[-116.7458,43.2441],[-116.7458,43.2441],[-116.7458,43.2441]],[[-116.7473,43.2443],[-116.7473,43.2443],[-116.7473,43.2443],[-116.7473,43.2443],[-116.7473,43.2443]],[[-116.7443,43.2443],[-116.7442,43.2442],[-116.7443,43.2442],[-116.7443,43.2443]],[[-116.7443,43.2442],[-116.7443,43.2442],[-116.7442,43.2441],[-116.7443,43.2442]],[[-116.7445,43.2442],[-116.7447,43.2442],[-116.7445,43.2443],[-116.7445,43.2442]],[[-116.7442,43.2441],[-116.7442,43.2441],[-116.7442,43.2441],[-116.7442,43.2441],[-116.7442,43.2441]],[[-116.7445,43.244],[-116.7444,43.244],[-116.7444,43.244],[-116.7445,43.244],[-116.7445,43.244]],[[-116.7445,43.2438],[-116.7444,43.2438],[-116.7444,43.2438],[-116.7445,43.2438]],[[-116.7615,43.2438],[-116.7615,43.2439],[-116.7613,43.2439],[-116.7615,43.2438]],[[-116.748,43.2443],[-116.748,43.2443],[-116.748,43.2443],[-116.748,43.2443],[-116.748,43.2443]],[[-116.7459,43.2444],[-116.7459,43.2444],[-116.746,43.2444],[-116.7459,43.2444]],[[-116.745,43.2444],[-116.745,43.2444],[-116.745,43.2443],[-116.745,43.2444]],[[-116.7449,43.2444],[-116.7449,43.2444],[-116.7449,43.2444],[-116.7449,43.2444],[-116.7449,43.2444]],[[-116.7459,43.2444],[-116.746,43.2443],[-116.7459,43.2444],[-116.7459,43.2444]],[[-116.7474,43.2443],[-116.7475,43.2443],[-116.7475,43.2444],[-116.7474,43.2444],[-116.7474,43.2443]],[[-116.7474,43.2444],[-116.7475,43.2444],[-116.7475,43.2444],[-116.7474,43.2444],[-116.7474,43.2444]],[[-116.7451,43.2444],[-116.7451,43.2444],[-116.7451,43.2444],[-116.7451,43.2444],[-116.7451,43.2444]],[[-116.7458,43.2444],[-116.7458,43.2444],[-116.7458,43.2444],[-116.7458,43.2444],[-116.7458,43.2444]],[[-116.7451,43.2444],[-116.7451,43.2444],[-116.7451,43.2444],[-116.7451,43.2444],[-116.7451,43.2444]],[[-116.7478,43.2442],[-116.7478,43.2442],[-116.7478,43.2441],[-116.7478,43.2442]],[[-116.7465,43.244],[-116.7465,43.244],[-116.7465,43.244],[-116.7465,43.244],[-116.7465,43.244]],[[-116.746,43.2441],[-116.746,43.2441],[-116.746,43.2441],[-116.746,43.2441],[-116.746,43.2441]],[[-116.7627,43.2428],[-116.7627,43.2428],[-116.7627,43.2428],[-116.7627,43.2428],[-116.7627,43.2428]],[[-116.8662,43.2379],[-116.8662,43.2379],[-116.8662,43.2379],[-116.8662,43.2379],[-116.8662,43.2379]],[[-116.794,43.2339],[-116.7938,43.2338],[-116.794,43.2338],[-116.794,43.2339]],[[-116.8612,43.2101],[-116.861,43.2099],[-116.8613,43.21],[-116.8612,43.2101]],[[-116.7776,43.2276],[-116.7778,43.2267],[-116.7793,43.227],[-116.7776,43.2276]],[[-116.7778,43.2265],[-116.7776,43.2262],[-116.7785,43.2264],[-116.7778,43.2265]],[[-116.7778,43.2261],[-116.7774,43.2257],[-116.7785,43.226],[-116.7778,43.2261]],[[-116.6889,43.2425],[-116.6889,43.2425],[-116.6889,43.2425],[-116.6889,43.2425],[-116.6889,43.2425]],[[-116.6888,43.2425],[-116.6888,43.2425],[-116.6888,43.2425],[-116.6888,43.2425]],[[-116.7342,43.27],[-116.7342,43.27],[-116.7342,43.27],[-116.7342,43.27],[-116.7342,43.27]],[[-116.7399,43.2705],[-116.7399,43.2705],[-116.7399,43.2705],[-116.7399,43.2705],[-116.7399,43.2705]],[[-116.744,43.2701],[-116.744,43.2701],[-116.744,43.2701],[-116.744,43.2701],[-116.744,43.2701]],[[-116.7482,43.2702],[-116.7482,43.2702],[-116.7482,43.2703],[-116.7482,43.2703],[-116.7482,43.2702]],[[-116.744,43.2703],[-116.744,43.2703],[-116.744,43.2703],[-116.744,43.2703],[-116.744,43.2703]],[[-116.744,43.2703],[-116.744,43.2703],[-116.7439,43.2703],[-116.744,43.2703]],[[-116.7441,43.2704],[-116.7442,43.2704],[-116.7442,43.2705],[-116.7441,43.2705],[-116.7441,43.2704]],[[-116.7441,43.2705],[-116.7442,43.2705],[-116.7441,43.2706],[-116.7441,43.2705]],[[-116.7442,43.2706],[-116.7442,43.2706],[-116.7441,43.2706],[-116.7442,43.2706]],[[-116.744,43.2705],[-116.744,43.2705],[-116.744,43.2705],[-116.744,43.2705],[-116.744,43.2705]],[[-116.7442,43.2706],[-116.7443,43.2707],[-116.7441,43.2707],[-116.7442,43.2706]],[[-116.7441,43.2706],[-116.7441,43.2706],[-116.7441,43.2706],[-116.7441,43.2706],[-116.7441,43.2706]],[[-116.7441,43.2707],[-116.744,43.2707],[-116.744,43.2707],[-116.7441,43.2707],[-116.7441,43.2707]],[[-116.7489,43.2703],[-116.749,43.2703],[-116.749,43.2703],[-116.7489,43.2703],[-116.7489,43.2703]],[[-116.7658,43.309],[-116.7658,43.309],[-116.7658,43.309],[-116.7658,43.309],[-116.7658,43.309]],[[-116.7676,43.3103],[-116.7676,43.3103],[-116.7676,43.3103],[-116.7675,43.3103],[-116.7676,43.3103]],[[-116.7681,43.3095],[-116.7681,43.3095],[-116.7681,43.3094],[-116.7681,43.3094],[-116.7681,43.3095]],[[-116.7807,43.3183],[-116.7807,43.3183],[-116.7807,43.3183],[-116.7807,43.3183],[-116.7807,43.3183]]],[[[-116.8155,43.333],[-116.8155,43.333],[-116.8156,43.333],[-116.8156,43.333],[-116.8155,43.333]]],[[[-116.8156,43.333],[-116.8157,43.333],[-116.8157,43.3329],[-116.8156,43.333]]],[[[-116.8155,43.3329],[-116.8155,43.333],[-116.8156,43.333],[-116.8156,43.3329],[-116.8155,43.3329]]],[[[-116.8161,43.3312],[-116.8161,43.3312],[-116.8162,43.3312],[-116.8162,43.3312],[-116.8161,43.3312]]],[[[-116.8538,43.3262],[-116.8539,43.3262],[-116.8538,43.3262],[-116.8538,43.3262]]],[[[-116.7815,43.3109],[-116.7815,43.3109],[-116.7815,43.3109],[-116.7815,43.3109],[-116.7815,43.3109]]],[[[-116.7815,43.3109],[-116.7815,43.3109],[-116.7815,43.3109],[-116.7815,43.3109],[-116.7815,43.3109]]],[[[-116.7815,43.3109],[-116.7815,43.3109],[-116.7816,43.3109],[-116.7816,43.3109],[-116.7815,43.3109]]],[[[-116.7815,43.3109],[-116.7815,43.3109],[-116.7815,43.3109],[-116.7815,43.3109],[-116.7815,43.3109]]],[[[-116.7816,43.3108],[-116.7816,43.3109],[-116.7816,43.3109],[-116.7816,43.3108],[-116.7816,43.3108]]],[[[-116.7816,43.3108],[-116.7816,43.3108],[-116.7816,43.3108],[-116.7816,43.3108],[-116.7816,43.3108]]],[[[-116.7678,43.3097],[-116.7678,43.3097],[-116.7678,43.3097],[-116.7678,43.3097],[-116.7678,43.3097]]],[[[-116.7675,43.3096],[-116.7675,43.3096],[-116.7676,43.3095],[-116.7675,43.3096]]],[[[-116.7665,43.3093],[-116.7668,43.3093],[-116.7666,43.3091],[-116.7665,43.3093]],[[-116.7665,43.3092],[-116.7665,43.3092],[-116.7665,43.3092],[-116.7665,43.3092],[-116.7665,43.3092]]],[[[-116.7719,43.3088],[-116.7719,43.3088],[-116.7719,43.3088],[-116.7719,43.3088],[-116.7719,43.3088]]],[[[-116.7719,43.3088],[-116.7719,43.3088],[-116.7719,43.3088],[-116.7719,43.3088],[-116.7719,43.3088]]],[[[-116.7528,43.3034],[-116.7528,43.3034],[-116.7528,43.3034],[-116.7528,43.3034],[-116.7528,43.3034]]],[[[-116.7528,43.3033],[-116.7528,43.3033],[-116.7528,43.3033],[-116.7528,43.3033],[-116.7528,43.3033]]],[[[-116.7527,43.3032],[-116.7528,43.3033],[-116.7529,43.3031],[-116.7527,43.3032]]],[[[-116.7529,43.3033],[-116.7529,43.3033],[-116.7529,43.3033],[-116.7529,43.3033],[-116.7529,43.3033]]],[[[-116.753,43.3033],[-116.753,43.3033],[-116.753,43.3033],[-116.753,43.3033],[-116.753,43.3033]]],[[[-116.7529,43.3032],[-116.7529,43.3032],[-116.7529,43.3032],[-116.7529,43.3032],[-116.7529,43.3032]]],[[[-116.8669,43.2856],[-116.8669,43.2856],[-116.8669,43.2856],[-116.8669,43.2856]]],[[[-116.7441,43.271],[-116.7441,43.271],[-116.7441,43.271],[-116.7441,43.271],[-116.7441,43.271]]],[[[-116.74,43.2707],[-116.74,43.2707],[-116.74,43.2707],[-116.74,43.2707],[-116.74,43.2707]]],[[[-116.7442,43.2707],[-116.7442,43.2707],[-116.7442,43.2707],[-116.7442,43.2707]]],[[[-116.7442,43.2706],[-116.7442,43.2707],[-116.7442,43.2707],[-116.7442,43.2706],[-116.7442,43.2706]]],[[[-116.7494,43.2704],[-116.7494,43.2704],[-116.7494,43.2704],[-116.7494,43.2704],[-116.7494,43.2704]]],[[[-116.7422,43.2703],[-116.7422,43.2703],[-116.7422,43.2703],[-116.7422,43.2703],[-116.7422,43.2703]]],[[[-116.7423,43.2703],[-116.7423,43.2703],[-116.7423,43.2703],[-116.7423,43.2703],[-116.7423,43.2703]]],[[[-116.7395,43.2702],[-116.7395,43.2702],[-116.7396,43.2702],[-116.7396,43.2702],[-116.7395,43.2702]]],[[[-116.6817,43.2509],[-116.6817,43.2509],[-116.6817,43.2509],[-116.6817,43.2509],[-116.6817,43.2509]]],[[[-116.6865,43.2477],[-116.6865,43.2477],[-116.6865,43.2477],[-116.6865,43.2477],[-116.6865,43.2477]]],[[[-116.7479,43.2443],[-116.7479,43.2444],[-116.7479,43.2444],[-116.7479,43.2443],[-116.7479,43.2443]]],[[[-116.7479,43.2443],[-116.7479,43.2444],[-116.7479,43.2444],[-116.7479,43.2443],[-116.7479,43.2443]]],[[[-116.7475,43.2443],[-116.7476,43.2443],[-116.7475,43.2443],[-116.7475,43.2443]]],[[[-116.7453,43.2443],[-116.7453,43.2443],[-116.7453,43.2443],[-116.7453,43.2443],[-116.7453,43.2443]]],[[[-116.7476,43.2443],[-116.7476,43.2443],[-116.7477,43.2443],[-116.7477,43.2443],[-116.7476,43.2443]]],[[[-116.7453,43.2442],[-116.7453,43.2442],[-116.7453,43.2442],[-116.7453,43.2442],[-116.7453,43.2442]]],[[[-116.7452,43.2442],[-116.7452,43.2442],[-116.7453,43.2442],[-116.7452,43.2442]]],[[[-116.7452,43.2441],[-116.7452,43.244],[-116.7451,43.2439],[-116.7452,43.2441]],[[-116.7452,43.244],[-116.7451,43.244],[-116.7451,43.244],[-116.7452,43.244],[-116.7452,43.244]]],[[[-116.7458,43.2441],[-116.7458,43.2441],[-116.7458,43.2441],[-116.7458,43.2441],[-116.7458,43.2441]]],[[[-116.7458,43.2441],[-116.7459,43.2441],[-116.7459,43.2441],[-116.7458,43.2441],[-116.7458,43.2441]]],[[[-116.7459,43.244],[-116.746,43.244],[-116.7459,43.2439],[-116.7459,43.244]]],[[[-116.7458,43.244],[-116.7458,43.244],[-116.7459,43.244],[-116.7459,43.244],[-116.7458,43.244]]],[[[-116.7468,43.2439],[-116.7468,43.2439],[-116.7468,43.2439],[-116.7468,43.2439],[-116.7468,43.2439]]],[[[-116.7469,43.2439],[-116.7469,43.2439],[-116.747,43.2439],[-116.7469,43.2439]]],[[[-116.7469,43.2439],[-116.7469,43.2439],[-116.7469,43.2439],[-116.7469,43.2439],[-116.7469,43.2439]]],[[[-116.7449,43.2438],[-116.7449,43.2439],[-116.745,43.2439],[-116.7449,43.2438]]],[[[-116.7447,43.2438],[-116.7447,43.2438],[-116.7447,43.2438],[-116.7447,43.2438]]],[[[-116.7448,43.2438],[-116.7448,43.2438],[-116.7448,43.2438],[-116.7448,43.2438],[-116.7448,43.2438]]],[[[-116.7454,43.2438],[-116.7454,43.2438],[-116.7455,43.2438],[-116.7455,43.2438],[-116.7454,43.2438]]],[[[-116.7447,43.2438],[-116.7447,43.2438],[-116.7447,43.2438],[-116.7447,43.2438],[-116.7447,43.2438]]],[[[-116.7448,43.2438],[-116.7447,43.2438],[-116.7448,43.2438],[-116.7448,43.2438]]],[[[-116.7448,43.2438],[-116.7448,43.2438],[-116.7449,43.2438],[-116.7448,43.2438]]],[[[-116.7615,43.2438],[-116.7615,43.2438],[-116.7615,43.2438],[-116.7615,43.2438],[-116.7615,43.2438]]],[[[-116.8663,43.2379],[-116.8663,43.2379],[-116.8663,43.2379],[-116.8663,43.2379]]]]},"properties":{"name":"Reynolds Creek Critical Zone Observatory 2015 Post-Soda Fire Lidar","otId":"OTSDEM.072018.6340.1","short":"ID15_Lohse","doi":"https://doi.org/10.5069/G9PK0D73","created":"2018-07-23","temporal":"2015-10-16 / 2015-10-21","keywords":"critical zone observatory, czo, owyhee county, soda fire, idaho, lidar"}},{"type":"Feature","geometry":{"type":"MultiPolygon","coordinates":[[[[-155.0883,19.3851],[-155.0887,19.3844],[-155.0886,19.3858],[-155.0883,19.3851]]],[[[-155.0989,19.3931],[-155.1025,19.3899],[-155.0887,19.3809],[-155.1107,19.3836],[-155.1104,19.3918],[-155.0989,19.3931]]],[[[-155.2762,19.4532],[-155.2642,19.4438],[-155.2462,19.455],[-155.2435,19.4493],[-155.2299,19.4569],[-155.2218,19.4456],[-155.2274,19.4409],[-155.2152,19.4469],[-155.2097,19.4437],[-155.2035,19.4233],[-155.2845,19.3765],[-155.3026,19.3814],[-155.3108,19.3978],[-155.2994,19.413],[-155.3,19.431],[-155.287,19.4365],[-155.2914,19.4445],[-155.2762,19.4532]]],[[[-154.8436,19.5302],[-154.8332,19.5222],[-154.832,19.5127],[-154.8183,19.5108],[-154.8202,19.5036],[-154.8146,19.5097],[-154.8055,19.5065],[-154.8038,19.4956],[-154.8137,19.4732],[-154.8298,19.4709],[-154.8256,19.4841],[-154.8463,19.4762],[-154.8616,19.4903],[-154.8932,19.4698],[-154.8741,19.4501],[-154.8634,19.4491],[-154.8699,19.4387],[-154.8852,19.4409],[-154.8879,19.4483],[-154.905,19.4565],[-154.9411,19.435],[-154.9587,19.4335],[-154.9628,19.4432],[-154.9196,19.4638],[-154.9232,19.4753],[-154.8915,19.4977],[-154.8901,19.5081],[-154.8818,19.5136],[-154.8737,19.5095],[-154.8562,19.5213],[-154.8506,19.5178],[-154.8436,19.5302]]]]},"properties":{"name":"Kilauea Volcano, HI July 2018 Acquisition","otId":"OTSDEM.072018.6635.1","short":"HI18_KilaueaJL","doi":"https://doi.org/10.5069/G9M32SV1","created":"2018-07-18","temporal":"2018-07-01 / 2018-07-06","keywords":"usgs, volcano, hawaii, lidar"}},{"type":"Feature","geometry":{"type":"MultiPolygon","coordinates":[[[[-155.2202,19.3849],[-155.2029,19.3753],[-155.2108,19.3573],[-155.2381,19.3441],[-155.2798,19.3374],[-155.2838,19.3521],[-155.2731,19.3574],[-155.2737,19.3655],[-155.2593,19.3749],[-155.2202,19.3849]]],[[[-155.1113,19.3996],[-155.0931,19.4048],[-155.084,19.3943],[-155.0956,19.3785],[-155.0484,19.3129],[-155.0994,19.3774],[-155.1112,19.3712],[-155.1213,19.3784],[-155.1219,19.3949],[-155.1144,19.3979],[-155.1353,19.4263],[-155.1283,19.4241],[-155.1113,19.3996]]],[[[-155.2261,19.4229],[-155.2322,19.4011],[-155.2412,19.4024],[-155.2474,19.3857],[-155.2627,19.3764],[-155.273,19.3839],[-155.2739,19.3912],[-155.2823,19.3912],[-155.2801,19.395],[-155.289,19.3981],[-155.2905,19.4021],[-155.2797,19.4047],[-155.28,19.4098],[-155.2902,19.4061],[-155.3045,19.4103],[-155.2932,19.4406],[-155.2665,19.4532],[-155.2661,19.4468],[-155.2472,19.4474],[-155.2261,19.4229]]],[[[-154.881,19.4861],[-154.8764,19.4806],[-154.8878,19.473],[-154.8919,19.4796],[-154.881,19.4861]]],[[[-154.8895,19.4932],[-154.8882,19.4879],[-154.9045,19.4766],[-154.91,19.4645],[-154.8975,19.463],[-154.8984,19.4538],[-154.9627,19.4287],[-154.9625,19.4361],[-154.9505,19.445],[-154.943,19.4724],[-154.8895,19.4932]]]]},"properties":{"name":"Kilauea Volcano, HI June 2018 Acquisition","otId":"OTSDEM.062018.6635.1","short":"HI18_Kilauea","doi":"https://doi.org/10.5069/G98K7718","created":"2018-07-06","temporal":"2018-06-01 / 2018-06-15","keywords":"usgs, volcano, hawaii, lidar"}},{"type":"Feature","geometry":{"type":"Polygon","coordinates":[[[-117.6168,34.2153],[-117.6079,34.2078],[-117.6081,34.2005],[-117.6162,34.1955],[-117.6621,34.1952],[-117.6684,34.1993],[-117.6687,34.2118],[-117.6621,34.2179],[-117.6678,34.2437],[-117.6563,34.2553],[-117.6626,34.2654],[-117.647,34.2662],[-117.6385,34.2988],[-117.583,34.295],[-117.5805,34.2846],[-117.5861,34.272],[-117.5805,34.2675],[-117.5856,34.2642],[-117.5834,34.2483],[-117.5783,34.2447],[-117.5804,34.2343],[-117.5882,34.2279],[-117.589,34.219],[-117.6168,34.2153]]]},"properties":{"name":"Distribution and Legacy of Large Landslides, San Gabriel Mountains, CA 2017","otId":"OTSDEM.062018.26911.1","short":"CA17_Gentile","doi":"https://doi.org/10.5069/G96T0JK9","created":"2018-06-27","temporal":"2017-10-13","keywords":"ncalm, california, landslides, mountains, lidar"}},{"type":"Feature","geometry":{"type":"Polygon","coordinates":[[[-110.2429,44.5574],[-110.2708,44.558],[-110.2844,44.5643],[-110.2874,44.5612],[-110.2811,44.554],[-110.3008,44.5566],[-110.2909,44.5672],[-110.2986,44.5902],[-110.295,44.603],[-110.2921,44.6072],[-110.2775,44.6063],[-110.2774,44.6133],[-110.2984,44.6139],[-110.3003,44.6199],[-110.3271,44.6302],[-110.348,44.6258],[-110.3466,44.6175],[-110.3602,44.6162],[-110.3612,44.6085],[-110.3505,44.6081],[-110.3573,44.5919],[-110.351,44.5721],[-110.3653,44.5663],[-110.3642,44.5571],[-110.3484,44.5417],[-110.2653,44.5049],[-110.2775,44.5123],[-110.2613,44.5063],[-110.2431,44.5211],[-110.2687,44.5371],[-110.267,44.5419],[-110.2391,44.5415],[-110.2429,44.5574]]]},"properties":{"name":"Mapping of Hydrothermal Explosion Craters in Yellowstone N.P., WY 2017","otId":"OTSDEM.062018.26912.3","short":"WY17_Garcia","doi":"https://doi.org/10.5069/G94T6GDW","created":"2018-06-27","temporal":"2017-10-06 / 2017-10-09","keywords":"ncalm, wyoming, mapping, hydrothermal explosion crater, lidar"}},{"type":"Feature","geometry":{"type":"Polygon","coordinates":[[[-111.6648,35.3107],[-111.7043,35.3139],[-111.7147,35.3052],[-111.712,35.2965],[-111.741,35.2922],[-111.752,35.2956],[-111.7611,35.2881],[-111.7561,35.2545],[-111.7482,35.2534],[-111.7542,35.2472],[-111.7626,35.2481],[-111.7668,35.2431],[-111.7628,35.2348],[-111.7762,35.2286],[-111.7806,35.1283],[-111.7557,35.1261],[-111.7486,35.1364],[-111.7485,35.1755],[-111.7435,35.1787],[-111.7454,35.1903],[-111.74,35.1912],[-111.7404,35.2055],[-111.7344,35.2087],[-111.7416,35.2263],[-111.7373,35.2476],[-111.7475,35.2532],[-111.7306,35.2596],[-111.7144,35.2496],[-111.6966,35.2497],[-111.675,35.2597],[-111.6571,35.2609],[-111.658,35.287],[-111.6483,35.2909],[-111.6487,35.2956],[-111.6544,35.2959],[-111.6648,35.3107]]]},"properties":{"name":"Characterizing Forest Structure Changes and Effects on Snowpack, AZ 2017","otId":"OTSDEM.062018.26912.1","short":"AZ17_Donager","doi":"https://doi.org/10.5069/G90Z716B","created":"2018-06-27","temporal":"2017-10-16","keywords":"ncalm, arizona, forest structure, snowpack accumulation, lidar"}},{"type":"Feature","geometry":{"type":"Polygon","coordinates":[[[-113.3683,31.8907],[-113.3667,31.874],[-113.3553,31.874],[-113.3587,31.8864],[-113.3683,31.8907]]]},"properties":{"name":"Photogrammetric model of the Tecolote Volcano, Sonora, Mexico","otId":"OTSDEM.052018.32612.1","short":"MX18_Scott","doi":"https://doi.org/10.5069/G9028PFR","created":"2018-05-25","temporal":"2018-04-14 / 2018-04-15","keywords":"photogrammetry, volcano, Pinacate, structure from motion, sfm, lidar"}},{"type":"Feature","geometry":{"type":"Polygon","coordinates":[[[-115.9035,33.9228],[-116.2046,33.9143],[-116.2084,33.9006],[-116.1955,33.8945],[-115.926,33.9025],[-115.9207,33.8988],[-115.9141,33.903],[-115.9008,33.9067],[-115.9035,33.9228]],[[-115.9101,33.9032],[-115.9099,33.9029],[-115.9105,33.9028],[-115.9101,33.9032]]]},"properties":{"name":"Slip transfer through the Eastern Transverse Ranges, CA 2017","otId":"OTSDEM.032018.32611.4","short":"CA17_Guns","doi":"https://doi.org/10.5069/G9D21VP1","created":"2018-03-23","temporal":"2017-03-18","keywords":"ncalm, san andreas, faults, slip rate, california, lidar"}},{"type":"Feature","geometry":{"type":"Polygon","coordinates":[[[-116.7243,34.0535],[-116.74,34.0369],[-116.74,34.0193],[-116.7332,34.0218],[-116.6984,34.0072],[-116.6544,33.9977],[-116.6412,33.9891],[-116.6257,33.9896],[-116.5945,33.9796],[-116.5841,33.9999],[-116.5766,33.9983],[-116.576,34.0122],[-116.6565,34.033],[-116.6675,34.037],[-116.6686,34.043],[-116.6817,34.0381],[-116.7243,34.0535]],[[-116.7285,34.0443],[-116.7281,34.0444],[-116.7279,34.0441],[-116.7285,34.0443]],[[-116.7275,34.0441],[-116.7264,34.0432],[-116.7273,34.0433],[-116.7275,34.0441]],[[-116.7306,34.0432],[-116.7313,34.0435],[-116.7304,34.0442],[-116.7306,34.0432]],[[-116.726,34.0431],[-116.7257,34.0431],[-116.7259,34.0429],[-116.726,34.0431]],[[-116.7251,34.0429],[-116.7244,34.0428],[-116.725,34.0423],[-116.7251,34.0429]],[[-116.7372,34.0295],[-116.7371,34.0297],[-116.7372,34.0295],[-116.7372,34.0295]]]},"properties":{"name":"Fault geometry on the Mission Creek-Mill Creek faults, CA 2017","otId":"OTSDEM.032018.32611.3","short":"CA17_Waco","doi":"https://doi.org/10.5069/G9000055","created":"2018-03-16","temporal":"2017-03-18","keywords":"ncalm, san bernardino, faults, california, lidar"}},{"type":"Feature","geometry":{"type":"Polygon","coordinates":[[[-117.2685,34.246],[-117.2756,34.2453],[-117.2757,34.2395],[-117.3171,34.2418],[-117.319,34.2267],[-117.3138,34.2261],[-117.3143,34.2146],[-117.3091,34.2146],[-117.3062,34.2009],[-117.313,34.1973],[-117.3143,34.1884],[-117.2164,34.182],[-117.2187,34.1883],[-117.2145,34.1888],[-117.2003,34.2382],[-117.2685,34.246]],[[-117.2663,34.244],[-117.2663,34.2442],[-117.2658,34.2439],[-117.2663,34.244]],[[-117.2746,34.2424],[-117.2747,34.2422],[-117.2751,34.2424],[-117.2746,34.2424]],[[-117.3161,34.2356],[-117.3159,34.2355],[-117.3159,34.2354],[-117.3161,34.2356]],[[-117.2091,34.2332],[-117.2076,34.2326],[-117.2109,34.2329],[-117.2091,34.2332]],[[-117.2127,34.2328],[-117.2126,34.2332],[-117.212,34.2329],[-117.2127,34.2328]],[[-117.2121,34.2272],[-117.2105,34.2268],[-117.2118,34.2265],[-117.2121,34.2272]],[[-117.2103,34.2111],[-117.2103,34.211],[-117.2103,34.211],[-117.2103,34.2111]],[[-117.2173,34.1955],[-117.2162,34.1949],[-117.2193,34.1951],[-117.2173,34.1955]],[[-117.2213,34.1886],[-117.2189,34.1882],[-117.221,34.1878],[-117.2213,34.1886]],[[-117.2671,34.1841],[-117.267,34.1839],[-117.2672,34.1838],[-117.2671,34.1841]]]},"properties":{"name":"Topographic stress controls, San Bernardino Mountains, CA 2017","otId":"OTSDEM.032018.32611.2","short":"CA17_Lin","doi":"https://doi.org/10.5069/G98G8HSS","created":"2018-03-13","temporal":"2017-03-18","keywords":"ncalm, san bernardino, faults, california, lidar"}},{"type":"Feature","geometry":{"type":"MultiPolygon","coordinates":[[[[-115.9353,33.0434],[-115.9596,33.0477],[-115.9708,33.0552],[-115.9747,33.0522],[-115.9614,33.0435],[-115.8441,33.0153],[-115.7984,32.9967],[-115.6437,32.8774],[-115.6359,32.8792],[-115.6185,32.8649],[-115.6148,32.8681],[-115.7886,33.0061],[-115.838,33.0263],[-115.9392,33.0527],[-115.9353,33.0434]]],[[[-116.5479,33.4782],[-116.58,33.4986],[-116.5837,33.5067],[-116.5801,33.5159],[-116.5846,33.5182],[-116.5886,33.5036],[-116.5787,33.4908],[-116.3441,33.3179],[-116.277,33.2546],[-116.284,33.2526],[-116.2672,33.2418],[-116.2936,33.2528],[-116.296,33.2488],[-116.2616,33.2345],[-116.2018,33.1984],[-116.1351,33.1412],[-116.097,33.1197],[-116.0928,33.122],[-116.0608,33.0958],[-116.0219,33.0396],[-115.9824,33.0099],[-115.8311,32.9495],[-115.8004,32.926],[-115.6684,32.8652],[-115.6672,32.8715],[-115.66,32.873],[-115.7964,32.9387],[-115.7808,32.9373],[-115.7786,32.9414],[-115.8122,32.9538],[-115.8942,33.0067],[-115.8971,33.0036],[-115.8988,33.0184],[-115.9042,33.0173],[-115.8998,32.9976],[-115.8766,32.9796],[-115.9736,33.0193],[-116.0103,33.0463],[-116.0532,33.1072],[-116.1315,33.1615],[-116.1884,33.2166],[-116.2525,33.2444],[-116.3375,33.3297],[-116.4443,33.4049],[-116.4789,33.436],[-116.5442,33.4807],[-116.5479,33.4782]],[[-115.8962,33.0024],[-115.8916,32.9947],[-115.885,32.9903],[-115.8912,32.9945],[-115.8885,32.9973],[-115.8962,33.0024]]],[[[-120.5603,36.0147],[-120.6095,36.0602],[-120.626,36.0708],[-120.6378,36.0668],[-120.6276,36.0529],[-120.5599,35.9933],[-120.5601,36.0012],[-120.5599,35.9933],[-120.3542,35.8161],[-120.3484,35.8006],[-120.3309,35.7882],[-120.3254,35.7658],[-120.3113,35.7475],[-120.062,35.503],[-119.9587,35.3892],[-119.7808,35.218],[-119.7078,35.1525],[-119.5154,35.0035],[-119.3838,34.9178],[-119.3397,34.8952],[-119.1851,34.8455],[-119.1295,34.8465],[-119.019,34.8205],[-118.9279,34.8096],[-118.7479,34.762],[-118.5027,34.6882],[-118.2304,34.5905],[-117.6376,34.3501],[-117.5348,34.3003],[-117.498,34.2802],[-117.5008,34.2779],[-117.4728,34.252],[-117.4246,34.2169],[-117.3806,34.1752],[-117.3279,34.0923],[-117.2766,34.039],[-117.2791,34.0348],[-117.2653,34.0283],[-117.2728,34.0199],[-117.2497,34.0175],[-117.1891,33.9818],[-117.1083,33.9075],[-117.0832,33.8546],[-117.0401,33.8239],[-116.9743,33.7599],[-116.9237,33.7327],[-116.9155,33.7221],[-116.8397,33.6835],[-116.8197,33.6671],[-116.8153,33.6742],[-116.784,33.6564],[-116.6067,33.5445],[-116.5264,33.4837],[-116.4821,33.4674],[-116.4208,33.4276],[-116.3405,33.3879],[-116.2659,33.3357],[-116.172,33.2914],[-116.1152,33.2313],[-116.1107,33.2336],[-116.1291,33.2569],[-116.117,33.2441],[-116.1128,33.2468],[-116.1636,33.3012],[-116.2561,33.3451],[-116.3297,33.3962],[-116.4113,33.4369],[-116.4823,33.482],[-116.5161,33.4929],[-116.5902,33.5483],[-116.5105,33.5109],[-116.4333,33.4878],[-116.3119,33.4292],[-116.3119,33.4395],[-116.4248,33.498],[-116.5039,33.5219],[-116.6499,33.5853],[-116.7938,33.6774],[-116.8599,33.7096],[-116.8816,33.7235],[-116.9115,33.7848],[-116.931,33.8069],[-117.0263,33.8627],[-117.1026,33.92],[-117.1047,33.9308],[-117.1096,33.9264],[-117.1131,33.9376],[-117.1177,33.9335],[-117.1794,33.9904],[-117.2039,34.0041],[-117.1475,33.9941],[-117.1501,33.9886],[-117.1454,33.9865],[-117.1421,33.9935],[-117.0966,33.986],[-117.0983,33.9791],[-117.0921,33.9817],[-117.0531,33.9769],[-117.0739,33.979],[-117.0746,33.9746],[-117.0132,33.96],[-117.0049,33.9514],[-116.9737,33.9436],[-116.9681,33.9352],[-116.8907,33.9242],[-116.8355,33.9179],[-116.8348,33.9216],[-116.7933,33.9168],[-116.7926,33.9209],[-116.755,33.9164],[-116.7545,33.9202],[-116.7172,33.9199],[-116.6147,33.9119],[-116.614,33.9157],[-116.6039,33.9145],[-116.6024,33.9261],[-116.6102,33.9272],[-116.6025,33.9263],[-116.6017,33.9307],[-116.6094,33.9316],[-116.6044,33.9327],[-116.4224,33.8669],[-116.3833,33.8424],[-116.2409,33.7742],[-115.9948,33.5725],[-115.8852,33.4698],[-115.7834,33.4006],[-115.7308,33.3486],[-115.7146,33.3608],[-115.7673,33.4083],[-115.8954,33.5035],[-116.0223,33.622],[-116.0939,33.6751],[-116.1632,33.7321],[-116.1599,33.7346],[-116.1699,33.7442],[-116.1865,33.7531],[-116.184,33.7563],[-116.2089,33.7697],[-116.3066,33.8543],[-116.3346,33.8746],[-116.4321,33.9221],[-116.5136,33.9873],[-116.5538,34.011],[-116.7403,34.0596],[-116.8075,34.0597],[-116.8223,34.053],[-116.8532,34.0564],[-116.8761,34.043],[-116.9003,34.043],[-117.1477,34.1291],[-117.2729,34.1826],[-117.5823,34.3426],[-118.4077,34.677],[-118.7414,34.7767],[-118.815,34.7935],[-118.8956,34.8224],[-118.9256,34.8298],[-118.9812,34.8289],[-119.1163,34.8613],[-119.2184,34.874],[-119.3596,34.925],[-119.4953,35.0129],[-119.7408,35.2032],[-119.9758,35.4298],[-120.0379,35.5032],[-120.2719,35.7321],[-120.3033,35.7662],[-120.318,35.7982],[-120.3313,35.8079],[-120.3412,35.8269],[-120.5603,36.0147]],[[-117.2583,34.0393],[-117.0444,34.0138],[-117.0449,34.0102],[-116.9839,33.997],[-116.9847,33.9926],[-116.9994,33.9927],[-116.706,33.9588],[-116.698,33.9643],[-116.5894,33.9433],[-116.4146,33.8768],[-116.3695,33.8498],[-116.2973,33.8178],[-116.3481,33.859],[-116.451,33.9143],[-116.5204,33.9683],[-116.5914,34.0055],[-116.727,34.0405],[-116.8264,34.0396],[-116.8775,34.0195],[-116.907,34.0263],[-117.1517,34.1112],[-117.2311,34.1447],[-117.3861,34.2147],[-117.4686,34.2652],[-117.4138,34.2247],[-117.3684,34.1811],[-117.3137,34.0968],[-117.2583,34.0393]],[[-117.221,34.014],[-117.2124,34.0096],[-117.2118,34.013],[-117.221,34.014]],[[-117.2398,34.0262],[-117.2384,34.025],[-117.2382,34.026],[-117.2398,34.0262]],[[-116.9018,33.7362],[-116.9252,33.7801],[-116.9435,33.8002],[-117.0384,33.8552],[-117.0883,33.8926],[-117.0731,33.8636],[-117.0288,33.8324],[-116.9638,33.7691],[-116.9018,33.7362]],[[-116.8168,33.6744],[-116.8163,33.6741],[-116.8191,33.676],[-116.8168,33.6744]],[[-116.1763,33.7429],[-116.1712,33.7387],[-116.1737,33.7411],[-116.1763,33.7429]]]]},"properties":{"name":"B4 Project - Southern San Andreas and San Jacinto Faults - Classified Lidar","otId":"OTSDEM.032018.32611.1","short":"CA05USGSB4","doi":"https://doi.org/10.5066/F7TQ5ZQ6","created":"2018-03-08","temporal":"2005-05-18 / 2005-05-27","keywords":"B4 project, San Andreas fault, San Jacinto fault, California, lidar"}},{"type":"Feature","geometry":{"type":"Polygon","coordinates":[[[-94.8336,30.284],[-94.8403,30.2868],[-94.8402,30.2784],[-94.8494,30.2737],[-94.859,30.2775],[-94.8618,30.2645],[-94.8681,30.2615],[-94.8662,30.2499],[-94.8811,30.2441],[-94.881,30.2375],[-94.8723,30.2378],[-94.8707,30.231],[-94.877,30.2235],[-94.876,30.2117],[-94.8302,29.9222],[-94.8284,29.9171],[-94.7817,29.9171],[-94.7724,29.8547],[-94.7643,29.8548],[-94.7606,29.8616],[-94.7578,29.8549],[-94.7425,29.8602],[-94.7413,29.8551],[-94.728,29.8569],[-94.7289,29.8632],[-94.7179,29.8642],[-94.7154,29.8703],[-94.7258,29.9422],[-94.72,29.9437],[-94.7202,29.9512],[-94.727,29.9503],[-94.731,29.9716],[-94.7613,29.9721],[-94.7621,29.9795],[-94.7649,29.9691],[-94.7705,29.9704],[-94.7811,30.064],[-94.7768,30.0654],[-94.7879,30.131],[-94.7915,30.1767],[-94.7865,30.1809],[-94.7906,30.1887],[-94.7804,30.1933],[-94.7714,30.1907],[-94.771,30.1951],[-94.7638,30.1907],[-94.7486,30.1933],[-94.763,30.2827],[-94.7941,30.2863],[-94.8035,30.2809],[-94.8045,30.2873],[-94.8336,30.284]]]},"properties":{"name":"Trinity River, Texas 2015","otId":"OTSDEM.022018.26915.1","short":"TX15Passalacqua","doi":"https://doi.org/10.5069/G9JW8BX4","created":"2018-03-01","temporal":"2015-08-07 / 2015-08-10","keywords":"texas, flood, river, lidar"}},{"type":"Feature","geometry":{"type":"Polygon","coordinates":[[[-180,-84],[-180,84],[180,84],[180,-84],[-180,-84]]]},"properties":{"name":"ALOS World 3D - 30m Ellipsoidal","otId":"OTALOS.082017.4326.1","short":"AW3D30_E","doi":"https://doi.org/10.5069/G94M92HB","created":"2016-12-07","temporal":"2006-01-01 / 2011-01-01","keywords":"global, gdem, ellipsoidal, sar, lidar"}},{"type":"Feature","geometry":{"type":"Polygon","coordinates":[[[-97.7418,30.4054],[-97.7608,30.4038],[-97.7823,30.3865],[-97.8191,30.3374],[-97.8244,30.3383],[-97.8207,30.3357],[-97.8285,30.3185],[-97.8351,30.3169],[-97.8301,30.3152],[-97.833,30.3021],[-97.8446,30.301],[-97.8348,30.2979],[-97.8385,30.2819],[-97.8317,30.2753],[-97.8308,30.2634],[-97.8258,30.2646],[-97.8266,30.2562],[-97.8209,30.2561],[-97.8229,30.2485],[-97.8096,30.2263],[-97.7895,30.219],[-97.7849,30.228],[-97.7864,30.219],[-97.7759,30.2161],[-97.7723,30.2243],[-97.7746,30.2175],[-97.7623,30.2127],[-97.7561,30.2164],[-97.7454,30.213],[-97.7409,30.2216],[-97.7198,30.2776],[-97.7136,30.2785],[-97.7189,30.2805],[-97.6892,30.3553],[-97.6943,30.3563],[-97.691,30.3654],[-97.7012,30.3585],[-97.7099,30.3836],[-97.7206,30.3904],[-97.7246,30.3808],[-97.7219,30.3912],[-97.7281,30.3978],[-97.7338,30.3941],[-97.7327,30.3989],[-97.7418,30.4054]]]},"properties":{"name":"Austin, TX, Rapid Response, 2015","otId":"OTSDEM.072017.26914.1","short":"TX15_Rapid","doi":"https://doi.org/10.5069/G9FB5115","created":"2017-07-28","temporal":"2015-06-12 / 2015-06-13","keywords":"texas, austin, flood, river, urban, city"}},{"type":"Feature","geometry":{"type":"MultiPolygon","coordinates":[[[[-118.2139,38.7901],[-118.2118,38.793],[-118.2206,38.7929],[-118.2204,38.7869],[-118.1772,38.7357],[-118.178,38.7307],[-118.1497,38.6943],[-118.1182,38.6659],[-118.0679,38.5845],[-118.057,38.5367],[-118.0439,38.507],[-118.0473,38.4994],[-118.0418,38.5002],[-118.0306,38.4807],[-118.0207,38.4794],[-118.0515,38.5851],[-118.1036,38.6687],[-118.1036,38.6757],[-118.1351,38.7017],[-118.1994,38.7922],[-118.2071,38.786],[-118.2139,38.7901]]],[[[-119.2237,39.0529],[-119.2246,39.0529],[-119.2246,39.0514],[-119.2237,39.0529]]],[[[-119.2022,39.0502],[-119.1978,39.0569],[-119.218,39.0575],[-119.2199,39.0516],[-119.2289,39.0483],[-119.2355,39.0306],[-119.2412,39.03],[-119.2404,39.0039],[-119.233,38.9926],[-119.233,38.9512],[-119.2172,38.9384],[-119.2199,38.909],[-119.2125,38.8878],[-119.2129,38.8637],[-119.1948,38.8367],[-119.1807,38.8007],[-119.1875,38.7895],[-119.1869,38.7659],[-119.181,38.7609],[-119.1699,38.7631],[-119.1597,38.746],[-119.1167,38.7054],[-119.1014,38.7038],[-119.1057,38.7149],[-119.1483,38.756],[-119.1615,38.7784],[-119.1733,38.7776],[-119.1648,38.7949],[-119.1651,38.8072],[-119.1822,38.8491],[-119.1961,38.868],[-119.1965,38.8917],[-119.2043,38.9138],[-119.2045,38.9303],[-119.1993,38.9353],[-119.2041,38.9496],[-119.2169,38.9582],[-119.2193,38.9725],[-119.2178,38.982],[-119.2108,38.9811],[-119.2158,39.034],[-119.2022,39.0502]]],[[[-119.0676,39.2167],[-119.0914,39.2135],[-119.0976,39.2171],[-119.1546,39.1877],[-119.1976,39.1861],[-119.2024,39.1814],[-119.2069,39.1883],[-119.2216,39.1881],[-119.2336,39.1806],[-119.2454,39.1622],[-119.2503,39.1355],[-119.2455,39.1303],[-119.2512,39.1306],[-119.2559,39.1173],[-119.2625,39.1152],[-119.2757,39.0727],[-119.2591,39.072],[-119.2469,39.1077],[-119.2298,39.1293],[-119.2303,39.154],[-119.2186,39.1694],[-119.208,39.167],[-119.2035,39.1716],[-119.1997,39.1671],[-119.1758,39.1744],[-119.1442,39.1748],[-119.129,39.1863],[-119.1181,39.1873],[-119.1162,39.1963],[-119.0749,39.2028],[-119.0674,39.2082],[-119.0676,39.2167]]],[[[-119.8632,39.2671],[-119.8678,39.2692],[-119.8659,39.2811],[-119.8574,39.2885],[-119.8489,39.2882],[-119.8502,39.302],[-119.8431,39.306],[-119.8626,39.363],[-119.8693,39.3676],[-119.8786,39.3645],[-119.8834,39.3559],[-119.8748,39.3455],[-119.8629,39.3098],[-119.8702,39.3015],[-119.8661,39.2978],[-119.8767,39.2929],[-119.888,39.2618],[-119.8966,39.2591],[-119.8879,39.1825],[-119.8638,39.1839],[-119.8522,39.1916],[-119.8509,39.2131],[-119.8636,39.2486],[-119.8598,39.2545],[-119.87,39.2615],[-119.8632,39.2671]]],[[[-119.4197,39.6271],[-119.4232,39.63],[-119.4595,39.6098],[-119.5352,39.5822],[-119.5459,39.5787],[-119.5529,39.5822],[-119.553,39.5759],[-119.5841,39.5635],[-119.5838,39.5571],[-119.5622,39.556],[-119.4491,39.598],[-119.4149,39.6202],[-119.4118,39.625],[-119.4197,39.6271]]],[[[-119.4067,38.7796],[-119.4099,38.7873],[-119.4172,38.7817],[-119.417,38.7706],[-119.3578,38.7339],[-119.3514,38.7247],[-119.3483,38.6783],[-119.3432,38.6757],[-119.3504,38.6671],[-119.3515,38.6543],[-119.3334,38.6543],[-119.3281,38.6641],[-119.3325,38.6913],[-119.3271,38.7013],[-119.3172,38.701],[-119.3209,38.711],[-119.3533,38.7521],[-119.3644,38.7541],[-119.397,38.7792],[-119.4067,38.7796]]],[[[-119.4405,39.0706],[-119.453,39.0706],[-119.4596,39.0424],[-119.4477,39.0105],[-119.4158,38.9939],[-119.4197,38.9724],[-119.4241,38.9739],[-119.4187,38.9636],[-119.4276,38.9394],[-119.4228,38.9138],[-119.4089,38.915],[-119.4065,38.9089],[-119.4125,38.9092],[-119.4209,38.8898],[-119.4427,38.8801],[-119.4551,38.8805],[-119.4651,38.8709],[-119.4592,38.8635],[-119.4401,38.8602],[-119.4311,38.8455],[-119.4334,38.8378],[-119.4254,38.8392],[-119.4195,38.8331],[-119.4166,38.817],[-119.4032,38.8151],[-119.3973,38.8195],[-119.4025,38.8464],[-119.4183,38.8526],[-119.4274,38.8693],[-119.4212,38.8768],[-119.4043,38.8801],[-119.4043,38.8907],[-119.3953,38.9013],[-119.403,38.9126],[-119.3942,38.9743],[-119.3894,38.9714],[-119.3901,38.9917],[-119.3996,38.9934],[-119.4034,39.0067],[-119.4264,39.0103],[-119.4395,39.0202],[-119.4377,39.0341],[-119.4442,39.0437],[-119.436,39.0667],[-119.4405,39.0706]]],[[[-118.5402,38.3762],[-118.54,38.3764],[-118.5405,38.3761],[-118.5402,38.3762]]],[[[-118.7422,38.6295],[-118.7427,38.6301],[-118.742,38.6288],[-118.7422,38.6295]]],[[[-118.7627,38.6999],[-118.7631,38.6988],[-118.7632,38.6979],[-118.7627,38.6999]]],[[[-118.8465,38.9468],[-118.8593,38.9466],[-118.8635,38.9411],[-118.8169,38.9036],[-118.8049,38.8736],[-118.8068,38.855],[-118.7897,38.8375],[-118.7905,38.8102],[-118.7703,38.7897],[-118.7626,38.7737],[-118.7713,38.7576],[-118.7839,38.7481],[-118.7886,38.7315],[-118.774,38.7136],[-118.7863,38.6883],[-118.782,38.6845],[-118.7855,38.6671],[-118.7792,38.6558],[-118.7801,38.6447],[-118.7611,38.6374],[-118.7649,38.6349],[-118.7508,38.6031],[-118.7323,38.5911],[-118.7238,38.5765],[-118.7032,38.5602],[-118.7039,38.5442],[-118.72,38.5566],[-118.7253,38.5549],[-118.7203,38.5509],[-118.7263,38.5487],[-118.7214,38.5437],[-118.7262,38.5396],[-118.7192,38.5373],[-118.7003,38.5115],[-118.6956,38.4955],[-118.6872,38.4957],[-118.6848,38.4835],[-118.6672,38.4657],[-118.6864,38.4651],[-118.6904,38.4549],[-118.6741,38.4523],[-118.6766,38.4453],[-118.6658,38.4371],[-118.6457,38.4392],[-118.6324,38.4226],[-118.6344,38.4178],[-118.6192,38.4183],[-118.6004,38.3976],[-118.5906,38.3955],[-118.5877,38.3834],[-118.5943,38.367],[-118.5937,38.3438],[-118.5904,38.3353],[-118.5806,38.3335],[-118.5782,38.3732],[-118.5661,38.3755],[-118.5712,38.3869],[-118.5496,38.3711],[-118.5421,38.3728],[-118.54,38.3831],[-118.5574,38.3907],[-118.5598,38.3994],[-118.586,38.4179],[-118.6056,38.4408],[-118.6213,38.448],[-118.6316,38.4457],[-118.6524,38.4729],[-118.6483,38.4769],[-118.6503,38.4897],[-118.663,38.5032],[-118.674,38.5049],[-118.6905,38.5364],[-118.6824,38.5523],[-118.6875,38.5671],[-118.7105,38.5838],[-118.717,38.5993],[-118.7368,38.6113],[-118.7496,38.6471],[-118.7699,38.6561],[-118.7651,38.6607],[-118.7702,38.6642],[-118.7669,38.6692],[-118.7711,38.6852],[-118.7638,38.6944],[-118.7608,38.7137],[-118.771,38.7404],[-118.7593,38.7467],[-118.7497,38.7681],[-118.7384,38.7728],[-118.7453,38.7857],[-118.7386,38.7878],[-118.7449,38.7929],[-118.7536,38.7913],[-118.7689,38.8059],[-118.7743,38.8208],[-118.7699,38.8366],[-118.7905,38.8612],[-118.785,38.8756],[-118.7922,38.8783],[-118.7891,38.8823],[-118.8001,38.9094],[-118.8356,38.9318],[-118.8465,38.9468]]],[[[-118.8633,38.9466],[-118.8636,38.9466],[-118.8636,38.9464],[-118.8633,38.9466]]],[[[-119.2481,39.4285],[-119.2572,39.4303],[-119.3,39.4163],[-119.3104,39.4029],[-119.3373,39.3868],[-119.4615,39.3781],[-119.4983,39.3489],[-119.5611,39.3197],[-119.5692,39.3025],[-119.6109,39.2551],[-119.5991,39.2523],[-119.5832,39.2704],[-119.5754,39.2709],[-119.5751,39.2785],[-119.5491,39.2985],[-119.5473,39.315],[-119.5402,39.3127],[-119.5049,39.3329],[-119.5226,39.3081],[-119.5065,39.3084],[-119.4916,39.3239],[-119.4571,39.323],[-119.4428,39.3421],[-119.4368,39.3415],[-119.4178,39.3601],[-119.4165,39.3691],[-119.3248,39.3771],[-119.2943,39.4009],[-119.248,39.4227],[-119.2481,39.4285]]],[[[-118.1984,38.6206],[-118.2156,38.6397],[-118.2294,38.6396],[-118.2089,38.6129],[-118.2117,38.6085],[-118.2042,38.6096],[-118.1769,38.5857],[-118.1521,38.5248],[-118.1308,38.4972],[-118.126,38.4819],[-118.1005,38.4692],[-118.0988,38.4546],[-118.083,38.4487],[-118.0863,38.4435],[-118.0807,38.4213],[-118.0868,38.3887],[-118.0687,38.3888],[-118.0653,38.4162],[-118.069,38.4559],[-118.0807,38.4617],[-118.0918,38.4811],[-118.1123,38.4924],[-118.1131,38.501],[-118.137,38.5322],[-118.1611,38.5889],[-118.1984,38.6206]]],[[[-118.6683,39.0789],[-118.6759,39.1009],[-118.6914,39.0987],[-118.6938,39.0881],[-118.6851,39.0786],[-118.6843,39.068],[-118.6551,39.0412],[-118.6437,39.04],[-118.6408,39.0435],[-118.6677,39.072],[-118.6648,39.0785],[-118.6683,39.0789]]],[[[-119.2197,38.3103],[-119.2202,38.3101],[-119.2206,38.3082],[-119.2197,38.3103]]],[[[-119.2225,38.3383],[-119.2144,38.3498],[-119.2266,38.35],[-119.2424,38.3384],[-119.3035,38.266],[-119.3369,38.205],[-119.3457,38.163],[-119.3309,38.1678],[-119.3238,38.1978],[-119.3088,38.2285],[-119.2501,38.3052],[-119.2416,38.3092],[-119.2507,38.294],[-119.2401,38.2874],[-119.2215,38.3063],[-119.2238,38.3101],[-119.2083,38.3343],[-119.22,38.3331],[-119.2225,38.3383]]],[[[-119.5175,38.6459],[-119.5295,38.6443],[-119.5386,38.6235],[-119.5308,38.5608],[-119.5352,38.5271],[-119.5272,38.5061],[-119.5175,38.5078],[-119.517,38.5212],[-119.5076,38.5246],[-119.5068,38.5315],[-119.5126,38.5328],[-119.5076,38.5346],[-119.5117,38.54],[-119.5098,38.5502],[-119.5092,38.5415],[-119.5022,38.5435],[-119.5089,38.5858],[-119.5163,38.5819],[-119.5188,38.5904],[-119.5148,38.592],[-119.5225,38.6211],[-119.5172,38.6336],[-119.5223,38.6349],[-119.5175,38.6459]]]]},"properties":{"name":"Walker Fault System, Nevada, 2015","otId":"OTSDEM.072017.26911.1","short":"NV15_Wesnousky","doi":"https://doi.org/10.5069/G95T3HJ8","created":"2017-07-28","temporal":"2015-06-27 / 2015-07-15","keywords":"ncalm, nevada, fault, california, desert, scarp"}},{"type":"Feature","geometry":{"type":"MultiPolygon","coordinates":[[[[-111.8128,37.5329],[-111.8297,37.5311],[-111.8283,37.4886],[-111.8367,37.4884],[-111.8287,37.4789],[-111.8298,37.4512],[-111.8241,37.44],[-111.8087,37.443],[-111.81,37.4806],[-111.8009,37.4829],[-111.8012,37.4886],[-111.8095,37.4888],[-111.8128,37.5329]]],[[[-111.9774,37.7008],[-111.9818,37.704],[-112.0091,37.6875],[-112.0085,37.6785],[-111.9969,37.6656],[-112.0034,37.6591],[-111.9988,37.6545],[-111.9913,37.6597],[-111.9228,37.5864],[-111.9229,37.5801],[-111.9116,37.5733],[-111.9074,37.5786],[-111.9129,37.5841],[-111.898,37.5888],[-111.9082,37.6026],[-111.9027,37.606],[-111.9155,37.6132],[-111.9145,37.6225],[-111.9338,37.6439],[-111.9384,37.6552],[-111.9346,37.6579],[-111.9491,37.6674],[-111.9605,37.6814],[-111.9572,37.685],[-111.9653,37.6852],[-111.9774,37.7008]]]]},"properties":{"name":"Straight Cliffs Formation, South-Central Utah, 2016","otId":"OTSDEM.072017.26912.2","short":"UT16_Koch","doi":"https://doi.org/10.5069/G99K489F","created":"2017-07-28","temporal":"2016-10-05","keywords":"ncalm, seed grant, utah, river, fluvial, lidar"}},{"type":"Feature","geometry":{"type":"MultiPolygon","coordinates":[[[[-123.7655,42.3121],[-123.7754,42.3176],[-123.7854,42.3132],[-123.7802,42.2977],[-123.7048,42.2749],[-123.7005,42.2681],[-123.7065,42.2561],[-123.6863,42.2232],[-123.6599,42.2297],[-123.6777,42.269],[-123.6684,42.2734],[-123.6707,42.2866],[-123.7655,42.3121]]],[[[-123.9148,42.4135],[-123.9336,42.4173],[-123.9361,42.4102],[-123.9156,42.4063],[-123.92,42.3924],[-123.842,42.3781],[-123.7819,42.3482],[-123.7735,42.3555],[-123.7788,42.3623],[-123.7692,42.3655],[-123.8351,42.3979],[-123.9148,42.4135]]],[[[-123.9849,42.5012],[-123.9832,42.5198],[-123.9988,42.5229],[-123.9994,42.5028],[-124.0157,42.4903],[-124.0269,42.4022],[-124.0153,42.4052],[-124.0015,42.4004],[-124.0042,42.4073],[-123.999,42.4134],[-123.9849,42.5012]]],[[[-123.6624,42.5253],[-123.6627,42.5253],[-123.6624,42.5251],[-123.6624,42.5253]]]]},"properties":{"name":"Illinois River, OR, Coast Ranges, 2016","otId":"OTSDEM.072017.26910.1","short":"OR16_Dassow","doi":"https://doi.org/10.5069/G9QR4V6K","created":"2017-07-27","temporal":"2016-10-07","keywords":"ncalm, seed grant, oregon, river, morphology, lidar"}},{"type":"Feature","geometry":{"type":"Polygon","coordinates":[[[-110.8965,39.1766],[-110.8914,39.1834],[-110.8964,39.1867],[-110.9926,39.0869],[-110.9757,39.0788],[-110.9809,39.0728],[-110.9759,39.0701],[-110.9716,39.0749],[-110.9603,39.0595],[-110.9498,39.0667],[-110.8597,39.1615],[-110.8657,39.1656],[-110.8714,39.1608],[-110.8965,39.1766]]]},"properties":{"name":"San Rafael River, Castle Dale, Utah, 2016","otId":"OTSDEM.072017.26912.1","short":"UT16_Hayden","doi":"https://doi.org/10.5069/G9GB225J","created":"2017-07-27","temporal":"2016-10-04","keywords":"ncalm, seed grant, utah, river, fluvial, mars"}},{"type":"Feature","geometry":{"type":"Polygon","coordinates":[[[-117.4804,43.2528],[-117.6574,43.2519],[-117.6535,43.2444],[-117.665,43.2348],[-117.6649,43.2255],[-117.6722,43.2225],[-117.6731,43.2174],[-117.6654,43.2167],[-117.6731,43.1938],[-117.684,43.1848],[-117.6863,43.1685],[-117.689,43.1716],[-117.6888,43.1533],[-117.6935,43.1468],[-117.7116,43.143],[-117.7181,43.1275],[-117.7187,43.1413],[-117.7252,43.1415],[-117.7253,43.1261],[-117.7311,43.1236],[-117.7484,42.9977],[-117.7481,42.9736],[-117.7421,42.9778],[-117.7349,42.9735],[-117.7398,42.9453],[-117.7352,42.9374],[-117.6916,42.9367],[-117.687,42.999],[-117.6805,42.9997],[-117.671,43.0187],[-117.6421,43.1759],[-117.5406,43.1741],[-117.5395,43.1784],[-117.4676,43.1829],[-117.4749,43.1873],[-117.4677,43.1904],[-117.4821,43.1914],[-117.4677,43.194],[-117.473,43.1976],[-117.4677,43.2012],[-117.4756,43.2024],[-117.4678,43.2025],[-117.4726,43.2067],[-117.4678,43.2128],[-117.4795,43.2137],[-117.4568,43.2169],[-117.4558,43.2497],[-117.4804,43.2528]]]},"properties":{"name":"Geomorphic Effects of Landslide Dams on the Owyhee River, Oregon","otId":"OTSDEM.062012.26911.1","short":"OR08_Wallick","doi":"https://doi.org/10.5069/G98913SF","created":"2012-06-26","temporal":"2008-10-01 / 2008-10-03","keywords":"lidar"}},{"type":"Feature","geometry":{"type":"Polygon","coordinates":[[[-116.7875,34.0528],[-116.7591,34.0504],[-116.7601,34.0362],[-116.7554,34.035],[-116.7402,34.0383],[-116.693,34.0308],[-116.6814,34.035],[-116.6797,34.0476],[-116.6845,34.0561],[-116.6547,34.071],[-116.5445,34.0691],[-116.542,34.0755],[-116.5292,34.0728],[-116.5262,34.0882],[-116.5418,34.0959],[-116.647,34.0874],[-116.6547,34.092],[-116.704,34.0734],[-116.7037,34.0857],[-116.7086,34.0882],[-116.7505,34.0963],[-116.7685,34.0913],[-116.8003,34.1126],[-116.8068,34.1112],[-116.8385,34.1368],[-116.8381,34.1428],[-116.8448,34.1407],[-116.8507,34.1491],[-116.8823,34.1162],[-116.8682,34.1158],[-116.867,34.1093],[-116.8248,34.082],[-116.8867,34.0968],[-116.8982,34.0928],[-116.9039,34.0786],[-116.8987,34.0705],[-116.8486,34.0673],[-116.7875,34.0528]]]},"properties":{"name":"San Bernardino Mountains, CA 2016","otId":"OTSDEM.052017.32611.1","short":"CA16_Cochran","doi":"https://doi.org/10.5069/G9SX6B51","created":"2017-07-11","temporal":"2016-06-03","keywords":"ncalm, san bernardino, faults, california, lidar"}},{"type":"Feature","geometry":{"type":"Polygon","coordinates":[[[-123.597,39.5952],[-123.6195,39.5951],[-123.6196,39.578],[-123.6288,39.5783],[-123.6287,39.573],[-123.6184,39.5728],[-123.6168,39.5563],[-123.4074,39.5476],[-123.4075,39.5636],[-123.4191,39.5691],[-123.4259,39.5874],[-123.597,39.5952]]]},"properties":{"name":"Laytonville, CA lidar 2015","otId":"OTSDEM.062017.26910.1","short":"CA15_Dietrich","doi":"https://doi.org/10.5069/G9WH2N2P","created":"2017-07-07","temporal":"2015-06-25","keywords":"ncalm, laytonville, california, airborne, lidar"}},{"type":"Feature","geometry":{"type":"Polygon","coordinates":[[[-106.3857,35.9321],[-106.3865,35.9564],[-106.3964,35.9563],[-106.3974,35.9653],[-106.4077,35.9652],[-106.4086,35.9742],[-106.4189,35.974],[-106.4217,35.9823],[-106.4302,35.9829],[-106.4474,36.0007],[-106.4819,36.0003],[-106.4847,35.983],[-106.4922,35.979],[-106.5197,35.9818],[-106.5195,35.9734],[-106.5248,35.9727],[-106.529,35.9344],[-106.5186,35.9271],[-106.5184,35.9187],[-106.5152,35.9224],[-106.5074,35.9183],[-106.5021,35.8829],[-106.4956,35.8823],[-106.4954,35.874],[-106.4844,35.8735],[-106.4839,35.8632],[-106.473,35.8556],[-106.4728,35.8455],[-106.4503,35.8288],[-106.4466,35.8024],[-106.4388,35.8019],[-106.4384,35.7845],[-106.3883,35.7852],[-106.3857,35.9321]]]},"properties":{"name":"Jemez River Basin, NM: Post-fire landscape response","otId":"OTSDEM.092014.26913.1","short":"NM12_Pelletier","doi":"https://doi.org/10.5069/G9319SVB","created":"2014-09-24","temporal":"2012-05-25 / 2012-05-28","keywords":"Jemez, lidar"}},{"type":"Feature","geometry":{"type":"MultiPolygon","coordinates":[[[[-113.945,46.0492],[-113.9775,46.0232],[-114.0123,45.9855],[-113.9861,45.9759],[-113.9855,45.9686],[-113.9754,45.962],[-113.9786,45.9575],[-113.9684,45.9517],[-113.9,46.0245],[-113.8937,46.0383],[-113.945,46.0492]]],[[[-114.4126,46.1882],[-114.4481,46.1908],[-114.4845,46.1827],[-114.4749,46.1576],[-114.4794,46.1491],[-114.4945,46.1558],[-114.4926,46.1392],[-114.4739,46.1365],[-114.465,46.1067],[-114.4546,46.1025],[-114.4613,46.1031],[-114.4571,46.0951],[-114.4154,46.0938],[-114.41,46.0995],[-114.4147,46.1061],[-114.4101,46.1082],[-114.4106,46.1288],[-114.3868,46.1285],[-114.3843,46.1464],[-114.4008,46.1429],[-114.4146,46.1469],[-114.4143,46.1677],[-114.421,46.1771],[-114.4126,46.1882]]]]},"properties":{"name":"Northern Rockies, Montana lidar 2016","otId":"OTSDEM.062017.26911.1","short":"MT16_Benjaram","doi":"https://doi.org/10.5069/G9RR1W9H","created":"2017-06-30","temporal":"2016-09-28","keywords":"ncalm, seed grant, montana, rockies, rocky mountains, erosion"}},{"type":"Feature","geometry":{"type":"Polygon","coordinates":[[[-107.2178,38.0086],[-107.2209,38.0167],[-107.2558,38.0036],[-107.2689,38.007],[-107.267,38.0023],[-107.2856,38.0018],[-107.2888,37.9876],[-107.2826,37.9754],[-107.2644,37.9829],[-107.2498,37.9801],[-107.2468,37.9858],[-107.2151,37.9906],[-107.2178,38.0086]]]},"properties":{"name":"Slumgullion Landslide, Colorado (July 10, 2015)","otId":"OTSDEM.062017.26913.3","short":"CO15_Lee_191","doi":"https://doi.org/10.5069/G91834KD","created":"2017-06-30","temporal":"2015-07-10","keywords":"ncalm, earthflow, landslide, geomorphology, colorado, hinsdale county"}},{"type":"Feature","geometry":{"type":"Polygon","coordinates":[[[-107.2183,38.0138],[-107.2154,38.0167],[-107.263,38.0026],[-107.2629,38.0093],[-107.2773,38.0124],[-107.2672,38.0087],[-107.2713,38.0013],[-107.2885,37.9997],[-107.2886,37.9808],[-107.2837,37.9742],[-107.2684,37.9818],[-107.2462,37.9801],[-107.2458,37.9857],[-107.2165,37.9907],[-107.2099,38.0121],[-107.2183,38.0138]]]},"properties":{"name":"Slumgullion Landslide, Colorado (July 7, 2015)","otId":"OTSDEM.062017.26913.2","short":"CO15_Lee_188","doi":"https://doi.org/10.5069/G91834KD","created":"2017-06-30","temporal":"2015-07-07","keywords":"ncalm, earthflow, landslide, geomorphology, colorado, hinsdale county"}},{"type":"Feature","geometry":{"type":"Polygon","coordinates":[[[-107.2286,38.0127],[-107.2311,38.0165],[-107.2341,38.0107],[-107.2553,38.0042],[-107.264,38.0096],[-107.2693,38.0079],[-107.2681,38.0022],[-107.2889,38.0004],[-107.2885,37.979],[-107.284,37.9754],[-107.2598,37.9836],[-107.2485,37.9802],[-107.2459,37.9856],[-107.2233,37.99],[-107.222,38.0084],[-107.2286,38.0127]]]},"properties":{"name":"Slumgullion Landslide, Colorado (July 3, 2015)","otId":"OTSDEM.062017.26913.1","short":"CO15_Lee_184","doi":"https://doi.org/10.5069/G91834KD","created":"2017-06-30","temporal":"2015-07-03","keywords":"ncalm, earthflow, landslide, geomorphology, colorado, hinsdale county"}},{"type":"Feature","geometry":{"type":"MultiPolygon","coordinates":[[[[-110.1491,44.8916],[-110.1491,44.8916],[-110.149,44.8915],[-110.1491,44.8916]]],[[[-110.3074,44.9272],[-110.3073,44.9272],[-110.3074,44.9272],[-110.3074,44.9272]]],[[[-110.0607,44.9973],[-110.0606,44.9972],[-110.0606,44.9973],[-110.0607,44.9973]]],[[[-110.0607,44.9973],[-110.0738,44.9971],[-110.0986,44.9297],[-110.1717,44.8752],[-110.2051,44.8771],[-110.2946,44.9376],[-110.307,44.9274],[-110.2255,44.8702],[-110.2359,44.8701],[-110.2369,44.8627],[-110.2068,44.8606],[-110.2168,44.8568],[-110.205,44.8449],[-110.1942,44.8462],[-110.1807,44.8334],[-110.1369,44.8109],[-110.1249,44.82],[-110.1707,44.846],[-110.176,44.8537],[-110.153,44.861],[-110.0785,44.9218],[-110.0659,44.9452],[-110.0689,44.9483],[-110.0568,44.9825],[-110.0638,44.9898],[-110.0607,44.9973]]],[[[-110.071,44.9997],[-110.0712,44.9997],[-110.0711,44.9997],[-110.071,44.9997]]],[[[-110.0712,44.9997],[-110.0712,44.9997],[-110.0712,44.9997],[-110.0712,44.9997]]]]},"properties":{"name":"Yellowstone National Park, WY: Quantifying Gravel-Bed Rivers","otId":"OTSDEM.012013.26912.3","short":"WY07_Legleiter","doi":"https://doi.org/10.5069/G9BR8Q44","created":"2013-01-28","temporal":"2007-08-02","keywords":"lidar"}},{"type":"Feature","geometry":{"type":"Polygon","coordinates":[[[-105.4647,45.3995],[-105.557,45.3387],[-105.5779,45.3286],[-105.5901,45.3329],[-105.585,45.3227],[-105.6072,45.3012],[-105.774,45.1858],[-105.7467,45.1767],[-105.5576,45.3012],[-105.547,45.299],[-105.541,45.3032],[-105.5449,45.3062],[-105.5085,45.327],[-105.5067,45.3325],[-105.4917,45.3357],[-105.4874,45.3445],[-105.4352,45.3806],[-105.4395,45.3976],[-105.4474,45.3892],[-105.4537,45.3976],[-105.4647,45.3995]]]},"properties":{"name":"Powder River, MT 2016","otId":"OTSDEM.052017.26913.1","short":"MT16_Ackerman","doi":"https://doi.org/10.5069/G93F4MJG","created":"2017-05-26","temporal":"2016-09-30","keywords":"ncalm, seed grant, montana, river, riverscape, hydrology"}},{"type":"Feature","geometry":{"type":"MultiPolygon","coordinates":[[[[-124.1572,40.4861],[-124.1577,40.486],[-124.1573,40.4859],[-124.1572,40.4861]]],[[[-124.3211,40.6073],[-124.3239,40.6084],[-124.3239,40.6072],[-124.3211,40.6073]]],[[[-124.3107,40.6573],[-124.3107,40.6575],[-124.3109,40.6573],[-124.3107,40.6573]]],[[[-124.3043,40.6613],[-124.3044,40.6613],[-124.3039,40.6611],[-124.3043,40.6613]]],[[[-124.3021,40.6672],[-124.3025,40.6672],[-124.3025,40.6671],[-124.3021,40.6672]]],[[[-124.2955,40.678],[-124.2958,40.6779],[-124.2958,40.6778],[-124.2955,40.678]]],[[[-124.2955,40.678],[-124.2952,40.6777],[-124.2951,40.6777],[-124.2955,40.678]]],[[[-124.2946,40.6782],[-124.2951,40.6782],[-124.2947,40.6781],[-124.2946,40.6782]]],[[[-124.1861,40.6332],[-124.1959,40.6304],[-124.2815,40.6519],[-124.272,40.6709],[-124.2778,40.6711],[-124.278,40.6798],[-124.2944,40.6793],[-124.2939,40.6769],[-124.3021,40.6672],[-124.306,40.6584],[-124.3247,40.6519],[-124.32,40.6073],[-124.2982,40.6093],[-124.2967,40.6143],[-124.2808,40.6122],[-124.2414,40.6012],[-124.223,40.603],[-124.1935,40.5904],[-124.1781,40.5663],[-124.1734,40.5676],[-124.1795,40.5611],[-124.1716,40.54],[-124.1692,40.5245],[-124.1757,40.5125],[-124.1671,40.5063],[-124.1681,40.4926],[-124.1458,40.4852],[-124.1206,40.4649],[-124.1202,40.4472],[-124.0908,40.4511],[-124.0328,40.4301],[-124.0004,40.4302],[-124.002,40.4254],[-123.9934,40.4205],[-123.9537,40.4053],[-123.9488,40.3915],[-123.9529,40.3893],[-123.9448,40.3825],[-123.9452,40.3726],[-123.9541,40.3734],[-123.9454,40.3683],[-123.9487,40.3429],[-123.9536,40.3391],[-123.9456,40.3137],[-123.9491,40.3126],[-123.941,40.3048],[-123.927,40.3043],[-123.8828,40.2523],[-123.8705,40.253],[-123.8444,40.24],[-123.8437,40.2292],[-123.8341,40.226],[-123.8255,40.2084],[-123.8074,40.1909],[-123.8093,40.173],[-123.8146,40.1715],[-123.8106,40.1615],[-123.82,40.1475],[-123.853,40.1429],[-123.848,40.1398],[-123.8535,40.138],[-123.845,40.1249],[-123.8315,40.0545],[-123.8188,40.0524],[-123.8152,40.0408],[-123.8128,40.0089],[-123.8176,40.0025],[-123.8121,40.0004],[-123.8085,39.9421],[-123.8128,39.9363],[-123.7913,39.9342],[-123.7937,39.9242],[-123.788,39.9234],[-123.7779,39.9009],[-123.7805,39.8932],[-123.7544,39.8781],[-123.7648,39.8672],[-123.6811,39.8069],[-123.6745,39.8074],[-123.6641,39.7861],[-123.6655,39.7689],[-123.6554,39.756],[-123.6762,39.6711],[-123.6347,39.6671],[-123.641,39.6723],[-123.6353,39.6791],[-123.6391,39.6817],[-123.6349,39.6837],[-123.6358,39.6962],[-123.6302,39.6965],[-123.6354,39.6995],[-123.6237,39.7065],[-123.6178,39.7482],[-123.6095,39.7612],[-123.6271,39.766],[-123.6347,39.8077],[-123.6411,39.8173],[-123.634,39.8265],[-123.6427,39.8295],[-123.6428,39.836],[-123.6632,39.8385],[-123.7207,39.8868],[-123.7253,39.8974],[-123.7305,39.8959],[-123.7427,39.9062],[-123.7408,39.9106],[-123.753,39.922],[-123.7512,39.9286],[-123.7565,39.9297],[-123.7532,39.9376],[-123.7603,39.9402],[-123.759,39.9456],[-123.7658,39.9444],[-123.7609,39.9505],[-123.7694,39.9597],[-123.7637,39.9675],[-123.7692,39.9725],[-123.766,39.9766],[-123.7728,39.9775],[-123.7652,39.9881],[-123.7711,39.9959],[-123.765,40.001],[-123.7708,40.0136],[-123.7672,40.0228],[-123.7728,40.0275],[-123.7649,40.0406],[-123.7718,40.0408],[-123.7682,40.0537],[-123.7746,40.0535],[-123.7789,40.0652],[-123.7743,40.0776],[-123.7844,40.0865],[-123.7779,40.0963],[-123.7847,40.0968],[-123.783,40.1014],[-123.7882,40.1041],[-123.7828,40.1105],[-123.7863,40.1182],[-123.7928,40.1188],[-123.7886,40.1287],[-123.7972,40.1286],[-123.7874,40.1305],[-123.7915,40.1349],[-123.7809,40.1418],[-123.7842,40.1443],[-123.7795,40.1445],[-123.7826,40.1493],[-123.7751,40.1577],[-123.7789,40.1588],[-123.7764,40.1662],[-123.7674,40.1703],[-123.7633,40.1639],[-123.7634,40.1706],[-123.7516,40.1709],[-123.7518,40.1816],[-123.7886,40.232],[-123.7877,40.2396],[-123.8051,40.238],[-123.8025,40.2418],[-123.8094,40.2466],[-123.8033,40.2607],[-123.8307,40.2715],[-123.866,40.2918],[-123.865,40.2962],[-123.8684,40.2929],[-123.8785,40.2972],[-123.8986,40.3216],[-123.9134,40.3273],[-123.9025,40.3353],[-123.9055,40.349],[-123.8983,40.3511],[-123.905,40.3597],[-123.8953,40.3664],[-123.9056,40.3693],[-123.9015,40.374],[-123.9079,40.3755],[-123.9112,40.4102],[-123.9194,40.4132],[-123.9196,40.4309],[-123.9314,40.4311],[-123.9316,40.4399],[-123.9395,40.4349],[-123.941,40.4398],[-123.9547,40.4397],[-123.96,40.4498],[-123.9708,40.4516],[-123.9706,40.459],[-124.0853,40.4749],[-124.0862,40.4823],[-124.0917,40.4808],[-124.0824,40.5002],[-124.074,40.5006],[-124.0743,40.5183],[-124.1336,40.5207],[-124.1294,40.5261],[-124.1357,40.5273],[-124.134,40.5615],[-124.1397,40.5617],[-124.1341,40.5644],[-124.1402,40.5727],[-124.1343,40.5754],[-124.1344,40.5871],[-124.153,40.5921],[-124.1496,40.5955],[-124.1602,40.5989],[-124.1607,40.6093],[-124.1671,40.6118],[-124.1631,40.6179],[-124.1704,40.6181],[-124.1706,40.6247],[-124.1824,40.627],[-124.1861,40.6332]]]]},"properties":{"name":"Eel River Critical Zone Observatory July 2014 Lidar Survey (Eel River)","otId":"OTSDEM.122016.26910.1","short":"CA14_Dietrich_G","doi":"https://doi.org/10.5069/G9MP517V","created":"2017-05-12","temporal":"2014-07-19 / 2014-07-27","keywords":"czo, eel river, california, critical zone observatory, lidar"}},{"type":"Feature","geometry":{"type":"Polygon","coordinates":[[[-123.6318,39.7633],[-123.6442,39.7682],[-123.6476,39.7633],[-123.637,39.7587],[-123.6477,39.7569],[-123.6617,39.7453],[-123.6714,39.719],[-123.6195,39.6949],[-123.6233,39.6858],[-123.6179,39.6843],[-123.6134,39.6919],[-123.5655,39.6756],[-123.5546,39.6924],[-123.5614,39.6967],[-123.5566,39.6951],[-123.5542,39.7031],[-123.5747,39.7263],[-123.5761,39.7358],[-123.5842,39.7393],[-123.5879,39.7506],[-123.5971,39.7488],[-123.6318,39.7633]]]},"properties":{"name":"Eel River Critical Zone Observatory July 2014 Lidar Survey (Angelo)","otId":"OTSDEM.122016.26910.2","short":"CA14_Dietrich_A","doi":"https://doi.org/10.5069/G9MP517V","created":"2017-05-12","temporal":"2014-07-19 / 2014-07-27","keywords":"czo, california, eel river, critical zone observatory, lidar"}},{"type":"Feature","geometry":{"type":"MultiPolygon","coordinates":[[[[-118.0977,37.0282],[-118.1366,37.0219],[-118.1382,37.0178],[-118.1305,37.0158],[-118.1246,37.0012],[-118.0961,37.0072],[-118.0877,37.0157],[-118.0938,37.0176],[-118.0977,37.0282]]],[[[-118.0875,37.3254],[-118.1105,37.3246],[-118.1162,37.3157],[-118.1229,37.3169],[-118.1362,37.2699],[-118.1268,37.2768],[-118.1258,37.2629],[-118.1314,37.253],[-118.1239,37.2545],[-118.1254,37.2424],[-118.1168,37.2427],[-118.1204,37.2348],[-118.0927,37.2368],[-118.0832,37.2483],[-118.0688,37.3222],[-118.0875,37.3254]]],[[[-118.0689,37.3256],[-118.0692,37.3256],[-118.0689,37.3253],[-118.0689,37.3256]]]]},"properties":{"name":"Poleta Folds, southern Deep Springs Valley, California","otId":"OTSDEM.052015.32611.1","short":"POLETA","doi":"https://doi.org/10.5069/G95T3HFX","created":"2015-05-21","temporal":"2014-02-01","keywords":"folds, faults, structures, Cambrian, basin and range, lidar"}},{"type":"Feature","geometry":{"type":"Polygon","coordinates":[[[-119.0331,37.8063],[-119.0463,37.8021],[-119.0414,37.7352],[-119.0425,37.7226],[-119.0471,37.7218],[-119.0427,37.7146],[-119.0444,37.691],[-119.043,37.6852],[-119.0304,37.6832],[-119.029,37.6766],[-119.0037,37.6757],[-118.9968,37.6954],[-118.9984,37.7156],[-118.9923,37.7266],[-118.9989,37.7278],[-118.9959,37.7965],[-118.9998,37.8057],[-119.0331,37.8063]]]},"properties":{"name":"Inyo Domes, CA lidar 2016","otId":"OTSDEM.032017.26911.1","short":"CA16_Martens","doi":"https://doi.org/10.5069/G98913TW","created":"2017-05-01","temporal":"2016-06-06","keywords":"ncalm, inyo, crater, obsidian dome, volcano, volcanic"}},{"type":"Feature","geometry":{"type":"MultiPolygon","coordinates":[[[[-122.259,38.1597],[-122.2756,38.1594],[-122.2851,38.1491],[-122.3446,38.1179],[-122.3245,38.1083],[-122.2688,38.1384],[-122.2589,38.1359],[-122.2544,38.1388],[-122.2582,38.143],[-122.2461,38.1511],[-122.259,38.1597]]],[[[-122.3141,38.2101],[-122.3145,38.2105],[-122.3148,38.21],[-122.3141,38.2101]]],[[[-122.343,38.3348],[-122.3503,38.3509],[-122.3623,38.3474],[-122.3602,38.3318],[-122.3651,38.33],[-122.3486,38.2834],[-122.3623,38.2781],[-122.3594,38.2744],[-122.3466,38.2789],[-122.3039,38.1909],[-122.3003,38.1931],[-122.3046,38.2023],[-122.2946,38.2046],[-122.3177,38.2571],[-122.3069,38.2615],[-122.3119,38.288],[-122.3084,38.2935],[-122.3303,38.3307],[-122.343,38.3348]]]]},"properties":{"name":"August 24, 2014 South Napa Earthquake","otId":"OTSDEM.122014.26910.1","short":"NAPA_2014","doi":"https://doi.org/10.5069/G9F769H3","created":"2015-03-05","temporal":"2014-09-09","keywords":"South Napa earthquake, Napa, West Napa fault, lidar"}},{"type":"Feature","geometry":{"type":"MultiPolygon","coordinates":[[[[-120.6316,38.9509],[-120.6491,38.9512],[-120.6574,38.9428],[-120.6713,38.9435],[-120.6715,38.9382],[-120.6096,38.9419],[-120.5898,38.9341],[-120.5864,38.9391],[-120.5622,38.9414],[-120.5622,38.946],[-120.5903,38.9413],[-120.6045,38.9488],[-120.6316,38.9509]]],[[[-120.4473,39.1105],[-120.447,39.1102],[-120.4472,39.1105],[-120.4473,39.1105]]],[[[-120.4475,39.1119],[-120.4479,39.1117],[-120.4476,39.1115],[-120.4475,39.1119]]],[[[-120.0268,39.4072],[-120.0267,39.4091],[-120.028,39.4066],[-120.0268,39.4072]]],[[[-121.1021,39.5342],[-121.1327,39.5288],[-121.1359,39.5159],[-121.1449,39.5114],[-121.1494,39.4884],[-121.1745,39.4836],[-121.1746,39.4776],[-121.1804,39.4763],[-121.1658,39.4527],[-121.1697,39.4499],[-121.158,39.416],[-121.1625,39.4152],[-121.1424,39.3657],[-121.1069,39.3651],[-121.0949,39.3717],[-121.0992,39.367],[-121.0865,39.3647],[-121.0746,39.3714],[-121.0817,39.3797],[-121.0715,39.3843],[-120.9945,39.3812],[-120.9888,39.3904],[-120.9798,39.381],[-120.9898,39.4104],[-121.0525,39.5075],[-121.0562,39.5208],[-121.0663,39.5306],[-121.0914,39.5295],[-121.1021,39.5342]]],[[[-120.6654,39.6704],[-120.6651,39.6706],[-120.6652,39.6706],[-120.6654,39.6704]]],[[[-120.6641,39.6712],[-120.6642,39.6712],[-120.664,39.6711],[-120.6641,39.6712]]],[[[-120.4473,39.1105],[-120.4482,39.1139],[-120.424,39.0869],[-120.4174,39.0896],[-120.4148,39.0854],[-120.4059,39.0943],[-120.3758,39.0896],[-120.2481,39.0212],[-120.2101,39.0233],[-120.2018,39.0286],[-120.1879,39.0259],[-120.1841,39.029],[-120.1886,39.0286],[-120.191,39.0312],[-120.181,39.0366],[-120.1807,39.0427],[-120.1882,39.0463],[-120.1866,39.0606],[-120.2592,39.0959],[-120.3213,39.138],[-120.3197,39.1471],[-120.3346,39.1641],[-120.3321,39.1674],[-120.3266,39.1577],[-120.3315,39.1717],[-120.3204,39.1785],[-120.3197,39.1938],[-120.2912,39.1868],[-120.2909,39.1818],[-120.2821,39.1836],[-120.2867,39.1777],[-120.2796,39.1783],[-120.2711,39.1643],[-120.2739,39.1601],[-120.2673,39.162],[-120.2575,39.1469],[-120.24,39.1344],[-120.1942,39.1713],[-120.1703,39.1773],[-120.1739,39.1844],[-120.1677,39.193],[-120.1747,39.2025],[-120.1701,39.2081],[-120.1522,39.2081],[-120.149,39.2026],[-120.143,39.2082],[-120.147,39.2118],[-120.133,39.2101],[-120.1382,39.2154],[-120.1318,39.2298],[-120.1351,39.2346],[-120.1178,39.2277],[-120.121,39.2332],[-120.1135,39.239],[-120.0906,39.2407],[-120.0837,39.2364],[-120.0804,39.247],[-120.0648,39.2489],[-120.0386,39.2622],[-120.0416,39.2708],[-120.033,39.2626],[-120.0265,39.2647],[-120.0284,39.2724],[-120.0189,39.2768],[-119.9982,39.2697],[-120.0049,39.2834],[-119.9974,39.2793],[-120.0029,39.3034],[-119.9976,39.3083],[-120.0092,39.3265],[-120.0076,39.333],[-120.0179,39.3426],[-120.0176,39.3547],[-120.0243,39.3637],[-120.0187,39.3674],[-120.028,39.3841],[-120.0225,39.3862],[-120.0276,39.3878],[-120.0398,39.4159],[-120.0267,39.4096],[-120.0268,39.4225],[-120.0434,39.4453],[-120.033,39.4507],[-120.0303,39.4565],[-120.036,39.4579],[-120.028,39.4619],[-120.0348,39.478],[-120.0262,39.4792],[-120.0333,39.4834],[-120.0274,39.4889],[-120.0398,39.4993],[-120.0603,39.54],[-120.0807,39.5668],[-120.086,39.5866],[-120.0772,39.589],[-120.077,39.5942],[-120.0865,39.5908],[-120.0926,39.6006],[-120.1117,39.6586],[-120.1253,39.6815],[-120.1206,39.683],[-120.1539,39.742],[-120.1692,39.7419],[-120.1756,39.7382],[-120.1739,39.7315],[-120.1806,39.733],[-120.1945,39.724],[-120.1901,39.7188],[-120.1956,39.717],[-120.1915,39.7139],[-120.1964,39.7124],[-120.1943,39.696],[-120.201,39.6934],[-120.1955,39.6893],[-120.1969,39.6757],[-120.2277,39.6708],[-120.2329,39.6809],[-120.244,39.6811],[-120.2403,39.6775],[-120.2544,39.6719],[-120.2758,39.674],[-120.2792,39.6818],[-120.2914,39.6823],[-120.2858,39.6753],[-120.3506,39.6719],[-120.3551,39.63],[-120.3667,39.6299],[-120.3675,39.6082],[-120.3612,39.6016],[-120.3676,39.5994],[-120.3643,39.5903],[-120.3808,39.5852],[-120.3911,39.6007],[-120.3966,39.5999],[-120.4311,39.6563],[-120.4235,39.6698],[-120.4216,39.721],[-120.3925,39.7278],[-120.3875,39.8001],[-120.428,39.8025],[-120.4373,39.7926],[-120.4451,39.7939],[-120.4434,39.788],[-120.4487,39.7838],[-120.4637,39.7852],[-120.4787,39.7706],[-120.5011,39.7626],[-120.5036,39.7101],[-120.4973,39.6975],[-120.5015,39.689],[-120.4919,39.6808],[-120.4996,39.6708],[-120.3511,39.4271],[-120.3463,39.413],[-120.3837,39.4003],[-120.3817,39.3962],[-120.3699,39.3997],[-120.3733,39.3963],[-120.3528,39.3664],[-120.3444,39.35],[-120.3469,39.3454],[-120.2714,39.2192],[-120.2826,39.2048],[-120.5722,39.6864],[-120.5906,39.6979],[-120.613,39.6983],[-120.6142,39.693],[-120.6318,39.6916],[-120.6329,39.681],[-120.6444,39.6767],[-120.6411,39.6717],[-120.6636,39.6692],[-120.6683,39.6751],[-120.68,39.6761],[-120.7142,39.7184],[-120.7203,39.7185],[-120.7176,39.7135],[-120.726,39.7152],[-120.7378,39.7249],[-120.7561,39.7251],[-120.7653,39.7315],[-120.769,39.7308],[-120.7662,39.7247],[-120.7706,39.731],[-120.78,39.7291],[-120.7852,39.7376],[-120.7904,39.7369],[-120.7869,39.7302],[-120.8247,39.7283],[-120.8258,39.7215],[-120.8333,39.72],[-120.829,39.706],[-120.8416,39.7208],[-120.8418,39.713],[-120.8305,39.7023],[-120.781,39.6102],[-120.7323,39.5383],[-120.547,39.2273],[-120.5633,39.2302],[-120.5654,39.2249],[-120.5388,39.2139],[-120.5112,39.1705],[-120.5072,39.1718],[-120.5196,39.1957],[-120.5154,39.1928],[-120.4856,39.1401],[-120.4747,39.1407],[-120.4777,39.136],[-120.4674,39.1326],[-120.4515,39.1094],[-120.4473,39.1105]]]]},"properties":{"name":"2014 USFS Tahoe National Forest Lidar","otId":"OTSDEM.032017.26910.2","short":"CA14_Guo","doi":"https://doi.org/10.5069/G9V122Q1","created":"2017-03-28","temporal":"2014-06-10 / 2014-06-30","keywords":"Tahoe National Forest, Sierra County, Yuba County, Nevada County, Placer County, Truckee"}},{"type":"Feature","geometry":{"type":"MultiPolygon","coordinates":[[[[-120.5625,39.677],[-120.5708,39.6768],[-120.5459,39.6322],[-120.341,39.2985],[-120.3161,39.2502],[-120.2779,39.191],[-120.2687,39.1879],[-120.2666,39.2129],[-120.2568,39.213],[-120.2591,39.2214],[-120.2801,39.257],[-120.2879,39.2591],[-120.2875,39.271],[-120.2988,39.2774],[-120.2985,39.286],[-120.3101,39.2866],[-120.3115,39.3112],[-120.3578,39.3834],[-120.3521,39.3917],[-120.3548,39.3974],[-120.3364,39.4057],[-120.3401,39.417],[-120.4836,39.6506],[-120.4887,39.6684],[-120.5016,39.6683],[-120.5087,39.6564],[-120.5263,39.6645],[-120.5328,39.661],[-120.54,39.6719],[-120.5554,39.679],[-120.5625,39.677]]],[[[-120.8239,39.7101],[-120.8291,39.7178],[-120.8585,39.7027],[-120.8592,39.6968],[-120.8654,39.701],[-120.881,39.6921],[-120.889,39.6947],[-120.8893,39.686],[-120.901,39.6859],[-120.9016,39.6769],[-120.9192,39.6772],[-120.9333,39.6624],[-120.9298,39.6558],[-120.9366,39.6613],[-120.937,39.6508],[-120.9544,39.6365],[-120.9573,39.6241],[-120.969,39.6141],[-120.9674,39.609],[-120.9716,39.6133],[-120.9828,39.6067],[-120.99,39.5901],[-121.0054,39.5976],[-121.0007,39.589],[-121.0259,39.5753],[-121.033,39.5632],[-121.044,39.5705],[-121.0416,39.5639],[-121.057,39.5539],[-121.054,39.5612],[-121.0586,39.5625],[-121.0679,39.552],[-121.0684,39.5357],[-121.0628,39.5289],[-121.0665,39.5279],[-121.0641,39.5198],[-120.9821,39.388],[-120.9858,39.384],[-120.9706,39.3584],[-120.9745,39.357],[-120.969,39.3534],[-120.9626,39.323],[-120.9669,39.321],[-120.9573,39.3067],[-120.9584,39.2991],[-120.9393,39.2706],[-120.9338,39.2714],[-120.9275,39.2628],[-120.8516,39.1298],[-120.84,39.1193],[-120.8368,39.1044],[-120.8237,39.091],[-120.8171,39.0749],[-120.8214,39.0709],[-120.8165,39.0651],[-120.8107,39.0141],[-120.8011,38.994],[-120.788,38.9836],[-120.7817,38.99],[-120.7643,38.9896],[-120.7648,38.9933],[-120.7349,38.989],[-120.7367,38.9924],[-120.7302,38.9924],[-120.7328,38.9963],[-120.7137,38.9953],[-120.7065,39.0058],[-120.6975,38.9976],[-120.6984,39.0062],[-120.6787,39.006],[-120.6836,39.0179],[-120.6782,39.0223],[-120.682,39.0431],[-120.6684,39.0579],[-120.6538,39.0595],[-120.6595,39.0631],[-120.6489,39.0684],[-120.6492,39.076],[-120.6417,39.0776],[-120.6414,39.0862],[-120.6356,39.0862],[-120.6366,39.0943],[-120.6307,39.0994],[-120.6333,39.1095],[-120.5942,39.114],[-120.5973,39.1261],[-120.5927,39.1571],[-120.5753,39.1573],[-120.5688,39.1659],[-120.5432,39.1718],[-120.5383,39.1676],[-120.5134,39.1731],[-120.4983,39.1661],[-120.5245,39.2164],[-120.4879,39.2202],[-120.4917,39.2313],[-120.5315,39.227],[-120.5376,39.234],[-120.5717,39.2925],[-120.5827,39.2981],[-120.5746,39.2965],[-120.7313,39.5578],[-120.5909,39.5663],[-120.5864,39.5756],[-120.7437,39.5691],[-120.7409,39.5748],[-120.7521,39.5954],[-120.8239,39.7101]]]]},"properties":{"name":"2013 USFS Tahoe National Forest Lidar","otId":"OTSDEM.032017.26910.1","short":"CA13_Guo","doi":"https://doi.org/10.5069/G9ZS2TF2","created":"2017-03-28","temporal":"2013-10-24 / 2013-11-24","keywords":"Tahoe National Forest, Sierra County, Yuba County, Nevada County, Placer County, Truckee"}},{"type":"Feature","geometry":{"type":"Polygon","coordinates":[[[-110.8023,43.5728],[-110.8121,43.5623],[-110.8064,43.5584],[-110.8081,43.5504],[-110.8454,43.5119],[-110.8631,43.4733],[-110.8699,43.4436],[-110.8175,43.3891],[-110.7775,43.3841],[-110.7352,43.3652],[-110.7295,43.3716],[-110.735,43.3886],[-110.7685,43.3989],[-110.8028,43.4013],[-110.8513,43.4463],[-110.8278,43.5067],[-110.7899,43.5452],[-110.7659,43.6097],[-110.743,43.6324],[-110.7131,43.6443],[-110.7046,43.6587],[-110.717,43.6624],[-110.7615,43.6386],[-110.784,43.614],[-110.8023,43.5728]]]},"properties":{"name":"Snake River, Wyoming","otId":"OTSDEM.112015.26912.1","short":"WY08_SnakeRiver","doi":"https://doi.org/10.5069/G9W95737","created":"2015-12-03","temporal":"2008-08-08 / 2008-09-18","keywords":"LiDAR, bare-earth, Teton Conservation District, Wyoming, Digital Terrain Modeling"}},{"type":"Feature","geometry":{"type":"MultiPolygon","coordinates":[[[[-91.5469,41.6506],[-91.5469,41.6507],[-91.5471,41.6506],[-91.5469,41.6506]]],[[[-91.7384,41.7159],[-91.7488,41.7143],[-91.7098,41.7022],[-91.734,41.7029],[-91.7446,41.7088],[-91.748,41.7056],[-91.7387,41.7008],[-91.7604,41.6929],[-91.7592,41.6883],[-91.7338,41.6982],[-91.7205,41.6897],[-91.7516,41.6866],[-91.7514,41.6826],[-91.7182,41.6862],[-91.706,41.6771],[-91.7139,41.6696],[-91.6896,41.6813],[-91.6784,41.6748],[-91.6492,41.6777],[-91.6474,41.6536],[-91.6515,41.6518],[-91.6419,41.6539],[-91.6427,41.6776],[-91.618,41.6861],[-91.6108,41.6805],[-91.6323,41.6668],[-91.629,41.6644],[-91.6093,41.6768],[-91.5847,41.6668],[-91.6246,41.6644],[-91.6277,41.6556],[-91.621,41.6616],[-91.5895,41.6631],[-91.5941,41.6573],[-91.6058,41.6571],[-91.5932,41.653],[-91.5839,41.6618],[-91.5692,41.6626],[-91.5681,41.6683],[-91.5466,41.6662],[-91.5464,41.6744],[-91.5832,41.6855],[-91.5862,41.6954],[-91.6068,41.6879],[-91.6183,41.6965],[-91.5913,41.7065],[-91.5933,41.7096],[-91.6304,41.6978],[-91.6169,41.7136],[-91.6422,41.706],[-91.6547,41.7078],[-91.6564,41.7032],[-91.6886,41.703],[-91.7384,41.7159]]],[[[-91.8996,41.7578],[-91.9008,41.7666],[-91.906,41.7651],[-91.9045,41.7574],[-91.9198,41.7582],[-91.9287,41.7523],[-91.9496,41.7647],[-91.9926,41.7623],[-91.9915,41.7583],[-91.9529,41.7606],[-91.9291,41.7476],[-91.9348,41.7417],[-91.9404,41.7501],[-91.9633,41.7548],[-91.9655,41.7516],[-91.9408,41.7438],[-91.9409,41.7372],[-91.9518,41.7359],[-91.969,41.7462],[-91.9855,41.7448],[-91.9849,41.7577],[-91.9925,41.7459],[-92.0104,41.7476],[-91.9803,41.7373],[-91.9652,41.7258],[-91.9753,41.7246],[-91.9934,41.7334],[-91.9947,41.7297],[-91.9637,41.7204],[-91.9782,41.7144],[-91.9905,41.7228],[-92.0223,41.7256],[-91.9847,41.713],[-92.0186,41.7084],[-92.0222,41.7024],[-91.9796,41.71],[-91.9746,41.7067],[-91.9816,41.7079],[-91.9817,41.7025],[-91.9712,41.7004],[-91.9478,41.7056],[-91.9439,41.7127],[-91.9346,41.708],[-91.9494,41.688],[-91.9347,41.699],[-91.9279,41.6905],[-91.929,41.7042],[-91.9028,41.7059],[-91.9115,41.6988],[-91.8809,41.7019],[-91.8765,41.7069],[-91.8583,41.6965],[-91.8678,41.7069],[-91.8617,41.7092],[-91.8607,41.7044],[-91.8596,41.713],[-91.8682,41.7095],[-91.8808,41.7149],[-91.8658,41.7173],[-91.8802,41.7192],[-91.8728,41.7258],[-91.878,41.7281],[-91.8871,41.7194],[-91.9016,41.7282],[-91.8928,41.7321],[-91.8987,41.7344],[-91.8929,41.7395],[-91.8985,41.7546],[-91.8869,41.7567],[-91.8996,41.7578]]],[[[-91.9014,41.7689],[-91.906,41.7685],[-91.9061,41.7684],[-91.9014,41.7689]]]]},"properties":{"name":"IML Critical Zone Observatory, Clear Creek Aug 2014 Lidar Survey (532 nm)","otId":"OTSDEM.122016.26915.1b","short":"IA14_Kumar_532","doi":"https://doi.org/10.5069/G9RF5S0N","created":"2017-03-03","temporal":"2014-08-04","keywords":"czo, intensely managed landscapes, critical zone observatory, clear creek, river, watershed"}},{"type":"Feature","geometry":{"type":"Polygon","coordinates":[[[-88.2935,40.3102],[-88.523,40.1156],[-88.535,40.1257],[-88.5395,40.1229],[-88.5536,40.1307],[-88.5528,40.139],[-88.5671,40.1426],[-88.5704,40.1498],[-88.5807,40.1469],[-88.5753,40.1532],[-88.5946,40.1627],[-88.5895,40.1682],[-88.5964,40.1714],[-88.6833,40.1037],[-88.6853,40.0974],[-88.6638,40.0831],[-88.6558,40.0891],[-88.6536,40.0769],[-88.642,40.0769],[-88.6475,40.0724],[-88.6435,40.0685],[-88.6052,40.0481],[-88.6669,39.9908],[-88.6515,39.9801],[-88.6444,39.9825],[-88.6483,39.978],[-88.6437,39.9748],[-88.637,39.9753],[-88.316,40.2488],[-88.2706,40.2893],[-88.2712,40.2939],[-88.2768,40.2902],[-88.2728,40.2938],[-88.2762,40.2962],[-88.2825,40.2947],[-88.2781,40.2991],[-88.2859,40.2981],[-88.2826,40.3032],[-88.2935,40.3102]]]},"properties":{"name":"IML Critical Zone Observatory, Sangamon River, IL Aug 2014 (1064 nm)","otId":"OTSDEM.122016.26916.1","short":"IL14_Kumar_1064","doi":"https://doi.org/10.5069/G9W66HQZ","created":"2017-03-03","temporal":"2014-08-05","keywords":"czo, intensely managed landscapes, critical zone observatory, Sangamon River, watershed, lidar"}},{"type":"Feature","geometry":{"type":"MultiPolygon","coordinates":[[[[-91.5469,41.6506],[-91.5469,41.6507],[-91.5471,41.6506],[-91.5469,41.6506]]],[[[-91.5484,41.668],[-91.5465,41.6666],[-91.5465,41.6684],[-91.5484,41.668]]],[[[-91.5495,41.6725],[-91.5495,41.6725],[-91.5492,41.6755],[-91.5495,41.6725]]],[[[-91.5495,41.6725],[-91.5535,41.6717],[-91.5513,41.6791],[-91.5463,41.6794],[-91.5461,41.6857],[-91.5525,41.6862],[-91.5509,41.7031],[-91.5456,41.7093],[-91.771,41.7128],[-91.7691,41.7003],[-91.7793,41.6837],[-91.7684,41.6804],[-91.7768,41.6796],[-91.7711,41.6652],[-91.778,41.6655],[-91.779,41.655],[-91.5532,41.6507],[-91.5469,41.6521],[-91.5495,41.6725]]],[[[-91.9898,41.7683],[-91.9878,41.7724],[-92.0346,41.7648],[-92.0319,41.7232],[-92.0373,41.7193],[-92.0243,41.7176],[-92.0348,41.7143],[-92.0359,41.691],[-91.9974,41.6906],[-91.9961,41.6824],[-91.9911,41.6823],[-91.9915,41.6904],[-91.8605,41.6903],[-91.8627,41.7299],[-91.8589,41.7376],[-91.8635,41.7391],[-91.8576,41.7387],[-91.8581,41.7495],[-91.8683,41.7499],[-91.8583,41.7502],[-91.8571,41.7672],[-91.9898,41.7683]]]]},"properties":{"name":"IML Critical Zone Observatory, Clear Creek Aug 2014 Lidar Survey (1064 nm)","otId":"OTSDEM.122016.26915.1","short":"IA14_Kumar_1064","doi":"https://doi.org/10.5069/G9RF5S0N","created":"2017-03-03","temporal":"2014-08-02 / 2014-08-03","keywords":"czo, intensely managed landscapes, critical zone observatory, clear creek, river, watershed"}},{"type":"Feature","geometry":{"type":"Polygon","coordinates":[[[-119.8069,37.7636],[-119.8067,37.7685],[-119.8353,37.7693],[-119.8355,37.7641],[-119.8069,37.7636]]]},"properties":{"name":"Yosemite Rim Fire, Smithsonian Forest lidar 2013","otId":"OTSDEM.022017.26910.3","short":"CA13_Ramirez_SF","doi":"https://doi.org/10.5069/G9V69GJ4","created":"2017-03-06","temporal":"2013-11-06 / 2013-11-24","keywords":"yosemite, forest fire, wildfire, national park, Stanislaus National Forest, lidar"}},{"type":"Feature","geometry":{"type":"MultiPolygon","coordinates":[[[[-119.7274,37.6967],[-119.7273,37.6965],[-119.7272,37.6966],[-119.7274,37.6967]]],[[[-119.7274,37.6967],[-119.7222,37.6968],[-119.7277,37.7077],[-119.7553,37.7383],[-119.7506,37.7465],[-119.7339,37.754],[-119.6949,37.7261],[-119.6711,37.7317],[-119.6744,37.7347],[-119.6671,37.7401],[-119.6714,37.7411],[-119.6673,37.7481],[-119.7009,37.7728],[-119.6906,37.7809],[-119.695,37.7838],[-119.6843,37.7985],[-119.6724,37.7964],[-119.6821,37.8056],[-119.6766,37.8074],[-119.6789,37.8131],[-119.6713,37.8217],[-119.6807,37.8422],[-119.666,37.8376],[-119.6594,37.8416],[-119.6661,37.8467],[-119.6507,37.8479],[-119.6379,37.8605],[-119.6315,37.86],[-119.6356,37.8636],[-119.6297,37.8642],[-119.6239,37.8744],[-119.6277,37.8866],[-119.6227,37.8901],[-119.6262,37.901],[-119.6221,37.9035],[-119.7001,37.9649],[-119.6986,37.9733],[-119.7099,37.9739],[-119.7096,37.982],[-119.7181,37.9775],[-119.73,37.9916],[-119.7719,38.0186],[-119.7637,38.0175],[-119.7823,38.0424],[-119.779,38.0474],[-119.7848,38.0509],[-119.7836,38.0566],[-119.803,38.0688],[-119.8006,38.0718],[-119.8074,38.0709],[-119.8232,38.0816],[-119.8327,38.0841],[-119.8329,38.0796],[-119.8383,38.0815],[-119.8487,38.0721],[-119.8563,38.0768],[-119.8608,38.0703],[-119.8717,38.079],[-119.9492,38.1062],[-119.9699,38.1055],[-119.9754,38.1013],[-119.9699,38.0994],[-119.9724,38.0951],[-119.991,38.0899],[-120.0346,38.1084],[-120.0548,38.1089],[-120.0581,38.1],[-120.0942,38.0806],[-120.1004,38.0825],[-120.1037,38.0795],[-120.0985,38.076],[-120.1042,38.0774],[-120.1067,38.0702],[-120.1135,38.0743],[-120.1312,38.0579],[-120.1389,38.0635],[-120.1347,38.0547],[-120.151,38.0472],[-120.1516,38.0308],[-120.1466,38.0262],[-120.1517,38.0207],[-120.1452,38.02],[-120.1435,38.005],[-120.18,37.9737],[-120.1794,37.9652],[-120.1884,37.9614],[-120.1927,37.9466],[-120.2123,37.9422],[-120.2191,37.9485],[-120.2233,37.9436],[-120.233,37.9511],[-120.2439,37.9467],[-120.2526,37.9515],[-120.261,37.935],[-120.2693,37.9307],[-120.2705,37.9215],[-120.2752,37.925],[-120.2757,37.9182],[-120.2811,37.9174],[-120.2815,37.9075],[-120.2929,37.9074],[-120.2917,37.8986],[-120.2789,37.8893],[-120.2825,37.8802],[-120.2601,37.8796],[-120.2226,37.8535],[-120.0769,37.7789],[-120.0553,37.7626],[-120.0107,37.7442],[-119.9918,37.7296],[-119.989,37.7345],[-119.9785,37.7286],[-119.8782,37.726],[-119.8785,37.7304],[-119.869,37.7323],[-119.8709,37.7287],[-119.8609,37.7318],[-119.8452,37.7259],[-119.8337,37.7327],[-119.8224,37.7294],[-119.8231,37.7353],[-119.8042,37.7296],[-119.7424,37.6907],[-119.7274,37.6967]]]]},"properties":{"name":"Yosemite Rim Fire lidar 2013","otId":"OTSDEM.022017.26910.2","short":"CA13_Ramirez","doi":"https://doi.org/10.5069/G9V69GJ4","created":"2017-03-06","temporal":"2013-11-06 / 2013-11-24","keywords":"yosemite, forest fire, wildfire, national park, Stanislaus National Forest, lidar"}},{"type":"Feature","geometry":{"type":"MultiPolygon","coordinates":[[[[-88.61,40.1712],[-88.6106,40.1712],[-88.6085,40.1712],[-88.61,40.1712]]],[[[-88.287,40.2972],[-88.2892,40.3049],[-88.3123,40.2817],[-88.3332,40.2699],[-88.3648,40.2352],[-88.3833,40.2366],[-88.3685,40.2315],[-88.4049,40.1938],[-88.4209,40.1869],[-88.4464,40.1908],[-88.4395,40.1815],[-88.4715,40.151],[-88.4878,40.1449],[-88.5082,40.1131],[-88.5373,40.1057],[-88.5427,40.1171],[-88.5473,40.1169],[-88.5446,40.1041],[-88.5557,40.1005],[-88.5437,40.0998],[-88.5426,40.0947],[-88.5715,40.0715],[-88.58,40.0535],[-88.5956,40.0692],[-88.6062,40.0715],[-88.6113,40.0832],[-88.621,40.0893],[-88.6174,40.0884],[-88.6174,40.0949],[-88.6413,40.0989],[-88.6519,40.1068],[-88.6372,40.126],[-88.6083,40.1423],[-88.5716,40.1496],[-88.6043,40.1506],[-88.6132,40.1457],[-88.6136,40.153],[-88.5866,40.1636],[-88.6128,40.1575],[-88.6097,40.1703],[-88.6193,40.171],[-88.6155,40.1694],[-88.6214,40.162],[-88.6176,40.1593],[-88.6233,40.1404],[-88.6487,40.1241],[-88.6534,40.1303],[-88.6591,40.1133],[-88.6697,40.1203],[-88.6728,40.1181],[-88.6627,40.1071],[-88.6671,40.0962],[-88.6628,40.0951],[-88.6588,40.1037],[-88.6582,40.095],[-88.6525,40.0971],[-88.6408,40.0857],[-88.637,40.0888],[-88.642,40.0907],[-88.6347,40.0888],[-88.6221,40.0773],[-88.6197,40.0708],[-88.6295,40.0674],[-88.618,40.0659],[-88.6156,40.0577],[-88.611,40.059],[-88.6115,40.0664],[-88.6063,40.0653],[-88.5831,40.0452],[-88.6043,40.0185],[-88.6635,39.9992],[-88.6633,39.9948],[-88.6555,39.9968],[-88.6524,39.9925],[-88.6,40.0117],[-88.5734,40.0391],[-88.5587,40.0277],[-88.5641,40.0368],[-88.5597,40.0397],[-88.5672,40.0441],[-88.5098,40.0706],[-88.5143,40.0733],[-88.5701,40.0476],[-88.5654,40.0604],[-88.543,40.0813],[-88.5318,40.0717],[-88.5319,40.0793],[-88.5381,40.0806],[-88.5336,40.092],[-88.5027,40.108],[-88.453,40.1562],[-88.443,40.1594],[-88.4338,40.1759],[-88.4142,40.18],[-88.4192,40.1733],[-88.413,40.1707],[-88.4066,40.1799],[-88.3872,40.1824],[-88.3905,40.189],[-88.4011,40.1861],[-88.3536,40.2315],[-88.3376,40.2319],[-88.351,40.236],[-88.3174,40.2693],[-88.2964,40.2865],[-88.2713,40.2976],[-88.287,40.2972]]]]},"properties":{"name":"IML Critical Zone Observatory, Sangamon River, IL Aug 2014 (532 nm)","otId":"OTSDEM.122016.26916.1b","short":"IL14_Kumar_532","doi":"https://doi.org/10.5069/G9W66HQZ","created":"2017-03-03","temporal":"2014-08-04","keywords":"czo, intensely managed landscapes, critical zone observatory, Sangamon River, watershed, lidar"}},{"type":"Feature","geometry":{"type":"Polygon","coordinates":[[[-180,-56],[-180,60],[180,60],[180,-56],[-180,-56]]]},"properties":{"name":"Shuttle Radar Topography Mission (SRTM GL1) Global 30m Ellipsoidal","otId":"OTSRTM.082016.4326.1","short":"SRTM_GL1_Ellip","doi":"https://doi.org/10.5069/G9445JDF","created":"2013-04-01","temporal":"2000-02-11 / 2000-02-22","keywords":"The Shuttle Radar Topography Mission, SRTM, ellipsoid, ellipsoidal, global, lidar"}},{"type":"Feature","geometry":{"type":"Polygon","coordinates":[[[-180,-84],[-180,84],[180,84],[180,-84],[-180,-84]]]},"properties":{"name":"ALOS World 3D - 30m","otId":"OTALOS.112016.4326.2","short":"AW3D30","doi":"https://doi.org/10.5069/G94M92HB","created":"2016-12-07","temporal":"2006-01-01 / 2011-01-01","keywords":"global, dsm, lidar"}},{"type":"Feature","geometry":{"type":"MultiPolygon","coordinates":[[[[166.293606588,-77.948218301],[166.301603801,-77.947226271],[166.301405897,-77.93898271],[166.306333047,-77.938040606],[166.290539108,-77.939429442],[166.287852065,-77.931766863],[166.344190794,-77.93020317],[166.329801882,-77.929591733],[166.329706362,-77.920507566],[166.849990016,-77.920072655],[166.867962948,-77.921671627],[166.871889344,-77.928450389],[166.924551045,-77.928978334],[166.925956692,-77.937870472],[166.918644104,-77.93829891],[166.918025894,-77.946324519],[166.926956434,-77.946506966],[166.926536122,-77.955638176],[166.915096667,-77.958204706],[166.942373132,-77.956637589],[166.946183909,-77.965889105],[166.918974126,-77.967955866],[166.947347434,-77.968709319],[166.958251548,-77.99551527],[166.950513895,-77.996485726],[166.954520762,-78.002254799],[166.794877437,-78.005747935],[166.797247718,-78.013867001],[166.876304056,-78.013084194],[166.876567301,-78.022267479],[166.860284976,-78.022933954],[166.564187063,-78.025820778],[166.463473643,-78.022434972],[166.454515742,-78.014496391],[166.348715403,-78.014827736],[166.34572383,-77.997172414],[166.325445669,-77.996398545],[166.325672224,-77.988160803],[166.315980615,-77.988038419],[166.317582001,-77.979418124],[166.307830803,-77.978731591],[166.308834716,-77.970125887],[166.301230944,-77.969881657],[166.293606588,-77.948218301]]],[[[166.625837068,-77.859658129],[166.627152925,-77.843884792],[166.639489878,-77.830064348],[166.636250376,-77.823752384],[166.646811193,-77.794506228],[166.700434779,-77.796961097],[166.714497939,-77.806177897],[166.736835588,-77.800604603],[166.773502991,-77.807623458],[166.774891023,-77.796805066],[166.864982547,-77.803899591],[166.843387177,-77.860434591],[166.823794895,-77.86413995],[166.829040507,-77.865781119],[166.824383627,-77.875614425],[166.761817833,-77.872004849],[166.774048237,-77.873911311],[166.699659856,-77.878260077],[166.659342716,-77.874806485],[166.661247473,-77.867213794],[166.648614533,-77.865687457],[166.651797873,-77.8619263],[166.625837068,-77.859658129]]],[[[166.059698241,-77.523729311],[166.117216873,-77.518900511],[166.111280497,-77.513888004],[166.158822413,-77.506425026],[166.187012281,-77.517922889],[166.217230464,-77.513489769],[166.298291326,-77.536226954],[166.356260477,-77.534995779],[166.313640226,-77.542328005],[166.415837659,-77.579865486],[166.389667825,-77.583025236],[166.359621166,-77.572477145],[166.40545356,-77.589973465],[166.38218563,-77.593165959],[166.367726426,-77.586692402],[166.354354773,-77.587970258],[166.386035057,-77.595073875],[166.546907657,-77.654192601],[166.458864093,-77.663996109],[166.42475054,-77.650076844],[166.380807314,-77.641528743],[166.169965306,-77.563629034],[166.121149453,-77.562047794],[166.118420628,-77.556137315],[166.146382533,-77.555387736],[166.059698241,-77.523729311]]],[[[163.49664026,-78.258186937],[163.506177516,-78.254219287],[163.511575897,-78.244000033],[163.507152083,-78.241691865],[163.528200692,-78.23439503],[163.522751504,-78.229633869],[163.528011631,-78.227937147],[163.524995343,-78.223197391],[163.58170541,-78.185450087],[163.587029506,-78.168833385],[163.621578936,-78.150167784],[163.623281006,-78.137451493],[163.643816898,-78.123082294],[163.644174686,-78.114808087],[163.670134081,-78.092262104],[163.677167247,-78.078577051],[163.704000002,-78.061362481],[163.702400734,-78.048891937],[163.723236206,-78.037873847],[163.738219642,-78.018125693],[163.757247533,-78.008615261],[163.759768244,-78.001849725],[163.786501535,-77.990138578],[163.819127906,-77.964266034],[163.849529787,-77.924440405],[163.903134126,-77.880735338],[163.900862234,-77.876813232],[163.91212917,-77.866959716],[163.900993198,-77.862610887],[163.90900309,-77.861161863],[163.903892976,-77.855414346],[163.91925577,-77.852415584],[163.91506126,-77.847969492],[163.929141683,-77.843528572],[163.924410876,-77.837832392],[163.934196404,-77.833881031],[164.044128906,-77.833270139],[164.03936288,-77.827489956],[164.045214466,-77.82574035],[164.100482644,-77.830280027],[164.128046108,-77.821614954],[164.206631171,-77.826495201],[164.189087539,-77.82279401],[164.271977884,-77.823513338],[164.277554261,-77.82401547],[164.262353248,-77.827913932],[164.275713105,-77.831764555],[164.289609224,-77.829782625],[164.293395264,-77.824407629],[164.336504433,-77.825442447],[164.352100065,-77.829198724],[164.340160061,-77.831737503],[164.37948101,-77.834622376],[164.367898157,-77.838311554],[164.377532077,-77.841473747],[164.452331572,-77.841013007],[164.461610404,-77.834649392],[164.521049656,-77.83075096],[164.610614068,-77.838565842],[164.600257462,-77.84294849],[164.641193562,-77.85895187],[164.620961096,-77.877403685],[164.645438732,-77.878493785],[164.650642874,-77.902712917],[164.628633714,-77.929785511],[164.614613988,-77.934243383],[164.605182843,-77.952654545],[164.591594995,-77.966938984],[164.579360354,-77.970542615],[164.580392385,-77.977982217],[164.565350436,-77.995288894],[164.543866941,-78.006668919],[164.542764062,-78.017873675],[164.526566785,-78.026929634],[164.514960956,-78.042470736],[164.508200814,-78.042933322],[164.507968652,-78.051147063],[164.482907605,-78.075564946],[164.472317991,-78.079131787],[164.470958047,-78.088180181],[164.446753486,-78.106076675],[164.409557884,-78.112130687],[164.408610288,-78.11793295],[164.394528716,-78.124634879],[164.395447572,-78.129990893],[164.336236038,-78.130961606],[164.333178982,-78.139511752],[164.318079134,-78.148450548],[164.256457122,-78.152537623],[164.265369694,-78.155063743],[164.217099578,-78.169345873],[164.185155899,-78.171090392],[164.18669079,-78.179778027],[164.091127505,-78.174515838],[164.088349667,-78.170729113],[164.103219437,-78.168992986],[164.125160867,-78.148076349],[164.100463091,-78.149209034],[164.096513675,-78.156019591],[164.100168692,-78.159321587],[164.079617501,-78.166145535],[164.082869891,-78.168640423],[164.074899347,-78.170415414],[164.078178615,-78.172301984],[164.057373326,-78.190937161],[164.043238678,-78.192741953],[164.045581866,-78.198111988],[163.94815282,-78.207593356],[163.95511448,-78.210290575],[163.924272231,-78.217581163],[163.930521964,-78.219224562],[163.876308278,-78.222603493],[163.860015198,-78.235877026],[163.739961876,-78.238781893],[163.732683602,-78.244771736],[163.759388566,-78.248852719],[163.700998433,-78.254097959],[163.704536449,-78.258408525],[163.66578981,-78.266479083],[163.706059278,-78.27266803],[163.650483187,-78.280273513],[163.608515307,-78.272303314],[163.603151282,-78.274897654],[163.614592184,-78.280011849],[163.607125908,-78.282204578],[163.527195531,-78.279942073],[163.565228867,-78.264565796],[163.585459433,-78.26412964],[163.583487883,-78.249259842],[163.58759186,-78.247151197],[163.580564468,-78.243154421],[163.601801692,-78.233373422],[163.604780424,-78.225352883],[163.63007636,-78.207142078],[163.645282383,-78.202196703],[163.63436456,-78.19844328],[163.606094726,-78.208421085],[163.607862688,-78.214874702],[163.582984587,-78.226467291],[163.579705327,-78.23260061],[163.583380337,-78.237047871],[163.562818911,-78.244586263],[163.565955328,-78.246331543],[163.556689842,-78.259994104],[163.545374465,-78.266909881],[163.500749209,-78.268505609],[163.49664026,-78.258186937]]],[[[164.363178374,-77.831400918],[164.366417726,-77.830471923],[164.373103858,-77.830393481],[164.371507995,-77.831498404],[164.363178374,-77.831400918]]],[[[164.365605816,-77.82882735],[164.369951365,-77.828622574],[164.372288974,-77.829512034],[164.365605816,-77.82882735],[164.365605816,-77.82882735]]],[[[164.359314801,-77.830663903],[164.361237874,-77.830782684],[164.360878459,-77.830888858],[164.359314801,-77.830663903]]],[[[164.280983586,-77.826784485],[164.282808923,-77.826545951],[164.28541741,-77.82751634],[164.280983586,-77.826784485]]],[[[164.269750223,-77.828318627],[164.276172167,-77.827649788],[164.278099908,-77.829757074],[164.278099908,-77.829757074],[164.269750223,-77.828318627]]],[[[160.105465709,-77.922061865],[160.129838571,-77.912733729],[160.19221575,-77.912360931],[160.188235993,-77.906472097],[160.217110673,-77.899833703],[160.22283509,-77.893495851],[160.263690203,-77.886086109],[160.388949921,-77.842028676],[160.398383836,-77.834618458],[160.416828463,-77.834494294],[160.409835834,-77.831370095],[160.436447115,-77.827296042],[160.445462122,-77.821325416],[160.441984137,-77.819085057],[160.485850418,-77.808368852],[160.506579278,-77.796025703],[160.52891817,-77.793074348],[160.520895603,-77.787957774],[160.549336363,-77.786929526],[160.544615844,-77.784650027],[160.548518251,-77.781359979],[160.595281166,-77.770430717],[160.592776851,-77.766011794],[160.608560649,-77.764149412],[160.603992308,-77.760486361],[160.622867894,-77.756143662],[160.618532767,-77.754588601],[160.637414297,-77.755200549],[160.628966202,-77.749818952],[160.684188726,-77.739311935],[160.68581961,-77.733702258],[160.7779651,-77.727271824],[160.856540912,-77.738964365],[160.88538264,-77.728988397],[160.922064553,-77.729109651],[160.878960273,-77.744844038],[160.93438424,-77.734779754],[160.990892957,-77.743597205],[160.984988424,-77.747296676],[161.043904843,-77.750105996],[161.038733018,-77.755013529],[161.051486754,-77.757352367],[160.975755366,-77.786675677],[160.900983087,-77.804540091],[160.909081231,-77.809319258],[160.904564792,-77.810575347],[160.948993481,-77.80206413],[161.08573418,-77.754411988],[161.14438565,-77.762271459],[161.134065167,-77.768111414],[161.154276748,-77.771316368],[161.218795041,-77.757878751],[161.279348343,-77.757176897],[161.464275916,-77.737039701],[160.948091495,-77.709671694],[160.948561094,-77.703453384],[160.971574948,-77.696071976],[161.008950076,-77.688459304],[161.048087949,-77.687964532],[161.040067355,-77.686764288],[161.060388403,-77.677490229],[161.532054021,-77.695777341],[161.689412135,-77.707373627],[161.751139991,-77.706144282],[162.431746152,-77.635151209],[162.49925477,-77.632208678],[162.828115103,-77.590769999],[162.946491624,-77.581739144],[163.119614939,-77.559764232],[163.226960008,-77.553206973],[163.273267366,-77.543947684],[163.853756862,-77.484818366],[163.860594907,-77.487282452],[163.866213426,-77.525628709],[163.842643383,-77.528534712],[163.851214303,-77.53247015],[163.660456218,-77.552354187],[163.757194071,-77.544468153],[163.767915224,-77.549838252],[163.650536734,-77.561920472],[163.66472744,-77.568286996],[163.648311601,-77.571555939],[163.6590704,-77.573496358],[163.725658941,-77.565164729],[163.738849005,-77.568980267],[163.771278699,-77.565772128],[163.786019371,-77.571402407],[163.724671188,-77.578187443],[163.737615336,-77.584732322],[163.786780687,-77.582007906],[163.791571973,-77.585973451],[163.715515286,-77.593954185],[163.792203187,-77.590042002],[163.793305555,-77.597146096],[163.777391097,-77.599386542],[163.79478059,-77.607309006],[163.772415789,-77.611853379],[163.618800198,-77.623249378],[163.234119709,-77.66885224],[161.941570555,-77.798390532],[161.725086111,-77.82895386],[161.620047871,-77.829507816],[161.617296247,-77.837343887],[161.533958146,-77.838325662],[161.531363494,-77.845735646],[161.491222612,-77.847106911],[161.442122093,-77.854678524],[161.445651311,-77.855495545],[161.319314683,-77.855813758],[161.318325122,-77.846830422],[161.258053026,-77.846698111],[161.324769709,-77.83840741],[161.324564909,-77.836641338],[161.234341836,-77.844679086],[161.234776107,-77.839097901],[161.280198351,-77.834082594],[161.234757552,-77.83758698],[161.235268215,-77.829186678],[161.192829799,-77.828588095],[161.193202879,-77.822778881],[161.200459501,-77.82214793],[161.193316468,-77.821338041],[161.193965056,-77.811165252],[161.151638108,-77.81054617],[161.152171064,-77.802058655],[161.109803515,-77.801452224],[161.110143087,-77.797554078],[161.085350681,-77.801855284],[161.09098686,-77.805564758],[161.048246902,-77.820024233],[161.046174446,-77.819717654],[161.029829049,-77.823496607],[161.042218915,-77.824952544],[160.64654829,-77.953052176],[160.623267359,-77.966047761],[160.569187077,-77.975985002],[160.468643537,-77.967407327],[160.487046675,-77.958185037],[160.397447932,-77.942435961],[160.379517233,-77.944780956],[160.343961646,-77.938126323],[160.316339119,-77.948977768],[160.267666517,-77.939851934],[160.282050973,-77.930467864],[160.309653984,-77.92686062],[160.353388351,-77.910589804],[160.333036438,-77.910011242],[160.343015848,-77.903566399],[160.251187618,-77.937313212],[160.168158692,-77.924837974],[160.116240466,-77.928416632],[160.105465709,-77.922061865]]],[[[161.048246902,-77.820024233],[161.049042834,-77.820236468],[161.046722042,-77.820390059],[161.048246902,-77.820024233],[161.048246902,-77.820024233]]],[[[161.09098686,-77.805564758],[161.090206821,-77.80631686],[161.090340482,-77.805940957],[161.09098686,-77.805564758]]],[[[161.526560431,-77.846544817],[161.524466067,-77.847005357],[161.524439178,-77.846985061],[161.526560431,-77.846544817]]],[[[161.318210456,-77.837508686],[161.318533503,-77.837406854],[161.320808933,-77.83776975],[161.318210456,-77.837508686]]],[[[163.860223959,-77.484747643],[163.860255459,-77.484962559],[163.859232506,-77.48475447],[163.860223959,-77.484747643]]],[[[160.47621186,-77.269728949],[160.482751987,-77.263471139],[160.522290768,-77.261225359],[160.540419959,-77.271550801],[160.597664571,-77.27898157],[160.622801528,-77.274224539],[160.57729177,-77.27047438],[160.578043156,-77.264188876],[160.659396975,-77.262294817],[160.65967764,-77.270913358],[160.740119378,-77.274909725],[160.884169922,-77.302871818],[160.947769366,-77.320917612],[161.150479372,-77.323581342],[161.240965953,-77.336677375],[161.357749355,-77.345291275],[161.390339499,-77.357742185],[161.419305291,-77.354378393],[161.422830793,-77.349668884],[161.395278368,-77.345946243],[161.412430288,-77.338909082],[161.397250145,-77.312850899],[161.405919281,-77.30713908],[161.400081157,-77.301690473],[161.403230211,-77.298977242],[161.380471343,-77.28583275],[161.382959772,-77.28003575],[161.368875394,-77.270425312],[161.36552886,-77.264537592],[161.369296858,-77.261806607],[161.361297245,-77.256873697],[161.368569018,-77.254775265],[161.360399496,-77.250710788],[161.360794911,-77.241538934],[161.352936903,-77.233755993],[161.377160256,-77.232073475],[161.368637525,-77.226294367],[161.37212311,-77.222563304],[161.38832724,-77.221087991],[161.446720331,-77.219967799],[161.480165957,-77.226147055],[161.487644232,-77.225633376],[161.48155445,-77.222436742],[161.485813577,-77.218767856],[161.517107389,-77.213130913],[161.559661964,-77.211904744],[161.567798841,-77.220907703],[161.612970823,-77.215500126],[161.619989789,-77.221811743],[161.661390022,-77.220508729],[161.658807138,-77.225892577],[161.67020182,-77.232563617],[161.694865583,-77.226483826],[161.704346594,-77.229581814],[161.718230966,-77.229647657],[161.712398235,-77.227449624],[161.720052592,-77.230080152],[161.712379668,-77.232518236],[161.730071665,-77.23521609],[161.72976342,-77.240197482],[161.739648674,-77.243170088],[161.78639136,-77.243694956],[161.782300099,-77.246506298],[161.789211712,-77.249861439],[161.784031956,-77.251445734],[161.796753318,-77.266487394],[161.796572874,-77.282869808],[161.823382762,-77.30507419],[161.820282122,-77.319634024],[161.838761245,-77.328166749],[161.838250417,-77.334959129],[161.850922674,-77.336970689],[161.848547015,-77.346629625],[162.318381625,-77.339457174],[162.317778765,-77.344787189],[162.366132853,-77.349546438],[162.3866604,-77.348537639],[162.392232955,-77.346086932],[162.380741662,-77.344450088],[162.400974007,-77.339143414],[162.396334504,-77.336840706],[162.435376079,-77.336696325],[162.426027396,-77.339395902],[162.431915523,-77.345089403],[162.441623618,-77.342992165],[162.436597423,-77.341089913],[162.44674865,-77.336633465],[162.445254179,-77.341940493],[162.452520658,-77.343251046],[162.447006082,-77.345947183],[162.454780481,-77.346823294],[162.449160824,-77.350189635],[162.521759585,-77.349303321],[162.5208762,-77.359075892],[162.51115414,-77.361475555],[162.524148315,-77.363849972],[162.52553419,-77.375392561],[162.478896092,-77.377479402],[162.532058155,-77.381070547],[162.533061923,-77.385326148],[162.524222775,-77.38567895],[162.533461641,-77.393526351],[162.478444962,-77.394844935],[162.477702723,-77.402123646],[162.482969558,-77.403737074],[162.594195073,-77.401128076],[162.558080015,-77.40695939],[162.566203713,-77.409753745],[162.610400782,-77.401320712],[162.603447191,-77.399941133],[162.68014592,-77.397368511],[162.685603716,-77.394671862],[162.682628843,-77.38989622],[162.706683798,-77.394114237],[162.758678812,-77.38964419],[162.745447306,-77.385197833],[162.773379501,-77.381658078],[162.785633542,-77.385655627],[162.881844962,-77.375870737],[162.970943079,-77.40888534],[162.967046011,-77.410666505],[162.985954394,-77.407359777],[162.989400711,-77.451399245],[163.030576899,-77.453121193],[162.686599245,-77.488272037],[162.555887904,-77.512152193],[162.172107109,-77.550919323],[162.136886648,-77.559840064],[162.001221273,-77.560981371],[161.541490065,-77.586065979],[160.624637211,-77.589527843],[160.625119783,-77.584681735],[160.598245031,-77.580517477],[160.608802845,-77.578939051],[160.610535953,-77.573273765],[160.58492069,-77.572130008],[160.585953359,-77.5623928],[160.629078305,-77.552309152],[160.63316312,-77.510931361],[160.657488756,-77.511560502],[160.658984668,-77.50584005],[161.414150227,-77.506113564],[161.56939254,-77.499156607],[161.567067543,-77.481019889],[161.556229426,-77.468326206],[161.532602049,-77.449935561],[161.515578818,-77.443866813],[160.815579026,-77.500847065],[160.797246248,-77.488469499],[160.761891443,-77.488533864],[160.73629256,-77.481408266],[160.742974738,-77.475071487],[160.759120272,-77.473881028],[160.738637491,-77.469660359],[160.760682758,-77.467242226],[160.729447691,-77.469080722],[160.72378012,-77.466540293],[160.743632485,-77.463846853],[160.720772647,-77.464149288],[160.721169481,-77.459674398],[160.687384597,-77.45501621],[160.698704939,-77.4528525],[160.689306357,-77.450154064],[160.696866752,-77.444961339],[160.681930938,-77.440836149],[160.68233171,-77.436862315],[160.717411639,-77.427873109],[160.68312097,-77.430321486],[160.68386748,-77.421762744],[161.158039171,-77.38206293],[161.093490231,-77.371670435],[160.802927383,-77.35846726],[160.708169918,-77.332573184],[160.600498069,-77.315978718],[160.532285004,-77.297121787],[160.489341689,-77.291224492],[160.518624937,-77.282841179],[160.47621186,-77.269728949]]],[[[162.599440459,-77.403286815],[162.598327375,-77.403259184],[162.598673169,-77.402373817],[162.599440459,-77.403286815]]],[[[162.564595896,-77.407756296],[162.56650668,-77.40798994],[162.56650668,-77.40798994],[162.56603614,-77.40859858],[162.564595896,-77.407756296]]],[[[161.804956963,-77.28644453],[161.804956963,-77.28644453],[161.807040505,-77.286120444],[161.806663127,-77.286582229],[161.804956963,-77.28644453]]],[[[161.712398235,-77.227449624],[161.711951052,-77.227337597],[161.714299891,-77.225865907],[161.712146158,-77.227362972],[161.712398235,-77.227449624]]],[[[161.807040505,-77.286120444],[161.807847433,-77.285132927],[161.809012486,-77.285813682],[161.809012486,-77.285813682],[161.807040505,-77.286120444]]],[[[162.318381625,-77.339457174],[162.318252879,-77.338912619],[162.353417702,-77.337698149],[162.357670225,-77.338856119],[162.318381625,-77.339457174]]],[[[160.518489436,-77.641984067],[160.575262837,-77.642099606],[160.573680377,-77.636573806],[160.524742324,-77.637674042],[160.525276198,-77.628792743],[160.586095494,-77.627628031],[160.586983477,-77.620747104],[160.698687656,-77.620956536],[160.695776746,-77.624668969],[160.716694114,-77.628488345],[160.771272296,-77.627876685],[160.771971116,-77.634093035],[160.786733562,-77.634056526],[160.786955744,-77.629435497],[160.77815209,-77.628588879],[160.785026786,-77.626705028],[160.814196004,-77.630425838],[160.796125658,-77.6338653],[160.819624162,-77.636690376],[160.883618409,-77.628098635],[160.867555745,-77.628331578],[160.864892078,-77.625726851],[160.872975189,-77.62325794],[160.862209623,-77.619304906],[160.912454161,-77.618890252],[160.918731298,-77.620432098],[160.906694762,-77.625475787],[160.932297781,-77.626318388],[160.925535271,-77.631160453],[160.946184265,-77.63632344],[160.952698646,-77.626929262],[160.948482426,-77.622688133],[160.938205205,-77.625540952],[160.944992661,-77.619695366],[160.976222957,-77.618793515],[160.952051183,-77.628280426],[160.96677246,-77.634113962],[161.021588388,-77.634693417],[161.029686921,-77.631405584],[161.003907096,-77.629462815],[161.015589494,-77.625635466],[161.011838311,-77.623499083],[161.015940099,-77.619535704],[161.063208659,-77.617544596],[161.104195867,-77.618451418],[161.109834399,-77.619595023],[161.097946424,-77.619245441],[161.094943333,-77.625820472],[161.120641597,-77.62543782],[161.112444874,-77.623691612],[161.123077837,-77.62145505],[161.122033976,-77.62578304],[161.134737495,-77.625983419],[161.134503478,-77.630003124],[161.119640247,-77.632104997],[161.128330068,-77.634233885],[161.125802124,-77.636723247],[161.147072857,-77.633305925],[161.158379245,-77.639407638],[161.194894748,-77.639014003],[161.199710457,-77.636713698],[161.189673583,-77.63719918],[161.188395723,-77.63300538],[161.163125973,-77.63377909],[161.178666659,-77.631950474],[161.148729053,-77.629657398],[161.152013477,-77.626656478],[161.121749711,-77.62063276],[161.165731124,-77.618396558],[161.16716023,-77.622808308],[161.144773192,-77.623545913],[161.177536057,-77.627111283],[161.212646859,-77.625024568],[161.216016857,-77.618238749],[161.559540735,-77.617396378],[161.558368417,-77.62906094],[161.503683622,-77.631864593],[161.566984017,-77.632021297],[161.566437992,-77.639352753],[161.585478519,-77.640456168],[161.561285637,-77.652783053],[161.505949005,-77.659093574],[161.217002996,-77.656249004],[160.880257523,-77.661136209],[160.607136408,-77.659893737],[160.574416797,-77.651461573],[160.519744667,-77.652902539],[160.518489436,-77.641984067]]],[[[160.602299916,-77.659161982],[160.601544926,-77.659417395],[160.601136314,-77.659236174],[160.602299916,-77.659161982]]],[[[161.14114539,-77.625606896],[161.14114539,-77.625606896],[161.141850369,-77.626356672],[161.140958405,-77.626477144],[161.14114539,-77.625606896]]],[[[160.785026786,-77.626705028],[160.784186028,-77.624166945],[160.798931938,-77.622681317],[160.78734282,-77.624455908],[160.785026786,-77.626705028]]],[[[161.45833149,-77.852839826],[161.457230595,-77.853431986],[161.458252088,-77.852796396],[161.45833149,-77.852839826]]],[[[161.188822292,-77.622861736],[161.18912348,-77.622267578],[161.19049439,-77.622783115],[161.188822292,-77.622861736],[161.188822292,-77.622861736]]],[[[161.186900634,-77.621153327],[161.189049587,-77.620636346],[161.190264475,-77.621046277],[161.186900634,-77.621153327]]],[[[161.178451955,-77.62244216],[161.178451955,-77.62244216],[161.185541142,-77.622304066],[161.184049548,-77.623568298],[161.178451955,-77.62244216]]],[[[161.181849164,-77.620392543],[161.183943351,-77.620546408],[161.182312406,-77.620690075],[161.181849164,-77.620392543]]],[[[161.179252803,-77.635233486],[161.180840822,-77.63516863],[161.182187543,-77.635383579],[161.179252803,-77.635233486],[161.179252803,-77.635233486]]],[[[161.167731599,-77.620416387],[161.168792695,-77.618518949],[161.176241836,-77.618509917],[161.172678789,-77.620147209],[161.167731599,-77.620416387]]],[[[161.168563655,-77.636704562],[161.171061816,-77.635366736],[161.175165082,-77.637040579],[161.170323302,-77.637349553],[161.168563655,-77.636704562]]],[[[161.169595432,-77.63837071],[161.171499876,-77.637956437],[161.171572031,-77.638212654],[161.169595432,-77.63837071]]],[[[161.157679991,-77.635326118],[161.158155314,-77.635100003],[161.159623623,-77.63521866],[161.157679991,-77.635326118],[161.157679991,-77.635326118]]],[[[161.141954941,-77.629982273],[161.142413383,-77.630053436],[161.141960351,-77.630073959],[161.141954941,-77.629982273]]],[[[161.104518091,-77.621075821],[161.110468804,-77.620454072],[161.112370058,-77.622745343],[161.104802131,-77.622055402],[161.104518091,-77.621075821]]],[[[161.095069033,-77.804759489],[161.09511239,-77.804642252],[161.096425991,-77.8045157],[161.095069033,-77.804759489],[161.095069033,-77.804759489]]],[[[161.089152288,-77.80339316],[161.089970471,-77.803383212],[161.090227268,-77.803749458],[161.089152288,-77.80339316]]],[[[161.085556226,-77.807038911],[161.086383821,-77.806600788],[161.088229885,-77.80648716],[161.086381732,-77.806634646],[161.085556226,-77.807038911]],[[161.086381732,-77.806634646],[161.086381732,-77.806634646],[161.086381732,-77.806634646],[161.086381732,-77.806634646]]],[[[161.066989281,-77.814088428],[161.067218571,-77.81387817],[161.067153133,-77.814110576],[161.066989281,-77.814088428]]],[[[161.056875681,-77.66076266],[161.058407493,-77.660677623],[161.058237968,-77.66081985],[161.056875681,-77.66076266]]],[[[161.012973463,-77.632107468],[161.014650003,-77.631805283],[161.014242206,-77.632918332],[161.012973463,-77.632107468]]],[[[160.939052897,-77.630978282],[160.942384648,-77.629876757],[160.942566175,-77.630973344],[160.939052897,-77.630978282],[160.939052897,-77.630978282]]],[[[160.939589644,-77.631718306],[160.941423163,-77.631657857],[160.939855019,-77.632145853],[160.939589644,-77.631718306]]],[[[160.934503064,-77.630251622],[160.934503064,-77.630251622],[160.936030128,-77.630549395],[160.934539949,-77.63049728],[160.934503064,-77.630251622]]],[[[160.921473342,-77.62537404],[160.921819602,-77.624340525],[160.92373932,-77.625389627],[160.921473342,-77.62537404],[160.921473342,-77.62537404]]],[[[160.858298516,-77.629411935],[160.859607906,-77.629612867],[160.859607906,-77.629612867],[160.858580589,-77.630002132],[160.858298516,-77.629411935]]],[[[160.815554777,-77.624767143],[160.842620573,-77.619649492],[160.843881812,-77.623741224],[160.83166586,-77.625559614],[160.852469638,-77.628888498],[160.831130782,-77.631265673],[160.829330588,-77.626869958],[160.815554777,-77.624767143]]],[[[160.827664648,-77.627638939],[160.826587606,-77.628287328],[160.822831692,-77.628509626],[160.827664648,-77.627638939],[160.827664648,-77.627638939]]],[[[160.841554879,-77.736660435],[160.841554879,-77.736660435],[160.84252973,-77.736704488],[160.842507605,-77.736823673],[160.841554879,-77.736660435]]],[[[160.82227053,-77.634583369],[160.822551402,-77.634411795],[160.823216674,-77.634562169],[160.82227053,-77.634583369],[160.82227053,-77.634583369]]],[[[160.714702317,-77.625934074],[160.714702317,-77.625934074],[160.716005929,-77.625916645],[160.715496268,-77.626011042],[160.714702317,-77.625934074]]]]},"properties":{"name":"2014-2015 lidar survey of the McMurdo Dry Valleys, Antarctica","otId":"OTSDEM.112016.3294.1","short":"MDV_2014","doi":"https://doi.org/10.5069/G9D50JX3","created":"2016-11-30","temporal":"2014-12-04 / 2015-01-19","keywords":"Antarctica, McMurdo Dry Valleys, Taylor, Wright, Victoria, Mckelvey"}},{"type":"Feature","geometry":{"type":"MultiPolygon","coordinates":[[[[-99.5603,42.6968],[-99.5607,42.6971],[-99.5607,42.6968],[-99.5603,42.6968]]],[[[-99.1895,42.8388],[-99.3444,42.786],[-99.354,42.7882],[-99.348,42.7943],[-99.3679,42.7894],[-99.3875,42.7901],[-99.3897,42.7969],[-99.3983,42.7938],[-99.401,42.7874],[-99.4419,42.767],[-99.5556,42.7167],[-99.5496,42.7036],[-99.5607,42.6993],[-99.4708,42.7338],[-99.3953,42.7735],[-99.3239,42.7723],[-99.2083,42.8127],[-99.181,42.8239],[-99.195,42.8273],[-99.1862,42.8309],[-99.1895,42.8388]]]]},"properties":{"name":"Niobrara River, Nebraska","otId":"OTSDEM.102016.26914.1","short":"NE15_Alexander","doi":"https://doi.org/10.5069/G9NP22DP","created":"2016-10-31","temporal":"2015-07-11","keywords":"lidar"}},{"type":"Feature","geometry":{"type":"MultiPolygon","coordinates":[[[[-84.9244,29.6333],[-84.925,29.6307],[-84.9238,29.6319],[-84.9244,29.6333]]],[[[-84.9092,29.6394],[-84.9092,29.6402],[-84.9092,29.6388],[-84.9092,29.6394]]],[[[-84.9002,29.6436],[-84.9,29.647],[-84.9002,29.6434],[-84.9002,29.6436]]],[[[-84.8972,29.6482],[-84.8978,29.6463],[-84.8973,29.6458],[-84.8972,29.6482]]],[[[-84.8972,29.6482],[-84.867,29.6594],[-84.8603,29.6533],[-84.8624,29.6621],[-84.8372,29.6716],[-84.8642,29.665],[-84.8769,29.6812],[-84.8682,29.6624],[-84.8896,29.6555],[-84.8998,29.6637],[-84.9708,29.6256],[-84.9715,29.6176],[-84.9675,29.6122],[-84.9411,29.6263],[-84.9402,29.6224],[-84.9262,29.6343],[-84.9196,29.6379],[-84.9178,29.6342],[-84.9156,29.6406],[-84.9056,29.6453],[-84.9036,29.6417],[-84.903,29.6467],[-84.8972,29.6482]]],[[[-84.9978,29.7177],[-84.9985,29.7183],[-84.9978,29.7177],[-84.9978,29.7177]]],[[[-84.9512,29.7392],[-84.9525,29.7404],[-84.9525,29.7402],[-84.9512,29.7392]]],[[[-84.9385,29.7454],[-84.9381,29.7461],[-84.9392,29.7452],[-84.9385,29.7454]]],[[[-84.9201,29.7539],[-84.9204,29.7543],[-84.9215,29.7549],[-84.9201,29.7539]]],[[[-84.9166,29.7559],[-84.9159,29.7552],[-84.916,29.7554],[-84.9166,29.7559]]],[[[-84.9166,29.7559],[-84.9106,29.7727],[-84.9177,29.7754],[-84.9984,29.7386],[-85.0062,29.7494],[-85.0044,29.7357],[-85.0234,29.7228],[-85.0204,29.7174],[-84.9961,29.7225],[-84.9925,29.7167],[-84.9919,29.7244],[-84.9756,29.723],[-84.9715,29.7255],[-84.9749,29.7312],[-84.9212,29.7562],[-84.9166,29.7559]]],[[[-84.7261,29.8012],[-84.7378,29.8011],[-84.8216,29.7603],[-84.8219,29.7521],[-84.7358,29.7904],[-84.7261,29.8012]]],[[[-84.6635,29.8234],[-84.665,29.8223],[-84.6615,29.8204],[-84.6635,29.8234]]],[[[-84.6629,29.8251],[-84.6634,29.825],[-84.6638,29.8248],[-84.6629,29.8251]]],[[[-84.6359,29.8406],[-84.6349,29.8395],[-84.6342,29.8391],[-84.6359,29.8406]]],[[[-84.6359,29.8406],[-84.6364,29.8411],[-84.6369,29.8416],[-84.6359,29.8406]]],[[[-84.6629,29.8251],[-84.6487,29.8384],[-84.6351,29.8381],[-84.6411,29.8437],[-84.6358,29.8464],[-84.6414,29.8534],[-84.6867,29.8234],[-84.6653,29.819],[-84.6703,29.8246],[-84.6629,29.8251]]],[[[-84.5983,29.8576],[-84.5988,29.8576],[-84.5984,29.8571],[-84.5983,29.8576]]],[[[-84.5984,29.8593],[-84.5995,29.8601],[-84.5993,29.8588],[-84.5984,29.8593]]],[[[-84.5986,29.8617],[-84.5983,29.8607],[-84.5984,29.8616],[-84.5986,29.8617]]],[[[-84.5684,29.8735],[-84.5685,29.8737],[-84.5687,29.8728],[-84.5684,29.8735]]],[[[-84.5686,29.8749],[-84.5686,29.875],[-84.569,29.8745],[-84.5686,29.8749]]],[[[-84.5644,29.876],[-84.5647,29.8762],[-84.5643,29.8756],[-84.5644,29.876]]],[[[-84.4976,29.9084],[-84.5147,29.9192],[-84.6168,29.8679],[-84.6118,29.8605],[-84.5905,29.8629],[-84.5871,29.8686],[-84.5828,29.8665],[-84.5815,29.8709],[-84.4976,29.9084]]]]},"properties":{"name":"Sea Grass Beds, Apalachicola, FL","otId":"OTSDEM.102016.26916.1","short":"FL15_Garvis","doi":"https://doi.org/10.5069/G9HX19NH","created":"2016-10-31","temporal":"2015-08-20 / 2015-08-21","keywords":"Florida, Apalachicola, sea grass, sea level, bathymetry, lidar"}},{"type":"Feature","geometry":{"type":"Polygon","coordinates":[[[-91.4135,29.5641],[-91.4151,29.5683],[-91.542,29.5318],[-91.5357,29.459],[-91.525,29.4342],[-91.5058,29.434],[-91.5019,29.4249],[-91.4853,29.4248],[-91.48,29.4157],[-91.4252,29.4196],[-91.4217,29.4159],[-91.4118,29.4239],[-91.3818,29.4292],[-91.3813,29.441],[-91.371,29.4423],[-91.3707,29.4589],[-91.3604,29.4594],[-91.3601,29.4768],[-91.3518,29.4773],[-91.3496,29.4899],[-91.3598,29.496],[-91.3727,29.5227],[-91.38,29.5234],[-91.3805,29.5312],[-91.4135,29.5641]]]},"properties":{"name":"Wax Lake Delta, Louisiana, USA 2009","otId":"OTSDEM.102016.26915.1","short":"LA09_Buttles","doi":"https://doi.org/10.5069/G95M63M8","created":"2016-10-28","temporal":"2009-01-14","keywords":"Wax Lake Delta, Louisiana, prograding, Gulf of Mexico, Atchafalaya Bay, lidar"}},{"type":"Feature","geometry":{"type":"Polygon","coordinates":[[[-91.4392,29.4742],[-91.4393,29.467],[-91.4426,29.4932],[-91.4562,29.4791],[-91.4625,29.4823],[-91.4531,29.4895],[-91.4584,29.4947],[-91.4719,29.4864],[-91.4655,29.4936],[-91.4714,29.4953],[-91.4565,29.5046],[-91.4576,29.5093],[-91.4896,29.5006],[-91.4776,29.5084],[-91.4895,29.5123],[-91.4808,29.5175],[-91.4923,29.5228],[-91.4891,29.5311],[-91.4965,29.5331],[-91.4742,29.5421],[-91.5299,29.5284],[-91.5334,29.5341],[-91.5264,29.5502],[-91.3985,29.5418],[-91.4022,29.523],[-91.3963,29.5165],[-91.3975,29.5047],[-91.3907,29.5021],[-91.4054,29.4953],[-91.4106,29.485],[-91.4177,29.4848],[-91.4178,29.4784],[-91.4276,29.4845],[-91.4275,29.4906],[-91.4336,29.4903],[-91.4353,29.4824],[-91.4305,29.4795],[-91.4339,29.4736],[-91.4386,29.485],[-91.4392,29.4742]],[[-91.4392,29.4742],[-91.4392,29.4743],[-91.4393,29.4742],[-91.4392,29.4742]],[[-91.4345,29.4743],[-91.4345,29.4745],[-91.4345,29.4745],[-91.4345,29.4743]]]},"properties":{"name":"Wax Lake Delta, Louisiana, USA 2013","otId":"OTSDEM.102016.32615.1","short":"WLD_2013","doi":"https://doi.org/10.5069/G9SF2T41","created":"2016-10-28","temporal":"2013-02-13 / 2013-02-14","keywords":"Wax Lake Delta, Louisiana, prograding, Gulf of Mexico, Atchafalaya Bay, lidar"}},{"type":"Feature","geometry":{"type":"MultiPolygon","coordinates":[[[[-121.6162,36.0586],[-121.6166,36.0589],[-121.6166,36.0586],[-121.6162,36.0586]]],[[[-121.609,36.0628],[-121.6106,36.0634],[-121.6115,36.0625],[-121.609,36.0628]]],[[[-121.6128,36.0644],[-121.6133,36.0646],[-121.6137,36.0639],[-121.6128,36.0644]]],[[[-121.6104,36.0674],[-121.6112,36.0673],[-121.6111,36.0671],[-121.6104,36.0674]]],[[[-121.6125,36.0704],[-121.6125,36.0706],[-121.6125,36.0703],[-121.6125,36.0704]]],[[[-121.6153,36.0724],[-121.6153,36.0726],[-121.6154,36.0724],[-121.6153,36.0724]]],[[[-121.6142,36.0743],[-121.615,36.074],[-121.6149,36.074],[-121.6142,36.0743]]],[[[-121.6143,36.0769],[-121.6143,36.0769],[-121.6139,36.0764],[-121.6143,36.0769]]],[[[-121.55,36.0863],[-121.5814,36.0822],[-121.5661,36.1021],[-121.5737,36.1058],[-121.6027,36.0781],[-121.6043,36.0801],[-121.6138,36.0816],[-121.6159,36.0806],[-121.6084,36.0756],[-121.6131,36.0725],[-121.6091,36.0704],[-121.6086,36.0637],[-121.6002,36.0686],[-121.5287,36.0753],[-121.5469,36.0804],[-121.55,36.0863]]]]},"properties":{"name":"Big Creek, California","otId":"OTSDEM.102016.26910.1","short":"CA15_Pfeiffer","doi":"https://doi.org/10.5069/G91V5BX0","created":"2016-10-22","temporal":"2015-07-16 / 2015-07-17","keywords":"channel, bedrock, California, Big Creek, stream, lidar"}},{"type":"Feature","geometry":{"type":"Polygon","coordinates":[[[34.8863,32.4471],[34.8794,32.4534],[34.8245,32.2475],[34.797,32.1658],[34.7925,32.1656],[34.7948,32.1573],[34.8032,32.1555],[34.8419,32.27],[34.879,32.4236],[34.886,32.4239],[34.8863,32.4471]]]},"properties":{"name":"Israel Mediterranean Sharon sea cliff, 2006","otId":"OTSDEM.102016.2039.1","short":"Israel_2006","doi":"https://doi.org/10.5069/G99C6VBM","created":"2016-10-13","temporal":"2006-02-01","keywords":"Israel, Eastern Mediterranean Sea, Coastal cliffs, lidar"}},{"type":"Feature","geometry":{"type":"MultiPolygon","coordinates":[[[[-116.3799,34.085],[-116.3799,34.085],[-116.38,34.085],[-116.3799,34.085]]],[[[-116.3509,34.065],[-116.3693,34.0888],[-116.3897,34.0794],[-116.3775,34.0579],[-116.3815,34.055],[-116.3737,34.0537],[-116.339,34.0037],[-116.3114,33.8908],[-116.2973,33.8918],[-116.2969,33.8962],[-116.2877,33.8973],[-116.2916,33.8984],[-116.3132,34.0087],[-116.3509,34.065]]]]},"properties":{"name":"Little San Bernardino Mountains, Joshua Tree National Park, California","otId":"OTSDEM.092016.26911.1","short":"CA15_Hislop","doi":"https://doi.org/10.5069/G9F47M2B","created":"2016-09-28","temporal":"2015-06-17","keywords":"Eastern California Shear Zone, San Andreas Fault, San Bernardino Mountains, Joshua Tree National Park, lidar"}},{"type":"Feature","geometry":{"type":"MultiPolygon","coordinates":[[[[-112.3756,40.4283],[-112.3757,40.4283],[-112.3756,40.4283],[-112.3756,40.4283]]],[[[-112.2904,40.5006],[-112.3037,40.5105],[-112.3729,40.4825],[-112.3713,40.4793],[-112.4005,40.4645],[-112.3924,40.4481],[-112.3959,40.4488],[-112.3888,40.4409],[-112.3809,40.4453],[-112.3686,40.4265],[-112.3268,40.4381],[-112.3292,40.4417],[-112.3059,40.4544],[-112.2659,40.471],[-112.2674,40.4784],[-112.2814,40.4864],[-112.2904,40.5006]]]]},"properties":{"name":"Lake Bonneville, Utah","otId":"OTSDEM.092016.26912.1","short":"UT15_Kellum","doi":"https://doi.org/10.5069/G9JW8BTS","created":"2016-09-28","temporal":"2015-07-06","keywords":"Stockton Bar, Lake Bonneville, Utah, lidar"}},{"type":"Feature","geometry":{"type":"Polygon","coordinates":[[[-117.7747,37.3114],[-117.7986,37.332],[-117.809,37.3319],[-117.8461,37.2871],[-117.8541,37.2904],[-117.8574,37.2865],[-117.8514,37.2819],[-117.8624,37.2677],[-117.8732,37.268],[-117.8737,37.2585],[-117.8683,37.2584],[-117.8794,37.2398],[-117.8611,37.2235],[-117.8414,37.2236],[-117.8318,37.2375],[-117.8141,37.2439],[-117.822,37.2499],[-117.815,37.2591],[-117.8029,37.2598],[-117.8091,37.2669],[-117.7747,37.3114]]]},"properties":{"name":"Channel Avulsion in Bishop, California","otId":"OTSDEM.092016.26911.2","short":"CA15_Morgan","doi":"https://doi.org/10.5069/G9PN93JH","created":"2016-09-28","temporal":"2015-07-01","keywords":"Alluvial fan, California, Bishop, channel, lidar"}},{"type":"Feature","geometry":{"type":"MultiPolygon","coordinates":[[[[-105.5905,39.9172],[-105.5905,39.9172],[-105.5904,39.9172],[-105.5905,39.9172]]],[[[-105.2417,39.9209],[-105.2418,39.9221],[-105.2427,39.9209],[-105.2417,39.9209]]],[[[-105.7133,39.9206],[-105.7133,39.9205],[-105.7133,39.9205],[-105.7133,39.9206]]],[[[-105.711,39.9211],[-105.711,39.9211],[-105.711,39.921],[-105.711,39.9211]]],[[[-105.7085,39.9212],[-105.7085,39.9212],[-105.7085,39.9212],[-105.7085,39.9212]]],[[[-105.7085,39.9212],[-105.7085,39.9212],[-105.7086,39.9212],[-105.7085,39.9212]]],[[[-105.5294,39.9226],[-105.5294,39.9225],[-105.5294,39.9225],[-105.5294,39.9226]]],[[[-105.4977,39.9249],[-105.4977,39.925],[-105.4978,39.9249],[-105.4977,39.9249]]],[[[-105.7134,39.9368],[-105.7134,39.9368],[-105.7134,39.9368],[-105.7134,39.9368]]],[[[-105.4161,39.9656],[-105.4161,39.9656],[-105.4161,39.9656],[-105.4161,39.9656]]],[[[-105.7127,39.9897],[-105.7129,39.9897],[-105.713,39.9895],[-105.7127,39.9897]]],[[[-105.7129,39.9897],[-105.7129,39.9897],[-105.713,39.9897],[-105.713,39.9897],[-105.7129,39.9897]]],[[[-105.7145,39.9897],[-105.7145,39.9897],[-105.7145,39.9897],[-105.7145,39.9897]]],[[[-105.7145,39.9897],[-105.7145,39.9897],[-105.7145,39.9897],[-105.7145,39.9897]]],[[[-105.7127,39.9898],[-105.7127,39.9898],[-105.7127,39.9898],[-105.7127,39.9898]]],[[[-105.7147,40.0102],[-105.7147,40.0101],[-105.7146,40.0101],[-105.7147,40.0102]]],[[[-105.7146,40.0102],[-105.7147,40.0102],[-105.7146,40.0102],[-105.7146,40.0102]]],[[[-105.7138,40.0103],[-105.7138,40.0103],[-105.7138,40.0103],[-105.7138,40.0103]]],[[[-105.7139,40.0103],[-105.7139,40.0103],[-105.7139,40.0103],[-105.7139,40.0103]]],[[[-105.7142,40.0103],[-105.7143,40.0103],[-105.7142,40.0103],[-105.7142,40.0103]]],[[[-105.714,40.0104],[-105.7141,40.0104],[-105.7141,40.0103],[-105.714,40.0104]]],[[[-105.7139,40.0104],[-105.714,40.0104],[-105.714,40.0103],[-105.7139,40.0104]]],[[[-105.7136,40.0106],[-105.7135,40.0106],[-105.7135,40.0106],[-105.7136,40.0106]]],[[[-105.7138,40.0106],[-105.7138,40.0106],[-105.7137,40.0106],[-105.7138,40.0106]]],[[[-105.7136,40.0106],[-105.7135,40.0107],[-105.7137,40.0106],[-105.7136,40.0106]]],[[[-105.7131,40.0107],[-105.7132,40.0107],[-105.7131,40.0107],[-105.7131,40.0107]]],[[[-105.7132,40.0108],[-105.7132,40.0108],[-105.7132,40.0108],[-105.7132,40.0108]]],[[[-105.7132,40.0112],[-105.7132,40.0112],[-105.7132,40.0112],[-105.7132,40.0112]]],[[[-105.7129,40.0117],[-105.7129,40.0117],[-105.7129,40.0117],[-105.7129,40.0117]]],[[[-105.713,40.0119],[-105.713,40.0119],[-105.713,40.0119],[-105.713,40.0119]]],[[[-105.7126,40.012],[-105.7125,40.012],[-105.7127,40.012],[-105.7126,40.012]]],[[[-105.7128,40.0121],[-105.7128,40.0121],[-105.7128,40.0121],[-105.7128,40.0121]]],[[[-105.7126,40.0122],[-105.7127,40.0122],[-105.7126,40.0122],[-105.7126,40.0122]]],[[[-105.7123,40.0121],[-105.7124,40.0122],[-105.7124,40.0121],[-105.7123,40.0121]]],[[[-105.7121,40.0125],[-105.7121,40.0125],[-105.7121,40.0125],[-105.7121,40.0125]]],[[[-105.7124,40.0126],[-105.7124,40.0126],[-105.7124,40.0126],[-105.7124,40.0126]]],[[[-105.7123,40.0126],[-105.7123,40.0126],[-105.7123,40.0126],[-105.7123,40.0126]]],[[[-105.7133,40.013],[-105.7133,40.013],[-105.7133,40.013],[-105.7133,40.013]]],[[[-105.7119,40.0131],[-105.7119,40.0131],[-105.7119,40.0131],[-105.7119,40.0131]]],[[[-105.712,40.0131],[-105.7119,40.0131],[-105.712,40.0131],[-105.712,40.0131]]],[[[-105.7118,40.0131],[-105.7118,40.0131],[-105.7118,40.0131],[-105.7118,40.0131]]],[[[-105.7141,40.0133],[-105.7141,40.0133],[-105.7142,40.0133],[-105.7141,40.0133]]],[[[-105.7139,40.0135],[-105.7139,40.0135],[-105.714,40.0135],[-105.714,40.0135],[-105.7139,40.0135]]],[[[-105.7143,40.0135],[-105.7143,40.0135],[-105.7143,40.0135],[-105.7143,40.0135],[-105.7143,40.0135]]],[[[-105.7143,40.0136],[-105.7143,40.0136],[-105.7143,40.0136],[-105.7143,40.0136]]],[[[-105.7143,40.0136],[-105.7143,40.0136],[-105.7143,40.0136],[-105.7143,40.0136]]],[[[-105.7143,40.0136],[-105.7143,40.0137],[-105.7143,40.0136],[-105.7143,40.0136]]],[[[-105.7144,40.0138],[-105.7144,40.0138],[-105.7144,40.0138],[-105.7144,40.0138]]],[[[-105.7144,40.0138],[-105.7144,40.0138],[-105.7144,40.0138],[-105.7144,40.0138]]],[[[-105.7144,40.0138],[-105.7144,40.0138],[-105.7144,40.0138],[-105.7144,40.0138]]],[[[-105.7142,40.0189],[-105.7142,40.0189],[-105.7142,40.0189],[-105.7142,40.0189]]],[[[-105.7143,40.019],[-105.7143,40.019],[-105.7143,40.019],[-105.7143,40.019]]],[[[-105.7139,40.0191],[-105.7139,40.019],[-105.7139,40.019],[-105.7139,40.0191]]],[[[-105.7139,40.0196],[-105.7139,40.0196],[-105.7139,40.0196],[-105.7139,40.0196]]],[[[-105.7139,40.0197],[-105.7139,40.0197],[-105.7139,40.0197],[-105.7139,40.0197]]],[[[-105.7139,40.0197],[-105.7139,40.0198],[-105.7139,40.0197],[-105.7139,40.0197]]],[[[-105.7139,40.0195],[-105.714,40.0198],[-105.7141,40.0195],[-105.7139,40.0195]]],[[[-105.7139,40.0207],[-105.7139,40.0207],[-105.7139,40.0206],[-105.7139,40.0207]]],[[[-105.7139,40.0207],[-105.7138,40.0207],[-105.7139,40.0207],[-105.7139,40.0207]]],[[[-105.7138,40.0207],[-105.7138,40.0207],[-105.7138,40.0207],[-105.7138,40.0207]]],[[[-105.7137,40.0209],[-105.7138,40.0208],[-105.7137,40.0208],[-105.7137,40.0209]]],[[[-105.7136,40.0211],[-105.7136,40.0211],[-105.7137,40.0211],[-105.7136,40.0211]]],[[[-105.7135,40.0214],[-105.7135,40.0214],[-105.7135,40.0214],[-105.7135,40.0214]]],[[[-105.7114,40.0224],[-105.7115,40.0223],[-105.7114,40.0223],[-105.7114,40.0224]]],[[[-105.7134,40.0225],[-105.7135,40.0225],[-105.7134,40.0225],[-105.7134,40.0225]]],[[[-105.7125,40.0227],[-105.7125,40.0226],[-105.7125,40.0226],[-105.7125,40.0227]]],[[[-105.6655,40.0487],[-105.6655,40.0487],[-105.6655,40.0487],[-105.6655,40.0487]]],[[[-105.6676,40.0493],[-105.6677,40.0493],[-105.6676,40.0493],[-105.6676,40.0493]]],[[[-105.6664,40.0493],[-105.6664,40.0493],[-105.6664,40.0493],[-105.6664,40.0493]]],[[[-105.6671,40.0493],[-105.6671,40.0493],[-105.6671,40.0493],[-105.6671,40.0493]]],[[[-105.6671,40.0494],[-105.6671,40.0494],[-105.6671,40.0494],[-105.6671,40.0494]]],[[[-105.6673,40.0494],[-105.6672,40.0493],[-105.6671,40.0493],[-105.6673,40.0494]]],[[[-105.5664,40.0659],[-105.5664,40.0659],[-105.5664,40.0658],[-105.5664,40.0659]]],[[[-105.5661,40.066],[-105.5663,40.066],[-105.5661,40.0659],[-105.5661,40.066]]],[[[-105.5663,40.0661],[-105.5663,40.0661],[-105.5663,40.0661],[-105.5663,40.0661]]],[[[-105.5666,40.0662],[-105.5666,40.0662],[-105.5666,40.0661],[-105.5666,40.0662]]],[[[-105.4161,39.9656],[-105.2936,39.977],[-105.2898,39.9208],[-105.2415,39.9233],[-105.234,39.9209],[-105.2387,39.9316],[-105.2523,40.0997],[-105.2171,40.1011],[-105.223,40.1641],[-105.2467,40.1641],[-105.2467,40.1552],[-105.3045,40.155],[-105.3011,40.0874],[-105.6683,40.0595],[-105.6681,40.0273],[-105.7148,40.0193],[-105.7145,39.9898],[-105.7102,39.9853],[-105.7144,39.9856],[-105.7143,39.9759],[-105.7076,39.951],[-105.7139,39.9489],[-105.7096,39.9319],[-105.7138,39.9209],[-105.7108,39.9211],[-105.7106,39.9261],[-105.7082,39.9263],[-105.7063,39.91],[-105.433,39.931],[-105.4333,39.9653],[-105.4161,39.9656]]]]},"properties":{"name":"Boulder Creek Critical Zone Observatory August 2010 LiDAR Survey","otId":"OTSDEM.032012.26913.1","short":"BcCZO_10_Aug","doi":"https://doi.org/10.5069/G93R0QR0","created":"2012-03-13","temporal":"2010-08-21 / 2010-08-26","keywords":"Gordon Gulch, Betasso Preserve, Green Lakes Valley, Como Creek, Arikaree Glacier, Fourmile Canyon"}},{"type":"Feature","geometry":{"type":"Polygon","coordinates":[[[-118.7438,34.4317],[-118.7517,34.4325],[-118.7522,34.5294],[-118.7575,34.5401],[-118.7537,34.5427],[-118.7737,34.5449],[-118.7763,34.5397],[-118.7858,34.5447],[-118.7838,34.4464],[-118.7849,34.4315],[-118.7914,34.4272],[-118.7844,34.4257],[-118.7843,34.4067],[-118.7508,34.4077],[-118.7522,34.4261],[-118.7444,34.4267],[-118.7438,34.4317]]]},"properties":{"name":"Santa Clarita Topography","otId":"OTSDEM.072016.32611.1","short":"CA14_Lowe","doi":"https://doi.org/10.5069/G9TB14V2","created":"2016-09-19","temporal":"2015-06-17","keywords":"Santa Clarita, lidar"}},{"type":"Feature","geometry":{"type":"MultiPolygon","coordinates":[[[[-105.4686,40.0043],[-105.7093,39.9873],[-105.7144,39.9827],[-105.714,39.9373],[-105.4683,39.9546],[-105.4691,39.9822],[-105.4813,39.9815],[-105.4685,39.9879],[-105.4729,39.9937],[-105.4686,40.0043]]],[[[-105.4809,40.0733],[-105.6786,40.058],[-105.681,40.0505],[-105.6642,40.0481],[-105.6719,40.0365],[-105.6852,40.0398],[-105.6855,40.0357],[-105.669,40.0263],[-105.714,40.024],[-105.7141,40.0089],[-105.4755,40.0273],[-105.4736,40.032],[-105.4805,40.0356],[-105.4702,40.0396],[-105.4751,40.0466],[-105.4822,40.0467],[-105.469,40.0553],[-105.4799,40.0551],[-105.4819,40.0632],[-105.4866,40.0623],[-105.4808,40.0658],[-105.4809,40.0733]]]]},"properties":{"name":"Boulder Creek Critical Zone Observatory May 20-21 2010 Snow-On Lidar Survey","otId":"OTSDEM.082016.26913.3","short":"BCZO_SnowOn2021","doi":"https://doi.org/10.5069/G9Z31WKD","created":"2016-09-14","temporal":"2010-05-20 / 2010-05-21","keywords":"Gordon Gulch, Betasso Preserve, Green Lakes Valley, Como Creek, Arikaree Glacier, Fourmile Canyon"}},{"type":"Feature","geometry":{"type":"MultiPolygon","coordinates":[[[[-105.4778,39.9594],[-105.7137,39.9408],[-105.7137,39.9144],[-105.4682,39.9336],[-105.4683,39.9405],[-105.4786,39.9429],[-105.4682,39.9465],[-105.4683,39.9565],[-105.4786,39.9553],[-105.4778,39.9594]]],[[[-105.472,39.9914],[-105.4795,39.9872],[-105.7136,39.9698],[-105.7142,39.9589],[-105.4812,39.9769],[-105.4802,39.9821],[-105.47,39.9778],[-105.472,39.9914]]],[[[-105.4457,40.0359],[-105.4511,40.0292],[-105.4869,40.033],[-105.706,40.0141],[-105.7147,40.0073],[-105.7144,39.9868],[-105.4468,40.0096],[-105.4351,40.0052],[-105.4338,40.0124],[-105.4415,40.0163],[-105.4218,40.0136],[-105.4287,40.021],[-105.7005,40.0001],[-105.7057,39.9942],[-105.704,40.0002],[-105.7106,39.9984],[-105.7056,40.0021],[-105.6318,40.0092],[-105.4466,40.0203],[-105.4353,40.0276],[-105.4457,40.0359]]],[[[-105.4975,40.043],[-105.7083,40.0246],[-105.7087,40.0194],[-105.4867,40.036],[-105.4821,40.0403],[-105.4975,40.043]]],[[[-105.4815,40.0501],[-105.6663,40.0338],[-105.6716,40.0355],[-105.6654,40.0293],[-105.499,40.0454],[-105.479,40.044],[-105.4815,40.0501]]],[[[-105.4996,40.0724],[-105.6766,40.0608],[-105.6805,40.0521],[-105.5022,40.0681],[-105.4996,40.0724]]]]},"properties":{"name":"Boulder Creek Critical Zone Observatory May 9 2010 Snow-On Lidar Survey","otId":"OTSDEM.082016.26913.2","short":"BCZO_SnowOn09","doi":"https://doi.org/10.5069/G9Z31WKD","created":"2016-09-14","temporal":"2010-05-05 / 2010-05-09","keywords":"Gordon Gulch, Betasso Preserve, Green Lakes Valley, Como Creek, Arikaree Glacier, Fourmile Canyon"}},{"type":"Feature","geometry":{"type":"MultiPolygon","coordinates":[[[[-105.4743,39.9501],[-105.7123,39.9343],[-105.7138,39.9183],[-105.7093,39.9169],[-105.7137,39.9099],[-105.4681,39.9295],[-105.4683,39.9491],[-105.4775,39.9456],[-105.4743,39.9501]]],[[[-105.4579,40.0297],[-105.7147,40.0126],[-105.7146,39.9962],[-105.7096,39.9919],[-105.7144,39.9815],[-105.4218,40.0066],[-105.4236,40.0298],[-105.4579,40.0297]]],[[[-105.496,40.0533],[-105.581,40.0367],[-105.6879,40.0275],[-105.6871,40.0227],[-105.6172,40.0276],[-105.5,40.0457],[-105.4913,40.0487],[-105.496,40.0533]]]]},"properties":{"name":"Boulder Creek Critical Zone Observatory May 5 2010 Snow-On Lidar Survey","otId":"OTSDEM.082016.26913.1","short":"BCZO_SnowOn05","doi":"https://doi.org/10.5069/G9Z31WKD","created":"2016-09-14","temporal":"2010-05-05 / 2010-05-09","keywords":"Gordon Gulch, Betasso Preserve, Green Lakes Valley, Como Creek, Arikaree Glacier, Fourmile Canyon"}},{"type":"Feature","geometry":{"type":"Polygon","coordinates":[[[-81.7336,34.671],[-81.7422,34.6727],[-81.738,34.6667],[-81.7423,34.6559],[-81.7637,34.6386],[-81.7689,34.6294],[-81.763,34.6194],[-81.6576,34.5598],[-81.6429,34.5772],[-81.6245,34.5874],[-81.6221,34.6042],[-81.7336,34.671]]]},"properties":{"name":"Calhoun Critical Zone Observatory 2016 Leaf Off LiDAR Survey","otId":"OTSDEM.072016.26917.2","short":"SC16_CZO","doi":"https://doi.org/10.5069/G96M34RN","created":"2016-07-22","temporal":"2016-02-26","keywords":"CZO, Critical Zone Observatory, Calhoun, South Carolina, LiDAR, Hyperspectral"}},{"type":"Feature","geometry":{"type":"MultiPolygon","coordinates":[[[[-80.9392,25.919],[-80.9395,25.9063],[-80.9253,25.9063],[-80.9253,25.919],[-80.9392,25.919]]],[[[-80.9132,25.9593],[-80.9271,25.9593],[-80.9271,25.9466],[-80.9129,25.9466],[-80.9132,25.9593]]],[[[-81.2638,25.9691],[-81.2778,25.9691],[-81.2779,25.9564],[-81.2634,25.9564],[-81.2638,25.9691]]],[[[-80.9201,25.9782],[-80.9201,25.9655],[-80.905,25.9655],[-80.905,25.9781],[-80.9201,25.9782]]],[[[-80.9306,25.992],[-80.9412,25.992],[-80.9411,25.9797],[-80.9266,25.9797],[-80.9264,25.9919],[-80.9306,25.992]]],[[[-81.2644,26.0268],[-81.2786,26.0268],[-81.2786,26.014],[-81.2644,26.014],[-81.2644,26.0268]]],[[[-81.2807,26.1277],[-81.2809,26.115],[-81.2668,26.115],[-81.2668,26.1277],[-81.2807,26.1277]]],[[[-81.282,26.1482],[-81.2822,26.1356],[-81.2678,26.1356],[-81.2678,26.1482],[-81.282,26.1482]]]]},"properties":{"name":"Everglades National Park","otId":"OTSDEM.072016.26917.1","short":"FL14_Cohen","doi":"https://doi.org/10.5069/G9BC3WG0","created":"2016-07-18","temporal":"2014-05-27 / 2014-05-28","keywords":"Florida, Everglades National Park, lidar"}},{"type":"Feature","geometry":{"type":"MultiPolygon","coordinates":[[[[173.2404,-42.4521],[173.2635,-42.4415],[173.2596,-42.4285],[173.0763,-42.5015],[172.9049,-42.5524],[172.9085,-42.5592],[172.919,-42.561],[173.0737,-42.5191],[173.2404,-42.4521]]],[[[173.1932,-42.2244],[173.1903,-42.2182],[173.1711,-42.2204],[173.1169,-42.2358],[173.0852,-42.2525],[173.0602,-42.2504],[173.0329,-42.2654],[173.0239,-42.2877],[172.9585,-42.3183],[172.8842,-42.3395],[172.8447,-42.3686],[172.81,-42.3847],[172.64,-42.4215],[172.5562,-42.4533],[172.4906,-42.4868],[172.4998,-42.4965],[172.6403,-42.4359],[172.8123,-42.4017],[172.8552,-42.3817],[172.8902,-42.3564],[172.9749,-42.33],[172.988,-42.3193],[173.0327,-42.3002],[173.0667,-42.2716],[173.0977,-42.2684],[173.1227,-42.2506],[173.1932,-42.2244]]],[[[173.7664,-41.9944],[173.8275,-41.9325],[173.8222,-41.9238],[173.7344,-41.9545],[173.7419,-41.9821],[173.7233,-41.9962],[173.7204,-42.0044],[173.6973,-42.0155],[173.6803,-42.0367],[173.5991,-42.0756],[173.544,-42.1091],[173.499,-42.1259],[173.4582,-42.1493],[173.4425,-42.1519],[173.4247,-42.1688],[173.372,-42.1799],[173.3433,-42.1762],[173.2999,-42.1826],[173.2789,-42.1929],[173.282,-42.1995],[173.337,-42.1893],[173.3791,-42.1976],[173.4306,-42.1821],[173.4619,-42.1604],[173.4867,-42.1541],[173.4984,-42.1412],[173.5774,-42.1081],[173.6224,-42.0802],[173.6418,-42.0761],[173.7038,-42.039],[173.714,-42.0237],[173.741,-42.0105],[173.7433,-42.0015],[173.7664,-41.9944]]],[[[173.7659,-41.7838],[173.7617,-41.7816],[173.7046,-41.8133],[173.6715,-41.8421],[173.6505,-41.8453],[173.6034,-41.8734],[173.5878,-41.8756],[173.5553,-41.8997],[173.5336,-41.9051],[173.4624,-41.9505],[173.4311,-41.9612],[173.3786,-41.9998],[173.356,-42.0063],[173.3301,-42.0249],[173.2979,-42.0317],[173.2865,-42.0403],[173.259,-42.0398],[173.2523,-42.047],[173.2201,-42.0553],[173.1874,-42.0723],[173.1317,-42.088],[173.0403,-42.1058],[173.0001,-42.1004],[172.9878,-42.1149],[173.0102,-42.1227],[173.078,-42.1198],[173.1294,-42.1028],[173.1647,-42.0993],[173.1726,-42.0918],[173.2059,-42.0823],[173.2571,-42.0873],[173.2813,-42.0668],[173.3401,-42.0405],[173.3597,-42.0235],[173.4007,-42.0084],[173.4126,-41.995],[173.4594,-41.9659],[173.4853,-41.9585],[173.5436,-41.9196],[173.5779,-41.91],[173.5887,-41.8947],[173.6567,-41.8674],[173.7057,-41.8399],[173.7185,-41.8262],[173.7691,-41.797],[173.7757,-41.7859],[173.773,-41.781],[173.7659,-41.7838]]],[[[173.3029,-41.6413],[173.2954,-41.6312],[173.2061,-41.6567],[172.8943,-41.7841],[172.9086,-41.788],[172.9294,-41.7822],[173.2075,-41.6712],[173.3029,-41.6413]]]]},"properties":{"name":"Marlborough Fault System, South Island, New Zealand","otId":"OTSDEM.072016.32759.1","short":"NZ14_Dolan","doi":"https://doi.org/10.5069/G9G44N75","created":"2016-07-14","temporal":"2014-03-13 / 2014-03-20","keywords":"Fault, New Zealand, South Island, Marlborough Fault System, Eastern Clarence, Western Clarence"}},{"type":"Feature","geometry":{"type":"MultiPolygon","coordinates":[[[[-119.0966,36.9593],[-119.0687,36.9611],[-119.0704,36.9879],[-119.0787,36.9886],[-119.078,36.9966],[-119.0824,36.996],[-119.0859,37.0046],[-119.0788,37.0081],[-119.0798,37.0289],[-119.0643,37.031],[-119.0638,37.0367],[-119.0563,37.0381],[-119.0563,37.0466],[-119.0484,37.0465],[-119.05,37.0569],[-119.0418,37.0572],[-119.0417,37.0644],[-119.0345,37.0646],[-119.0346,37.0747],[-119.0267,37.0747],[-119.0265,37.0833],[-119.0186,37.0834],[-119.0192,37.0947],[-118.9982,37.0965],[-118.9979,37.0888],[-118.9914,37.0885],[-118.9957,37.0925],[-118.9735,37.0887],[-118.9713,37.0791],[-118.9691,37.0893],[-118.9624,37.0887],[-118.9611,37.0817],[-118.9467,37.0815],[-118.9449,37.0711],[-118.9429,37.0808],[-118.9331,37.0804],[-118.9337,37.0659],[-118.9251,37.0649],[-118.9294,37.0427],[-118.9274,36.9568],[-118.8988,36.9568],[-118.9,36.9489],[-118.9272,36.9489],[-118.9285,36.9334],[-118.9445,36.9299],[-118.9438,36.9385],[-118.954,36.9384],[-118.958,36.9199],[-118.9726,36.9248],[-118.9693,36.9225],[-118.9838,36.9161],[-118.9977,36.9291],[-118.997,36.9345],[-119.0022,36.9347],[-119.0024,36.9432],[-119.0039,36.9367],[-119.0238,36.9362],[-119.0445,36.9238],[-119.0441,36.9363],[-119.0655,36.9355],[-119.0648,36.9455],[-119.0729,36.9458],[-119.075,36.9518],[-119.0929,36.9497],[-119.0891,36.952],[-119.0966,36.9593]]],[[[-119.094,36.9542],[-119.094,36.9539],[-119.094,36.9541],[-119.094,36.9542]]],[[[-119.0918,36.953],[-119.0916,36.9528],[-119.0918,36.9528],[-119.0918,36.953]]],[[[-119.093,36.9505],[-119.0932,36.9506],[-119.0931,36.9506],[-119.093,36.9505]]],[[[-119.018,36.9373],[-119.0178,36.937],[-119.0182,36.9369],[-119.018,36.9373]]],[[[-118.9857,36.9171],[-118.986,36.917],[-118.986,36.9171],[-118.9857,36.9171]]],[[[-118.9838,36.9161],[-118.9835,36.9158],[-118.9837,36.9153],[-118.9838,36.9161]]],[[[-119.0932,36.9506],[-119.0933,36.9507],[-119.0933,36.9507],[-119.0932,36.9506]]],[[[-119.2232,37.0712],[-119.2157,37.0712],[-119.2155,37.0802],[-119.1784,37.0884],[-119.1845,37.0814],[-119.1817,37.0523],[-119.1939,37.0524],[-119.2033,37.0435],[-119.2167,37.0474],[-119.2152,37.0635],[-119.2231,37.0641],[-119.2232,37.0712]]],[[[-119.3109,37.0296],[-119.3104,37.0353],[-119.2976,37.036],[-119.2991,37.0555],[-119.2934,37.0641],[-119.2642,37.0605],[-119.2636,37.0542],[-119.2585,37.0546],[-119.2597,37.0611],[-119.2365,37.0639],[-119.2384,37.056],[-119.2302,37.0556],[-119.2291,37.0398],[-119.222,37.0373],[-119.2232,37.029],[-119.228,37.0283],[-119.2262,37.0049],[-119.242,37.0008],[-119.2679,37.0018],[-119.2682,37.0096],[-119.2994,37.009],[-119.2979,37.0303],[-119.3109,37.0296]]],[[[-119.684,37.1425],[-119.6843,37.0723],[-119.6876,37.0717],[-119.6885,37.0672],[-119.6709,37.0664],[-119.6714,37.0614],[-119.6866,37.0592],[-119.6878,37.0475],[-119.7902,37.0495],[-119.7914,37.0561],[-119.7715,37.0615],[-119.7752,37.0696],[-119.7814,37.0701],[-119.778,37.0822],[-119.765,37.0799],[-119.7647,37.1328],[-119.7388,37.1327],[-119.7384,37.1407],[-119.7192,37.1383],[-119.7151,37.1425],[-119.7041,37.142],[-119.7088,37.134],[-119.7021,37.1329],[-119.6966,37.1351],[-119.6979,37.1428],[-119.684,37.1425]]]]},"properties":{"name":"NEON D17 Pacific Southwest- California","otId":"OTSDEM.092015.32611.1","short":"NEON_D17","doi":"https://doi.org/10.5069/G9V98609","created":"2016-05-27","temporal":"2011-06-09 / 2013-06-15","keywords":"Sierra Nevada, NEON, NEON Inc, lidar"}},{"type":"Feature","geometry":{"type":"MultiPolygon","coordinates":[[[[-112.2452,38.4615],[-112.2467,38.4662],[-112.2892,38.4662],[-112.296,38.4721],[-112.3097,38.4706],[-112.3359,38.4795],[-112.3433,38.4697],[-112.3479,38.4748],[-112.3627,38.4695],[-112.3656,38.453],[-112.384,38.4333],[-112.3928,38.4325],[-112.3973,38.4235],[-112.3915,38.4208],[-112.3974,38.4142],[-112.3817,38.4154],[-112.3421,38.4556],[-112.3252,38.4598],[-112.3197,38.4543],[-112.3099,38.457],[-112.2893,38.4514],[-112.2855,38.4463],[-112.2691,38.4508],[-112.25,38.4461],[-112.2452,38.4615]]],[[[-112.431,38.5633],[-112.4416,38.5674],[-112.4544,38.558],[-112.4647,38.5182],[-112.4736,38.5136],[-112.4741,38.5067],[-112.4709,38.498],[-112.4585,38.49],[-112.4624,38.4831],[-112.4467,38.4748],[-112.4529,38.4698],[-112.4456,38.4585],[-112.4531,38.4529],[-112.447,38.4479],[-112.4486,38.4424],[-112.4371,38.4363],[-112.431,38.4469],[-112.4114,38.4266],[-112.4037,38.4326],[-112.4095,38.4469],[-112.4253,38.4627],[-112.4222,38.4695],[-112.4287,38.4729],[-112.424,38.4789],[-112.4298,38.4809],[-112.4258,38.4867],[-112.429,38.5007],[-112.4505,38.5075],[-112.431,38.5633]]],[[[-112.4501,38.59],[-112.4745,38.5705],[-112.4823,38.5727],[-112.4912,38.565],[-112.4867,38.559],[-112.4956,38.5544],[-112.4971,38.5468],[-112.4901,38.5443],[-112.4912,38.5349],[-112.5007,38.5293],[-112.5012,38.5196],[-112.4962,38.5177],[-112.5026,38.5164],[-112.5035,38.4964],[-112.4981,38.495],[-112.5083,38.4894],[-112.5078,38.4802],[-112.479,38.4791],[-112.488,38.4797],[-112.4842,38.4838],[-112.4928,38.4806],[-112.4964,38.4871],[-112.4818,38.492],[-112.4851,38.5022],[-112.4756,38.5161],[-112.4803,38.525],[-112.4666,38.5348],[-112.4655,38.5422],[-112.4729,38.5449],[-112.4656,38.5565],[-112.4691,38.5587],[-112.4591,38.5582],[-112.4351,38.5799],[-112.4501,38.59]],[[-112.4946,38.5059],[-112.5015,38.5065],[-112.4982,38.5007],[-112.4878,38.4988],[-112.4946,38.5059]]]]},"properties":{"name":"Tushar Mountains, Utah","otId":"OTSDEM.052016.26912.3","short":"UT14_Schaffrath","doi":"https://doi.org/10.5069/G97M05W1","created":"2016-05-20","temporal":"2014-10-26","keywords":"Tushar, mountains, Utah, drainage, stream, lidar"}},{"type":"Feature","geometry":{"type":"Polygon","coordinates":[[[-117,34.0998],[-117,34.0586],[-116.9943,34.0491],[-116.8938,34.0346],[-116.8846,34.0288],[-116.8772,34.0409],[-116.8652,34.0396],[-116.8642,34.0512],[-116.8696,34.0569],[-116.8515,34.0597],[-116.8542,34.0745],[-116.8611,34.0739],[-116.8612,34.0803],[-116.8974,34.0907],[-116.9602,34.1014],[-117,34.0998]]]},"properties":{"name":"Yucaipa Ridge, San Bernardino Mountains, CA","otId":"OTSDEM.052016.26911.1","short":"CA14_Milodowski","doi":"https://doi.org/10.5069/G93T9F55","created":"2016-05-17","temporal":"2014-10-24","keywords":"Yacaipa Ridge, San Bernadino, California, lidar"}},{"type":"Feature","geometry":{"type":"Polygon","coordinates":[[[-111.3771,44.8898],[-111.3753,44.8846],[-111.3674,44.8884],[-111.3657,44.8772],[-111.3421,44.8652],[-111.3359,44.8436],[-111.3245,44.845],[-111.3184,44.8399],[-111.3229,44.8463],[-111.3133,44.8481],[-111.2773,44.831],[-111.2621,44.8209],[-111.2605,44.8142],[-111.2339,44.8003],[-111.2152,44.8029],[-111.1927,44.7941],[-111.1745,44.8024],[-111.1377,44.7928],[-111.1023,44.7534],[-111.1041,44.7484],[-111.0897,44.7484],[-111.0768,44.7568],[-111.1001,44.7789],[-111.1187,44.8085],[-111.1375,44.8148],[-111.1767,44.8124],[-111.1777,44.8322],[-111.1865,44.8368],[-111.1906,44.8549],[-111.2242,44.8673],[-111.2102,44.873],[-111.2235,44.8912],[-111.2294,44.8877],[-111.2278,44.8831],[-111.2441,44.8826],[-111.254,44.8921],[-111.3231,44.8689],[-111.3311,44.8815],[-111.3524,44.8921],[-111.3514,44.8987],[-111.3771,44.8898]],[[-111.2406,44.859],[-111.2858,44.8471],[-111.2476,44.8277],[-111.2444,44.8214],[-111.2037,44.8143],[-111.201,44.8241],[-111.2098,44.839],[-111.2406,44.859]]]},"properties":{"name":"1959 Hegben Lake rupture (Montana)","otId":"OTSDEM.052016.26912.1","short":"MT14_Johnson","doi":"https://doi.org/10.5069/G9H41PCJ","created":"2016-05-09","temporal":"2014-10-19","keywords":"Hegben Lake, Yellowstone, Montana, scarp, rupture, lidar"}},{"type":"Feature","geometry":{"type":"MultiPolygon","coordinates":[[[[-110.6646,42.6049],[-110.6548,42.6139],[-110.6539,42.635],[-110.6576,42.7004],[-110.6524,42.7507],[-110.6631,42.813],[-110.6614,42.8342],[-110.6729,42.831],[-110.6652,42.7791],[-110.6688,42.7603],[-110.6829,42.8012],[-110.6867,42.8224],[-110.6822,42.8266],[-110.6997,42.8735],[-110.6971,42.8934],[-110.703,42.8975],[-110.7123,42.9472],[-110.7272,42.9837],[-110.724,42.9901],[-110.7331,42.9924],[-110.7372,42.9828],[-110.734,42.9733],[-110.7395,42.97],[-110.7327,42.968],[-110.7361,42.9572],[-110.7279,42.9435],[-110.6876,42.769],[-110.6895,42.7612],[-110.6847,42.7584],[-110.6847,42.7243],[-110.6912,42.7078],[-110.6792,42.6913],[-110.673,42.6487],[-110.677,42.6463],[-110.6707,42.6294],[-110.6781,42.6223],[-110.6707,42.6199],[-110.6646,42.6049]]],[[[-111.0241,43.181],[-111.0268,43.1858],[-111.0317,43.1818],[-111.0102,43.1602],[-111.0281,43.1604],[-111.0314,43.1478],[-110.9936,43.145],[-110.9767,43.1367],[-110.9618,43.1406],[-110.8729,43.13],[-110.8706,43.1221],[-110.8577,43.1135],[-110.8405,43.0683],[-110.8436,43.0617],[-110.8167,43.0346],[-110.8077,43.0112],[-110.8108,43.0021],[-110.7716,42.968],[-110.7678,42.9567],[-110.7548,42.9564],[-110.7628,42.9789],[-110.794,43.0069],[-110.805,43.0462],[-110.8321,43.0773],[-110.8463,43.111],[-110.8402,43.1338],[-110.8672,43.1428],[-110.8773,43.1547],[-110.8893,43.1543],[-110.8893,43.1469],[-110.8837,43.1444],[-110.8872,43.1421],[-110.9837,43.154],[-111.0067,43.174],[-111.0241,43.181]]]]},"properties":{"name":"Greys River, WY","otId":"OTSDEM.052016.26912.2","short":"WY14_Tennant","doi":"https://doi.org/10.5069/G9CC0XNT","created":"2016-05-06","temporal":"2014-10-22","keywords":"Greys River, Wyoming, catchment, lidar"}},{"type":"Feature","geometry":{"type":"Polygon","coordinates":[[[-106.9731,47.5137],[-106.9778,47.5303],[-107.0475,47.5301],[-107.0491,47.5381],[-107.0584,47.5379],[-107.0596,47.5301],[-107.1124,47.5299],[-107.1177,47.5205],[-107.1183,47.4893],[-107.1166,47.4835],[-107.0593,47.4834],[-107.0585,47.475],[-107.0492,47.4751],[-107.046,47.4836],[-107.021,47.4834],[-107.0207,47.4773],[-107.0098,47.4772],[-107.012,47.4835],[-106.9825,47.4834],[-106.9794,47.5029],[-106.9845,47.5065],[-106.9732,47.5068],[-106.9731,47.5137]]]},"properties":{"name":"Geologic Mapping of Coal Beds (Northeastern Montana)","otId":"OTSDEM.042016.26913.1","short":"MT14_Sprain","doi":"https://doi.org/10.5069/G9MS3QP7","created":"2016-04-29","temporal":"2014-10-18","keywords":"Jordan, Montana, coal beds, Fort Peck Reservoir, lidar"}},{"type":"Feature","geometry":{"type":"MultiPolygon","coordinates":[[[[-118.5363,37.4058],[-118.5367,37.4061],[-118.5367,37.4058],[-118.5363,37.4058]]],[[[-118.4124,37.4074],[-118.4124,37.4076],[-118.4127,37.4074],[-118.4124,37.4074]]],[[[-118.4209,37.4073],[-118.4139,37.4079],[-118.4185,37.4189],[-118.4129,37.4269],[-118.4133,37.455],[-118.4745,37.4546],[-118.4793,37.4587],[-118.4859,37.4534],[-118.5376,37.4513],[-118.5367,37.4075],[-118.4209,37.4073]]]]},"properties":{"name":"Volcanic Tablelands in Bishop, California","otId":"OTSDEM.042016.26911.1","short":"CA14_Delano","doi":"https://doi.org/10.5069/G9RJ4GCH","created":"2016-04-07","temporal":"2014-10-23","keywords":"Bishop, lidar"}},{"type":"Feature","geometry":{"type":"Polygon","coordinates":[[[-81.6501,34.6732],[-81.719,34.6729],[-81.7202,34.6677],[-81.7226,34.6728],[-81.7859,34.6724],[-81.7846,34.5372],[-81.7567,34.5422],[-81.7489,34.5374],[-81.6489,34.5381],[-81.6433,34.5606],[-81.6439,34.6587],[-81.6501,34.6732]]]},"properties":{"name":"Calhoun Critical Zone Observatory 2014 Leaf On Survey","otId":"OTSDEM.122015.26917.1","short":"SC14_CZO","doi":"https://doi.org/10.5069/G9125QK4","created":"2015-12-10","temporal":"2014-07-30 / 2014-08-06","keywords":"CZO, Critical Zone Observatory, Calhoun, South Carolina, LiDAR, Hyperspectral"}},{"type":"Feature","geometry":{"type":"Polygon","coordinates":[[[-180,-56],[-180,60],[180,60],[180,-56],[-180,-56]]]},"properties":{"name":"Shuttle Radar Topography Mission (SRTM GL1) Global 30m","otId":"OTSRTM.082015.4326.1","short":"SRTM_GL1","doi":"https://doi.org/10.5069/G9445JDF","created":"2013-04-01","temporal":"2000-02-11 / 2000-02-22","keywords":"The Shuttle Radar Topography Mission, SRTM, global, lidar"}},{"type":"Feature","geometry":{"type":"Polygon","coordinates":[[[-119.9554,41.275],[-119.956,41.2862],[-119.9668,41.2871],[-119.966,41.3045],[-119.9779,41.3054],[-119.9763,41.3402],[-119.9644,41.3405],[-119.9627,41.3758],[-119.9562,41.3763],[-119.9542,41.3838],[-119.9537,41.4387],[-119.9597,41.44],[-119.9585,41.4658],[-119.9523,41.4662],[-119.9507,41.4842],[-119.9576,41.485],[-119.9568,41.5018],[-119.9503,41.5022],[-119.9492,41.5257],[-119.9559,41.5906],[-119.9645,41.5933],[-119.965,41.6176],[-119.9742,41.6439],[-119.986,41.6479],[-119.9866,41.6652],[-119.9971,41.6662],[-119.9967,41.6745],[-120.0079,41.6748],[-120.0083,41.6838],[-120.0195,41.6841],[-120.0199,41.6931],[-120.0319,41.6941],[-120.0311,41.7115],[-120.0431,41.7123],[-120.041,41.7581],[-120.0526,41.7666],[-120.0531,41.7751],[-120.0803,41.7758],[-120.0931,41.7512],[-120.1049,41.7584],[-120.1031,41.7455],[-120.1133,41.7543],[-120.1107,41.6594],[-120.1286,41.6637],[-120.1287,41.6547],[-120.1313,41.6584],[-120.1441,41.6551],[-120.1451,41.6473],[-120.1695,41.6724],[-120.1912,41.732],[-120.2185,41.7342],[-120.2231,41.7169],[-120.2352,41.7165],[-120.2363,41.6902],[-120.2484,41.6871],[-120.2435,41.6452],[-120.235,41.624],[-120.239,41.6204],[-120.224,41.5752],[-120.2254,41.5613],[-120.2182,41.5534],[-120.2191,41.5306],[-120.2114,41.5143],[-120.2147,41.507],[-120.2011,41.482],[-120.12,41.2546],[-120.1166,41.2583],[-120.1109,41.2529],[-120.0962,41.228],[-120.0889,41.226],[-120.0848,41.2109],[-120.0672,41.1956],[-120.0625,41.1811],[-120.0437,41.1708],[-120.0428,41.1624],[-120.0305,41.17],[-120.0184,41.1627],[-120.0202,41.1701],[-120.0155,41.1617],[-120.0084,41.1615],[-120.0293,41.2251],[-120.0404,41.2254],[-120.0409,41.2344],[-120.0527,41.2353],[-120.0504,41.2881],[-120.0384,41.2878],[-120.0392,41.2704],[-120.0043,41.2695],[-120.0039,41.2605],[-119.992,41.2596],[-119.9924,41.2242],[-119.9817,41.2232],[-119.9821,41.2148],[-119.9583,41.2142],[-119.9554,41.275]],[[-120.1235,41.5843],[-120.1296,41.5791],[-120.1227,41.5425],[-120.1243,41.5073],[-120.1168,41.5056],[-120.1149,41.498],[-120.1199,41.4961],[-120.1134,41.4832],[-120.1143,41.462],[-120.1095,41.4611],[-120.1033,41.4441],[-120.1064,41.3717],[-120.0945,41.3708],[-120.0952,41.3535],[-120.0833,41.3525],[-120.0829,41.3435],[-120.0487,41.3427],[-120.0452,41.3516],[-120.0355,41.352],[-120.0351,41.3603],[-120.0241,41.36],[-120.0198,41.3689],[-120.0108,41.3693],[-120.0104,41.3777],[-119.9985,41.378],[-119.9956,41.4397],[-120.0075,41.4407],[-120.0068,41.458],[-120.0187,41.459],[-120.0179,41.4763],[-120.0298,41.4773],[-120.0294,41.4856],[-120.0414,41.4866],[-120.0418,41.4956],[-120.0768,41.4965],[-120.0773,41.5055],[-120.0981,41.506],[-120.0996,41.5235],[-120.106,41.5324],[-120.1071,41.573],[-120.11,41.5784],[-120.1229,41.5795],[-120.1235,41.5843]]]},"properties":{"name":"Surprise Valley, CA","otId":"OTSDEM.052015.26910.1","short":"CA12_Eggers","doi":"https://doi.org/10.5069/G9J10130","created":"2015-06-10","temporal":"2012-06-06 / 2012-06-14","keywords":"Basin and Range, normal fault, geothermal, lidar"}},{"type":"Feature","geometry":{"type":"MultiPolygon","coordinates":[[[[-111.8216,39.7486],[-111.8063,39.8488],[-111.8901,39.856],[-111.9017,39.8447],[-111.9031,39.8311],[-111.9233,39.7921],[-111.9337,39.7159],[-111.9027,39.6524],[-111.8571,39.6709],[-111.8421,39.6043],[-111.8545,39.5677],[-111.8706,39.5499],[-111.9385,39.4223],[-111.9443,39.3357],[-111.9249,39.3067],[-111.8894,39.2824],[-111.8749,39.2552],[-111.8687,39.2249],[-111.8532,39.202],[-111.8299,39.2031],[-111.8307,39.2652],[-111.8358,39.2864],[-111.8553,39.3101],[-111.8506,39.3598],[-111.8541,39.3773],[-111.8433,39.4211],[-111.85,39.4308],[-111.8767,39.4453],[-111.8089,39.5726],[-111.8111,39.6359],[-111.7998,39.7058],[-111.7949,39.71],[-111.8098,39.7265],[-111.8263,39.7265],[-111.8216,39.7486]]],[[[-111.7443,39.9277],[-111.7751,39.9239],[-111.783,39.8893],[-111.7562,39.9014],[-111.7443,39.9277]]],[[[-112.1366,41.9409],[-112.1544,41.991],[-112.1387,41.9943],[-112.1344,42.0039],[-112.1715,42.0703],[-112.2046,42.1747],[-112.2205,42.1988],[-112.2257,42.2313],[-112.2419,42.2479],[-112.2751,42.2655],[-112.3571,42.3265],[-112.2966,42.4166],[-112.3021,42.4325],[-112.3184,42.432],[-112.3475,42.3947],[-112.3806,42.368],[-112.3885,42.3505],[-112.3891,42.321],[-112.3752,42.3027],[-112.255,42.2126],[-112.2225,42.094],[-112.2353,42.0641],[-112.1918,41.947],[-112.1778,41.9387],[-112.174,41.9275],[-112.187,41.9111],[-112.1862,41.9004],[-112.1781,41.894],[-112.1237,41.8948],[-112.1119,41.8886],[-112.1131,41.7779],[-112.1071,41.6606],[-112.101,41.6474],[-112.0871,41.6391],[-112.0764,41.6232],[-112.0344,41.4845],[-112.0663,41.4619],[-112.0674,41.4453],[-112.0553,41.4273],[-112.0432,41.3753],[-112.0209,41.3577],[-112.0264,41.3483],[-112.0236,41.3392],[-112.0129,41.3316],[-111.9892,41.3284],[-111.9521,41.3086],[-111.9683,41.2778],[-111.9602,41.1879],[-111.9206,41.1309],[-111.9299,41.1043],[-111.9293,41.0408],[-111.9188,41.0241],[-111.9054,40.9568],[-111.9162,40.8493],[-111.9296,40.8382],[-111.9398,40.8457],[-111.9751,40.8454],[-111.9826,40.8403],[-111.9838,40.8311],[-112.1164,40.8304],[-112.128,40.8229],[-112.1245,40.4538],[-112.1133,40.446],[-111.9606,40.4466],[-111.9563,40.4416],[-111.9447,40.4205],[-112.0211,40.3935],[-112.0404,40.365],[-112.0491,40.3627],[-112.0296,40.3437],[-111.9906,40.3324],[-111.9705,40.3405],[-111.9479,40.3388],[-111.9158,40.3068],[-111.8768,40.2507],[-111.8961,40.2057],[-111.9322,40.1746],[-111.9518,40.1683],[-111.9604,40.1545],[-111.9621,40.1445],[-111.925,40.0234],[-111.915,40.0137],[-111.8982,40.012],[-111.8502,40.0277],[-111.827,40.0202],[-111.8095,39.9983],[-111.8134,39.9809],[-111.8075,39.962],[-111.7801,39.9535],[-111.7643,39.9601],[-111.753,39.9802],[-111.7404,39.9906],[-111.7192,39.9871],[-111.7204,39.9287],[-111.69,39.9247],[-111.68,39.979],[-111.6332,40.0003],[-111.6191,40.0293],[-111.6211,40.047],[-111.6144,40.0583],[-111.5901,40.0747],[-111.5728,40.0738],[-111.5612,40.0797],[-111.5587,40.0979],[-111.5431,40.1131],[-111.5391,40.1559],[-111.5581,40.162],[-111.5684,40.175],[-111.5838,40.1802],[-111.5889,40.1963],[-111.5982,40.2021],[-111.6216,40.2783],[-111.6192,40.2885],[-111.6252,40.3121],[-111.6383,40.3437],[-111.6542,40.3543],[-111.6769,40.3582],[-111.705,40.3965],[-111.7122,40.3964],[-111.7287,40.4146],[-111.74,40.4359],[-111.7332,40.4554],[-111.7354,40.4862],[-111.7496,40.4951],[-111.799,40.5026],[-111.783,40.5715],[-111.7486,40.5701],[-111.7486,40.5738],[-111.781,40.5763],[-111.7832,40.5944],[-111.7747,40.618],[-111.7486,40.6214],[-111.774,40.6294],[-111.7706,40.6344],[-111.7487,40.635],[-111.7496,40.8238],[-111.7591,40.8314],[-111.8049,40.8356],[-111.8264,40.8693],[-111.832,40.8882],[-111.8523,40.9073],[-111.8619,40.9791],[-111.8852,41.0163],[-111.8837,41.1369],[-111.9101,41.1684],[-111.9182,41.3233],[-111.9324,41.3441],[-112.0119,41.3877],[-112.0085,41.4173],[-112.0162,41.4441],[-111.9947,41.4657],[-111.9726,41.5022],[-111.9978,41.5416],[-112.0289,41.6209],[-112.039,41.6262],[-112.0452,41.6385],[-112.0357,41.649],[-112.0349,41.6618],[-112.062,41.6906],[-112.0726,41.7319],[-112.0793,41.8879],[-112.0603,41.8918],[-112.0546,41.9052],[-112.0675,41.916],[-112.0963,41.9152],[-112.1097,41.9236],[-112.1378,41.9261],[-112.1366,41.9409]],[[-111.8878,40.3516],[-111.896,40.3408],[-111.8431,40.2736],[-111.8455,40.2509],[-111.8665,40.2],[-111.9303,40.1328],[-111.9319,40.1252],[-111.9048,40.1011],[-111.9125,40.0939],[-111.912,40.0869],[-111.877,40.0571],[-111.8693,40.0628],[-111.871,40.0868],[-111.8606,40.1161],[-111.8401,40.1431],[-111.8107,40.1521],[-111.7974,40.1521],[-111.7925,40.1458],[-111.7658,40.1516],[-111.7534,40.1556],[-111.7573,40.162],[-111.7526,40.1738],[-111.708,40.1725],[-111.6839,40.1796],[-111.6763,40.194],[-111.6974,40.2014],[-111.7321,40.2002],[-111.7371,40.2056],[-111.7352,40.2177],[-111.7473,40.2309],[-111.7393,40.256],[-111.7644,40.2746],[-111.7707,40.2863],[-111.7754,40.3291],[-111.838,40.3504],[-111.8805,40.3553],[-111.8878,40.3516]]]]},"properties":{"name":"State of Utah Acquired Lidar Data - Wasatch Front","otId":"OTSDEM.122014.26912.1","short":"UGS_Wasatch","doi":"https://doi.org/10.5069/G9TH8JNQ","created":"2015-01-29","temporal":"2013-10-18 / 2014-05-31","keywords":"Utah, Box Elder, Weber, Davis, Salt Lake, Juab"}},{"type":"Feature","geometry":{"type":"Polygon","coordinates":[[[-118.9069,35.0095],[-118.9241,35.0166],[-118.9706,35.0212],[-118.9735,35.0361],[-119.042,35.0428],[-119.0758,35.042],[-119.081,35.032],[-119.0763,35.0216],[-119.0825,35.0209],[-119.0731,34.9916],[-118.9233,34.9776],[-118.9088,34.9808],[-118.9069,35.0095]]]},"properties":{"name":"Wheeler Ridge, CA","otId":"OTSDEM.022015.26911.2","short":"CA14_Kleber","doi":"https://doi.org/10.5069/G99K485N","created":"2015-02-25","temporal":"2014-10-23","keywords":"Wheeler Ridge blind thrust, Wheeler Ridge fault, fault propagation fold, Wheeler Ridge, Coal Canyon, lidar"}},{"type":"Feature","geometry":{"type":"MultiPolygon","coordinates":[[[[-123.109,38.8811],[-123.1069,38.8867],[-123.1183,38.8981],[-123.171,38.9242],[-123.2013,38.9288],[-123.2133,38.943],[-123.2204,38.942],[-123.23,38.9347],[-123.2304,38.9089],[-123.2435,38.8962],[-123.2424,38.889],[-123.2368,38.8802],[-123.2099,38.8744],[-123.1933,38.8546],[-123.2017,38.8497],[-123.1956,38.8393],[-123.2101,38.8377],[-123.2274,38.8162],[-123.2456,38.8174],[-123.2559,38.8323],[-123.2722,38.8323],[-123.28,38.8237],[-123.2724,38.8114],[-123.3706,38.809],[-123.3729,38.7802],[-123.5001,38.782],[-123.5217,38.7641],[-123.5364,38.771],[-123.5363,38.7582],[-123.5171,38.7395],[-123.4961,38.734],[-123.4451,38.6972],[-123.4366,38.687],[-123.4384,38.6798],[-123.4213,38.67],[-123.3931,38.6279],[-123.3714,38.6116],[-123.3752,38.6046],[-123.3474,38.5885],[-123.3439,38.5712],[-123.3366,38.5635],[-123.2747,38.529],[-123.2575,38.5095],[-123.1944,38.4867],[-123.1547,38.4582],[-123.1329,38.449],[-123.1257,38.4288],[-123.1064,38.4127],[-123.1005,38.3927],[-123.0892,38.3887],[-123.0725,38.3592],[-123.0728,38.3349],[-123.0826,38.323],[-123.0637,38.2969],[-123.0506,38.2971],[-123.0492,38.3073],[-123.0422,38.3101],[-123.0265,38.3076],[-123.0026,38.2924],[-122.9799,38.3078],[-122.9676,38.3075],[-122.9634,38.3138],[-122.9218,38.3052],[-122.9021,38.3131],[-122.7417,38.2041],[-122.7236,38.204],[-122.7111,38.1943],[-122.6347,38.1753],[-122.6032,38.1775],[-122.595,38.1844],[-122.5704,38.1803],[-122.5613,38.1584],[-122.5459,38.1545],[-122.5227,38.1383],[-122.5124,38.1175],[-122.5012,38.1086],[-122.4551,38.1158],[-122.4417,38.1132],[-122.4074,38.1348],[-122.4006,38.1469],[-122.4033,38.1571],[-122.364,38.1574],[-122.3654,38.1806],[-122.3567,38.1792],[-122.353,38.19],[-122.3459,38.193],[-122.3616,38.2476],[-122.3854,38.2614],[-122.3857,38.2766],[-122.3972,38.2766],[-122.3991,38.2992],[-122.3908,38.3054],[-122.409,38.3361],[-122.438,38.3611],[-122.4497,38.3647],[-122.4529,38.3692],[-122.4445,38.3808],[-122.4625,38.3924],[-122.4671,38.4066],[-122.4922,38.4254],[-122.4768,38.4529],[-122.5046,38.4603],[-122.5024,38.4662],[-122.514,38.4734],[-122.5255,38.4734],[-122.5386,38.4947],[-122.5315,38.5017],[-122.5409,38.5102],[-122.5413,38.5224],[-122.566,38.5315],[-122.585,38.555],[-122.617,38.5625],[-122.6418,38.5994],[-122.6243,38.6222],[-122.6297,38.6377],[-122.6201,38.6492],[-122.6191,38.6623],[-122.6214,38.676],[-122.6446,38.7093],[-122.6913,38.7156],[-122.6972,38.7301],[-122.7077,38.7376],[-122.7053,38.7503],[-122.7168,38.7559],[-122.7437,38.7891],[-122.7452,38.8059],[-122.794,38.8415],[-122.8073,38.8404],[-122.818,38.8545],[-123.0849,38.852],[-123.0958,38.8532],[-123.108,38.863],[-123.1055,38.871],[-123.1128,38.8787],[-123.109,38.8811]]],[[[-123.1487,39.2395],[-123.1849,39.2358],[-123.1883,39.2032],[-123.1839,39.19],[-123.1559,39.2],[-123.1589,39.2089],[-123.1544,39.2156],[-123.1626,39.233],[-123.152,39.2314],[-123.1487,39.2395]]]]},"properties":{"name":"UMD-NASA Carbon Mapping /Sonoma County Vegetation Mapping and Lidar Program","otId":"OTSDEM.092014.2871.1","short":"SONOMA_LIDAR","doi":"https://doi.org/10.5069/G9G73BM1","created":"2014-10-13","temporal":"2013-09-28 / 2013-10-28","keywords":"Sonoma County, Lidar, Vegetation and Habitat Mapping, Carbon Mapping, Biomass Mapping, Riparian Mapping"}},{"type":"Feature","geometry":{"type":"MultiPolygon","coordinates":[[[[-89.9546,35.5013],[-89.9746,35.5001],[-89.9761,35.4859],[-89.9829,35.4857],[-89.9826,35.4767],[-89.9868,35.4766],[-89.9865,35.4676],[-89.9939,35.4674],[-89.9969,35.4525],[-90.0069,35.4491],[-90.0073,35.4365],[-90.017,35.4308],[-90.0177,35.42],[-90.0244,35.4198],[-90.0281,35.4035],[-90.0364,35.4033],[-90.0387,35.3925],[-90.0497,35.3922],[-90.049,35.3738],[-90.0597,35.3666],[-90.0594,35.3576],[-90.0659,35.3575],[-90.0697,35.3393],[-90.0777,35.3391],[-90.08,35.321],[-90.0898,35.3208],[-90.0906,35.3094],[-90.1007,35.3025],[-90.1009,35.292],[-90.1116,35.2842],[-90.1113,35.2752],[-90.1221,35.2749],[-90.1218,35.2659],[-90.1109,35.2662],[-90.1106,35.2572],[-90.0886,35.2577],[-90.0883,35.2487],[-90.0773,35.249],[-90.077,35.24],[-90.055,35.2406],[-90.0557,35.2586],[-90.0466,35.2588],[-90.0454,35.2769],[-90.0353,35.2771],[-90.0356,35.2861],[-90.0241,35.2954],[-90.0244,35.3044],[-90.0176,35.3046],[-90.0141,35.3227],[-90.0057,35.3229],[-90.0038,35.341],[-89.994,35.3412],[-89.9932,35.3519],[-89.9822,35.3522],[-89.9828,35.3685],[-89.9761,35.3687],[-89.9725,35.3868],[-89.9632,35.3871],[-89.9621,35.4051],[-89.9527,35.4053],[-89.9531,35.4143],[-89.9408,35.4237],[-89.9308,35.4509],[-89.9226,35.4511],[-89.9201,35.4602],[-89.9207,35.4782],[-89.9317,35.478],[-89.9321,35.487],[-89.9431,35.4867],[-89.9434,35.4957],[-89.9544,35.4954],[-89.9546,35.5013]]],[[[-89.6908,36.1776],[-89.6911,36.1866],[-89.7245,36.1858],[-89.7241,36.1764],[-89.7352,36.1761],[-89.7349,36.1676],[-89.746,36.1673],[-89.7457,36.1583],[-89.7568,36.158],[-89.7565,36.149],[-89.7676,36.1488],[-89.7673,36.1398],[-89.7784,36.1395],[-89.7781,36.1305],[-89.7892,36.1303],[-89.789,36.1248],[-89.8172,36.1075],[-89.817,36.1026],[-89.8289,36.0991],[-89.8287,36.0933],[-89.8412,36.093],[-89.843,36.082],[-89.8525,36.0818],[-89.8538,36.0734],[-89.8642,36.0732],[-89.8646,36.0649],[-89.8756,36.0646],[-89.8753,36.0561],[-89.8865,36.0558],[-89.8861,36.0468],[-89.8972,36.0466],[-89.8969,36.0376],[-89.908,36.0373],[-89.9076,36.0283],[-89.9187,36.028],[-89.9184,36.019],[-89.9295,36.0188],[-89.9291,36.0098],[-89.9402,36.0095],[-89.9568,35.9911],[-89.9727,35.9886],[-89.9718,35.9636],[-89.9607,35.9639],[-89.9604,35.9549],[-89.9493,35.9552],[-89.949,35.9462],[-89.9379,35.9465],[-89.9376,35.9375],[-89.9265,35.9377],[-89.9261,35.9287],[-89.904,35.9293],[-89.9043,35.9383],[-89.8933,35.9385],[-89.8936,35.9475],[-89.8825,35.9478],[-89.8828,35.9568],[-89.8718,35.9571],[-89.8611,35.9697],[-89.8538,35.9698],[-89.8504,35.9783],[-89.8421,35.9785],[-89.8396,35.9872],[-89.8306,35.9874],[-89.8308,35.9941],[-89.8191,35.9957],[-89.818,36.0045],[-89.8072,36.0048],[-89.8074,36.0127],[-89.7961,36.013],[-89.7965,36.0219],[-89.7854,36.0222],[-89.7857,36.0312],[-89.7746,36.0315],[-89.7749,36.0405],[-89.7638,36.0407],[-89.7642,36.0497],[-89.7531,36.05],[-89.7534,36.059],[-89.7423,36.0592],[-89.7383,36.0683],[-89.7251,36.0732],[-89.71,36.09],[-89.7022,36.0902],[-89.7024,36.0962],[-89.6907,36.0988],[-89.6909,36.1055],[-89.6788,36.1071],[-89.6791,36.1147],[-89.667,36.116],[-89.6673,36.124],[-89.6557,36.1245],[-89.656,36.1333],[-89.6451,36.1335],[-89.6454,36.1425],[-89.6563,36.1423],[-89.6566,36.1513],[-89.6677,36.1511],[-89.668,36.1601],[-89.6791,36.1598],[-89.6794,36.1688],[-89.6905,36.1686],[-89.6908,36.1776]]],[[[-89.5379,36.6045],[-89.5268,36.6047],[-89.527,36.6138],[-89.5159,36.614],[-89.5165,36.632],[-89.5053,36.6322],[-89.5056,36.6412],[-89.4944,36.6415],[-89.495,36.6595],[-89.4838,36.6597],[-89.4841,36.6687],[-89.4729,36.669],[-89.4732,36.678],[-89.462,36.6782],[-89.4626,36.6962],[-89.4514,36.6964],[-89.4517,36.7055],[-89.4405,36.7057],[-89.4411,36.7237],[-89.4299,36.7239],[-89.4302,36.7329],[-89.419,36.7332],[-89.4196,36.7512],[-89.4084,36.7514],[-89.4086,36.7604],[-89.3974,36.7606],[-89.3977,36.7696],[-89.4089,36.7694],[-89.4095,36.7874],[-89.4207,36.7872],[-89.4213,36.8052],[-89.4325,36.805],[-89.433,36.823],[-89.4442,36.8228],[-89.4439,36.8138],[-89.4551,36.8135],[-89.4549,36.8045],[-89.4661,36.8043],[-89.4655,36.7863],[-89.4767,36.7861],[-89.4764,36.777],[-89.4876,36.7768],[-89.487,36.7588],[-89.4982,36.7586],[-89.4979,36.7496],[-89.5091,36.7493],[-89.5085,36.7313],[-89.5197,36.7311],[-89.5194,36.7221],[-89.5306,36.7218],[-89.53,36.7038],[-89.5412,36.7036],[-89.5409,36.6946],[-89.5521,36.6943],[-89.5518,36.6853],[-89.5629,36.6851],[-89.5623,36.6671],[-89.5735,36.6668],[-89.5732,36.6578],[-89.5772,36.6577],[-89.5775,36.6667],[-89.5959,36.6663],[-89.5956,36.6573],[-89.6179,36.6553],[-89.6176,36.6478],[-89.6288,36.6476],[-89.6285,36.6386],[-89.6509,36.6381],[-89.6502,36.6201],[-89.6449,36.6202],[-89.6446,36.6112],[-89.6388,36.6113],[-89.6333,36.5934],[-89.627,36.5936],[-89.6217,36.5757],[-89.6152,36.5758],[-89.6107,36.5579],[-89.6034,36.558],[-89.5989,36.5401],[-89.5917,36.5403],[-89.5874,36.5223],[-89.5799,36.5225],[-89.5761,36.5046],[-89.5681,36.5047],[-89.5645,36.4868],[-89.5564,36.487],[-89.5529,36.469],[-89.5447,36.4692],[-89.5412,36.4512],[-89.5329,36.4514],[-89.5302,36.4334],[-89.5212,36.4336],[-89.5209,36.4246],[-89.495,36.4252],[-89.4947,36.4162],[-89.4872,36.4163],[-89.4832,36.3984],[-89.4755,36.3985],[-89.4733,36.3806],[-89.4682,36.3807],[-89.4587,36.3538],[-89.4518,36.354],[-89.4474,36.336],[-89.4401,36.3362],[-89.4383,36.3182],[-89.4328,36.3183],[-89.4265,36.3004],[-89.4164,36.2926],[-89.411,36.2737],[-89.4047,36.2738],[-89.4011,36.2558],[-89.3931,36.256],[-89.3908,36.238],[-89.3811,36.2292],[-89.3806,36.2112],[-89.3583,36.2116],[-89.3586,36.2206],[-89.3364,36.2211],[-89.3366,36.2301],[-89.3144,36.2305],[-89.3147,36.2395],[-89.3035,36.2397],[-89.305,36.2577],[-89.3152,36.2575],[-89.3223,36.2844],[-89.3271,36.2843],[-89.3325,36.3023],[-89.3388,36.3021],[-89.3426,36.3201],[-89.3505,36.3199],[-89.3526,36.3469],[-89.3624,36.3467],[-89.3674,36.3613],[-89.388,36.3643],[-89.3883,36.3733],[-89.3938,36.3732],[-89.3997,36.3911],[-89.4053,36.391],[-89.4115,36.4089],[-89.4202,36.414],[-89.4221,36.4267],[-89.4279,36.4265],[-89.4342,36.4354],[-89.4457,36.4622],[-89.4554,36.4687],[-89.4565,36.48],[-89.4632,36.4799],[-89.4687,36.4978],[-89.4788,36.5044],[-89.4802,36.5156],[-89.4857,36.5155],[-89.4911,36.5334],[-89.4968,36.5333],[-89.4971,36.5421],[-89.5025,36.5422],[-89.5084,36.5601],[-89.5141,36.5602],[-89.5144,36.569],[-89.5199,36.5688],[-89.5202,36.5779],[-89.5259,36.5777],[-89.5379,36.6045]]]]},"properties":{"name":"Central U.S. ARRA Lidar, New Madrid Seismic Zone","otId":"OTSDEM.022014.32616.1","short":"ARRA10_USGS","doi":"https://doi.org/10.5069/G9N014G4","created":"2014-04-02","temporal":"2010-07-08 / 2010-09-29","keywords":"Central U.S., New Madrid Seismic Zone, lidar"}},{"type":"Feature","geometry":{"type":"MultiPolygon","coordinates":[[[[-121.3137,35.7531],[-121.2881,35.7375],[-121.2764,35.7213],[-121.2564,35.7094],[-121.2414,35.7083],[-121.1934,35.6753],[-121.1266,35.6561],[-121.093,35.6383],[-121.0392,35.6244],[-121.0254,35.6085],[-120.9775,35.5871],[-120.9304,35.578],[-120.8703,35.524],[-120.8343,35.4841],[-120.8269,35.4649],[-120.7519,35.4297],[-120.697,35.3731],[-120.6482,35.3475],[-120.6187,35.3197],[-120.4983,35.1764],[-120.4178,35.1005],[-120.3931,35.0605],[-120.3788,35.049],[-120.3544,35.0134],[-120.299,34.9009],[-120.1942,34.8183],[-120.1568,34.8005],[-120.1064,34.787],[-120.0788,34.7712],[-120.0778,34.7654],[-120.0846,34.7637],[-120.1112,34.7789],[-120.1609,34.792],[-120.2009,34.8111],[-120.3073,34.895],[-120.3169,34.9062],[-120.3644,35.0097],[-120.3877,35.0437],[-120.4023,35.0555],[-120.4269,35.0955],[-120.5069,35.1708],[-120.6274,35.314],[-120.6556,35.3405],[-120.7052,35.367],[-120.7594,35.4228],[-120.8356,35.4591],[-120.8437,35.4791],[-120.8795,35.5189],[-120.9376,35.5701],[-120.9835,35.5791],[-121.0318,35.6005],[-121.0448,35.6165],[-121.0982,35.6303],[-121.1319,35.6481],[-121.2188,35.6776],[-121.1881,35.6397],[-121.1895,35.6344],[-121.1962,35.634],[-121.2398,35.6858],[-121.2849,35.7152],[-121.2964,35.7315],[-121.3202,35.7461],[-121.3202,35.752],[-121.3137,35.7531]]],[[[-121.1219,35.596],[-121.1031,35.5797],[-121.0351,35.54],[-121.0054,35.5005],[-120.9929,35.4873],[-120.9752,35.4795],[-120.9733,35.4722],[-120.9802,35.4705],[-121.0017,35.4816],[-121.0429,35.5336],[-121.1101,35.5727],[-121.1305,35.5907],[-121.1285,35.5964],[-121.1219,35.596]]],[[[-121.8156,37.8482],[-121.7679,37.7906],[-121.7316,37.7619],[-121.6611,37.6913],[-121.6265,37.6382],[-121.5879,37.5942],[-121.5684,37.5645],[-121.559,37.5356],[-121.5179,37.4698],[-121.4974,37.4144],[-121.5063,37.4159],[-121.5284,37.4664],[-121.5695,37.532],[-121.5788,37.5608],[-121.5978,37.5897],[-121.6361,37.6334],[-121.6702,37.6859],[-121.8002,37.8114],[-121.8247,37.8435],[-121.8156,37.8482]]],[[[-121.8934,36.3766],[-121.8762,36.3592],[-121.8663,36.3381],[-121.8297,36.3132],[-121.7718,36.2536],[-121.7448,36.2099],[-121.7966,36.2337],[-121.8145,36.2342],[-121.8376,36.2488],[-121.8372,36.2563],[-121.8537,36.2786],[-121.8628,36.2803],[-121.8863,36.3015],[-121.9017,36.3049],[-121.8952,36.3158],[-121.8931,36.3418],[-121.9071,36.3557],[-121.9032,36.3708],[-121.9077,36.3744],[-121.9014,36.3839],[-121.8934,36.3766]]],[[[-122.243,38.4591],[-122.2197,38.4246],[-122.195,38.3623],[-122.1973,38.3572],[-122.2057,38.3591],[-122.2304,38.4214],[-122.2533,38.4554],[-122.2502,38.4607],[-122.243,38.4591]]],[[[-122.3799,38.704],[-122.3353,38.6538],[-122.3078,38.6085],[-122.2741,38.5755],[-122.2557,38.5166],[-122.2643,38.5176],[-122.2759,38.5387],[-122.2846,38.5716],[-122.3175,38.6037],[-122.3451,38.6491],[-122.3898,38.6998],[-122.3867,38.7052],[-122.3799,38.704]]],[[[-122.4943,38.9722],[-122.4461,38.9382],[-122.4041,38.8926],[-122.3796,38.8363],[-122.3796,38.7776],[-122.3705,38.7623],[-122.3626,38.7269],[-122.3461,38.7068],[-122.3201,38.6546],[-122.2585,38.5797],[-122.2606,38.5741],[-122.2685,38.5754],[-122.3298,38.6498],[-122.3567,38.7032],[-122.3733,38.7233],[-122.3816,38.7597],[-122.3909,38.7758],[-122.3912,38.8352],[-122.4144,38.8885],[-122.4549,38.9324],[-122.5023,38.966],[-122.5012,38.9718],[-122.4943,38.9722]]],[[[-123.1761,39.7072],[-123.175,39.713],[-123.1673,39.713],[-123.123,39.6675],[-123.1014,39.6246],[-123.0473,39.5833],[-123.0427,39.5587],[-122.9685,39.484],[-122.9661,39.4739],[-122.9575,39.4737],[-122.9338,39.4471],[-122.9239,39.4472],[-122.9236,39.4258],[-122.9014,39.4087],[-122.9083,39.4062],[-122.9268,39.4166],[-122.94,39.4154],[-122.9132,39.3998],[-122.8535,39.3274],[-122.8193,39.2978],[-122.8021,39.272],[-122.7521,39.2205],[-122.6931,39.1774],[-122.6552,39.1585],[-122.6231,39.1235],[-122.5771,39.082],[-122.5679,39.082],[-122.4892,39.002],[-122.447,38.9689],[-122.4469,38.9631],[-122.4626,38.968],[-122.4629,38.9615],[-122.4709,38.9618],[-122.4906,38.9781],[-122.4892,38.9834],[-122.482,38.9836],[-122.5376,39.0398],[-122.5736,39.0732],[-122.5827,39.0733],[-122.6635,39.1522],[-122.7007,39.1706],[-122.7607,39.2143],[-122.8119,39.2671],[-122.8289,39.2927],[-122.8632,39.3225],[-122.9221,39.394],[-122.9469,39.4081],[-122.9379,39.3959],[-122.9403,39.3908],[-122.9473,39.3912],[-122.9546,39.4005],[-122.9688,39.3908],[-122.9761,39.3925],[-122.993,39.4168],[-122.988,39.4212],[-122.9693,39.42],[-122.9778,39.4321],[-122.9797,39.4548],[-122.9706,39.4571],[-122.9761,39.469],[-123.0289,39.5228],[-123.0345,39.5394],[-123.0527,39.5517],[-123.0578,39.5789],[-123.1112,39.6195],[-123.1328,39.6626],[-123.1668,39.6976],[-123.1788,39.695],[-123.2192,39.715],[-123.2338,39.7388],[-123.2906,39.7974],[-123.3038,39.8288],[-123.3261,39.8467],[-123.3455,39.8979],[-123.4362,40.0093],[-123.444,40.0412],[-123.4346,40.0407],[-123.4255,40.013],[-123.4065,39.9857],[-123.3347,39.9016],[-123.3157,39.8511],[-123.2937,39.8336],[-123.2803,39.8018],[-123.2239,39.7436],[-123.2102,39.7211],[-123.1761,39.7072]],[[-123.1761,39.7072],[-123.1761,39.7072],[-123.176,39.7071],[-123.1761,39.7072]],[[-123.176,39.7071],[-123.1758,39.7069],[-123.1758,39.7069],[-123.176,39.7071]],[[-122.9588,39.4582],[-122.946,39.4281],[-122.9564,39.427],[-122.9681,39.4518],[-122.9663,39.4338],[-122.9534,39.4167],[-122.9494,39.4189],[-122.9411,39.436],[-122.9588,39.4582]]],[[[-122.734,38.5575],[-122.7574,38.529],[-122.7903,38.5771],[-122.8532,38.626],[-122.8621,38.6413],[-122.8018,38.676],[-122.7267,38.5994],[-122.734,38.5575]]]]},"properties":{"name":"California ARRA Lidar","otId":"OTSDEM.022014.32610.1","short":"ARRA11_USGS","doi":"https://doi.org/10.5069/G9H70CRD","created":"2014-03-02","temporal":"2011-03-13 / 2011-05-09","keywords":"Big Sur, Central Coast, Oceanic Fault, Bartlett Springs Fault, Greenville Fault, Rodgers Creek Stepover"}},{"type":"Feature","geometry":{"type":"MultiPolygon","coordinates":[[[[-121.4898,47.2894],[-121.4898,47.2895],[-121.4899,47.2893],[-121.4898,47.2894]]],[[[-121.4381,47.3335],[-121.5479,47.3607],[-121.5436,47.3672],[-121.5581,47.3635],[-121.5929,47.3729],[-121.5961,47.3643],[-121.5885,47.3618],[-121.5962,47.3609],[-121.5946,47.3559],[-121.6092,47.3319],[-121.5904,47.3192],[-121.6059,47.3063],[-121.6242,47.3044],[-121.6244,47.2976],[-121.5852,47.2972],[-121.5617,47.3051],[-121.569,47.3098],[-121.589,47.3067],[-121.5859,47.3137],[-121.555,47.3101],[-121.4773,47.2976],[-121.4712,47.2889],[-121.4832,47.2898],[-121.4839,47.2802],[-121.4524,47.272],[-121.4493,47.2774],[-121.464,47.2873],[-121.4537,47.2889],[-121.4798,47.305],[-121.4684,47.3122],[-121.4713,47.3158],[-121.4473,47.3188],[-121.4381,47.3335]]]]},"properties":{"name":"Hyak, WA:  Cedar River Municipal Watershed Snow Modeling","otId":"OTSDEM.052013.26910.2","short":"WA12_Dickerson","doi":"https://doi.org/10.5069/G9K64G11","created":"2013-05-28","temporal":"2012-08-31 / 2012-09-01","keywords":"lidar"}},{"type":"Feature","geometry":{"type":"MultiPolygon","coordinates":[[[[-121.7825,46.7771],[-121.7814,46.7766],[-121.7806,46.7763],[-121.7825,46.7771]]],[[[-121.7825,46.7771],[-121.7827,46.7772],[-121.7827,46.7772],[-121.7825,46.7771]]],[[[-121.745,46.8127],[-121.7487,46.8129],[-121.7465,46.8117],[-121.745,46.8127]]],[[[-121.8176,46.8484],[-121.8588,46.8488],[-121.859,46.8405],[-121.8695,46.8399],[-121.8723,46.8315],[-121.8935,46.8222],[-121.8988,46.8172],[-121.8993,46.7958],[-121.9124,46.7954],[-121.9128,46.778],[-121.9259,46.7775],[-121.9269,46.7685],[-121.9391,46.7686],[-121.9394,46.7544],[-121.8683,46.7191],[-121.8482,46.7173],[-121.8221,46.7294],[-121.8217,46.7488],[-121.8086,46.7494],[-121.8075,46.7583],[-121.7953,46.7582],[-121.7959,46.7663],[-121.7837,46.7736],[-121.7875,46.7778],[-121.7706,46.7845],[-121.7681,46.8023],[-121.7571,46.8028],[-121.7504,46.8117],[-121.7525,46.8201],[-121.8176,46.8484]]]]},"properties":{"name":"Southwest Flank of Mt.Rainier, WA","otId":"OTSDEM.052013.26910.1","short":"WA12_Legg","doi":"https://doi.org/10.5069/G9PZ56R1","created":"2013-05-28","temporal":"2012-08-28 / 2012-09-01","keywords":"lidar"}},{"type":"Feature","geometry":{"type":"Polygon","coordinates":[[[-105.1522,39.4077],[-105.1967,39.4237],[-105.2148,39.42],[-105.2113,39.4252],[-105.2185,39.4253],[-105.2643,39.3618],[-105.2669,39.3354],[-105.25,39.3261],[-105.2156,39.3287],[-105.1522,39.4077]]]},"properties":{"name":"Raleigh Peak, Colorado: May 2010","otId":"OTSDEM.052013.26913.2","short":"CO10_Tucker","doi":"https://doi.org/10.5069/G9TM782F","created":"2013-05-28","temporal":"2010-05-07","keywords":"lidar"}},{"type":"Feature","geometry":{"type":"MultiPolygon","coordinates":[[[[-105.2112,39.9983],[-105.2112,39.9984],[-105.2112,39.9984],[-105.2112,39.9983]]],[[[-105.2577,40.0289],[-105.2695,40.0289],[-105.2702,40.0199],[-105.3164,40.018],[-105.296,39.9387],[-105.2741,39.9388],[-105.2717,39.9465],[-105.2888,40.0117],[-105.2455,39.9886],[-105.2424,39.9566],[-105.2294,39.9527],[-105.2212,39.9581],[-105.2207,39.9763],[-105.2139,39.9873],[-105.2175,39.9888],[-105.2113,39.9932],[-105.2176,40.001],[-105.2109,40.0053],[-105.224,40.0161],[-105.2577,40.0289]]]]},"properties":{"name":"2010 CU-Boulder Campus and Flatirons","otId":"OTSDEM.052013.26913.1","short":"CO10_Grigsby","doi":"https://doi.org/10.5069/G9ZC80SR","created":"2013-05-28","temporal":"2010-05-03 / 2010-05-05","keywords":"CU, CU-Boulder, University of Colorado, Boulder Creek, Bear Creek, Flatirons"}},{"type":"Feature","geometry":{"type":"MultiPolygon","coordinates":[[[[-118.3016,37.3919],[-118.3012,37.3919],[-118.3012,37.3922],[-118.3016,37.3919]]],[[[-118.3083,37.3921],[-118.3016,37.3919],[-118.3053,37.3964],[-118.3013,37.3973],[-118.3087,37.4399],[-118.3296,37.5416],[-118.3383,37.569],[-118.3431,37.5699],[-118.3517,37.5669],[-118.3496,37.5585],[-118.3625,37.5612],[-118.367,37.5523],[-118.3592,37.5446],[-118.3333,37.405],[-118.3123,37.4005],[-118.3083,37.3921]]]]},"properties":{"name":"White Mountain Fault Zone, Owens Valley, CA","otId":"OTSDEM.052013.26911.1","short":"CA12_Lifton","doi":"https://doi.org/10.5069/G9FF3Q99","created":"2013-05-23","temporal":"2012-07-04","keywords":"lidar"}},{"type":"Feature","geometry":{"type":"MultiPolygon","coordinates":[[[[-69.6045,44.0375],[-69.6044,44.0376],[-69.6045,44.0375],[-69.6045,44.0375]]],[[[-69.5986,44.041],[-69.5984,44.0411],[-69.5984,44.0411],[-69.5986,44.041]]],[[[-69.5817,44.0811],[-69.5817,44.0811],[-69.5817,44.0811],[-69.5817,44.0811]]],[[[-69.6063,44.2384],[-69.6064,44.2385],[-69.6064,44.2385],[-69.6063,44.2384]]],[[[-69.6065,44.2386],[-69.6066,44.2386],[-69.6065,44.2385],[-69.6065,44.2386]]],[[[-69.6066,44.2386],[-69.6066,44.2386],[-69.6066,44.2386],[-69.6066,44.2386]]],[[[-69.6135,44.2584],[-69.6135,44.2584],[-69.6135,44.2584],[-69.6135,44.2584]]],[[[-69.4063,44.476],[-69.4063,44.476],[-69.4062,44.476],[-69.4063,44.476]]],[[[-69.5986,44.041],[-69.5891,44.0509],[-69.5913,44.0758],[-69.5818,44.0811],[-69.5842,44.1084],[-69.5944,44.1088],[-69.5857,44.1122],[-69.5886,44.1184],[-69.5986,44.1179],[-69.6056,44.1691],[-69.6149,44.1925],[-69.483,44.2977],[-69.4667,44.2883],[-69.4638,44.2913],[-69.4763,44.303],[-69.4114,44.3598],[-69.4272,44.3626],[-69.4186,44.3694],[-69.4317,44.384],[-69.4323,44.3955],[-69.3895,44.4381],[-69.403,44.4523],[-69.4024,44.473],[-69.4062,44.4759],[-69.4264,44.4776],[-69.5049,44.4164],[-69.5144,44.4231],[-69.5246,44.4147],[-69.5344,44.4147],[-69.5973,44.3666],[-69.6091,44.3674],[-69.6035,44.3614],[-69.6148,44.3525],[-69.6,44.3495],[-69.6163,44.3365],[-69.6105,44.3079],[-69.6269,44.2945],[-69.6275,44.2844],[-69.6373,44.2766],[-69.626,44.2652],[-69.6249,44.2702],[-69.6177,44.2672],[-69.605,44.25],[-69.6161,44.2416],[-69.6008,44.2352],[-69.6261,44.2137],[-69.6445,44.1869],[-69.6411,44.1757],[-69.6455,44.1729],[-69.6389,44.168],[-69.6356,44.1486],[-69.6421,44.143],[-69.6334,44.0958],[-69.6674,44.0749],[-69.661,44.0657],[-69.6306,44.0774],[-69.6232,44.0345],[-69.6213,44.0377],[-69.6129,44.0315],[-69.6111,44.0371],[-69.5986,44.041]]],[[[-67.9159,44.5507],[-67.9158,44.5508],[-67.916,44.5507],[-67.9159,44.5507]]],[[[-68.0099,44.8664],[-68.0099,44.8664],[-68.0099,44.8664],[-68.0099,44.8664]]],[[[-68.16,44.8728],[-68.1601,44.8728],[-68.1601,44.8728],[-68.16,44.8728]]],[[[-68.1741,44.878],[-68.1742,44.878],[-68.1741,44.878],[-68.1741,44.878]]],[[[-68.1363,45.0174],[-68.1362,45.0174],[-68.1361,45.0174],[-68.1363,45.0174]]],[[[-68.1285,45.0175],[-68.1285,45.0175],[-68.1285,45.0175],[-68.1285,45.0175]]],[[[-67.8671,44.5402],[-67.9811,44.7306],[-67.9757,44.7438],[-67.982,44.7453],[-67.9851,44.7374],[-67.9974,44.7578],[-68.0042,44.7758],[-67.9969,44.7854],[-68.0041,44.7889],[-68.0019,44.7938],[-68.0269,44.8329],[-68.0216,44.838],[-68.0171,44.8312],[-68.0084,44.8337],[-68.0181,44.8604],[-68.0065,44.873],[-68.0255,44.9166],[-68.0191,44.918],[-68.0266,44.9291],[-68.0192,44.9311],[-68.0404,44.9651],[-68.0565,44.9726],[-68.0623,44.9847],[-68.0679,44.9828],[-68.0821,45.0056],[-68.1118,45.0051],[-68.1213,45.0156],[-68.1501,45.0194],[-68.1547,45.0309],[-68.1875,45.0268],[-68.1937,45.0221],[-68.1894,45.0111],[-68.202,45.0033],[-68.2053,45.0077],[-68.2131,45.0053],[-68.2222,44.9971],[-68.2149,44.9862],[-68.231,44.9729],[-68.1792,44.8807],[-68.1559,44.8734],[-68.1214,44.8152],[-68.115,44.8105],[-68.0882,44.8115],[-68.0198,44.7016],[-68.0247,44.6924],[-68.0126,44.694],[-68.0079,44.6881],[-67.9499,44.5889],[-67.937,44.5881],[-67.9158,44.5508],[-67.8905,44.5347],[-67.871,44.5365],[-67.8676,44.5317],[-67.8671,44.5402]]],[[[-68.165,45.0315],[-68.165,45.0315],[-68.165,45.0315],[-68.165,45.0315]]],[[[-69.2875,45.6392],[-69.3079,45.6391],[-69.3088,45.6301],[-69.3272,45.6301],[-69.327,45.6257],[-69.3336,45.63],[-69.3344,45.6211],[-69.3719,45.6119],[-69.3719,45.6036],[-69.3794,45.6029],[-69.3965,45.5873],[-69.393,45.5812],[-69.3974,45.5802],[-69.3972,45.5584],[-69.41,45.5578],[-69.4108,45.5488],[-69.4228,45.5487],[-69.4226,45.5314],[-69.4354,45.5304],[-69.4197,45.5128],[-69.4097,45.5122],[-69.4105,45.5038],[-69.4224,45.5037],[-69.4199,45.4976],[-69.4082,45.4859],[-69.3967,45.4852],[-69.3966,45.4768],[-69.3901,45.4769],[-69.3907,45.4813],[-69.3591,45.477],[-69.3372,45.4591],[-69.2804,45.4618],[-69.2612,45.4502],[-69.2439,45.4503],[-69.2418,45.4425],[-69.2183,45.4413],[-69.2173,45.4323],[-69.1671,45.4324],[-69.1662,45.4234],[-69.1534,45.4228],[-69.1534,45.4144],[-69.1406,45.4138],[-69.1405,45.3964],[-69.1286,45.3964],[-69.1277,45.3875],[-69.115,45.3869],[-69.1149,45.3785],[-69.1031,45.3785],[-69.1022,45.3695],[-69.0894,45.3689],[-69.0894,45.3605],[-69.0638,45.3599],[-69.0638,45.3245],[-69.051,45.3239],[-69.0504,45.3082],[-69.0205,45.2795],[-68.9745,45.2615],[-68.9745,45.2805],[-68.9904,45.2954],[-69,45.2981],[-69.0034,45.3065],[-69.0255,45.3071],[-69.0258,45.3399],[-69.0383,45.3431],[-69.0383,45.3643],[-69.0462,45.3752],[-69.063,45.3785],[-69.0639,45.3875],[-69.0758,45.3875],[-69.0767,45.3965],[-69.0886,45.3965],[-69.0895,45.4055],[-69.1014,45.4055],[-69.1023,45.4145],[-69.115,45.4151],[-69.1151,45.4235],[-69.127,45.4235],[-69.1284,45.4314],[-69.1495,45.4504],[-69.1654,45.4504],[-69.1813,45.4647],[-69.2047,45.4689],[-69.2047,45.4773],[-69.2175,45.4779],[-69.2176,45.4863],[-69.2303,45.4869],[-69.2304,45.5127],[-69.2176,45.5134],[-69.2178,45.5461],[-69.2306,45.5588],[-69.2322,45.5888],[-69.2436,45.5949],[-69.2436,45.6028],[-69.2565,45.6129],[-69.2565,45.6188],[-69.2685,45.6212],[-69.2875,45.6392]]]]},"properties":{"name":"Survey of Sheepscot, Narragaugus and Pleasant Rivers, Maine","otId":"OTSDEM.042013.26919.1","short":"ME07_Snyder","doi":"https://doi.org/10.5069/G9M61H5D","created":"2013-05-09","temporal":"2007-10-31 / 2007-11-11","keywords":"lidar"}},{"type":"Feature","geometry":{"type":"MultiPolygon","coordinates":[[[[-118.6767,36.5825],[-118.6767,36.5826],[-118.6767,36.5825],[-118.6767,36.5825]]],[[[-118.6205,36.6095],[-118.6205,36.6096],[-118.6205,36.6095],[-118.6205,36.6095]]],[[[-118.615,36.6445],[-118.6151,36.6446],[-118.6151,36.6446],[-118.615,36.6445]]],[[[-118.6151,36.6446],[-118.6151,36.6449],[-118.6151,36.6449],[-118.6151,36.6446]]],[[[-118.6105,36.6266],[-118.6108,36.6389],[-118.6226,36.6464],[-118.6825,36.6266],[-118.6973,36.615],[-118.7664,36.5964],[-118.7662,36.5897],[-118.7396,36.5738],[-118.6973,36.5842],[-118.6634,36.5854],[-118.6405,36.594],[-118.6126,36.6155],[-118.6105,36.6266]]],[[[-119.0186,36.9711],[-119.0186,36.9711],[-119.0186,36.9711],[-119.0186,36.9711]]],[[[-119.0791,36.9948],[-119.0899,36.9902],[-119.0947,36.9803],[-119.0906,36.9716],[-119.0219,36.9509],[-119.0145,36.9531],[-119.0116,36.9576],[-119.0204,36.974],[-119.0791,36.9948]]],[[[-119.2468,37.0393],[-119.2927,37.0368],[-119.2887,37.0309],[-119.2923,37.0277],[-119.2445,37.025],[-119.241,37.0311],[-119.2468,37.0393]]],[[[-118.9841,37.0801],[-118.9829,37.0815],[-118.9871,37.0833],[-119.0072,37.0508],[-119.0016,37.0458],[-118.9904,37.0451],[-118.9787,37.0676],[-118.9841,37.0801]]],[[[-119.1901,37.0835],[-119.1909,37.0879],[-119.1931,37.0834],[-119.196,37.0869],[-119.2102,37.0819],[-119.2144,37.0734],[-119.2069,37.0281],[-119.1975,37.0259],[-119.1853,37.0264],[-119.1773,37.0351],[-119.1823,37.0727],[-119.1901,37.0835]]],[[[-119.7433,37.1271],[-119.74,37.1028],[-119.7288,37.0959],[-119.7213,37.106],[-119.7234,37.1218],[-119.7433,37.1271]]]]},"properties":{"name":"Southern Sierra Nevada Critical Zone Observatory: Snow On","otId":"OTSDEM.042013.26911.1","short":"SSCZO_Mar10","doi":"https://doi.org/10.5069/G9GF0RFP","created":"2013-05-09","temporal":"2010-03-14 / 2010-03-24","keywords":"Southern Sierra, CZO, Lidar, Critical Zone Observatories, SSCZO"}},{"type":"Feature","geometry":{"type":"MultiPolygon","coordinates":[[[[-118.7463,36.5737],[-118.7114,36.5754],[-118.6991,36.5833],[-118.6706,36.5838],[-118.6349,36.5965],[-118.634,36.6027],[-118.6121,36.6112],[-118.6109,36.6471],[-118.6713,36.6335],[-118.7018,36.6168],[-118.7687,36.5937],[-118.7725,36.5836],[-118.7556,36.5826],[-118.7547,36.5736],[-118.7463,36.5737]]],[[[-119.0864,36.9971],[-119.0995,36.9867],[-119.0953,36.9729],[-119.0136,36.9483],[-119.011,36.9647],[-119.0168,36.9653],[-119.019,36.9734],[-119.0864,36.9971]]],[[[-119.2487,37.0402],[-119.2937,37.0374],[-119.2932,37.0256],[-119.2309,37.0268],[-119.2367,37.0401],[-119.2487,37.0402]]],[[[-118.9807,37.0831],[-118.9912,37.0784],[-119.0101,37.0472],[-118.9913,37.0439],[-118.9804,37.0644],[-118.9732,37.0673],[-118.9807,37.0831]]],[[[-119.1933,37.089],[-119.2163,37.086],[-119.2058,37.0257],[-119.1856,37.0261],[-119.177,37.0389],[-119.1801,37.0692],[-119.1933,37.089]]],[[[-119.7195,37.1043],[-119.7189,37.1039],[-119.7187,37.1042],[-119.7195,37.1043]]],[[[-119.7195,37.1043],[-119.725,37.1254],[-119.7458,37.1316],[-119.736,37.0917],[-119.7186,37.0935],[-119.7195,37.1043]]]]},"properties":{"name":"Southern Sierra Nevada Critical Zone Observatory: Snow Off","otId":"OTSDEM.042013.26911.2","short":"SSCZO_Aug10","doi":"https://doi.org/10.5069/G9BP00QB","created":"2013-05-09","temporal":"2010-08-05 / 2010-08-15","keywords":"Southern Sierra, CZO, Lidar, Critical Zone Observatories, SSCZO"}},{"type":"Feature","geometry":{"type":"Polygon","coordinates":[[[-77.8418,40.7265],[-77.8556,40.7359],[-78.0048,40.6786],[-78.0634,40.6538],[-78.0698,40.6461],[-78.0808,40.6458],[-78.0804,40.6374],[-78.0863,40.6366],[-78.0853,40.6147],[-78.0911,40.614],[-78.0838,40.5827],[-78.0779,40.5822],[-78.0775,40.5738],[-78.0591,40.5608],[-78.0299,40.5616],[-77.989,40.5761],[-77.9883,40.5807],[-77.9284,40.5867],[-77.9072,40.5946],[-77.9075,40.6046],[-77.9017,40.6054],[-77.9022,40.6189],[-77.9083,40.6226],[-77.8853,40.6373],[-77.8857,40.6457],[-77.8688,40.6603],[-77.8689,40.6692],[-77.8749,40.6698],[-77.8815,40.6863],[-77.8413,40.715],[-77.8418,40.7265]]]},"properties":{"name":"Susquehanna Shale Hills Critical Zone Observatory: Leaf On Survey","otId":"OTSDEM.042013.26918.1","short":"SHCZO_Jul10","doi":"https://doi.org/10.5069/G96W980G","created":"2013-05-09","temporal":"2010-07-14 / 2010-07-17","keywords":"CZO, Critical Zone Observatory, Shaver's Creek, Shale Hills, Pennsylvania, lidar"}},{"type":"Feature","geometry":{"type":"Polygon","coordinates":[[[-78.0905,40.6006],[-78.0775,40.5742],[-78.0592,40.5608],[-78.0282,40.5617],[-78.0007,40.5713],[-78,40.5758],[-77.989,40.5761],[-77.9884,40.5807],[-77.9264,40.5867],[-77.9097,40.5933],[-77.9075,40.6046],[-77.9017,40.6054],[-77.9022,40.6189],[-77.9083,40.6226],[-77.8853,40.6373],[-77.8857,40.6457],[-77.8686,40.6603],[-77.869,40.6692],[-77.8749,40.6697],[-77.8815,40.6863],[-77.8413,40.715],[-77.8419,40.7285],[-77.8541,40.736],[-77.8622,40.7333],[-78.0634,40.6541],[-78.0863,40.6366],[-78.0853,40.6147],[-78.0911,40.614],[-78.0905,40.6006]]]},"properties":{"name":"Susquehanna Shale Hills Critical Zone Observatory: Leaf Off Survey","otId":"OTSDEM.042013.26918.2","short":"SHCZO_Dec10","doi":"https://doi.org/10.5069/G9VM496T","created":"2013-05-09","temporal":"2010-12-03 / 2010-12-09","keywords":"CZO, Critical Zone Observatory, Shaver's Creek, Shale Hills, Pennsylvania, lidar"}},{"type":"Feature","geometry":{"type":"Polygon","coordinates":[[[-180,-56],[-180,60],[180,60],[180,-56],[-180,-56]]]},"properties":{"name":"Shuttle Radar Topography Mission (SRTM GL3) Global 90m","otId":"OTSRTM.042013.4326.1","short":"SRTM_GL3","doi":"https://doi.org/10.5069/G9445JDF","created":"2013-04-01","temporal":"2000-02-11 / 2000-02-22","keywords":"The Shuttle Radar Topography Mission, SRTM, global, lidar"}},{"type":"Feature","geometry":{"type":"MultiPolygon","coordinates":[[[[-141.8711,59.9832],[-141.8775,59.983],[-141.8641,59.9824],[-141.8711,59.9832]]],[[[-142.7123,60.0868],[-142.7141,60.0869],[-142.7121,60.0868],[-142.7123,60.0868]]],[[[-144.5488,60.1582],[-144.5488,60.1597],[-144.5497,60.1579],[-144.5488,60.1582]]],[[[-141.7589,59.9735],[-141.7533,59.9954],[-141.7628,59.9968],[-141.759,60.0057],[-142.3765,60.0708],[-142.3863,60.0724],[-142.3836,60.0766],[-142.4126,60.079],[-142.3941,60.0788],[-142.4163,60.0873],[-142.4039,60.0915],[-142.4294,60.0927],[-142.4171,60.0982],[-142.4673,60.1004],[-142.4675,60.1043],[-142.5128,60.1088],[-142.5131,60.1128],[-142.6102,60.1258],[-142.6091,60.1303],[-142.619,60.1335],[-142.7395,60.1487],[-142.7423,60.1532],[-142.7907,60.1556],[-142.8193,60.0942],[-142.5606,60.0818],[-142.4452,60.0599],[-142.3837,60.0577],[-142.383,60.0532],[-142.3516,60.0458],[-142.3417,60.0459],[-142.3461,60.0492],[-142.2544,60.0409],[-141.9243,60.0049],[-141.9237,59.9987],[-141.9158,59.9977],[-141.9201,59.9952],[-141.8795,59.9901],[-141.9031,59.9903],[-141.896,59.9859],[-141.8387,59.9824],[-141.8391,59.9799],[-141.8547,59.9818],[-141.8585,59.9799],[-141.7938,59.9728],[-141.7589,59.9735]]],[[[-144.3057,60.286],[-144.3015,60.3309],[-144.3064,60.3313],[-144.3014,60.3325],[-144.299,60.3707],[-144.434,60.3749],[-144.4339,60.371],[-144.5118,60.3645],[-144.5327,60.3541],[-144.5675,60.3592],[-144.6093,60.3536],[-144.5928,60.3195],[-144.5884,60.3193],[-144.5891,60.3118],[-144.579,60.3086],[-144.5873,60.3084],[-144.5779,60.3056],[-144.5837,60.3008],[-144.5651,60.2624],[-144.5278,60.2562],[-144.6039,60.1576],[-144.5634,60.1549],[-144.5572,60.1599],[-144.5583,60.1546],[-144.5471,60.1667],[-144.5495,60.1614],[-144.5448,60.1609],[-144.5301,60.1779],[-144.5222,60.175],[-144.5093,60.1912],[-144.4989,60.1935],[-144.45,60.262],[-144.423,60.2651],[-144.4221,60.2602],[-144.408,60.267],[-144.3057,60.286]]]]},"properties":{"name":"St. Elis Mountains and Gulf of Alaska","otId":"OTSDEM.012013.26906.1","short":"AK05_Pavlis","doi":"https://doi.org/10.5069/G9R20Z92","created":"2013-03-28","temporal":"2005-09-02 / 2005-09-08","keywords":"lidar"}},{"type":"Feature","geometry":{"type":"MultiPolygon","coordinates":[[[[-116.1301,34.3518],[-116.2269,34.4673],[-116.2339,34.4686],[-116.2455,34.4915],[-116.2375,34.4996],[-116.2471,34.4999],[-116.2628,34.5718],[-116.3067,34.6118],[-116.3534,34.6699],[-116.3802,34.7435],[-116.3903,34.7425],[-116.3653,34.6634],[-116.321,34.6079],[-116.2728,34.5625],[-116.2584,34.4923],[-116.2611,34.4746],[-116.2486,34.4737],[-116.2291,34.4342],[-116.1896,34.3958],[-116.1906,34.3837],[-116.18,34.3824],[-116.1451,34.3515],[-116.1301,34.3518]]],[[[-116.3908,34.7436],[-116.3912,34.7436],[-116.3912,34.7433],[-116.3908,34.7436]]]]},"properties":{"name":"Mojave Desert, CA: Evolution of the Hector Mine Earthquake Surface Rupture","otId":"OTSDEM.032013.32611.1","short":"CA12_Sousa","doi":"https://doi.org/10.5069/G9HD7SKH","created":"2013-03-27","temporal":"2012-05-27","keywords":"lidar"}},{"type":"Feature","geometry":{"type":"MultiPolygon","coordinates":[[[[-123.7405,39.7528],[-123.7405,39.7529],[-123.7404,39.7528],[-123.7405,39.7528]]],[[[-123.7431,39.7499],[-123.7765,39.7441],[-123.8304,39.72],[-123.8147,39.7004],[-123.7801,39.7059],[-123.7277,39.7305],[-123.7274,39.7425],[-123.7431,39.7499]]],[[[-124.1717,40.1944],[-124.2185,40.176],[-124.2211,40.1544],[-124.2114,40.143],[-124.1717,40.1565],[-124.1441,40.1737],[-124.1527,40.1846],[-124.1695,40.1883],[-124.1717,40.1944]]]]},"properties":{"name":"Northern California Coast: Slope Failure in Low and High Uplift Regions","otId":"OTSDEM.032013.26910.1","short":"CA12_Moon","doi":"https://doi.org/10.5069/G9N29TWH","created":"2013-03-27","temporal":"2012-07-05","keywords":"lidar"}},{"type":"Feature","geometry":{"type":"MultiPolygon","coordinates":[[[[-77.2763,39.0535],[-77.2922,39.0618],[-77.3081,39.0393],[-77.2571,39.0195],[-77.2643,38.9943],[-77.2599,38.9798],[-77.2127,38.9642],[-77.1598,38.9601],[-77.1448,38.9543],[-77.133,38.965],[-77.1394,38.9726],[-77.1575,38.9771],[-77.228,38.9882],[-77.2358,39.0011],[-77.2295,39.0192],[-77.2321,39.0316],[-77.2763,39.0535]]],[[[-76.3449,39.7978],[-76.345,39.8054],[-76.3474,39.804],[-76.3449,39.7978]]],[[[-76.3429,39.85],[-76.3588,39.8503],[-76.361,39.8438],[-76.3664,39.8438],[-76.3573,39.8369],[-76.3678,39.8431],[-76.3619,39.835],[-76.3677,39.8376],[-76.3695,39.8321],[-76.3641,39.822],[-76.3419,39.8083],[-76.3436,39.7981],[-76.3331,39.8022],[-76.2756,39.7607],[-76.2509,39.7673],[-76.2573,39.7892],[-76.3065,39.8203],[-76.3047,39.8305],[-76.3136,39.8283],[-76.3138,39.8333],[-76.3194,39.8321],[-76.3429,39.85]]]]},"properties":{"name":"Survey of Parts of Potomac and Susquehanna Rivers","otId":"OTSDEM.032013.26918.3","short":"VA05_Bierman","doi":"https://doi.org/10.5069/G9RV0KMG","created":"2013-03-27","temporal":"2005-01-09 / 2005-01-11","keywords":"lidar"}},{"type":"Feature","geometry":{"type":"Polygon","coordinates":[[[-121.2875,35.6642],[-121.2795,35.6662],[-121.2435,35.6515],[-121.219,35.6492],[-121.195,35.6335],[-121.1897,35.6425],[-121.1696,35.6357],[-121.1428,35.6033],[-121.127,35.5925],[-121.1018,35.5482],[-121.0064,35.4605],[-120.97,35.4578],[-120.9463,35.4457],[-120.9061,35.4465],[-120.8927,35.4368],[-120.8692,35.4007],[-120.8651,35.3793],[-120.8688,35.3669],[-120.7461,35.3431],[-120.4199,35.1174],[-120.3999,35.1339],[-121.3834,35.8766],[-121.4094,35.856],[-121.411,35.8488],[-121.3968,35.8299],[-121.3526,35.7988],[-121.3269,35.771],[-121.3273,35.7587],[-121.3179,35.7527],[-121.3173,35.7135],[-121.2915,35.6907],[-121.2875,35.6642]]]},"properties":{"name":"PG&E Diablo Canyon Power Plant (DCPP): San Simeon, CA Central Coast","otId":"OTSDEM.032013.26910.2","short":"CA13_SAN_SIM","doi":"https://doi.org/10.5069/G9CN71V5","created":"2013-02-25","temporal":"2013-02-07 / 2013-02-25","keywords":"San Luis Obispo County, San Simeon, Cambria Faults, Monterey County, California, PG&E"}},{"type":"Feature","geometry":{"type":"Polygon","coordinates":[[[-120.8897,35.2771],[-120.8819,35.2706],[-120.8822,35.253],[-120.8531,35.224],[-120.754,35.1693],[-120.7447,35.1747],[-120.7045,35.1699],[-120.6853,35.1537],[-120.6527,35.146],[-120.6355,35.1208],[-120.4394,34.9956],[-120.4137,34.9958],[-120.4139,35.1176],[-120.7449,35.3429],[-120.8701,35.3738],[-120.8706,35.3646],[-120.8632,35.357],[-120.8668,35.3341],[-120.8897,35.2771]]]},"properties":{"name":"PG&E Diablo Canyon Power Plant (DCPP): Los Osos, CA Central Coast","otId":"OTSDEM.022013.26910.3","short":"CA11_LOS_OSOS","doi":"https://doi.org/10.5069/G9J9649Z","created":"2013-02-25","temporal":"2011-03-17 / 2011-03-31","keywords":"San Luis Obispo County, Los Osos, California, PG&E, Fault, Diablo Canyon Power Plant (DCPP)"}},{"type":"Feature","geometry":{"type":"Polygon","coordinates":[[[-120.9055,35.2547],[-120.878,35.2242],[-120.8774,35.2175],[-120.8594,35.2044],[-120.7905,35.1764],[-120.7695,35.16],[-120.7527,35.1602],[-120.7496,35.1767],[-120.8491,35.2273],[-120.877,35.2549],[-120.8775,35.2771],[-120.8975,35.2756],[-120.8976,35.2641],[-120.9055,35.2547]]]},"properties":{"name":"PG&E Diablo Canyon Power Plant (DCPP): Diablo Canyon, CA Central Coast","otId":"OTSDEM.022013.26910.2","short":"CA10_DIABLO","doi":"https://doi.org/10.5069/G9P26W19","created":"2013-02-25","temporal":"2010-01-28","keywords":"San Luis Obispo County, Diablo Canyon, California, PG&E, Diablo Canyon Power Plant (DCPP), lidar"}},{"type":"Feature","geometry":{"type":"Polygon","coordinates":[[[-115.6495,34.7457],[-115.65,34.7814],[-115.7212,34.7821],[-115.7215,34.7679],[-115.7176,34.7673],[-115.722,34.7362],[-115.7174,34.7322],[-115.7221,34.7291],[-115.7211,34.7189],[-115.6522,34.7216],[-115.6495,34.7457]]]},"properties":{"name":"Mojave Desert, CA: Precariously Balanced Rocks in Seismic Hazard Analysis","otId":"OTSDEM.022013.26911.2","short":"CA12_Harvey","doi":"https://doi.org/10.5069/G92B8VZX","created":"2013-02-21","temporal":"2012-03-14","keywords":"lidar"}},{"type":"Feature","geometry":{"type":"MultiPolygon","coordinates":[[[[-123.7002,39.6693],[-123.7004,39.6696],[-123.7004,39.6694],[-123.7002,39.6693]]],[[[-123.6547,39.836],[-123.66,39.8346],[-123.6837,39.7886],[-123.6801,39.7477],[-123.7205,39.7103],[-123.7154,39.7048],[-123.7227,39.7082],[-123.736,39.6985],[-123.7303,39.6858],[-123.7262,39.6834],[-123.724,39.7013],[-123.723,39.6832],[-123.695,39.6685],[-123.6986,39.668],[-123.6948,39.6562],[-123.6115,39.6215],[-123.5747,39.5961],[-123.5497,39.604],[-123.4891,39.6022],[-123.4872,39.6149],[-123.4948,39.6336],[-123.5494,39.656],[-123.5505,39.6743],[-123.5712,39.6874],[-123.5662,39.7003],[-123.5709,39.7155],[-123.5988,39.7317],[-123.622,39.81],[-123.6363,39.827],[-123.6547,39.836]]]]},"properties":{"name":"South Fork Eel River, CA Watershed Morphology","otId":"OTSDEM.022013.26910.1","short":"CA04_Power","doi":"https://doi.org/10.5069/G9639MPN","created":"2013-02-21","temporal":"2007-06-27 / 2007-06-30","keywords":"lidar"}},{"type":"Feature","geometry":{"type":"Polygon","coordinates":[[[-72.2447,42.9232],[-72.2454,42.93],[-72.2525,42.9284],[-72.2539,42.9327],[-72.282,42.9334],[-72.2982,42.9014],[-72.349,42.8722],[-72.3757,42.8326],[-72.3779,42.8209],[-72.3527,42.8101],[-72.3192,42.8617],[-72.288,42.879],[-72.2784,42.8749],[-72.2443,42.916],[-72.2447,42.9232]]]},"properties":{"name":"West Swanzey, NH: Geomorphic Response to Dam Removal, Ashuelot River (2010)","otId":"OTSDEM.022013.26918.1","short":"NH10_Gartner","doi":"https://doi.org/10.5069/G9XK8CG1","created":"2013-02-21","temporal":"2010-07-19","keywords":"lidar"}},{"type":"Feature","geometry":{"type":"MultiPolygon","coordinates":[[[[-119.6267,37.5173],[-119.6196,37.522],[-119.6199,37.5303],[-119.6088,37.5357],[-119.6148,37.545],[-119.641,37.5575],[-119.6708,37.5501],[-119.696,37.5641],[-119.706,37.5644],[-119.6996,37.5501],[-119.6267,37.5173]]],[[[-119.801,37.9323],[-119.8172,37.9303],[-119.8436,37.9077],[-119.8386,37.9045],[-119.8316,37.9135],[-119.8149,37.9141],[-119.7988,37.924],[-119.801,37.9323]]]]},"properties":{"name":"Yosemite National Park: Poopenaut Valley and Wawona","otId":"OTSDEM.022013.26911.1","short":"CA10_Stock","doi":"https://doi.org/10.5069/G99W0CDM","created":"2013-02-21","temporal":"2010-08-11 / 2010-08-13","keywords":"lidar"}},{"type":"Feature","geometry":{"type":"Polygon","coordinates":[[[-120.3871,37.4534],[-120.4121,37.4661],[-120.4625,37.4048],[-120.463,37.3893],[-120.3763,37.3891],[-120.376,37.4052],[-120.425,37.4064],[-120.3871,37.4534]]]},"properties":{"name":"Merced, CA: Origin and Evolution of the Mima Mounds","otId":"OTSDEM.012013.26910.2","short":"CA06_Reed","doi":"https://doi.org/10.5069/G93B5X3Q","created":"2013-01-28","temporal":"2006-09-17","keywords":"lidar"}},{"type":"Feature","geometry":{"type":"Polygon","coordinates":[[[-70.8381,42.8092],[-70.8424,42.8085],[-70.8397,42.7986],[-70.8504,42.8086],[-70.8434,42.7945],[-70.8504,42.8042],[-70.8491,42.795],[-70.8578,42.7995],[-70.8498,42.7857],[-70.8621,42.7847],[-70.8627,42.8036],[-70.867,42.8037],[-70.869,42.7895],[-70.8765,42.8022],[-70.8804,42.8009],[-70.8753,42.7904],[-70.8876,42.8002],[-70.8856,42.7887],[-70.8914,42.7883],[-70.8833,42.7731],[-70.8906,42.7843],[-70.893,42.7778],[-70.8976,42.7847],[-70.9104,42.7821],[-70.8997,42.7642],[-70.9347,42.7683],[-70.9484,42.7639],[-70.9341,42.7597],[-70.9597,42.7639],[-70.9447,42.7573],[-70.9602,42.7597],[-70.9566,42.7561],[-70.9615,42.7488],[-70.8846,42.7331],[-70.8656,42.6889],[-70.8587,42.6894],[-70.8477,42.6698],[-70.844,42.6716],[-70.8538,42.6891],[-70.8449,42.6869],[-70.8222,42.6526],[-70.8173,42.6547],[-70.8125,42.6476],[-70.7834,42.651],[-70.789,42.668],[-70.7786,42.6509],[-70.7749,42.6522],[-70.781,42.6637],[-70.7694,42.6664],[-70.7625,42.6554],[-70.7546,42.6597],[-70.7585,42.6668],[-70.7534,42.6604],[-70.7519,42.6667],[-70.7451,42.665],[-70.7493,42.6723],[-70.7425,42.6664],[-70.7487,42.6874],[-70.8147,42.8023],[-70.8216,42.8097],[-70.8304,42.8097],[-70.8282,42.8022],[-70.8381,42.8092]]]},"properties":{"name":"Plum Island, MA","otId":"OTSDEM.012013.26986.1","short":"MA05_Valentine","doi":"https://doi.org/10.5069/G9TT4NWP","created":"2013-01-28","temporal":"2005-03-18 / 2005-03-19","keywords":"lidar"}},{"type":"Feature","geometry":{"type":"Polygon","coordinates":[[[-120.2491,39.4631],[-120.2888,39.4599],[-120.289,39.456],[-120.2921,39.461],[-120.3026,39.4576],[-120.2996,39.4513],[-120.3076,39.441],[-120.3274,39.4388],[-120.3241,39.4315],[-120.3281,39.4221],[-120.3224,39.4197],[-120.3302,39.4089],[-120.3182,39.4108],[-120.2887,39.3999],[-120.2139,39.4084],[-120.2259,39.4417],[-120.2386,39.4389],[-120.2385,39.4512],[-120.2491,39.4631]]]},"properties":{"name":"Truckee, CA: Sagehen  Creek Snowpack Measurement","otId":"OTSDEM.012013.26910.1","short":"CA08_Huntington","doi":"https://doi.org/10.5069/G90K26HR","created":"2013-01-25","temporal":"2008-02-10","keywords":"lidar"}},{"type":"Feature","geometry":{"type":"Polygon","coordinates":[[[-112.0209,34.2807],[-112.0292,34.2828],[-112.0466,34.2654],[-112.0595,34.2663],[-112.0601,34.2606],[-112.0515,34.2584],[-112.058,34.2507],[-112.0628,34.2539],[-112.0635,34.2444],[-112.0865,34.2155],[-112.1015,34.1991],[-112.1091,34.1977],[-112.1049,34.1942],[-112.0915,34.2007],[-112.0771,34.193],[-112.0795,34.1831],[-112.0685,34.1753],[-112.078,34.1599],[-112.0736,34.1571],[-112.0623,34.1716],[-112.0536,34.1678],[-112.0123,34.2144],[-112.0072,34.212],[-112.0071,34.2202],[-111.9927,34.2366],[-112.0011,34.2487],[-112.0152,34.2523],[-112.0108,34.2613],[-112.0309,34.2741],[-112.0209,34.2807]]]},"properties":{"name":"Perry Mesa, AZ: Ancient Agricultural Features and Landscape Transformation","otId":"OTSDEM.012013.26912.1","short":"AZ08_Kruse","doi":"https://doi.org/10.5069/G9VT1Q1G","created":"2013-01-25","temporal":"2008-02-05","keywords":"lidar"}},{"type":"Feature","geometry":{"type":"Polygon","coordinates":[[[-105.5838,40.0707],[-105.6587,40.0703],[-105.6596,40.0046],[-105.5826,40.0038],[-105.5838,40.0707]]]},"properties":{"name":"Niwot Ridge Long-Term Ecological Research Site, Colorado","otId":"OTSDEM.102012.26913.1","short":"CO05_Anderson","doi":"https://doi.org/10.5069/G9FJ2DQM","created":"2013-01-25","temporal":"2005-09-29","keywords":"lidar"}},{"type":"Feature","geometry":{"type":"MultiPolygon","coordinates":[[[[-105.7597,39.6516],[-105.7634,39.6554],[-105.7526,39.6621],[-105.7488,39.6684],[-105.7531,39.6721],[-105.7473,39.6788],[-105.7608,39.6908],[-105.7799,39.6883],[-105.8022,39.6725],[-105.8241,39.6475],[-105.8164,39.6468],[-105.817,39.6213],[-105.8413,39.6218],[-105.8213,39.628],[-105.8239,39.6391],[-105.8699,39.6408],[-105.9003,39.6366],[-105.9028,39.6205],[-105.8531,39.6227],[-105.834,39.6116],[-105.8066,39.6132],[-105.7597,39.6516]]],[[[-105.807,39.7265],[-105.8131,39.7365],[-105.8014,39.7432],[-105.81,39.7481],[-105.8287,39.7439],[-105.8451,39.7495],[-105.857,39.7388],[-105.8794,39.7323],[-105.8781,39.7279],[-105.8497,39.7256],[-105.807,39.7265]]]]},"properties":{"name":"Silver Plume, CO","otId":"OTSDEM.112012.26913.1","short":"CO05_Staley","doi":"https://doi.org/10.5069/G9N877QJ","created":"2013-01-09","temporal":"2005-09-29","keywords":"lidar"}},{"type":"Feature","geometry":{"type":"Polygon","coordinates":[[[-114.7736,42.718],[-114.8373,42.718],[-114.8384,42.7063],[-114.8611,42.7063],[-114.862,42.6829],[-114.8381,42.683],[-114.8369,42.6947],[-114.7439,42.6946],[-114.7435,42.717],[-114.7736,42.718]]]},"properties":{"name":"Blind Canyon and Box Canyon, Twin Falls, ID","otId":"OTSDEM.112012.26911.1","short":"ID06_Dietrich","doi":"https://doi.org/10.5069/G9HH6H07","created":"2013-01-09","temporal":"2006-12-18","keywords":"lidar"}},{"type":"Feature","geometry":{"type":"MultiPolygon","coordinates":[[[[-122.5154,37.8731],[-122.561,37.8737],[-122.5609,37.8424],[-122.5154,37.8386],[-122.5154,37.8731]]],[[[-122.5906,37.8682],[-122.5916,37.9126],[-122.62,37.9118],[-122.621,37.8769],[-122.5906,37.8682]]]]},"properties":{"name":"Golden Gate National Recreation Area and Mt. Tamalpais State Park, CA","otId":"OTSDEM.112012.26910.1","short":"CA06_Dietrich","doi":"https://doi.org/10.5069/G9CR5R8H","created":"2013-01-09","temporal":"2006-12-07","keywords":"lidar"}},{"type":"Feature","geometry":{"type":"Polygon","coordinates":[[[-123.4106,39.9988],[-123.4298,40.0385],[-123.4267,40.0437],[-123.4313,40.0427],[-123.4362,40.0518],[-123.4328,40.0564],[-123.4397,40.0716],[-123.4322,40.0738],[-123.4377,40.0775],[-123.4326,40.0825],[-123.438,40.0939],[-123.4312,40.0957],[-123.4436,40.1159],[-123.4592,40.1283],[-123.494,40.1432],[-123.5356,40.1519],[-123.5448,40.1483],[-123.5454,40.1305],[-123.574,40.1286],[-123.5718,40.1223],[-123.5854,40.1186],[-123.6064,40.1002],[-123.6104,40.1081],[-123.613,40.1054],[-123.6149,40.0798],[-123.5991,40.0383],[-123.6046,40.0359],[-123.5941,40.024],[-123.5784,40.0255],[-123.5687,40.0017],[-123.5514,39.9929],[-123.5466,39.9828],[-123.5404,39.9836],[-123.5424,39.9799],[-123.5233,39.9667],[-123.4697,39.9512],[-123.462,39.956],[-123.4387,39.9521],[-123.4187,39.9598],[-123.4138,39.956],[-123.4066,39.9708],[-123.4106,39.9988]]]},"properties":{"name":"Eel River, CA: Landsliding and the Evolution of Mountainous Landscapes","otId":"OTSDEM.102012.26910.1","short":"CA06_Roering","doi":"https://doi.org/10.5069/G9XS5S9P","created":"2012-11-21","temporal":"2006-09-24 / 2006-09-26","keywords":"lidar"}},{"type":"Feature","geometry":{"type":"Polygon","coordinates":[[[-116.8664,36.4317],[-116.8671,36.3887],[-116.7779,36.3888],[-116.7778,36.4316],[-116.8664,36.4317]]]},"properties":{"name":"Furnace Creek Wash, Death Valley National Park, California","otId":"OTSDEM.102012.26911.4","short":"CA05_Snyder","doi":"https://doi.org/10.5069/G9P848VX","created":"2012-11-21","temporal":"2005-10-27","keywords":"lidar"}},{"type":"Feature","geometry":{"type":"MultiPolygon","coordinates":[[[[-119.5213,35.0155],[-119.5305,35.0153],[-119.524,35.0113],[-119.5213,35.0155]]],[[[-119.5047,35.0357],[-119.5449,35.0691],[-119.5889,35.0945],[-119.6095,35.0979],[-119.6447,35.1192],[-119.6563,35.1113],[-119.5794,35.0463],[-119.5433,35.0231],[-119.5214,35.0177],[-119.5047,35.0357]]]]},"properties":{"name":"Dragons Back Ridge: San Andreas Fault, California","otId":"OTSDEM.102012.26911.3","short":"CA05_Hilley","doi":"https://doi.org/10.5069/G99Z92TC","created":"2012-11-21","temporal":"2005-05-19","keywords":"lidar"}},{"type":"Feature","geometry":{"type":"MultiPolygon","coordinates":[[[[-87.8919,38.7218],[-87.892,38.7326],[-87.9141,38.729],[-87.913,38.7211],[-87.8919,38.7218]]],[[[-87.8787,38.7192],[-87.8829,38.7095],[-87.8695,38.707],[-87.863,38.722],[-87.8567,38.7227],[-87.8425,38.6672],[-87.8372,38.6532],[-87.8309,38.6519],[-87.8279,38.6655],[-87.8429,38.7237],[-87.8244,38.7256],[-87.8246,38.7363],[-87.8445,38.7349],[-87.8482,38.7466],[-87.8562,38.745],[-87.8411,38.8048],[-87.854,38.8059],[-87.8787,38.7192]]],[[[-87.7709,38.8077],[-87.7845,38.8069],[-87.7787,38.7572],[-87.8261,38.7533],[-87.8259,38.7423],[-87.7784,38.7455],[-87.7758,38.7327],[-87.7598,38.7266],[-87.7583,38.7412],[-87.7633,38.7464],[-87.7373,38.7485],[-87.7383,38.7615],[-87.7464,38.7564],[-87.7641,38.7578],[-87.7709,38.8077]]],[[[-87.6258,38.7825],[-87.6315,38.7902],[-87.6351,38.8235],[-87.6214,38.8308],[-87.6338,38.8284],[-87.6371,38.8363],[-87.6519,38.8363],[-87.6491,38.8288],[-87.6547,38.8237],[-87.6772,38.8207],[-87.6778,38.872],[-87.6883,38.8732],[-87.6924,38.8616],[-87.6911,38.8143],[-87.7169,38.801],[-87.72,38.7913],[-87.6802,38.8028],[-87.6489,38.8189],[-87.6449,38.7819],[-87.6292,38.7757],[-87.6258,38.7825]]]]},"properties":{"name":"Lawrenceville, IL: Detecting Tectonically Deformed Shorelines","otId":"OTSDEM.102012.26916.1","short":"IL05_Granger","doi":"https://doi.org/10.5069/G9KH0K80","created":"2012-11-21","temporal":"2005-10-01","keywords":"lidar"}},{"type":"Feature","geometry":{"type":"MultiPolygon","coordinates":[[[[-117.2498,36.8513],[-117.2331,36.8612],[-117.2906,36.9246],[-117.3081,36.9149],[-117.2498,36.8513]]],[[[-117.4034,37.0423],[-117.4817,37.1194],[-117.5008,37.1101],[-117.4227,37.0342],[-117.4034,37.0423]]]]},"properties":{"name":"Furnace Creek and Fish Lake Valley Fault Zones, Death Valley National Park","otId":"OTSDEM.102012.26911.1","short":"CA05_Dolan","doi":"https://doi.org/10.5069/G9T151KN","created":"2012-11-21","temporal":"2005-02-28","keywords":"lidar"}},{"type":"Feature","geometry":{"type":"Polygon","coordinates":[[[-86.5078,41.671],[-86.5079,41.6572],[-86.4713,41.6571],[-86.4722,41.561],[-86.4905,41.5611],[-86.491,41.5062],[-86.5092,41.5063],[-86.5099,41.4329],[-86.4667,41.4329],[-86.4682,40.9099],[-86.5687,40.9107],[-86.57,40.7356],[-86.525,40.7353],[-86.5251,40.6923],[-86.3733,40.6925],[-86.3756,40.4319],[-86.3093,40.4317],[-86.3093,40.3884],[-86.2808,40.3884],[-86.2808,40.3737],[-86.243,40.3738],[-86.2407,39.9262],[-86.3261,39.9243],[-86.3282,39.8593],[-86.3264,39.6321],[-86.2498,39.6339],[-86.2515,39.3418],[-86.3815,39.3398],[-86.3799,39.2512],[-86.3725,39.2512],[-86.3701,39.0484],[-86.3181,39.0488],[-86.3178,38.9909],[-86.2804,38.991],[-86.2753,38.7632],[-86.2846,38.7658],[-86.2912,38.7358],[-86.2993,38.7348],[-86.3001,38.7296],[-86.3019,38.7363],[-86.3099,38.7332],[-86.3084,38.4231],[-86.255,38.4228],[-86.2649,38.411],[-86.252,38.4068],[-86.2507,38.3969],[-86.2618,38.3952],[-86.2455,38.388],[-86.2515,38.3831],[-86.2588,38.3895],[-86.2612,38.3807],[-86.2579,38.3668],[-86.2482,38.3635],[-86.2528,38.3555],[-86.2472,38.3493],[-86.265,38.3621],[-86.2711,38.3612],[-86.2818,38.3493],[-86.2753,38.3496],[-86.2715,38.3422],[-86.2765,38.3398],[-86.2734,38.3211],[-86.2874,38.3299],[-86.2832,38.3243],[-86.2897,38.3161],[-86.2762,38.3086],[-86.2775,38.3012],[-86.2644,38.3085],[-86.2588,38.3055],[-86.2647,38.3034],[-86.2647,38.2949],[-86.2527,38.2939],[-86.2568,38.2841],[-86.2658,38.2861],[-86.2693,38.2785],[-86.2804,38.2848],[-86.2747,38.2797],[-86.2772,38.2272],[-86.2842,38.2208],[-86.2977,38.2218],[-86.2889,38.2139],[-86.2952,38.2092],[-86.29,38.2021],[-86.3079,38.2016],[-86.3106,38.1893],[-86.318,38.1886],[-86.3092,38.1816],[-86.313,38.1781],[-86.331,38.1824],[-86.3572,38.1988],[-86.3764,38.19],[-86.3782,38.1743],[-86.3722,38.1645],[-86.3232,38.1515],[-86.3225,38.1417],[-86.3313,38.1304],[-86.3806,38.1292],[-86.4017,38.1044],[-86.4292,38.1251],[-86.4498,38.1272],[-86.45,38.1019],[-86.4152,38.1017],[-86.4157,38.0468],[-86.4331,38.0469],[-86.4332,38.0331],[-86.5027,38.0335],[-86.5033,37.9511],[-86.486,37.951],[-86.4862,37.9236],[-86.5035,37.9237],[-86.5036,37.9099],[-86.5729,37.9103],[-86.5733,37.8553],[-86.5906,37.8554],[-86.5907,37.8417],[-86.608,37.8418],[-86.6081,37.828],[-86.6774,37.8283],[-86.677,37.8969],[-86.6943,37.897],[-86.6944,37.8833],[-86.7464,37.8834],[-86.7463,37.8972],[-86.7636,37.8972],[-86.7636,37.9109],[-86.7809,37.911],[-86.7808,37.9384],[-86.7981,37.9385],[-86.798,37.9659],[-86.8154,37.966],[-86.8153,37.9797],[-86.85,37.9798],[-86.8501,37.9523],[-86.8674,37.9524],[-86.8675,37.9386],[-86.8848,37.9387],[-86.8849,37.9249],[-86.9542,37.925],[-86.9542,37.9113],[-86.9889,37.9113],[-86.9889,37.8976],[-87.0236,37.8976],[-87.0236,37.829],[-87.0409,37.829],[-87.0409,37.7878],[-87.0582,37.7878],[-87.0582,37.7741],[-87.0928,37.7741],[-87.0928,37.7603],[-87.1447,37.7603],[-87.1448,37.7878],[-87.1621,37.7878],[-87.1621,37.8152],[-87.1794,37.8152],[-87.1794,37.8289],[-87.2487,37.8289],[-87.2487,37.8426],[-87.266,37.8426],[-87.266,37.8563],[-87.2834,37.8563],[-87.2834,37.87],[-87.3007,37.87],[-87.3008,37.8837],[-87.3354,37.8836],[-87.3355,37.8974],[-87.3701,37.8973],[-87.3702,37.911],[-87.3875,37.911],[-87.3875,37.9247],[-87.4569,37.9245],[-87.4568,37.9108],[-87.4741,37.9107],[-87.4741,37.897],[-87.5607,37.8967],[-87.5604,37.8555],[-87.5778,37.8554],[-87.5776,37.8279],[-87.5949,37.8279],[-87.5948,37.8141],[-87.6294,37.814],[-87.6293,37.8003],[-87.6639,37.8001],[-87.664,37.8138],[-87.6986,37.8136],[-87.6992,37.8823],[-87.7165,37.8822],[-87.7164,37.8685],[-87.7337,37.8684],[-87.7336,37.8546],[-87.8375,37.854],[-87.8376,37.8678],[-87.855,37.8676],[-87.8551,37.8814],[-87.8724,37.8813],[-87.8726,37.895],[-87.8899,37.8949],[-87.8901,37.9086],[-87.9074,37.9085],[-87.9069,37.8673],[-87.8896,37.8674],[-87.8889,37.7988],[-87.9062,37.7986],[-87.906,37.7849],[-87.9233,37.7848],[-87.923,37.7573],[-87.9749,37.757],[-87.975,37.7707],[-87.9923,37.7706],[-87.9925,37.7843],[-88.079,37.7836],[-88.0792,37.7973],[-88.0965,37.7972],[-88.0967,37.8109],[-88.114,37.8107],[-88.1142,37.8245],[-88.0969,37.8246],[-88.097,37.8384],[-88.0797,37.8385],[-88.0801,37.866],[-88.0974,37.8658],[-88.0976,37.8795],[-88.1149,37.8794],[-88.1155,37.9206],[-88.0808,37.9209],[-88.0812,37.9483],[-88.0465,37.9486],[-88.0467,37.9623],[-88.0294,37.9625],[-88.0299,38.0037],[-88.0473,38.0035],[-88.0476,38.031],[-88.065,38.0308],[-88.0653,38.0583],[-87.9959,38.0589],[-87.9961,38.0726],[-88.0308,38.0723],[-88.0313,38.1135],[-87.9792,38.1139],[-87.9795,38.1414],[-87.9448,38.1416],[-87.9451,38.1691],[-87.9799,38.1688],[-87.98,38.1826],[-87.9974,38.1824],[-87.9985,38.2648],[-87.9636,38.2651],[-87.964,38.2925],[-87.9466,38.2926],[-87.9467,38.3064],[-87.9293,38.3065],[-87.9294,38.3202],[-87.912,38.3204],[-87.9119,38.3066],[-87.8944,38.3067],[-87.8946,38.3205],[-87.8423,38.3208],[-87.8427,38.362],[-87.8253,38.3621],[-87.8255,38.3758],[-87.7906,38.3761],[-87.7907,38.3898],[-87.7733,38.3899],[-87.7734,38.4036],[-87.7559,38.4037],[-87.7563,38.4449],[-87.7738,38.4448],[-87.774,38.4723],[-87.7566,38.4724],[-87.7567,38.4861],[-87.7218,38.4863],[-87.7219,38.5],[-87.687,38.5002],[-87.6871,38.5139],[-87.6696,38.514],[-87.6697,38.5278],[-87.6872,38.5277],[-87.6874,38.5551],[-87.6699,38.5552],[-87.6702,38.5827],[-87.6527,38.5828],[-87.6528,38.5965],[-87.6353,38.5966],[-87.6357,38.6515],[-87.6182,38.6516],[-87.6184,38.679],[-87.5659,38.6793],[-87.566,38.693],[-87.5309,38.6931],[-87.5312,38.7343],[-87.5136,38.7344],[-87.5138,38.7618],[-87.5313,38.7618],[-87.5319,38.8441],[-87.567,38.844],[-87.5672,38.8852],[-87.5497,38.8852],[-87.5499,38.9127],[-87.5323,38.9128],[-87.5326,38.9677],[-87.5854,38.9675],[-87.5861,39.0636],[-87.6037,39.0635],[-87.6038,39.0772],[-87.639,39.0771],[-87.6391,39.0908],[-87.6567,39.0907],[-87.6568,39.1044],[-87.6745,39.1043],[-87.6749,39.1592],[-87.6573,39.1593],[-87.6574,39.1731],[-87.6398,39.1731],[-87.64,39.2006],[-87.6047,39.2008],[-87.6048,39.2145],[-87.5871,39.2146],[-87.5873,39.242],[-87.6227,39.2419],[-87.6231,39.2968],[-87.6407,39.2967],[-87.6408,39.3104],[-87.6232,39.3105],[-87.6233,39.3242],[-87.6056,39.3243],[-87.6058,39.3518],[-87.5528,39.352],[-87.5529,39.3657],[-87.5352,39.3658],[-87.5486,41.3421],[-87.5304,41.3422],[-87.533,41.7264],[-87.4964,41.7266],[-87.4962,41.6991],[-87.4596,41.6992],[-87.4595,41.6855],[-87.4412,41.6856],[-87.4413,41.6993],[-87.4047,41.6994],[-87.4046,41.6857],[-87.3863,41.6857],[-87.3862,41.672],[-87.4045,41.672],[-87.4045,41.6582],[-87.3862,41.6583],[-87.3861,41.6446],[-87.3129,41.6447],[-87.3129,41.631],[-87.2397,41.6311],[-87.2397,41.6449],[-87.1666,41.6449],[-87.1666,41.6587],[-87.1117,41.6587],[-87.1117,41.6724],[-87.0751,41.6724],[-87.0751,41.6861],[-87.0385,41.6861],[-87.0385,41.6998],[-87.0019,41.6998],[-87.0018,41.7135],[-86.9652,41.7135],[-86.9652,41.7272],[-86.9286,41.7272],[-86.9285,41.7409],[-86.8919,41.7409],[-86.8918,41.7546],[-86.8735,41.7545],[-86.8735,41.7683],[-86.5069,41.767],[-86.5078,41.671]]]},"properties":{"name":"2011 - 2013 Indiana Statewide Lidar (West)","otId":"OTSDEM.072013.2966.1","short":"IN_2011_2013_W","doi":"https://doi.org/10.5069/G9959FHZ","created":"2012-10-30","temporal":"2011-03-13 / 2012-04-30","keywords":"Indiana Statewide, IndianaMap, Lidar, DEM, Hydro-flattened DEM, LAS 1.2"}},{"type":"Feature","geometry":{"type":"Polygon","coordinates":[[[-84.7982,41.7652],[-84.801,41.5594],[-84.7827,41.5592],[-84.814,39.1164],[-84.7964,39.1163],[-84.7968,39.0889],[-84.8144,39.089],[-84.8145,39.0753],[-84.8498,39.0755],[-84.8499,39.0618],[-84.8675,39.0619],[-84.8677,39.0482],[-84.8501,39.0481],[-84.8502,39.0343],[-84.8326,39.0342],[-84.833,39.0068],[-84.8154,39.0066],[-84.8162,38.938],[-84.8338,38.9381],[-84.8339,38.9244],[-84.8515,38.9245],[-84.8517,38.9108],[-84.7814,38.9103],[-84.7815,38.8966],[-84.764,38.8964],[-84.7647,38.8415],[-84.7822,38.8416],[-84.7824,38.8279],[-84.7999,38.828],[-84.8006,38.7731],[-84.9058,38.7739],[-84.906,38.7601],[-84.9936,38.7607],[-84.9938,38.747],[-85.0288,38.7472],[-85.0289,38.7334],[-85.0465,38.7335],[-85.0466,38.7198],[-85.0816,38.72],[-85.0818,38.7062],[-85.0993,38.7063],[-85.0994,38.6926],[-85.1169,38.6927],[-85.117,38.679],[-85.152,38.6791],[-85.1521,38.6654],[-85.2047,38.6656],[-85.2046,38.6793],[-85.2396,38.6795],[-85.2395,38.6932],[-85.257,38.6933],[-85.2569,38.7207],[-85.4146,38.7212],[-85.4146,38.7074],[-85.4322,38.7075],[-85.4323,38.68],[-85.4147,38.68],[-85.415,38.5976],[-85.3975,38.5976],[-85.3978,38.5152],[-85.4153,38.5152],[-85.4154,38.5015],[-85.4503,38.5016],[-85.4504,38.4878],[-85.4678,38.4879],[-85.4679,38.4604],[-85.4854,38.4604],[-85.4854,38.4467],[-85.5203,38.4468],[-85.5203,38.433],[-85.5902,38.4331],[-85.5902,38.4056],[-85.6076,38.4056],[-85.6077,38.3507],[-85.6251,38.3507],[-85.6251,38.3095],[-85.6426,38.3095],[-85.6426,38.2958],[-85.66,38.2958],[-85.66,38.2821],[-85.6774,38.2821],[-85.6774,38.2684],[-85.7122,38.2684],[-85.7122,38.2546],[-85.7993,38.2546],[-85.7993,38.2683],[-85.8167,38.2683],[-85.8166,38.2133],[-85.834,38.2133],[-85.834,38.1996],[-85.8688,38.1995],[-85.8687,38.1721],[-85.8861,38.172],[-85.8857,38.0485],[-85.9031,38.0484],[-85.903,38.0072],[-85.9203,38.0072],[-85.9203,37.9935],[-85.955,37.9934],[-85.9549,37.9797],[-86.0243,37.9795],[-86.0241,37.9383],[-86.0588,37.9382],[-86.0589,37.9519],[-86.0762,37.9518],[-86.0763,37.9656],[-86.0936,37.9655],[-86.0938,37.993],[-86.1979,37.9926],[-86.198,38.0063],[-86.2327,38.0061],[-86.2328,38.0199],[-86.2501,38.0198],[-86.2502,38.0335],[-86.285,38.0333],[-86.2852,38.0608],[-86.3026,38.0607],[-86.303,38.1156],[-86.3552,38.1153],[-86.3561,38.2114],[-86.3387,38.2115],[-86.3385,38.1978],[-86.3211,38.1979],[-86.3213,38.2116],[-86.3039,38.2117],[-86.304,38.2254],[-86.2866,38.2255],[-86.2873,38.3079],[-86.3047,38.3078],[-86.3049,38.3353],[-86.2875,38.3354],[-86.2878,38.3628],[-86.2703,38.3629],[-86.2708,38.4178],[-86.3231,38.4175],[-86.3261,38.747],[-86.3086,38.7471],[-86.3087,38.7609],[-86.2912,38.761],[-86.2931,38.9806],[-86.3283,38.9804],[-86.3288,39.0353],[-86.3816,39.035],[-86.3848,39.3507],[-86.261,39.3514],[-86.2634,39.6259],[-86.3344,39.6256],[-86.3373,39.9275],[-86.2482,39.928],[-86.2519,40.3672],[-86.2878,40.367],[-86.2879,40.3807],[-86.3238,40.3805],[-86.3242,40.4217],[-86.3781,40.4214],[-86.3809,40.6821],[-86.5431,40.681],[-86.5436,40.7222],[-86.5978,40.7218],[-86.6004,40.9139],[-86.4738,40.9148],[-86.4801,41.4225],[-86.5348,41.4221],[-86.5362,41.5319],[-86.518,41.532],[-86.5185,41.5732],[-86.5002,41.5733],[-86.5011,41.6419],[-86.5377,41.6417],[-86.5396,41.7789],[-86.118,41.7813],[-86.1179,41.7676],[-85.0548,41.7668],[-85.0547,41.7806],[-84.798,41.7789],[-84.7982,41.7652]]]},"properties":{"name":"2011 - 2013 Indiana Statewide Lidar (East)","otId":"OTSDEM.072013.2965.1","short":"IN_2011_2013_E","doi":"https://doi.org/10.5069/G9959FHZ","created":"2012-10-30","temporal":"2011-03-13 / 2012-04-30","keywords":"Indiana Statewide, IndianaMap, Lidar, DEM, Hydro-flattened DEM, LAS 1.2"}},{"type":"Feature","geometry":{"type":"MultiPolygon","coordinates":[[[[-122.216,37.2796],[-122.2234,37.274],[-122.2169,37.261],[-122.216,37.2796]]],[[[-122.1482,37.2817],[-122.1713,37.3139],[-122.2003,37.3182],[-122.2098,37.3],[-122.2108,37.2744],[-122.1891,37.2737],[-122.1883,37.2624],[-122.2109,37.262],[-122.21,37.2518],[-122.1958,37.2405],[-122.1723,37.2781],[-122.1442,37.2699],[-122.1482,37.2817]]],[[[-122.2571,37.2646],[-122.264,37.2638],[-122.2782,37.2412],[-122.2192,37.2138],[-122.1979,37.2379],[-122.2173,37.2549],[-122.2571,37.2646]]]]},"properties":{"name":"Loma Mar, CA: Lidar survey of the San Jose Mountains","otId":"OTSDEM.092012.26910.1","short":"CA07_Marshall","doi":"https://doi.org/10.5069/G9VX0DFS","created":"2012-09-18","temporal":"2006-12-06 / 2006-12-07","keywords":"lidar"}},{"type":"Feature","geometry":{"type":"MultiPolygon","coordinates":[[[[-115.2389,44.1678],[-115.2382,44.1676],[-115.2382,44.1677],[-115.2389,44.1678]]],[[[-115.2389,44.1678],[-115.2419,44.1703],[-115.2431,44.1679],[-115.2389,44.1678]]],[[[-115.2333,44.2654],[-115.2346,44.2576],[-115.2447,44.2577],[-115.2467,44.2404],[-115.2563,44.2399],[-115.264,44.231],[-115.2728,44.2047],[-115.2808,44.2043],[-115.2855,44.1967],[-115.2861,44.1761],[-115.2728,44.1692],[-115.2291,44.1755],[-115.1839,44.2482],[-115.1837,44.2565],[-115.1902,44.2585],[-115.1889,44.2526],[-115.2333,44.2654]]]]},"properties":{"name":"Boise NF, ID: Avalanche Forecasting and Acoustic Detection","otId":"OTSDEM.082012.26911.3","short":"ID11_Havens","doi":"https://doi.org/10.5069/G9S46PV6","created":"2012-08-27","temporal":"2011-08-30","keywords":"lidar"}},{"type":"Feature","geometry":{"type":"Polygon","coordinates":[[[-114.9185,45.4496],[-114.9154,45.4532],[-114.9216,45.4569],[-114.9022,45.4896],[-114.9072,45.4922],[-114.8977,45.5064],[-114.893,45.506],[-114.8881,45.529],[-114.8735,45.5546],[-114.9236,45.5625],[-114.9555,45.4931],[-114.9708,45.4775],[-114.9671,45.4754],[-114.9709,45.461],[-114.9659,45.4559],[-114.9185,45.4496]]]},"properties":{"name":"Bitterroot NF, ID: Transient Hillslope Response to Knickpoint Migration","otId":"OTSDEM.082012.26911.2","short":"ID11_Wood","doi":"https://doi.org/10.5069/G9WW7FKM","created":"2012-08-27","temporal":"2011-08-28","keywords":"lidar"}},{"type":"Feature","geometry":{"type":"Polygon","coordinates":[[[-106.3698,35.8949],[-106.3653,35.9004],[-106.3701,35.9024],[-106.3676,35.9141],[-106.3744,35.9208],[-106.3791,35.952],[-106.3751,35.9576],[-106.4162,35.9725],[-106.4223,36.0189],[-106.5112,36.0179],[-106.5259,36.0124],[-106.6308,36.0139],[-106.6422,36.0099],[-106.6363,36.0019],[-106.6418,35.9893],[-106.6336,35.9848],[-106.6568,35.9705],[-106.6666,35.9517],[-106.6743,35.9525],[-106.6704,35.9441],[-106.6739,35.9351],[-106.6849,35.9272],[-106.6831,35.8449],[-106.672,35.8443],[-106.6715,35.8217],[-106.6604,35.8173],[-106.6602,35.8088],[-106.6492,35.8085],[-106.649,35.7998],[-106.6384,35.8],[-106.6377,35.791],[-106.605,35.7914],[-106.604,35.7824],[-106.4764,35.7888],[-106.322,35.7882],[-106.2625,35.7359],[-106.2385,35.7326],[-106.2415,35.7419],[-106.2301,35.7417],[-106.2328,35.7554],[-106.2277,35.7516],[-106.2278,35.7574],[-106.2954,35.8165],[-106.2901,35.8164],[-106.2844,35.8396],[-106.3737,35.8402],[-106.3738,35.8841],[-106.3646,35.8889],[-106.3698,35.8949]]]},"properties":{"name":"Jemez River Basin Snow-off Lidar Survey","otId":"OTSDEM.062012.26913.1","short":"JRB_10_Jul","doi":"https://doi.org/10.5069/G9RB72JV","created":"2012-07-25","temporal":"2010-06-29 / 2010-07-08","keywords":"CZO, Critical Zone Observatory, Valles Caldera National Preserve, Jemez River Basin, Frijoles Canyon, New Mexico"}},{"type":"Feature","geometry":{"type":"MultiPolygon","coordinates":[[[[-106.6158,35.8177],[-106.6168,35.851],[-106.6128,35.8551],[-106.617,35.858],[-106.6172,35.8673],[-106.6126,35.8686],[-106.6173,35.8756],[-106.6125,35.8777],[-106.6174,35.8774],[-106.6183,35.9239],[-106.6117,35.9259],[-106.6115,35.9329],[-106.3863,35.9338],[-106.3855,35.9218],[-106.3907,35.9216],[-106.3854,35.9165],[-106.3855,35.9029],[-106.3902,35.903],[-106.3928,35.8998],[-106.3851,35.8978],[-106.3855,35.879],[-106.3881,35.8799],[-106.3895,35.8788],[-106.3847,35.8763],[-106.384,35.8364],[-106.3886,35.8352],[-106.384,35.8356],[-106.3836,35.8125],[-106.602,35.8095],[-106.6158,35.8177]],[[-106.6158,35.8177],[-106.6158,35.8177],[-106.6158,35.8177],[-106.6158,35.8177],[-106.6158,35.8177]],[[-106.6157,35.8547],[-106.6157,35.8547],[-106.6157,35.8547],[-106.6157,35.8547],[-106.6157,35.8547]],[[-106.6126,35.8685],[-106.6126,35.8685],[-106.6126,35.8685],[-106.6126,35.8685],[-106.6126,35.8685]],[[-106.615,35.895],[-106.6149,35.895],[-106.6149,35.895],[-106.615,35.895],[-106.615,35.895]],[[-106.3925,35.8986],[-106.3926,35.8986],[-106.3926,35.8986],[-106.3925,35.8986],[-106.3925,35.8986]],[[-106.3839,35.8142],[-106.3839,35.8142],[-106.3839,35.8142],[-106.3839,35.8142]],[[-106.3843,35.8142],[-106.3843,35.8142],[-106.3843,35.8142],[-106.3843,35.8142],[-106.3843,35.8142]],[[-106.6158,35.8172],[-106.6158,35.8172],[-106.6158,35.8172],[-106.6158,35.8172],[-106.6158,35.8172]],[[-106.3837,35.8125],[-106.3837,35.8125],[-106.3837,35.8125],[-106.3837,35.8125]],[[-106.3838,35.8144],[-106.3838,35.8144],[-106.3838,35.8144],[-106.3838,35.8144],[-106.3838,35.8144]],[[-106.3839,35.8144],[-106.3839,35.8144],[-106.3839,35.8144],[-106.3839,35.8144],[-106.3839,35.8144]],[[-106.3842,35.819],[-106.3842,35.8188],[-106.384,35.8188],[-106.3842,35.819]],[[-106.3841,35.8142],[-106.3841,35.8142],[-106.3841,35.8143],[-106.3841,35.8142]],[[-106.3841,35.8142],[-106.3841,35.8142],[-106.3841,35.8142],[-106.3841,35.8142],[-106.3841,35.8142]],[[-106.3841,35.8136],[-106.3841,35.8136],[-106.3841,35.8136],[-106.3841,35.8136],[-106.3841,35.8136]],[[-106.3843,35.8142],[-106.3841,35.8143],[-106.3842,35.8146],[-106.3843,35.8142]],[[-106.3843,35.8142],[-106.3843,35.8142],[-106.3843,35.8142],[-106.3843,35.8142],[-106.3843,35.8142]],[[-106.3842,35.8137],[-106.3842,35.8137],[-106.3842,35.8137],[-106.3842,35.8137],[-106.3842,35.8137]],[[-106.3843,35.8146],[-106.3844,35.8147],[-106.3844,35.8145],[-106.3843,35.8146]],[[-106.3844,35.8144],[-106.3844,35.8145],[-106.3844,35.8144],[-106.3844,35.8144]],[[-106.3844,35.8145],[-106.3844,35.8145],[-106.3844,35.8145],[-106.3844,35.8145],[-106.3844,35.8145]],[[-106.3844,35.8141],[-106.3844,35.8141],[-106.3844,35.8141],[-106.3844,35.8141],[-106.3844,35.8141]],[[-106.3845,35.8142],[-106.3845,35.8142],[-106.3844,35.8142],[-106.3845,35.8142]],[[-106.3845,35.8143],[-106.3845,35.8143],[-106.3845,35.8144],[-106.3845,35.8143]],[[-106.3845,35.8142],[-106.3845,35.8142],[-106.3845,35.8143],[-106.3845,35.8142]],[[-106.3845,35.8142],[-106.3845,35.8142],[-106.3845,35.8141],[-106.3845,35.8142]],[[-106.3845,35.8146],[-106.3845,35.8147],[-106.3845,35.8147],[-106.3845,35.8146],[-106.3845,35.8146]],[[-106.3845,35.8138],[-106.3845,35.8138],[-106.3845,35.8138],[-106.3845,35.8138],[-106.3845,35.8138]],[[-106.3845,35.8139],[-106.3845,35.8139],[-106.3845,35.8139],[-106.3845,35.8139],[-106.3845,35.8139]],[[-106.3845,35.8143],[-106.3845,35.8143],[-106.3845,35.8143],[-106.3845,35.8143],[-106.3845,35.8143]],[[-106.3845,35.8139],[-106.3845,35.8139],[-106.3845,35.8139],[-106.3845,35.8139]],[[-106.3846,35.8136],[-106.3845,35.8136],[-106.3845,35.8136],[-106.3845,35.8136],[-106.3846,35.8136]],[[-106.3852,35.814],[-106.3853,35.814],[-106.3853,35.814],[-106.3852,35.814]],[[-106.3852,35.814],[-106.3846,35.8138],[-106.3846,35.8144],[-106.3852,35.814]],[[-106.3846,35.8141],[-106.3846,35.8141],[-106.3846,35.8141],[-106.3846,35.8141],[-106.3846,35.8141]],[[-106.3846,35.8144],[-106.3846,35.8144],[-106.3846,35.8144],[-106.3846,35.8144],[-106.3846,35.8144]],[[-106.3846,35.8137],[-106.3846,35.8136],[-106.3846,35.8136],[-106.3846,35.8137]],[[-106.3849,35.8543],[-106.385,35.8539],[-106.3846,35.8538],[-106.3849,35.8543]],[[-106.3846,35.8138],[-106.3846,35.8138],[-106.3846,35.8138],[-106.3846,35.8138],[-106.3846,35.8138]],[[-106.3846,35.8136],[-106.3846,35.8136],[-106.3846,35.8136],[-106.3846,35.8136],[-106.3846,35.8136]],[[-106.3847,35.8137],[-106.3847,35.8137],[-106.3847,35.8137],[-106.3847,35.8137],[-106.3847,35.8137]],[[-106.3847,35.8136],[-106.3847,35.8136],[-106.3847,35.8136],[-106.3847,35.8136],[-106.3847,35.8136]],[[-106.3847,35.8143],[-106.3847,35.8143],[-106.3847,35.8143],[-106.3847,35.8143],[-106.3847,35.8143]],[[-106.3847,35.8143],[-106.3847,35.8143],[-106.3847,35.8143],[-106.3847,35.8143],[-106.3847,35.8143]],[[-106.3847,35.8143],[-106.3847,35.8143],[-106.3847,35.8143],[-106.3847,35.8143],[-106.3847,35.8143]],[[-106.3848,35.8136],[-106.3848,35.8136],[-106.3847,35.8136],[-106.3847,35.8136],[-106.3848,35.8136]],[[-106.3848,35.8141],[-106.3848,35.8141],[-106.3848,35.8141],[-106.3848,35.8141]],[[-106.3849,35.8141],[-106.3849,35.8141],[-106.3849,35.8142],[-106.3849,35.8141]],[[-106.3849,35.8141],[-106.385,35.8141],[-106.385,35.8141],[-106.3849,35.8141]],[[-106.3849,35.8143],[-106.3849,35.8143],[-106.3849,35.8143],[-106.3849,35.8143],[-106.3849,35.8143]],[[-106.3849,35.8141],[-106.3849,35.8141],[-106.3849,35.8141],[-106.3849,35.8141],[-106.3849,35.8141]],[[-106.3849,35.8142],[-106.3849,35.8142],[-106.3849,35.8142],[-106.3849,35.8142],[-106.3849,35.8142]],[[-106.3849,35.8135],[-106.3849,35.8134],[-106.3849,35.8134],[-106.3849,35.8135],[-106.3849,35.8135]],[[-106.385,35.8142],[-106.385,35.8142],[-106.385,35.8142],[-106.385,35.8142],[-106.385,35.8142]],[[-106.385,35.8137],[-106.385,35.8137],[-106.385,35.8137],[-106.385,35.8137],[-106.385,35.8137]],[[-106.3851,35.8141],[-106.3851,35.8141],[-106.3851,35.8141],[-106.3851,35.8141],[-106.3851,35.8141]],[[-106.3851,35.8136],[-106.3851,35.8136],[-106.3851,35.8136],[-106.3851,35.8136],[-106.3851,35.8136]],[[-106.3852,35.8138],[-106.3852,35.8138],[-106.3852,35.8138],[-106.3852,35.8138],[-106.3852,35.8138]],[[-106.3852,35.8138],[-106.3852,35.8138],[-106.3852,35.8139],[-106.3852,35.8139],[-106.3852,35.8138]],[[-106.3852,35.8138],[-106.3854,35.8138],[-106.3852,35.8136],[-106.3852,35.8138]],[[-106.3852,35.8137],[-106.3851,35.8137],[-106.3851,35.8137],[-106.3852,35.8137]],[[-106.3852,35.8138],[-106.3852,35.8137],[-106.3852,35.8137],[-106.3852,35.8138],[-106.3852,35.8138]],[[-106.3852,35.8136],[-106.3852,35.8136],[-106.3852,35.8136],[-106.3852,35.8136],[-106.3852,35.8136]],[[-106.3852,35.8136],[-106.3852,35.8135],[-106.3852,35.8135],[-106.3852,35.8136],[-106.3852,35.8136]],[[-106.3853,35.8139],[-106.3852,35.8139],[-106.3853,35.8139],[-106.3853,35.8139]],[[-106.3853,35.814],[-106.3853,35.8139],[-106.3853,35.8139],[-106.3853,35.814],[-106.3853,35.814]],[[-106.3853,35.814],[-106.3853,35.814],[-106.3853,35.814],[-106.3853,35.814],[-106.3853,35.814]],[[-106.3853,35.814],[-106.3853,35.814],[-106.3853,35.814],[-106.3853,35.814],[-106.3853,35.814]],[[-106.3854,35.8139],[-106.3854,35.814],[-106.3854,35.8139],[-106.3854,35.8139]],[[-106.3854,35.8136],[-106.3854,35.8136],[-106.3854,35.8136],[-106.3854,35.8136]],[[-106.3856,35.8793],[-106.3856,35.8793],[-106.3856,35.8793],[-106.3856,35.8793],[-106.3856,35.8793]],[[-106.3856,35.8794],[-106.3856,35.8794],[-106.3856,35.8794],[-106.3856,35.8794],[-106.3856,35.8794]],[[-106.3856,35.8794],[-106.3856,35.8794],[-106.3856,35.8794],[-106.3856,35.8794],[-106.3856,35.8794]],[[-106.3863,35.9337],[-106.3863,35.9338],[-106.3863,35.9338],[-106.3863,35.9337],[-106.3863,35.9337]],[[-106.3863,35.9337],[-106.3863,35.9337],[-106.3863,35.9337],[-106.3863,35.9337],[-106.3863,35.9337]],[[-106.3864,35.8829],[-106.3864,35.8829],[-106.3864,35.8829],[-106.3864,35.8829]],[[-106.3865,35.883],[-106.3865,35.8829],[-106.3865,35.883],[-106.3865,35.883]],[[-106.388,35.8125],[-106.388,35.8125],[-106.3879,35.8125],[-106.3879,35.8125],[-106.388,35.8125]],[[-106.388,35.8125],[-106.388,35.8125],[-106.388,35.8125],[-106.388,35.8125],[-106.388,35.8125]],[[-106.3886,35.8926],[-106.3883,35.8923],[-106.3881,35.8924],[-106.3886,35.8926]],[[-106.3901,35.8357],[-106.3901,35.8357],[-106.3901,35.8357],[-106.3901,35.8357],[-106.3901,35.8357]],[[-106.3901,35.8357],[-106.3887,35.835],[-106.3892,35.8361],[-106.3901,35.8357]],[[-106.3894,35.8125],[-106.3894,35.8125],[-106.3894,35.8125],[-106.3894,35.8125],[-106.3894,35.8125]],[[-106.3895,35.8125],[-106.3895,35.8124],[-106.3895,35.8124],[-106.3895,35.8125],[-106.3895,35.8125]],[[-106.3904,35.813],[-106.3904,35.813],[-106.3904,35.813],[-106.3904,35.813],[-106.3904,35.813]],[[-106.3905,35.813],[-106.3905,35.8129],[-106.3905,35.8129],[-106.3905,35.813]],[[-106.3906,35.8129],[-106.3906,35.8129],[-106.3906,35.8129],[-106.3906,35.8129],[-106.3906,35.8129]],[[-106.3906,35.8129],[-106.3907,35.8129],[-106.3905,35.8128],[-106.3906,35.8129]],[[-106.3905,35.813],[-106.3905,35.813],[-106.3905,35.813],[-106.3905,35.813]],[[-106.3906,35.813],[-106.3906,35.813],[-106.3906,35.813],[-106.3906,35.813],[-106.3906,35.813]],[[-106.3912,35.9185],[-106.391,35.9188],[-106.3915,35.9188],[-106.3912,35.9185]],[[-106.3916,35.9187],[-106.3916,35.9187],[-106.3916,35.9187],[-106.3916,35.9187]],[[-106.3916,35.9188],[-106.3916,35.9188],[-106.3916,35.9188],[-106.3916,35.9188],[-106.3916,35.9188]],[[-106.3953,35.8124],[-106.3953,35.8124],[-106.3954,35.8124],[-106.3954,35.8124],[-106.3953,35.8124]],[[-106.3953,35.8128],[-106.3954,35.8128],[-106.3954,35.8128],[-106.3953,35.8128]],[[-106.3954,35.8128],[-106.3954,35.8128],[-106.3954,35.8128],[-106.3954,35.8128],[-106.3954,35.8128]],[[-106.3962,35.8124],[-106.3962,35.8124],[-106.3963,35.8124],[-106.3963,35.8124],[-106.3962,35.8124]],[[-106.403,35.8132],[-106.403,35.8132],[-106.4031,35.8132],[-106.4031,35.8132],[-106.403,35.8132]],[[-106.5881,35.8122],[-106.5881,35.8122],[-106.5881,35.8122],[-106.5881,35.8122],[-106.5881,35.8122]],[[-106.5969,35.8122],[-106.5969,35.8122],[-106.5969,35.8122],[-106.5969,35.8122],[-106.5969,35.8122]],[[-106.5969,35.8122],[-106.5969,35.8122],[-106.5969,35.8122],[-106.5969,35.8122],[-106.5969,35.8122]],[[-106.6049,35.8168],[-106.6048,35.8168],[-106.6048,35.8168],[-106.6049,35.8168]],[[-106.6127,35.8685],[-106.6127,35.8685],[-106.6127,35.8685],[-106.6127,35.8685],[-106.6127,35.8685]],[[-106.6131,35.8276],[-106.6131,35.8278],[-106.6133,35.8278],[-106.6131,35.8276]],[[-106.6131,35.8276],[-106.6131,35.8276],[-106.6131,35.8276],[-106.6131,35.8276],[-106.6131,35.8276]],[[-106.613,35.8697],[-106.613,35.8697],[-106.613,35.8697],[-106.613,35.8697],[-106.613,35.8697]],[[-106.6131,35.8396],[-106.6131,35.8396],[-106.6131,35.8396],[-106.6131,35.8396],[-106.6131,35.8396]],[[-106.6139,35.8404],[-106.6139,35.8404],[-106.6139,35.8404],[-106.6139,35.8404],[-106.6139,35.8404]],[[-106.6139,35.8404],[-106.6133,35.8397],[-106.6134,35.8402],[-106.6139,35.8404]],[[-106.6133,35.8397],[-106.6133,35.8397],[-106.6133,35.8397],[-106.6133,35.8397],[-106.6133,35.8397]],[[-106.6141,35.9092],[-106.6136,35.9102],[-106.6148,35.91],[-106.6141,35.9092]],[[-106.6137,35.8185],[-106.6137,35.8184],[-106.6137,35.8184],[-106.6137,35.8185]],[[-106.6138,35.8185],[-106.6138,35.8185],[-106.6138,35.8185],[-106.6138,35.8185],[-106.6138,35.8185]],[[-106.6138,35.8185],[-106.6138,35.8185],[-106.6138,35.8185],[-106.6138,35.8185]],[[-106.6141,35.819],[-106.6141,35.819],[-106.6141,35.819],[-106.6141,35.819],[-106.6141,35.819]],[[-106.6141,35.819],[-106.6141,35.819],[-106.6141,35.819],[-106.6141,35.819],[-106.6141,35.819]],[[-106.6142,35.819],[-106.6142,35.819],[-106.6142,35.819],[-106.6142,35.819],[-106.6142,35.819]],[[-106.6142,35.819],[-106.6142,35.819],[-106.6142,35.819],[-106.6142,35.819],[-106.6142,35.819]],[[-106.6146,35.8926],[-106.6145,35.8922],[-106.6145,35.8923],[-106.6146,35.8926]],[[-106.6168,35.8623],[-106.6161,35.8615],[-106.6148,35.8623],[-106.6168,35.8623]],[[-106.6151,35.8178],[-106.6151,35.8177],[-106.6151,35.8177],[-106.6151,35.8178],[-106.6151,35.8178]],[[-106.6151,35.8155],[-106.6151,35.8154],[-106.6151,35.8155],[-106.6151,35.8155]],[[-106.6152,35.8154],[-106.6152,35.8155],[-106.6152,35.8154],[-106.6152,35.8154],[-106.6152,35.8154]],[[-106.6153,35.8364],[-106.6153,35.8364],[-106.6154,35.8364],[-106.6154,35.8364],[-106.6153,35.8364]],[[-106.6154,35.8365],[-106.6154,35.8365],[-106.6154,35.8365],[-106.6154,35.8365],[-106.6154,35.8365]],[[-106.6154,35.8365],[-106.6154,35.8365],[-106.6154,35.8365],[-106.6154,35.8365],[-106.6154,35.8365]],[[-106.6154,35.8367],[-106.6154,35.8367],[-106.6154,35.8367],[-106.6154,35.8367],[-106.6154,35.8367]],[[-106.6155,35.8177],[-106.6155,35.8177],[-106.6155,35.8177],[-106.6155,35.8177],[-106.6155,35.8177]],[[-106.6156,35.8177],[-106.6155,35.8177],[-106.6155,35.8177],[-106.6156,35.8177]],[[-106.6155,35.8177],[-106.6155,35.8178],[-106.6156,35.8178],[-106.6156,35.8177],[-106.6155,35.8177]],[[-106.6156,35.817],[-106.6156,35.817],[-106.6156,35.817],[-106.6156,35.817],[-106.6156,35.817]],[[-106.6156,35.817],[-106.6156,35.817],[-106.6156,35.817],[-106.6156,35.817],[-106.6156,35.817]],[[-106.6156,35.8172],[-106.6156,35.8172],[-106.6156,35.8172],[-106.6156,35.8172]],[[-106.6156,35.8172],[-106.6156,35.8172],[-106.6156,35.8172],[-106.6156,35.8172],[-106.6156,35.8172]],[[-106.6157,35.8171],[-106.6157,35.8171],[-106.6156,35.8171],[-106.6156,35.8171],[-106.6157,35.8171]],[[-106.6157,35.8166],[-106.6157,35.8166],[-106.6156,35.8166],[-106.6157,35.8166]],[[-106.6157,35.8174],[-106.6157,35.8173],[-106.6156,35.8173],[-106.6156,35.8174],[-106.6157,35.8174]],[[-106.6157,35.8174],[-106.6157,35.8174],[-106.6157,35.8174],[-106.6157,35.8174],[-106.6157,35.8174]],[[-106.6157,35.8172],[-106.6157,35.8172],[-106.6157,35.8172],[-106.6157,35.8172]],[[-106.6157,35.8172],[-106.6157,35.8171],[-106.6157,35.8171],[-106.6157,35.8172],[-106.6157,35.8172]],[[-106.6157,35.8173],[-106.6157,35.8172],[-106.6157,35.8172],[-106.6157,35.8173]],[[-106.6158,35.8173],[-106.6157,35.8173],[-106.6157,35.8173],[-106.6158,35.8173]],[[-106.6158,35.8181],[-106.6158,35.8181],[-106.6158,35.8181],[-106.6158,35.8181],[-106.6158,35.8181]],[[-106.6161,35.9079],[-106.616,35.9079],[-106.6162,35.9079],[-106.6161,35.9079]],[[-106.616,35.9078],[-106.616,35.9078],[-106.6162,35.9078],[-106.616,35.9078]],[[-106.6161,35.8181],[-106.6161,35.818],[-106.6161,35.818],[-106.6161,35.8181]],[[-106.6167,35.8716],[-106.6167,35.8716],[-106.6167,35.8716],[-106.6167,35.8716],[-106.6167,35.8716]]],[[[-106.3838,35.8135],[-106.3838,35.8135],[-106.3837,35.8135],[-106.3838,35.8135]]],[[[-106.3839,35.8136],[-106.3839,35.8136],[-106.3839,35.8136],[-106.3839,35.8136],[-106.3839,35.8136]]],[[[-106.384,35.8137],[-106.384,35.8137],[-106.384,35.8137],[-106.384,35.8137],[-106.384,35.8137]]],[[[-106.3844,35.8138],[-106.3844,35.8138],[-106.3844,35.8138],[-106.3844,35.8138],[-106.3844,35.8138]]],[[[-106.384,35.8142],[-106.384,35.8142],[-106.384,35.8142],[-106.384,35.8142],[-106.384,35.8142]]],[[[-106.3839,35.8142],[-106.3839,35.8142],[-106.3839,35.8142],[-106.3839,35.8142],[-106.3839,35.8142]]],[[[-106.3855,35.9029],[-106.3855,35.9027],[-106.3855,35.9027],[-106.3855,35.9029]]],[[[-106.6157,35.8545],[-106.6157,35.8545],[-106.6157,35.8544],[-106.6157,35.8545]]],[[[-106.3838,35.814],[-106.3838,35.8137],[-106.3839,35.8138],[-106.3838,35.814]],[[-106.3837,35.8137],[-106.3837,35.8137],[-106.3837,35.8137],[-106.3837,35.8137],[-106.3837,35.8137]],[[-106.3838,35.8137],[-106.3838,35.8137],[-106.3837,35.8137],[-106.3837,35.8137],[-106.3838,35.8137]],[[-106.3839,35.8139],[-106.3839,35.8139],[-106.3839,35.8139],[-106.3839,35.8139],[-106.3839,35.8139]]],[[[-106.3838,35.814],[-106.3838,35.8141],[-106.3838,35.8141],[-106.3838,35.814],[-106.3838,35.814]]],[[[-106.3838,35.814],[-106.3838,35.814],[-106.3838,35.814],[-106.3838,35.814],[-106.3838,35.814]]],[[[-106.3838,35.8141],[-106.3838,35.8141],[-106.3838,35.8141],[-106.3838,35.8141],[-106.3838,35.8141]]],[[[-106.3838,35.8141],[-106.3838,35.8141],[-106.3838,35.8141],[-106.3838,35.8141],[-106.3838,35.8141]]],[[[-106.3838,35.8136],[-106.3838,35.8136],[-106.3838,35.8136],[-106.3838,35.8136],[-106.3838,35.8136]]],[[[-106.3841,35.8137],[-106.3841,35.8137],[-106.3841,35.8138],[-106.3841,35.8137]]],[[[-106.3842,35.8143],[-106.3842,35.8143],[-106.3843,35.8143],[-106.3842,35.8143]]],[[[-106.3842,35.8137],[-106.3842,35.8137],[-106.3842,35.8137],[-106.3842,35.8137],[-106.3842,35.8137]]],[[[-106.3843,35.8146],[-106.3843,35.8146],[-106.3843,35.8146],[-106.3843,35.8146],[-106.3843,35.8146]]],[[[-106.3843,35.8141],[-106.3843,35.8141],[-106.3843,35.8141],[-106.3843,35.8141],[-106.3843,35.8141]]],[[[-106.3843,35.8138],[-106.3843,35.8138],[-106.3843,35.8138],[-106.3843,35.8138]]],[[[-106.3843,35.8138],[-106.3844,35.8138],[-106.3844,35.8138],[-106.3843,35.8138],[-106.3843,35.8138]]],[[[-106.3843,35.8146],[-106.3844,35.8146],[-106.3844,35.8146],[-106.3843,35.8146],[-106.3843,35.8146]]],[[[-106.3848,35.8136],[-106.3848,35.8136],[-106.3848,35.8136],[-106.3848,35.8136],[-106.3848,35.8136]]],[[[-106.3849,35.8135],[-106.3849,35.8135],[-106.3849,35.8135],[-106.3849,35.8135],[-106.3849,35.8135]]],[[[-106.3849,35.8135],[-106.3849,35.8135],[-106.3849,35.8135],[-106.3849,35.8135]]],[[[-106.3849,35.8135],[-106.3849,35.8135],[-106.3849,35.8135],[-106.3849,35.8135],[-106.3849,35.8135]]],[[[-106.3849,35.8136],[-106.3849,35.8135],[-106.385,35.8136],[-106.3849,35.8136]]],[[[-106.385,35.8138],[-106.385,35.8138],[-106.385,35.8138],[-106.385,35.8138]]],[[[-106.385,35.8138],[-106.385,35.8138],[-106.385,35.8138],[-106.385,35.8138],[-106.385,35.8138]]],[[[-106.385,35.8138],[-106.385,35.8137],[-106.385,35.8137],[-106.385,35.8138],[-106.385,35.8138]]],[[[-106.385,35.8137],[-106.385,35.8137],[-106.385,35.8137],[-106.385,35.8137]]],[[[-106.3851,35.8139],[-106.3851,35.8139],[-106.3851,35.814],[-106.3851,35.814],[-106.3851,35.8139]]],[[[-106.3853,35.8137],[-106.3853,35.8137],[-106.3854,35.8137],[-106.3853,35.8137]]],[[[-106.3853,35.8138],[-106.3853,35.8138],[-106.3853,35.8138],[-106.3853,35.8138]]],[[[-106.3853,35.8137],[-106.3853,35.8137],[-106.3853,35.8137],[-106.3853,35.8137],[-106.3853,35.8137]]],[[[-106.3853,35.8137],[-106.3854,35.8138],[-106.3854,35.8138],[-106.3853,35.8138],[-106.3853,35.8137]]],[[[-106.3855,35.9026],[-106.3855,35.9026],[-106.3855,35.9026],[-106.3855,35.9026],[-106.3855,35.9026]]],[[[-106.3885,35.9186],[-106.3885,35.9186],[-106.3885,35.9186],[-106.3885,35.9186],[-106.3885,35.9186]]],[[[-106.3885,35.9187],[-106.3885,35.9187],[-106.3885,35.9187],[-106.3885,35.9187],[-106.3885,35.9187]]],[[[-106.3907,35.8128],[-106.3907,35.8128],[-106.3906,35.8128],[-106.3907,35.8128]]],[[[-106.3914,35.9187],[-106.3913,35.9187],[-106.3914,35.9187],[-106.3914,35.9187]]],[[[-106.6131,35.8695],[-106.6131,35.8695],[-106.6131,35.8696],[-106.6131,35.8696],[-106.6131,35.8695]]],[[[-106.6146,35.8924],[-106.6146,35.8924],[-106.6146,35.8924],[-106.6146,35.8924],[-106.6146,35.8924]]],[[[-106.6146,35.8924],[-106.6147,35.8924],[-106.6147,35.8925],[-106.6146,35.8925],[-106.6146,35.8924]]],[[[-106.6147,35.8926],[-106.6147,35.8926],[-106.6147,35.8926],[-106.6147,35.8926],[-106.6147,35.8926]]],[[[-106.6157,35.8167],[-106.6157,35.8167],[-106.6157,35.8167],[-106.6157,35.8167]]],[[[-106.6159,35.8172],[-106.6159,35.8172],[-106.6159,35.8172],[-106.6159,35.8172]]],[[[-106.6159,35.8172],[-106.6159,35.8171],[-106.6159,35.8172],[-106.6159,35.8172]]],[[[-106.616,35.8174],[-106.616,35.8174],[-106.616,35.8175],[-106.616,35.8175],[-106.616,35.8174]]],[[[-106.616,35.8175],[-106.616,35.8175],[-106.616,35.8175],[-106.616,35.8175],[-106.616,35.8175]]],[[[-106.616,35.8173],[-106.6161,35.8173],[-106.6161,35.8173],[-106.616,35.8173],[-106.616,35.8173]]],[[[-106.6161,35.8175],[-106.6161,35.8175],[-106.6161,35.8175],[-106.6161,35.8175],[-106.6161,35.8175]]],[[[-106.6161,35.8174],[-106.6161,35.8174],[-106.6161,35.8174],[-106.6161,35.8174],[-106.6161,35.8174]]],[[[-106.6164,35.8944],[-106.6164,35.894],[-106.6164,35.8942],[-106.6164,35.8944]]],[[[-106.6168,35.9175],[-106.6169,35.9175],[-106.6169,35.9177],[-106.6168,35.9177],[-106.6168,35.9175]]],[[[-106.6169,35.9177],[-106.6169,35.9177],[-106.6169,35.9179],[-106.6169,35.9179],[-106.6169,35.9177]]]]},"properties":{"name":"Jemez River Basin Snow-on Lidar Survey","otId":"OTSDEM.062012.26913.2","short":"JRB_10_Mar","doi":"https://doi.org/10.5069/G9W37T86","created":"2012-07-25","temporal":"2010-03-27 / 2010-04-03","keywords":"CZO, Critical Zone Observatory, Jemez River Basin, New Mexico, lidar"}},{"type":"Feature","geometry":{"type":"Polygon","coordinates":[[[-84.318,29.9442],[-84.3759,29.9656],[-84.3929,29.9671],[-84.3931,29.9572],[-84.3993,29.9515],[-84.3954,29.946],[-84.4034,29.9483],[-84.4009,29.9433],[-84.4104,29.9202],[-84.3496,29.8987],[-84.3488,29.8941],[-84.3355,29.8938],[-84.3279,29.9109],[-84.3274,29.9294],[-84.318,29.9442]]]},"properties":{"name":"Bald Point, FL: Hurricane Frequency and Storm Surge Archives from Sinkholes","otId":"OTSDEM.062012.26916.1","short":"FL10_Lane","doi":"https://doi.org/10.5069/G9D21VHS","created":"2012-06-26","temporal":"2010-09-04","keywords":"Florida, lidar"}},{"type":"Feature","geometry":{"type":"Polygon","coordinates":[[[-81.4494,28.7015],[-81.4431,28.7015],[-81.4432,28.7466],[-81.4609,28.7472],[-81.4609,28.7554],[-81.4671,28.7575],[-81.4669,28.7827],[-81.508,28.7825],[-81.5077,28.7013],[-81.4494,28.7015]]]},"properties":{"name":"Apopka, FL: Using Lidar to Identify Optimal Gopher Tortoise habitat","otId":"OTSDEM.062012.26917.1","short":"FL11_Catano","doi":"https://doi.org/10.5069/G94M92GW","created":"2012-06-26","temporal":"2011-06-25","keywords":"Florida, lidar"}},{"type":"Feature","geometry":{"type":"Polygon","coordinates":[[[-83.3978,35.0083],[-83.3994,35.031],[-83.395,35.0353],[-83.4,35.0416],[-83.3935,35.0499],[-83.3997,35.0555],[-83.4024,35.0719],[-83.3997,35.0903],[-83.4358,35.086],[-83.4821,35.0914],[-83.4772,35.0101],[-83.4295,35.0091],[-83.4261,35.014],[-83.3978,35.0083]]]},"properties":{"name":"Nantahala NF, NC: Forest Leaf Structure, Terrain and Hydrophysiology","otId":"OTSDEM.052012.26917.2","short":"NC09_Windfeldt","doi":"https://doi.org/10.5069/G9HT2M76","created":"2012-05-11","temporal":"2009-08-29","keywords":"North Carolina, lidar"}},{"type":"Feature","geometry":{"type":"MultiPolygon","coordinates":[[[[-122.6134,37.8749],[-122.6134,37.8751],[-122.6137,37.8749],[-122.6134,37.8749]]],[[[-122.6397,37.8853],[-122.6385,37.884],[-122.6386,37.8848],[-122.6397,37.8853]]],[[[-122.6446,37.8843],[-122.6457,37.8859],[-122.6457,37.8844],[-122.6446,37.8843]]],[[[-122.6468,37.8867],[-122.6474,37.8866],[-122.6474,37.8866],[-122.6468,37.8867]]],[[[-122.6534,37.8959],[-122.6538,37.8957],[-122.6539,37.895],[-122.6534,37.8959]]],[[[-122.6481,37.9047],[-122.649,37.9036],[-122.6479,37.9035],[-122.6481,37.9047]]],[[[-122.6504,37.905],[-122.6516,37.9057],[-122.6511,37.9049],[-122.6504,37.905]]],[[[-122.6513,37.9074],[-122.6513,37.9075],[-122.6514,37.9074],[-122.6513,37.9074]]],[[[-122.7004,37.9915],[-122.7017,37.9931],[-122.7034,37.994],[-122.7004,37.9915]]],[[[-122.7048,37.9946],[-122.7047,37.9946],[-122.7047,37.9946],[-122.7048,37.9946]]],[[[-122.6133,37.8892],[-122.618,37.9025],[-122.6132,37.9077],[-122.6425,37.947],[-122.6512,37.9461],[-122.6636,37.9586],[-122.6699,37.9572],[-122.7934,38.0896],[-122.8033,38.0825],[-122.8062,38.0704],[-122.8012,38.0638],[-122.6656,37.9056],[-122.6578,37.9011],[-122.6616,37.91],[-122.6474,37.9081],[-122.646,37.9038],[-122.648,37.9012],[-122.6427,37.9027],[-122.6383,37.8961],[-122.6449,37.8998],[-122.6463,37.8925],[-122.6513,37.9024],[-122.6555,37.8971],[-122.6471,37.8934],[-122.6453,37.8867],[-122.6362,37.8886],[-122.6308,37.8749],[-122.6155,37.8757],[-122.6133,37.8892]]]]},"properties":{"name":"Point Reyes, CA: Landscape Response to Tectonics","otId":"OTSDEM.052012.26910.1","short":"CA09_Morell","doi":"https://doi.org/10.5069/G9NK3BZH","created":"2012-05-11","temporal":"2009-09-08","keywords":"California, lidar"}},{"type":"Feature","geometry":{"type":"Polygon","coordinates":[[[-115.2465,44.2398],[-115.232,44.2432],[-115.2293,44.3283],[-115.2931,44.3293],[-115.301,44.2406],[-115.2465,44.2398]]]},"properties":{"name":"Stanley, ID: Linkages Between Hydrologic Complexity and Nutrient Export","otId":"OTSDEM.052012.26911.1","short":"ID09_Covino","doi":"https://doi.org/10.5069/G9SB43P7","created":"2012-05-11","temporal":"2009-09-02","keywords":"Idaho, lidar"}},{"type":"Feature","geometry":{"type":"MultiPolygon","coordinates":[[[[-80.7036,28.4041],[-80.7039,28.4043],[-80.7039,28.4041],[-80.7036,28.4041]]],[[[-80.6867,28.404],[-80.6763,28.408],[-80.6631,28.404],[-80.6529,28.432],[-80.6527,28.4575],[-80.6439,28.4582],[-80.6424,28.4845],[-80.6343,28.4853],[-80.6218,28.5302],[-80.6667,28.53],[-80.7022,28.4213],[-80.7036,28.4041],[-80.6867,28.404]]]]},"properties":{"name":"Merritt Island, FL: Identification of Florida Scrub-Jay Habitat","otId":"OTSDEM.052012.26917.1","short":"FL08_Angelo","doi":"https://doi.org/10.5069/G9X34VDK","created":"2012-05-11","temporal":"2008-06-17","keywords":"Florida, lidar"}},{"type":"Feature","geometry":{"type":"MultiPolygon","coordinates":[[[[-84.6679,45.5617],[-84.6723,45.5647],[-84.6675,45.5707],[-84.6867,45.5716],[-84.6801,45.576],[-84.6849,45.5887],[-84.7048,45.5893],[-84.6868,45.5902],[-84.6869,45.5955],[-84.7947,45.5945],[-84.7958,45.5687],[-84.7898,45.5681],[-84.7958,45.5663],[-84.797,45.5373],[-84.6691,45.5361],[-84.668,45.5594],[-84.672,45.5605],[-84.6679,45.5617]]],[[[-84.6869,45.5956],[-84.6869,45.5956],[-84.6869,45.5955],[-84.6869,45.5956]]]]},"properties":{"name":"Pellston, MI: Effects of Forest Canopy Structural Change on Carbon Uptake","otId":"OTSDEM.032012.26916.1","short":"MI09_Hardiman","doi":"https://doi.org/10.5069/G900001C","created":"2012-04-04","temporal":"2009-08-28","keywords":"lidar"}},{"type":"Feature","geometry":{"type":"Polygon","coordinates":[[[-116.0572,33.5811],[-116.0939,33.5707],[-116.1315,33.5381],[-116.1414,33.5044],[-116.1291,33.4578],[-116.1164,33.4405],[-116.0982,33.4284],[-116.0923,33.3864],[-116.0832,33.3702],[-116.0373,33.3317],[-115.9928,33.303],[-115.9651,33.2622],[-115.9387,33.2496],[-115.9287,33.2298],[-115.9073,33.2128],[-115.8908,33.183],[-115.8806,33.1487],[-115.8502,33.1288],[-115.8019,33.0743],[-115.7706,33.0571],[-115.7288,33.0455],[-115.7009,33.0439],[-115.6773,33.0498],[-115.6491,33.0677],[-115.5968,33.1343],[-115.5694,33.1441],[-115.552,33.1583],[-115.5255,33.2053],[-115.5269,33.2414],[-115.5633,33.3188],[-115.601,33.3626],[-115.6688,33.3972],[-115.7064,33.4029],[-115.7348,33.3997],[-115.78,33.4387],[-115.8079,33.4784],[-115.9085,33.5597],[-115.9427,33.5703],[-116.0081,33.5702],[-116.0572,33.5811]],[[-116.0368,33.4672],[-116.037,33.4537],[-116.0142,33.4422],[-115.9892,33.3992],[-115.8616,33.2899],[-115.8458,33.2627],[-115.8299,33.249],[-115.8142,33.2218],[-115.8144,33.2082],[-115.7508,33.1535],[-115.751,33.14],[-115.7429,33.133],[-115.7189,33.1351],[-115.6699,33.1797],[-115.6697,33.1933],[-115.6208,33.2333],[-115.6204,33.2604],[-115.7059,33.3378],[-115.7642,33.343],[-115.9077,33.4662],[-115.9235,33.4933],[-115.9395,33.507],[-116.0202,33.5077],[-116.0365,33.4943],[-116.0368,33.4672]]]},"properties":{"name":"2010 Salton Sea Lidar Collection","otId":"OTSDEM.032012.26911.2","short":"Salton_Sea","doi":"https://doi.org/10.5069/G9V985ZF","created":"2012-04-02","temporal":"2010-11-09 / 2010-11-13","keywords":"Imperial County, Riverside County, lidar"}},{"type":"Feature","geometry":{"type":"MultiPolygon","coordinates":[[[[-155.2532,19.4019],[-155.2576,19.4018],[-155.2587,19.3941],[-155.2443,19.3966],[-155.2295,19.3771],[-155.2088,19.3735],[-155.2132,19.3687],[-155.2026,19.3614],[-155.2038,19.3527],[-155.2205,19.3572],[-155.2606,19.3322],[-155.2649,19.3361],[-155.2769,19.3308],[-155.2732,19.3356],[-155.2803,19.3365],[-155.3261,19.3071],[-155.352,19.2756],[-155.3586,19.2755],[-155.3557,19.2817],[-155.3668,19.2754],[-155.362,19.2835],[-155.3693,19.2832],[-155.3695,19.2958],[-155.3559,19.3049],[-155.3604,19.3081],[-155.3657,19.3016],[-155.3697,19.3095],[-155.3572,19.3205],[-155.3588,19.325],[-155.3378,19.3382],[-155.3451,19.3479],[-155.3192,19.3681],[-155.322,19.3747],[-155.314,19.3778],[-155.3109,19.3729],[-155.3085,19.3748],[-155.3103,19.3795],[-155.3048,19.3769],[-155.3004,19.3862],[-155.3044,19.4021],[-155.2968,19.4067],[-155.2934,19.4263],[-155.2508,19.4436],[-155.2513,19.4358],[-155.2447,19.439],[-155.2429,19.4293],[-155.2505,19.4257],[-155.2379,19.414],[-155.2532,19.4019]],[[-155.2298,19.3629],[-155.245,19.3727],[-155.2599,19.3625],[-155.2582,19.3568],[-155.2731,19.3409],[-155.2673,19.3386],[-155.2298,19.3629]],[[-155.2712,19.3529],[-155.2613,19.3592],[-155.2606,19.3611],[-155.2763,19.3508],[-155.2712,19.3529]]],[[[-155.2026,19.3614],[-155.2045,19.3664],[-155.1954,19.367],[-155.1941,19.3574],[-155.1885,19.3589],[-155.1916,19.354],[-155.1827,19.3516],[-155.1867,19.3451],[-155.1793,19.2816],[-155.1815,19.2745],[-155.1868,19.2783],[-155.1828,19.2691],[-155.1955,19.2711],[-155.1996,19.2825],[-155.2026,19.3614]]],[[[-155.3107,19.3738],[-155.3112,19.3755],[-155.3129,19.3786],[-155.3107,19.3738]]],[[[-155.3539,19.6368],[-155.3466,19.6351],[-155.3358,19.6016],[-155.3192,19.5752],[-155.3259,19.5733],[-155.3258,19.5659],[-155.327,19.5656],[-155.3341,19.5733],[-155.3408,19.5443],[-155.353,19.5307],[-155.3655,19.53],[-155.3634,19.5199],[-155.4376,19.5183],[-155.4401,19.5224],[-155.4549,19.5181],[-155.4661,19.5529],[-155.4585,19.5515],[-155.4578,19.5598],[-155.3999,19.6009],[-155.3646,19.6367],[-155.3539,19.6368]]],[[[-155.4332,19.2361],[-155.4332,19.2361],[-155.4332,19.2361],[-155.4332,19.2361]]],[[[-155.4332,19.2361],[-155.4349,19.2509],[-155.4258,19.2621],[-155.4198,19.2835],[-155.3987,19.2817],[-155.3976,19.2664],[-155.4084,19.2371],[-155.4147,19.2296],[-155.4332,19.2361]]],[[[-155.5722,19.4871],[-155.5722,19.4352],[-155.6095,19.4347],[-155.6106,19.5069],[-155.5757,19.5164],[-155.5722,19.4871]]]]},"properties":{"name":"Hawaii Big Island Lidar Survey","otId":"OTSDEM.032012.32605.1","short":"HI09_Big_Island","doi":"https://doi.org/10.5069/G9DZ067X","created":"2012-03-07","temporal":"2009-06-21 / 2009-06-27","keywords":"lidar"}},{"type":"Feature","geometry":{"type":"Polygon","coordinates":[[[-123.7493,39.9556],[-123.7493,39.9594],[-123.7546,39.9591],[-123.7559,39.9514],[-123.7652,39.9458],[-123.7974,39.9724],[-123.8118,39.9723],[-123.8777,39.9305],[-123.8776,39.9214],[-123.8597,39.9034],[-123.8528,39.9065],[-123.8585,39.9032],[-123.8384,39.8821],[-123.8269,39.8821],[-123.7596,39.923],[-123.7519,39.9304],[-123.7633,39.9408],[-123.7493,39.9556]]]},"properties":{"name":"Piercy, CA: Response of Bedrock River to Base Level Lowering, SF Eel River","otId":"OTSDEM.022012.26910.3","short":"CA09_Foster","doi":"https://doi.org/10.5069/G9H12ZXC","created":"2012-02-27","temporal":"2009-09-04","keywords":"lidar"}},{"type":"Feature","geometry":{"type":"Polygon","coordinates":[[[-121.1708,39.7715],[-121.1764,39.7707],[-121.1854,39.754],[-121.1995,39.763],[-121.248,39.7637],[-121.2498,39.7547],[-121.3029,39.7555],[-121.3187,39.7303],[-121.3304,39.723],[-121.3318,39.7115],[-121.3434,39.7111],[-121.3437,39.7027],[-121.3513,39.7019],[-121.38,39.6417],[-121.381,39.6035],[-121.3701,39.6033],[-121.3695,39.5943],[-121.3579,39.5936],[-121.358,39.5855],[-121.3441,39.6015],[-121.327,39.6098],[-121.3241,39.6096],[-121.3186,39.6015],[-121.3151,39.6032],[-121.3126,39.6018],[-121.3191,39.6004],[-121.3252,39.6085],[-121.3418,39.6012],[-121.3556,39.5851],[-121.3465,39.5843],[-121.3466,39.576],[-121.3125,39.5755],[-121.3119,39.5665],[-121.2359,39.5655],[-121.2178,39.6081],[-121.2294,39.6109],[-121.2282,39.6553],[-121.2399,39.6561],[-121.2392,39.6819],[-121.2275,39.6823],[-121.2266,39.6913],[-121.2157,39.6912],[-121.2146,39.7001],[-121.2038,39.7],[-121.1708,39.7715]]]},"properties":{"name":"Oroville, CA: Middle Fork of the Feather River, Sierra Nevada Foothills","otId":"OTSDEM.022012.26910.2","short":"CA07_Yoo","doi":"https://doi.org/10.5069/G9FT8HZ1","created":"2012-02-27","temporal":"2008-09-25 / 2008-09-27","keywords":"lidar"}},{"type":"Feature","geometry":{"type":"MultiPolygon","coordinates":[[[[-119.2335,37.9166],[-119.2397,37.9159],[-119.2396,37.9109],[-119.2465,37.9128],[-119.2479,37.8889],[-119.2172,37.8885],[-119.1855,37.8954],[-119.1919,37.9098],[-119.2335,37.9166]]],[[[-119.2393,37.7522],[-119.2518,37.752],[-119.2541,37.7582],[-119.2716,37.7572],[-119.2713,37.7611],[-119.2935,37.7582],[-119.3136,37.7623],[-119.3204,37.7489],[-119.3109,37.7497],[-119.3114,37.7333],[-119.2816,37.7309],[-119.2421,37.7337],[-119.2393,37.7522]]],[[[-119.3515,37.9588],[-119.3515,37.9588],[-119.3515,37.9588],[-119.3515,37.9588]]],[[[-119.3515,37.9588],[-119.3515,37.9589],[-119.3515,37.9589],[-119.3515,37.9588]]],[[[-119.2842,37.9797],[-119.3086,37.9829],[-119.3081,37.9883],[-119.3219,37.9884],[-119.3213,37.982],[-119.3663,37.9849],[-119.3705,37.973],[-119.3605,37.9724],[-119.3723,37.9665],[-119.3794,37.9516],[-119.3768,37.9461],[-119.383,37.9409],[-119.3691,37.9331],[-119.3615,37.9426],[-119.3595,37.9599],[-119.3517,37.965],[-119.3514,37.9592],[-119.2762,37.9619],[-119.2842,37.9797]]],[[[-119.4953,37.7557],[-119.5067,37.7465],[-119.5172,37.7469],[-119.5172,37.7406],[-119.5287,37.7405],[-119.5285,37.7306],[-119.4884,37.7295],[-119.4562,37.7343],[-119.4538,37.74],[-119.4383,37.7394],[-119.4379,37.7493],[-119.4888,37.7493],[-119.4953,37.7557]]]]},"properties":{"name":"Airborne Laser Mapping of Yosemite National Park, CA, 2007","otId":"OTSDEM.022012.26911.1","short":"CA07_Stock","doi":"https://doi.org/10.5069/G9W66HPH","created":"2012-02-27","temporal":"2007-07-26","keywords":"lidar"}},{"type":"Feature","geometry":{"type":"Polygon","coordinates":[[[-120.2721,39.4836],[-120.2818,39.4838],[-120.2914,39.4764],[-120.3006,39.4807],[-120.3114,39.4724],[-120.3193,39.4753],[-120.3839,39.4248],[-120.3663,39.4068],[-120.3799,39.398],[-120.3579,39.3915],[-120.3508,39.3962],[-120.354,39.3903],[-120.3479,39.3863],[-120.2912,39.4227],[-120.2627,39.45],[-120.2677,39.4655],[-120.2807,39.4651],[-120.2751,39.469],[-120.2826,39.4749],[-120.2721,39.4836]]]},"properties":{"name":"Airborne Laser Mapping of Independence Lake, CA","otId":"OTSDEM.022012.26910.1","short":"CA07_Kirchner","doi":"https://doi.org/10.5069/G96D5QXM","created":"2012-02-27","temporal":"2007-07-22","keywords":"lidar"}},{"type":"Feature","geometry":{"type":"Polygon","coordinates":[[[-91.9488,41.77],[-91.9894,41.7651],[-91.9963,41.7403],[-92.0132,41.7345],[-92.0142,41.7192],[-92.0234,41.7186],[-92.0195,41.714],[-92.0223,41.704],[-91.9793,41.7003],[-91.9718,41.695],[-91.9785,41.6958],[-91.9786,41.6736],[-91.9434,41.6696],[-91.9002,41.677],[-91.8789,41.6739],[-91.8466,41.681],[-91.8456,41.69],[-91.7631,41.6891],[-91.7625,41.6801],[-91.7505,41.6793],[-91.7506,41.671],[-91.7155,41.6706],[-91.7143,41.666],[-91.6311,41.6547],[-91.63,41.6606],[-91.6196,41.6605],[-91.6184,41.653],[-91.5709,41.6509],[-91.5596,41.6194],[-91.5536,41.5129],[-91.559,41.5048],[-91.5386,41.4645],[-91.4547,41.3537],[-91.4153,41.3213],[-91.375,41.2643],[-91.3628,41.261],[-91.3512,41.2463],[-91.3216,41.2273],[-91.2851,41.2211],[-91.2603,41.1982],[-91.2349,41.2015],[-91.2383,41.2076],[-91.2316,41.215],[-91.2175,41.2046],[-91.2118,41.2076],[-91.2644,41.272],[-91.2835,41.2745],[-91.2905,41.2857],[-91.307,41.2802],[-91.3214,41.2904],[-91.4865,41.5193],[-91.494,41.5659],[-91.4922,41.5859],[-91.5006,41.5939],[-91.5096,41.7239],[-91.5356,41.7571],[-91.5463,41.7576],[-91.5563,41.7505],[-91.5686,41.7545],[-91.5694,41.7182],[-91.5816,41.7106],[-91.5809,41.705],[-91.593,41.7052],[-91.5934,41.7232],[-91.6046,41.7233],[-91.6052,41.7323],[-91.6172,41.7331],[-91.6174,41.7499],[-91.6408,41.7532],[-91.6843,41.7455],[-91.7323,41.7518],[-91.8084,41.7526],[-91.809,41.7616],[-91.8572,41.7695],[-91.8691,41.7674],[-91.8701,41.7621],[-91.9285,41.7628],[-91.9293,41.7676],[-91.9488,41.77]]]},"properties":{"name":"2008 Iowa River Flood Lidar, Iowa City, and the Clear Creek Watershed","otId":"OTSDEM.012012.26915.1","short":"IA08_Krajewski","doi":"https://doi.org/10.5069/G90Z715W","created":"2012-02-09","temporal":"2008-06-19 / 2008-06-21","keywords":"lidar"}},{"type":"Feature","geometry":{"type":"MultiPolygon","coordinates":[[[[-114.9004,46.4756],[-114.9,46.4759],[-114.9002,46.4758],[-114.9004,46.4756]]],[[[-114.9,46.4759],[-114.9,46.4759],[-114.9,46.4759],[-114.9,46.4759]]],[[[-114.8544,46.4893],[-114.8545,46.4893],[-114.8545,46.4892],[-114.8544,46.4893]]],[[[-114.8544,46.4893],[-114.8541,46.4894],[-114.8543,46.4893],[-114.8544,46.4893]]],[[[-114.8795,46.531],[-114.8794,46.531],[-114.8794,46.5311],[-114.8795,46.531]]],[[[-114.8792,46.5311],[-114.879,46.5312],[-114.8792,46.5311],[-114.8792,46.5311]]],[[[-114.8795,46.531],[-114.8859,46.5325],[-114.917,46.5733],[-114.9326,46.5749],[-114.9705,46.5658],[-114.9375,46.5154],[-114.9462,46.5125],[-114.9406,46.5015],[-114.9161,46.4763],[-114.901,46.4753],[-114.9071,46.4813],[-114.9018,46.4839],[-114.8839,46.475],[-114.8545,46.4892],[-114.8795,46.531]]],[[[-114.6704,46.5739],[-114.6704,46.5737],[-114.6704,46.5738],[-114.6704,46.5739]]],[[[-114.6539,46.592],[-114.6539,46.5921],[-114.6539,46.5919],[-114.6539,46.592]]],[[[-114.6704,46.5739],[-114.6533,46.5773],[-114.6531,46.6098],[-114.7539,46.6083],[-114.7527,46.596],[-114.7403,46.5759],[-114.6704,46.5739]]]]},"properties":{"name":"Clearwater NF, ID: Effects of Watershed Restoration on Hillslope Stability","otId":"OTSDEM.012012.26911.1","short":"ID09_Lloyd","doi":"https://doi.org/10.5069/G9H41PB3","created":"2012-02-09","temporal":"2009-08-31","keywords":"lidar"}},{"type":"Feature","geometry":{"type":"Polygon","coordinates":[[[-70.2333,42.0793],[-70.2385,42.0823],[-70.2533,42.0674],[-70.2088,42.0302],[-70.2134,42.0228],[-70.2078,42.0194],[-70.2021,42.0238],[-70.1919,42.0146],[-70.1797,42.014],[-70.1708,42.0231],[-70.1635,42.0231],[-70.1624,42.0314],[-70.183,42.0488],[-70.1598,42.06],[-70.1153,42.0462],[-70.0952,42.0297],[-70.0935,42.0237],[-70.0991,42.0202],[-70.087,42.0143],[-70.0787,41.978],[-70.0811,41.9451],[-70.0733,41.9239],[-70.0716,41.8719],[-70.0612,41.871],[-70.0726,41.9717],[-70.0698,41.9662],[-70.0411,41.9703],[-70.0546,42.0241],[-70.0828,42.0202],[-70.0873,42.0313],[-70.1056,42.0483],[-70.1333,42.0601],[-70.158,42.0662],[-70.1748,42.0634],[-70.1884,42.0535],[-70.2333,42.0793]]]},"properties":{"name":"Truro and Provincetown, MA: Lidar in Salt March Environments","otId":"OTSDEM.112011.26919.1","short":"MA10_Rogers","doi":"https://doi.org/10.5069/G9B56GNB","created":"2011-12-01","temporal":"2010-07-20","keywords":"lidar"}},{"type":"Feature","geometry":{"type":"Polygon","coordinates":[[[-87.7836,33.2698],[-87.7899,33.2723],[-87.8095,33.2315],[-87.8157,33.2315],[-87.8126,33.2256],[-87.8366,33.1709],[-87.793,33.1604],[-87.7453,33.2607],[-87.7562,33.2721],[-87.76,33.2678],[-87.7836,33.2698]]]},"properties":{"name":"Tuscaloosa, AL: Seasonal Inundation Dynamics And Invertebrate Communities","otId":"OTSDEM.112011.26916.1","short":"AL09_Starr","doi":"https://doi.org/10.5069/G9SF2T3K","created":"2011-12-01","temporal":"2010-12-01","keywords":"lidar"}},{"type":"Feature","geometry":{"type":"Polygon","coordinates":[[[-107.027,34.901],[-107.0563,34.9003],[-107.0181,34.8475],[-107.0112,34.8201],[-107.01,34.8047],[-107.0162,34.8026],[-107.0092,34.7957],[-107.011,34.7836],[-106.9932,34.7638],[-106.9185,34.7275],[-106.8974,34.7233],[-106.8911,34.7396],[-106.9815,34.7889],[-106.996,34.8562],[-107.027,34.901]]]},"properties":{"name":"Rio Puerco River, NM: Study of overbank flood dynamics","otId":"OTSDEM.112011.26913.2","short":"NM10_Perignon","doi":"https://doi.org/10.5069/G9ZW1HVC","created":"2011-12-01","temporal":"2010-03-26","keywords":"lidar"}},{"type":"Feature","geometry":{"type":"Polygon","coordinates":[[[-108.0033,36.1009],[-108.0195,36.0864],[-108.0139,36.0684],[-107.9128,36.0159],[-107.8978,36.0141],[-107.8908,36.0196],[-107.8395,35.9981],[-107.8296,36.0008],[-107.8297,36.0206],[-107.836,36.0254],[-108.0033,36.1009]]]},"properties":{"name":"Chaco Canyon, NM: Simulating Dynamic Hydrological Processes","otId":"OTSDEM.112011.26913.1","short":"NM10_Dorshow","doi":"https://doi.org/10.5069/G93N21B2","created":"2011-12-01","temporal":"2010-06-08","keywords":"lidar"}},{"type":"Feature","geometry":{"type":"Polygon","coordinates":[[[-110.989,35.0026],[-110.989,35.0537],[-111.0548,35.0537],[-111.0544,35.0022],[-110.989,35.0026]]]},"properties":{"name":"Meteor Crater, AZ","otId":"OTSDEM.112011.26912.3","short":"AZ10_Palucis","doi":"https://doi.org/10.5069/G9V40S4C","created":"2011-12-01","temporal":"2010-03-12","keywords":"lidar"}},{"type":"Feature","geometry":{"type":"Polygon","coordinates":[[[-111.7401,44.6376],[-111.8416,44.6373],[-111.8443,44.6062],[-111.8395,44.6037],[-111.843,44.603],[-111.8437,44.5996],[-111.8194,44.5905],[-111.8124,44.5793],[-111.7459,44.5802],[-111.7181,44.5871],[-111.7181,44.5929],[-111.7272,44.5947],[-111.7253,44.628],[-111.7317,44.6281],[-111.7313,44.6376],[-111.7401,44.6376]]]},"properties":{"name":"SW Montana: Beavers as Geomorphic Agents in Small, Rocky Mountain Streams","otId":"OTSDEM.112011.26912.2","short":"MT10_Levine","doi":"https://doi.org/10.5069/G9NP22C7","created":"2011-12-01","temporal":"2010-08-09","keywords":"lidar"}},{"type":"Feature","geometry":{"type":"Polygon","coordinates":[[[-111.1748,39.4839],[-111.1777,39.4885],[-111.1874,39.4841],[-111.247,39.4883],[-111.254,39.4848],[-111.2527,39.4001],[-111.1918,39.3983],[-111.1742,39.4028],[-111.1748,39.4839]]]},"properties":{"name":"Central Utah: Topographic Amplification of Earthquake Ground Motions","otId":"OTSDEM.112011.26912.1","short":"UT10_Wood","doi":"https://doi.org/10.5069/G9GT5K3T","created":"2011-12-01","temporal":"2010-07-03","keywords":"lidar"}},{"type":"Feature","geometry":{"type":"Polygon","coordinates":[[[-118.4841,37.6106],[-118.5258,37.6098],[-118.5279,37.5321],[-118.4644,37.5334],[-118.4638,37.5381],[-118.4628,37.5329],[-118.4548,37.5334],[-118.4563,37.6098],[-118.4841,37.6106]]]},"properties":{"name":"Bishop, CA: Morphological characteristics of the Bishop Tuff","otId":"OTSDEM.112011.26911.3","short":"CA09_Whelley","doi":"https://doi.org/10.5069/G9J1012J","created":"2011-12-01","temporal":"2010-09-09","keywords":"lidar"}},{"type":"Feature","geometry":{"type":"Polygon","coordinates":[[[-119.527,37.7807],[-119.5473,37.7786],[-119.6081,37.7565],[-119.6106,37.7506],[-119.6253,37.7452],[-119.6324,37.7244],[-119.6219,37.7246],[-119.5937,37.6982],[-119.5592,37.7098],[-119.558,37.717],[-119.5287,37.727],[-119.5026,37.7444],[-119.503,37.757],[-119.5089,37.7622],[-119.5035,37.7696],[-119.527,37.7807]]]},"properties":{"name":"Yosemite National Park, CA: Rockfall Studies","otId":"OTSDEM.112011.26911.2","short":"CA10_Zimmer","doi":"https://doi.org/10.5069/G9D798B8","created":"2011-12-01","temporal":"2010-08-06","keywords":"lidar"}},{"type":"Feature","geometry":{"type":"Polygon","coordinates":[[[-118.7301,41.2414],[-118.7395,41.238],[-118.8092,41.1538],[-118.8106,41.1484],[-118.7942,41.1356],[-118.774,41.1327],[-118.699,41.2242],[-118.7301,41.2414]]]},"properties":{"name":"NW Nevada: Modeling of Meander Channel Evolution","otId":"OTSDEM.112011.26911.1","short":"NV10_Matsubara","doi":"https://doi.org/10.5069/G98G8HMJ","created":"2011-12-01","temporal":"2010-08-07","keywords":"lidar"}},{"type":"Feature","geometry":{"type":"MultiPolygon","coordinates":[[[[-75.7665,39.9276],[-75.765,39.7924],[-75.8001,39.7922],[-75.8011,39.8282],[-75.8704,39.8232],[-75.8712,39.8728],[-75.8015,39.896],[-75.8016,39.9273],[-75.7665,39.9276]]],[[[-75.6441,39.9605],[-75.5555,39.8217],[-75.555,39.8162],[-75.5849,39.8115],[-75.6731,39.9512],[-75.6557,39.9643],[-75.6441,39.9605]]]]},"properties":{"name":"Christina River Basin Critical Zone Observatory July 2010 Lidar Survey","otId":"OTSDEM.102011.26918.2","short":"CRB_10_Jul","doi":"https://doi.org/10.5069/G9X63JTW","created":"2011-10-02","temporal":"2010-07-01 / 2010-07-31","keywords":"CZO, Critical Zone Observatory, Christina River Basin, lidar"}},{"type":"Feature","geometry":{"type":"MultiPolygon","coordinates":[[[[-75.7665,39.9276],[-75.765,39.7924],[-75.8001,39.7922],[-75.8011,39.8282],[-75.8704,39.8232],[-75.8712,39.8728],[-75.8015,39.896],[-75.8016,39.9273],[-75.7665,39.9276]]],[[[-75.6441,39.9605],[-75.5555,39.8217],[-75.555,39.8162],[-75.5849,39.8115],[-75.6731,39.9512],[-75.6557,39.9643],[-75.6441,39.9605]]]]},"properties":{"name":"Christina River Basin Critical Zone Observatory April 2010 Lidar Survey","otId":"OTSDEM.102011.26918.1","short":"CRB_10_Apr","doi":"https://doi.org/10.5069/G9T43R00","created":"2011-10-01","temporal":"2010-04-07 / 2010-04-08","keywords":"CZO, Critical Zone Observatory, Christina River Basin, lidar"}},{"type":"Feature","geometry":{"type":"MultiPolygon","coordinates":[[[[-122.3093,44.1781],[-122.3017,44.179],[-122.3004,44.1824],[-122.3063,44.1836],[-122.3093,44.1781]]],[[[-122.3322,44.1871],[-122.3229,44.2015],[-122.3231,44.2075],[-122.3413,44.1955],[-122.3322,44.1871]]],[[[-122.3026,44.2009],[-122.3056,44.2125],[-122.3163,44.2099],[-122.3147,44.2032],[-122.3026,44.2009]]],[[[-122.2002,44.2689],[-122.1938,44.274],[-122.1941,44.2792],[-122.206,44.2751],[-122.2002,44.2689]]],[[[-122.136,44.2779],[-122.144,44.282],[-122.167,44.2774],[-122.1897,44.2619],[-122.2087,44.2597],[-122.2175,44.2515],[-122.2094,44.2473],[-122.2207,44.2454],[-122.2548,44.2218],[-122.2771,44.216],[-122.2601,44.2141],[-122.2601,44.2003],[-122.2437,44.1978],[-122.2228,44.2099],[-122.1921,44.2099],[-122.167,44.2007],[-122.1076,44.204],[-122.1006,44.2121],[-122.106,44.2354],[-122.1257,44.2433],[-122.1253,44.2497],[-122.1366,44.259],[-122.1317,44.2691],[-122.136,44.2779]]],[[[-122.1865,44.2674],[-122.1821,44.2751],[-122.172,44.2866],[-122.1805,44.2869],[-122.1911,44.2781],[-122.1932,44.2723],[-122.1865,44.2674]]],[[[-122.1562,44.3108],[-122.1476,44.3135],[-122.1478,44.3163],[-122.1596,44.3152],[-122.1562,44.3108]]],[[[-122.1726,44.3013],[-122.1686,44.3027],[-122.1835,44.3187],[-122.1965,44.3141],[-122.1726,44.3013]]]]},"properties":{"name":"Andrews Experimental Forest and Willamette National Forest Lidar (Aug 2008)","otId":"OTSDEM.082011.26910.1","short":"HJAnd_OR","doi":"https://doi.org/10.5069/G92N506P","created":"2011-08-01","temporal":"2008-08-10 / 2008-08-11","keywords":"Oregon, McKenzie, lidar"}},{"type":"Feature","geometry":{"type":"Polygon","coordinates":[[[-110.8976,43.3041],[-110.794,43.3062],[-110.7845,43.3175],[-110.7853,43.3419],[-110.8035,43.3529],[-110.8122,43.3904],[-110.8603,43.44],[-110.8629,43.4495],[-110.8489,43.4646],[-110.8546,43.4764],[-110.8461,43.4855],[-110.8489,43.493],[-110.8386,43.5025],[-110.8406,43.5093],[-110.8224,43.5233],[-110.8247,43.5301],[-110.7993,43.5495],[-110.8004,43.5654],[-110.7879,43.5794],[-110.7826,43.5964],[-110.7824,43.609],[-110.7919,43.6218],[-110.8675,43.6207],[-110.9229,43.6316],[-110.9442,43.6152],[-110.9103,43.59],[-110.955,43.5551],[-110.9614,43.5593],[-110.9656,43.5529],[-110.9729,43.3086],[-110.9635,43.3041],[-110.8976,43.3041]]]},"properties":{"name":"Teton Conservation District, Wyoming Lidar","otId":"OTSDEM.062011.26912.1","short":"TCDWY","doi":"https://doi.org/10.5069/G9F769GN","created":"2011-06-01","temporal":"2008-08-13 / 2008-08-18","keywords":"Jackson Hole, Teton Pass, Wyoming, Wilson, lidar"}},{"type":"Feature","geometry":{"type":"Polygon","coordinates":[[[-119.9371,39.3275],[-119.9478,39.3255],[-119.9618,39.2954],[-119.9758,39.2972],[-119.9941,39.2915],[-120.0016,39.282],[-120.0144,39.2947],[-120.0346,39.2948],[-120.0368,39.2882],[-120.0543,39.2827],[-120.057,39.2704],[-120.1426,39.2442],[-120.1503,39.2302],[-120.1483,39.2237],[-120.1758,39.2213],[-120.1844,39.2153],[-120.1834,39.1872],[-120.212,39.1862],[-120.2138,39.1656],[-120.2297,39.1627],[-120.2517,39.1456],[-120.2482,39.1336],[-120.2522,39.1238],[-120.2397,39.112],[-120.2415,39.1056],[-120.2527,39.1002],[-120.2564,39.0826],[-120.2357,39.0735],[-120.2329,39.0631],[-120.2045,39.0581],[-120.205,39.0473],[-120.1977,39.0442],[-120.1951,39.0298],[-120.2116,39.0184],[-120.1971,38.9915],[-120.1829,38.9779],[-120.1688,38.9741],[-120.1595,38.9776],[-120.1457,38.9648],[-120.1559,38.949],[-120.1515,38.9363],[-120.169,38.9231],[-120.1562,38.9],[-120.1569,38.8836],[-120.1446,38.8694],[-120.1285,38.8643],[-120.1163,38.8524],[-120.111,38.8347],[-120.1009,38.8262],[-120.0442,38.8279],[-120.0342,38.8215],[-120.0333,38.8098],[-120.0493,38.8052],[-120.0582,38.796],[-120.0526,38.7847],[-120.0565,38.7725],[-120.0509,38.7659],[-120.0586,38.7485],[-120.0554,38.7378],[-120.0404,38.7323],[-120.0249,38.7103],[-120.0065,38.7005],[-119.9833,38.7107],[-119.9775,38.759],[-119.9674,38.7619],[-119.9649,38.7724],[-119.9443,38.7795],[-119.9352,38.793],[-119.9386,38.8004],[-119.9171,38.8196],[-119.9184,38.8272],[-119.9043,38.8329],[-119.9022,38.8527],[-119.8794,38.8599],[-119.8723,38.8708],[-119.8792,38.879],[-119.8751,38.8997],[-119.8818,38.9168],[-119.8982,38.9277],[-119.901,38.9397],[-119.8917,38.9442],[-119.8811,38.9662],[-119.884,38.9777],[-119.8734,38.9872],[-119.8846,38.9951],[-119.8802,39.0152],[-119.8863,39.0362],[-119.8768,39.0432],[-119.8882,39.0569],[-119.8877,39.0707],[-119.8741,39.0819],[-119.8891,39.0907],[-119.8912,39.1096],[-119.8979,39.1185],[-119.8808,39.1426],[-119.8781,39.1804],[-119.8839,39.1908],[-119.9057,39.2033],[-119.8928,39.2282],[-119.9008,39.2385],[-119.8914,39.2867],[-119.8948,39.2935],[-119.9107,39.2955],[-119.9124,39.3024],[-119.9206,39.305],[-119.92,39.3225],[-119.9371,39.3275]],[[-119.9965,39.241],[-120.0021,39.2189],[-120.0253,39.2341],[-120.0675,39.2343],[-120.0665,39.2274],[-120.0835,39.2228],[-120.0861,39.2089],[-120.0922,39.2048],[-120.0904,39.1843],[-120.1261,39.1789],[-120.138,39.1694],[-120.1415,39.1483],[-120.1592,39.1252],[-120.1554,39.1131],[-120.1616,39.0967],[-120.1551,39.0823],[-120.112,39.0622],[-120.1087,39.0475],[-120.1199,39.0383],[-120.1125,39.0331],[-120.1168,39.0205],[-120.1093,39.0085],[-120.0934,38.9996],[-120.0919,38.974],[-120.0767,38.9661],[-120.0749,38.9503],[-120.0577,38.9423],[-120.012,38.9388],[-119.9656,38.9497],[-119.9521,38.9628],[-119.9604,38.9864],[-119.9552,38.9909],[-119.9634,39.0015],[-119.9511,39.0069],[-119.9563,39.0211],[-119.9514,39.025],[-119.9536,39.0359],[-119.9444,39.0702],[-119.9511,39.0827],[-119.9422,39.0893],[-119.9475,39.0982],[-119.9633,39.1065],[-119.956,39.126],[-119.9454,39.1312],[-119.9478,39.1396],[-119.9348,39.1497],[-119.9365,39.1677],[-119.9287,39.1787],[-119.9297,39.1936],[-119.9366,39.1974],[-119.9302,39.2198],[-119.9382,39.2325],[-119.9736,39.246],[-119.9919,39.247],[-119.9965,39.241]]]},"properties":{"name":"Lake Tahoe Basin Lidar","otId":"OTSDEM.032011.26910.1","short":"TAHOE","doi":"https://doi.org/10.5069/G9PN93H2","created":"2011-03-01","temporal":"2010-08-11 / 2010-08-24","keywords":"California, Nevada, Stateline, Kings Beach, Emerald Bay, Meyers"}},{"type":"Feature","geometry":{"type":"Polygon","coordinates":[[[-115.7747,32.6338],[-115.7518,32.65],[-115.6973,32.5781],[-115.6509,32.5342],[-115.6302,32.5458],[-115.648,32.5316],[-115.6112,32.4927],[-115.5159,32.42],[-115.5107,32.4189],[-115.507,32.427],[-115.5069,32.4214],[-115.5043,32.4266],[-115.4988,32.4246],[-115.5034,32.4177],[-115.4965,32.4173],[-115.5002,32.4092],[-115.4077,32.3332],[-115.3102,32.2802],[-115.113,32.1399],[-115.1158,32.1477],[-115.1058,32.1468],[-115.0579,32.1103],[-114.9422,32.0091],[-114.9333,31.9906],[-114.9367,31.9732],[-114.9555,31.9729],[-115.0941,32.0928],[-115.2133,32.1818],[-115.3315,32.2628],[-115.4297,32.3173],[-115.4996,32.3733],[-115.4984,32.3616],[-115.5046,32.3642],[-115.5111,32.3589],[-115.5236,32.364],[-115.5383,32.3353],[-115.5428,32.3383],[-115.5375,32.3503],[-115.5455,32.3383],[-115.5427,32.3347],[-115.5545,32.3359],[-115.5367,32.3739],[-115.6151,32.4355],[-115.6386,32.4694],[-115.6858,32.5162],[-115.7747,32.6338]]]},"properties":{"name":"El Mayor-Cucapah Earthquake (4 April 2010) Rupture Lidar Scan","otId":"OTSDEM.122010.32611.1","short":"EMC_EQ","doi":"https://doi.org/10.5069/G9TD9V7D","created":"2010-12-02","temporal":"2010-08-16 / 2010-08-19","keywords":"Baja, Mexico, earthquake, lidar"}},{"type":"Feature","geometry":{"type":"MultiPolygon","coordinates":[[[[-116.3159,32.9689],[-116.2654,32.9429],[-116.2428,32.9202],[-116.2367,32.9042],[-116.2209,32.8908],[-116.1958,32.8551],[-116.0836,32.8168],[-116.0395,32.7934],[-116.0226,32.791],[-115.9789,32.7712],[-115.9439,32.7444],[-115.9429,32.7351],[-116.0191,32.7753],[-116.0496,32.7824],[-116.1184,32.8137],[-116.1829,32.8293],[-116.2042,32.841],[-116.2232,32.8562],[-116.2337,32.8808],[-116.2779,32.9331],[-116.3263,32.9621],[-116.3159,32.9689]]],[[[-117.0937,33.4555],[-117.0451,33.4281],[-117.0104,33.3696],[-116.9885,33.3506],[-116.89,33.3057],[-116.8015,33.2814],[-116.8062,33.2774],[-116.7989,33.2738],[-116.802,33.2685],[-116.7591,33.2463],[-116.6478,33.1506],[-116.6034,33.1227],[-116.5783,33.0992],[-116.5521,33.0877],[-116.5199,33.0641],[-116.5088,33.0468],[-116.4557,33.0175],[-116.4299,32.9956],[-116.3683,32.9753],[-116.3698,32.9689],[-116.3418,32.9438],[-116.2985,32.9189],[-116.2557,32.8806],[-116.231,32.8543],[-116.2301,32.8471],[-116.2421,32.8474],[-116.3094,32.9083],[-116.3547,32.9335],[-116.3949,32.967],[-116.4371,32.9796],[-116.4705,33.0081],[-116.5147,33.0308],[-116.5308,33.0517],[-116.6579,33.1392],[-116.7727,33.2358],[-116.8255,33.2651],[-116.9331,33.2964],[-116.9923,33.3251],[-117.0112,33.3461],[-117.0372,33.359],[-117.0282,33.3659],[-117.0567,33.4182],[-117.1188,33.453],[-117.1188,33.4606],[-117.1112,33.4661],[-117.0937,33.4555]],[[-116.8045,33.2698],[-116.8039,33.2694],[-116.8041,33.2702],[-116.8045,33.2698]],[[-116.8107,33.2782],[-116.8097,33.2778],[-116.8091,33.2783],[-116.8107,33.2782]],[[-116.8162,33.2796],[-116.8158,33.2796],[-116.8171,33.28],[-116.8162,33.2796]]],[[[-119.0324,34.8172],[-118.9375,34.8259],[-118.8557,34.8428],[-118.8184,34.8604],[-118.7785,34.888],[-118.706,34.917],[-118.6885,34.9271],[-118.6863,34.9386],[-118.6646,34.9419],[-118.6383,34.9546],[-118.6358,34.9514],[-118.503,34.9994],[-118.4988,34.9956],[-118.4735,35.0029],[-118.3087,35.1007],[-118.2659,35.1177],[-118.0986,35.2063],[-118.0905,35.2203],[-118.0683,35.2286],[-118.0727,35.2402],[-118.0884,35.2339],[-118.0885,35.2532],[-118.0597,35.2813],[-118.0382,35.293],[-118.0403,35.2966],[-117.9792,35.3236],[-117.9662,35.323],[-117.892,35.3573],[-117.8559,35.3762],[-117.8805,35.3648],[-117.8891,35.3697],[-117.7337,35.4456],[-117.7232,35.4393],[-117.7444,35.4294],[-117.6044,35.4731],[-117.6081,35.4753],[-117.6037,35.4801],[-117.5965,35.4754],[-117.4916,35.5019],[-117.5077,35.5154],[-117.5079,35.5216],[-117.4935,35.5217],[-117.4745,35.5064],[-117.0226,35.6035],[-117.0224,35.6118],[-117.0131,35.6051],[-116.9199,35.6123],[-116.9919,35.6596],[-117.0258,35.6628],[-117.0633,35.6799],[-117.1181,35.7308],[-117.1747,35.8504],[-117.1743,35.881],[-117.1994,35.9164],[-117.2133,35.9833],[-117.2254,36.002],[-117.2293,36.0364],[-117.2249,36.0616],[-117.2106,36.0756],[-117.2102,36.0988],[-117.2196,36.116],[-117.2195,36.1337],[-117.2121,36.1513],[-117.2267,36.1743],[-117.2231,36.1656],[-117.2403,36.1613],[-117.2626,36.2149],[-117.266,36.2596],[-117.2946,36.2729],[-117.3461,36.3291],[-117.369,36.3578],[-117.389,36.3985],[-117.4543,36.4751],[-117.4796,36.4884],[-117.4835,36.4769],[-117.501,36.4793],[-117.6396,36.5666],[-117.7027,36.6148],[-117.8069,36.6418],[-117.8357,36.6544],[-117.8501,36.6687],[-117.8761,36.7174],[-117.9127,36.7612],[-117.9506,36.8537],[-117.9547,36.9059],[-117.95,36.8998],[-117.947,36.9076],[-117.9279,36.9075],[-117.9079,36.8359],[-117.886,36.7977],[-117.8775,36.7693],[-117.8455,36.7331],[-117.8142,36.6793],[-117.7828,36.6655],[-117.6989,36.6499],[-117.6643,36.6341],[-117.5841,36.5693],[-117.4797,36.502],[-117.4428,36.4837],[-117.3749,36.4041],[-117.3553,36.364],[-117.3336,36.3367],[-117.2835,36.2822],[-117.2556,36.2692],[-117.2394,36.2549],[-117.2418,36.2318],[-117.234,36.2048],[-117.2068,36.1744],[-117.1958,36.152],[-117.204,36.1183],[-117.1937,36.1018],[-117.1929,36.0724],[-117.1868,36.072],[-117.2024,36.0352],[-117.2133,36.0346],[-117.2099,36.0052],[-117.1987,35.9877],[-117.1844,35.9205],[-117.1584,35.8838],[-117.1598,35.8539],[-117.1045,35.737],[-117.0804,35.7102],[-117.054,35.6901],[-117.022,35.6751],[-116.986,35.6713],[-116.9648,35.6606],[-116.8998,35.613],[-116.8882,35.6131],[-116.835,35.6283],[-116.7881,35.649],[-116.7376,35.6758],[-116.7222,35.6919],[-116.6456,35.7296],[-116.6415,35.7242],[-116.6525,35.7184],[-116.6498,35.7132],[-116.7126,35.6793],[-116.7244,35.6651],[-116.7531,35.6473],[-116.841,35.613],[-116.8232,35.613],[-116.8232,35.604],[-116.818,35.604],[-116.8218,35.6025],[-116.7845,35.5995],[-116.7285,35.5991],[-116.7193,35.6038],[-116.6891,35.5989],[-116.686,35.607],[-116.6362,35.6077],[-116.3897,35.6007],[-116.3732,35.5953],[-116.352,35.5974],[-116.3487,35.592],[-116.3533,35.5839],[-116.4114,35.585],[-116.4112,35.5779],[-116.3872,35.5787],[-116.384,35.5714],[-116.6637,35.5828],[-116.7143,35.583],[-116.73,35.5763],[-116.724,35.5832],[-116.8318,35.5886],[-116.8321,35.5827],[-116.8415,35.5808],[-116.9892,35.5586],[-116.9869,35.5722],[-116.9743,35.588],[-116.9583,35.5888],[-116.961,35.5961],[-116.9743,35.5962],[-117.1125,35.5727],[-117.1259,35.5692],[-117.1246,35.5651],[-117.2652,35.5321],[-117.3487,35.5158],[-117.3643,35.5179],[-117.4614,35.4958],[-117.2974,35.3536],[-117.225,35.2418],[-117.0654,35.0915],[-116.997,35.0537],[-116.9778,35.0535],[-116.9776,35.0433],[-116.9583,35.0326],[-116.8722,34.9531],[-116.7766,34.9276],[-116.748,34.9145],[-116.7479,34.9071],[-116.6357,34.8061],[-116.6265,34.7853],[-116.5048,34.6737],[-116.5266,34.6737],[-116.5669,34.708],[-116.6415,34.7774],[-116.6483,34.797],[-116.6663,34.8165],[-116.7728,34.9093],[-116.8705,34.9373],[-116.8902,34.9477],[-116.9808,35.0292],[-116.9777,35.0132],[-116.999,35.0277],[-116.9956,35.0164],[-117.0029,35.0106],[-117.11,35.0107],[-117.1101,35.0329],[-117.0912,35.0358],[-117.0909,35.054],[-117.0237,35.054],[-117.0788,35.084],[-117.2213,35.2167],[-117.2395,35.2359],[-117.316,35.3524],[-117.479,35.491],[-117.5938,35.4634],[-117.7472,35.4147],[-117.9631,35.3099],[-117.959,35.2981],[-117.9476,35.3029],[-117.9418,35.2992],[-117.9553,35.2924],[-117.9291,35.3037],[-117.9183,35.3025],[-117.9156,35.2977],[-117.9208,35.2924],[-117.9124,35.2711],[-117.9281,35.2645],[-117.9279,35.2582],[-118.0543,35.2077],[-118.061,35.2155],[-118.1236,35.1734],[-118.1476,35.1638],[-118.1397,35.1528],[-118.1557,35.1429],[-118.2181,35.1139],[-118.2264,35.1161],[-118.2271,35.1214],[-118.3226,35.077],[-118.3791,35.0378],[-118.4358,35.0075],[-118.4542,34.9778],[-118.4664,34.9685],[-118.4743,34.9672],[-118.4782,34.9732],[-118.4584,34.9945],[-118.6836,34.9142],[-118.7161,34.8934],[-118.7581,34.8811],[-118.7604,34.871],[-118.7721,34.8731],[-118.8093,34.8482],[-118.8681,34.8233],[-118.9669,34.8123],[-119.029,34.8116],[-119.0324,34.8172]]],[[[-116.9314,34.7565],[-116.9215,34.7531],[-116.922,34.7472],[-116.9122,34.7402],[-116.88,34.6902],[-116.8185,34.6266],[-116.7118,34.4947],[-116.6194,34.3133],[-116.6295,34.3137],[-116.6425,34.3285],[-116.7252,34.488],[-116.8329,34.6202],[-116.8972,34.6869],[-116.942,34.7562],[-116.9314,34.7565]]],[[[-117.1082,34.6122],[-117.0435,34.5241],[-116.9591,34.4668],[-116.9208,34.4256],[-116.841,34.367],[-116.7983,34.3046],[-116.8192,34.3096],[-116.8594,34.3628],[-116.9351,34.4178],[-116.9726,34.4584],[-117.0584,34.5169],[-117.1271,34.6114],[-117.1082,34.6122]]],[[[-116.8827,34.026],[-116.8589,34.0096],[-116.8289,33.9779],[-116.8167,33.953],[-116.8282,33.953],[-116.8289,33.9593],[-116.8343,33.9566],[-116.8902,34.0159],[-116.8921,34.0259],[-116.8827,34.026]]],[[[-117.3084,36.0514],[-117.3024,36.0618],[-117.2931,36.0612],[-117.2938,36.0322],[-117.2677,36.0305],[-117.2689,35.9547],[-117.2958,35.9646],[-117.2999,35.9826],[-117.3212,35.9842],[-117.322,36.0218],[-117.3436,36.0604],[-117.3567,36.1104],[-117.3896,36.1609],[-117.4282,36.2627],[-117.4456,36.3612],[-117.4363,36.3697],[-117.426,36.3683],[-117.4257,36.3374],[-117.4127,36.3107],[-117.4059,36.2643],[-117.3913,36.2192],[-117.3664,36.1626],[-117.3416,36.1302],[-117.3297,36.105],[-117.3211,36.0677],[-117.3084,36.0514]],[[-117.2794,35.9631],[-117.2806,35.9623],[-117.2794,35.9627],[-117.2794,35.9631]]],[[[-117.4455,37.0276],[-117.4471,37.011],[-117.438,37.0067],[-117.4382,36.9999],[-117.4486,37.0019],[-117.4544,36.9423],[-117.4723,36.9131],[-117.4791,36.8881],[-117.4738,36.8408],[-117.4769,36.7981],[-117.4951,36.7679],[-117.5282,36.7301],[-117.5328,36.6833],[-117.5201,36.6564],[-117.5218,36.6241],[-117.5648,36.6208],[-117.5581,36.6829],[-117.5633,36.694],[-117.5714,36.6956],[-117.567,36.7085],[-117.5716,36.7102],[-117.5717,36.7232],[-117.5625,36.715],[-117.5519,36.7199],[-117.5472,36.7466],[-117.5236,36.7673],[-117.4997,36.8003],[-117.4958,36.8404],[-117.5013,36.892],[-117.4783,36.9502],[-117.472,37.0273],[-117.4455,37.0276]],[[-117.5571,36.7069],[-117.557,36.7046],[-117.5564,36.7051],[-117.5571,36.7069]],[[-117.5588,36.7083],[-117.5581,36.7083],[-117.5582,36.7092],[-117.5588,36.7083]]],[[[-118.2313,37.0742],[-118.2306,37.0686],[-118.2226,37.0699],[-118.2109,36.9853],[-118.1975,36.9462],[-118.1317,36.8025],[-118.1104,36.7757],[-118.0412,36.5801],[-118.0363,36.579],[-118.0071,36.4927],[-118.0007,36.4341],[-117.9155,36.2784],[-117.8996,36.2311],[-117.932,36.2312],[-117.9848,36.3331],[-117.9842,36.3405],[-118.0392,36.4303],[-118.0429,36.4798],[-118.1378,36.7432],[-118.1418,36.7627],[-118.1365,36.7745],[-118.1849,36.8738],[-118.2278,36.9835],[-118.2334,37.0197],[-118.2417,37.0288],[-118.2492,37.0836],[-118.23,37.0846],[-118.2313,37.0742]],[[-117.9092,36.2377],[-117.9086,36.2374],[-117.9091,36.2377],[-117.9092,36.2377]],[[-117.9818,36.3456],[-117.9802,36.3422],[-117.9805,36.3446],[-117.9818,36.3456]],[[-117.9829,36.3431],[-117.9836,36.3431],[-117.9822,36.3421],[-117.9829,36.3431]],[[-117.9829,36.3442],[-117.9838,36.3454],[-117.9836,36.344],[-117.9829,36.3442]],[[-118.0564,36.5616],[-118.0541,36.5589],[-118.0542,36.5632],[-118.0564,36.5616]],[[-118.0557,36.5658],[-118.0557,36.5653],[-118.0555,36.5657],[-118.0557,36.5658]]],[[[-118.338,37.246],[-118.2983,37.1935],[-118.2942,37.17],[-118.2632,37.1062],[-118.2593,37.0659],[-118.2641,37.0481],[-118.278,37.0486],[-118.2791,37.1013],[-118.3103,37.1641],[-118.3147,37.1887],[-118.3535,37.2423],[-118.3531,37.2463],[-118.338,37.246]]],[[[-119.2253,34.4877],[-119.1034,34.4415],[-119.0848,34.4453],[-119.031,34.433],[-118.9905,34.4453],[-119.0348,34.4507],[-119.04,34.454],[-119.0383,34.4598],[-118.9924,34.4596],[-118.9882,34.4663],[-118.9814,34.4624],[-118.9805,34.4669],[-118.9563,34.4696],[-118.9113,34.4637],[-118.9043,34.4398],[-118.8902,34.4387],[-118.8889,34.4281],[-118.8647,34.4266],[-118.8608,34.4179],[-118.8498,34.4209],[-118.8468,34.4117],[-118.8945,34.411],[-118.8907,34.4089],[-118.8527,34.4076],[-118.8035,34.4234],[-118.7853,34.4238],[-118.7519,34.415],[-118.7298,34.4152],[-118.7296,34.4083],[-118.7449,34.4013],[-118.7317,34.3941],[-118.7293,34.3856],[-118.7548,34.3988],[-118.7954,34.4039],[-118.8464,34.3874],[-118.8814,34.3843],[-118.9012,34.3889],[-118.9346,34.4083],[-119.0005,34.4091],[-119.079,34.4224],[-119.1167,34.4233],[-119.2175,34.4663],[-119.2321,34.4679],[-119.2331,34.491],[-119.2253,34.4877]],[[-118.9898,34.4593],[-118.9903,34.4596],[-118.9905,34.4595],[-118.9898,34.4593]]]]},"properties":{"name":"EarthScope Southern & Eastern California Lidar Project","otId":"OTSDEM.122009.32611.1","short":"SoCAL","doi":"https://doi.org/10.5069/G9G44N6Q","created":"2009-12-01","temporal":"2007-04-02 / 2007-04-26","keywords":"Owens Valley, Tin Mountain, Hunter Mountain, Panamint, Ash Hill, Garlock"}},{"type":"Feature","geometry":{"type":"Polygon","coordinates":[[[-120.5642,46.9912],[-120.5725,47.0078],[-120.606,47.0098],[-120.6015,47.0014],[-120.6046,46.9903],[-120.5979,46.987],[-120.4836,46.8017],[-120.5419,46.6376],[-120.4919,46.4938],[-120.4797,46.4774],[-120.4819,46.4664],[-120.446,46.4657],[-120.4385,46.4704],[-120.439,46.4806],[-120.429,46.4823],[-120.4324,46.4868],[-120.4206,46.4814],[-120.4082,46.4832],[-120.4167,46.4885],[-120.4122,46.4919],[-120.4183,46.5054],[-120.4151,46.508],[-120.4621,46.6394],[-120.3988,46.8062],[-120.5242,47.0081],[-120.5402,47.0085],[-120.5409,46.9996],[-120.5591,46.9953],[-120.5564,46.9799],[-120.5642,46.9912]],[[-120.5529,46.9726],[-120.5488,46.9668],[-120.5523,46.978],[-120.5558,46.9791],[-120.5529,46.9726]],[[-120.4989,46.6637],[-120.4999,46.6621],[-120.4991,46.6621],[-120.4989,46.6637]],[[-120.4584,46.5727],[-120.4579,46.5727],[-120.4584,46.573],[-120.4584,46.5727]],[[-120.4951,46.5676],[-120.4947,46.5671],[-120.4942,46.568],[-120.4951,46.5676]]]},"properties":{"name":"EarthScope Yakima Lidar Project","otId":"OTSDEM.112009.32610.1","short":"Yakima","doi":"https://doi.org/10.5069/G9KW5CXQ","created":"2009-11-01","temporal":"2008-04-02 / 2008-04-26","keywords":"Yaskima River, Ellensburg, Washington, lidar"}},{"type":"Feature","geometry":{"type":"MultiPolygon","coordinates":[[[[-144.3563,63.1066],[-143.7598,62.9565],[-143.7421,62.9596],[-143.7494,62.9541],[-143.6641,62.9333],[-143.6222,62.9349],[-143.6289,62.9271],[-143.5994,62.9262],[-143.599,62.9213],[-143.6116,62.9204],[-143.6008,62.9165],[-143.3683,62.8561],[-143.0349,62.7471],[-142.5359,62.6014],[-142.5054,62.6011],[-142.3837,62.5594],[-142.3698,62.5627],[-142.3551,62.5521],[-142.0928,62.4675],[-141.7777,62.3738],[-141.6945,62.3447],[-141.6945,62.3374],[-141.7134,62.3372],[-141.7136,62.3283],[-141.7371,62.3283],[-142.2248,62.4815],[-142.363,62.5226],[-142.3738,62.5213],[-142.3799,62.5251],[-142.3754,62.5299],[-142.3806,62.532],[-142.3873,62.5297],[-142.3871,62.5345],[-142.3902,62.536],[-142.3996,62.5339],[-142.4874,62.561],[-142.4981,62.5555],[-142.4989,62.5644],[-142.5769,62.5912],[-142.5612,62.5915],[-142.7793,62.6577],[-142.8635,62.6779],[-143.2142,62.7852],[-143.2188,62.7831],[-143.2131,62.7775],[-143.231,62.7755],[-143.2366,62.7864],[-143.2878,62.7977],[-143.2077,62.7426],[-143.2136,62.7398],[-143.1484,62.6854],[-143.1484,62.6817],[-143.1966,62.6816],[-143.2176,62.6999],[-143.3222,62.7638],[-143.3117,62.7699],[-143.3496,62.7957],[-143.359,62.7953],[-143.3625,62.7986],[-143.3573,62.8006],[-143.4035,62.834],[-143.4419,62.8469],[-143.4372,62.8513],[-143.4819,62.8686],[-143.6517,62.9103],[-143.6774,62.9061],[-143.6786,62.9135],[-143.674,62.9157],[-143.797,62.9476],[-143.8043,62.9396],[-143.8185,62.9393],[-143.8165,62.9528],[-144.3441,63.0849],[-144.3394,63.0903],[-144.3695,63.098],[-144.3707,63.1073],[-144.3563,63.1066]],[[-141.7176,62.3345],[-141.7165,62.3339],[-141.7165,62.3344],[-141.7176,62.3345]],[[-142.3739,62.5518],[-142.3722,62.5516],[-142.3754,62.5525],[-142.3739,62.5518]],[[-142.3731,62.5307],[-142.373,62.5308],[-142.3743,62.5319],[-142.3731,62.5307]],[[-142.3731,62.5307],[-142.3741,62.5276],[-142.3724,62.5301],[-142.3731,62.5307]],[[-142.3844,62.5551],[-142.3778,62.5531],[-142.3808,62.5587],[-142.3844,62.5551]]],[[[-142.3788,62.5298],[-142.3796,62.5291],[-142.3812,62.5294],[-142.3788,62.5298]]]]},"properties":{"name":"EarthScope Alaska Denali Totschunda Lidar Project","otId":"OTSDEM.102009.32607.1","short":"ALASKA","doi":"https://doi.org/10.5069/G9QN64NF","created":"2009-10-01","temporal":"2008-07-09 / 2008-08-04","keywords":"Earthquake, ground rupture, Denali, Totschunda, fault, lidar"}},{"type":"Feature","geometry":{"type":"MultiPolygon","coordinates":[[[[-111.7318,39.9711],[-111.734,40.0003],[-111.7554,40.0014],[-111.7914,39.9895],[-111.7846,39.9596],[-111.8014,39.9603],[-111.8082,39.9427],[-111.8448,39.7497],[-111.8472,39.7413],[-111.8526,39.7427],[-111.8484,39.7371],[-111.8514,39.7193],[-111.8195,39.7195],[-111.8085,39.7847],[-111.7919,39.8284],[-111.7723,39.9202],[-111.7237,39.9292],[-111.7318,39.9711]]],[[[-110.7539,43.816],[-110.7545,43.8155],[-110.7537,43.8151],[-110.7539,43.816]]],[[[-110.7198,43.8174],[-110.722,43.8426],[-110.753,43.8932],[-110.7875,43.893],[-110.7538,43.8315],[-110.7593,43.7552],[-110.7831,43.6924],[-110.8465,43.6358],[-110.8364,43.6264],[-110.8361,43.6181],[-110.8227,43.6149],[-110.7544,43.6777],[-110.7412,43.6985],[-110.7241,43.7591],[-110.7198,43.8174]]],[[[-110.8405,44.5749],[-110.8481,44.5854],[-110.8558,44.5851],[-110.8537,44.5667],[-110.8701,44.5777],[-110.91,44.5774],[-110.9061,44.5696],[-110.8821,44.5568],[-110.8857,44.552],[-110.8769,44.5454],[-110.8872,44.5417],[-110.887,44.535],[-110.8741,44.5252],[-110.8668,44.4148],[-110.8585,44.4185],[-110.838,44.4148],[-110.8385,44.4274],[-110.8222,44.428],[-110.8191,44.4169],[-110.811,44.4181],[-110.8163,44.4849],[-110.7091,44.4117],[-110.6944,44.4055],[-110.6731,44.4055],[-110.6878,44.4166],[-110.6854,44.4202],[-110.6964,44.4285],[-110.6923,44.434],[-110.7027,44.4406],[-110.6994,44.4438],[-110.7036,44.4467],[-110.6922,44.4513],[-110.6937,44.456],[-110.8186,44.542],[-110.824,44.5845],[-110.835,44.5849],[-110.8342,44.5748],[-110.8405,44.5749]]],[[[-110.7964,44.818],[-110.8348,44.8205],[-110.8358,44.8126],[-110.8234,44.8041],[-110.8331,44.7997],[-110.8227,44.785],[-110.8115,44.7819],[-110.7705,44.7531],[-110.7738,44.7491],[-110.7627,44.748],[-110.7295,44.7248],[-110.7259,44.7171],[-110.7167,44.7166],[-110.6665,44.6798],[-110.6351,44.6754],[-110.6342,44.682],[-110.6596,44.698],[-110.6547,44.7041],[-110.6577,44.7076],[-110.6467,44.6989],[-110.6459,44.7114],[-110.6417,44.7124],[-110.6869,44.7429],[-110.6832,44.7473],[-110.6898,44.7527],[-110.7015,44.752],[-110.7773,44.8045],[-110.7719,44.8115],[-110.7872,44.8117],[-110.7964,44.818]],[[-110.8229,44.8022],[-110.8218,44.8016],[-110.8211,44.8021],[-110.8229,44.8022]]],[[[-110.1772,44.8267],[-110.199,44.8258],[-110.3775,44.6864],[-110.4613,44.7205],[-110.4702,44.7172],[-110.4642,44.713],[-110.4703,44.7081],[-110.4687,44.6987],[-110.4577,44.6959],[-110.465,44.6894],[-110.4829,44.6936],[-110.4831,44.6797],[-110.4189,44.6539],[-110.5346,44.5638],[-110.5468,44.549],[-110.532,44.5519],[-110.5102,44.5324],[-110.5045,44.5336],[-110.5099,44.5222],[-110.4973,44.5218],[-110.497,44.5128],[-110.4722,44.5127],[-110.4708,44.5084],[-110.3334,44.6187],[-110.2489,44.5868],[-110.2357,44.6082],[-110.2481,44.6165],[-110.2369,44.6287],[-110.2927,44.6508],[-110.1273,44.7806],[-110.1399,44.7816],[-110.1398,44.7995],[-110.165,44.7995],[-110.1646,44.817],[-110.1773,44.8179],[-110.1772,44.8267]]]]},"properties":{"name":"EarthScope Intermountain Seismic Belt Lidar Project","otId":"OTSDEM.052009.32612.1","short":"ISB","doi":"https://doi.org/10.5069/G9VD6WCS","created":"2009-05-01","temporal":"2008-07-09 / 2008-08-04","keywords":"Yellowstone National Park, Teton National Park, Wasatch fault, Wyoming, Utah, lidar"}},{"type":"Feature","geometry":{"type":"MultiPolygon","coordinates":[[[[-120.5918,36.0247],[-120.5918,36.0249],[-120.592,36.0247],[-120.5918,36.0247]]],[[[-121.6111,37.1593],[-121.6114,37.16],[-121.6117,37.16],[-121.6111,37.1593]]],[[[-121.6197,37.1722],[-121.6203,37.1719],[-121.6202,37.1718],[-121.6197,37.1722]]],[[[-122.4051,37.3718],[-122.4113,37.3856],[-122.4172,37.3835],[-122.4076,37.3638],[-122.415,37.3606],[-122.4112,37.3522],[-122.4182,37.3486],[-122.41,37.3397],[-122.4162,37.3362],[-122.4149,37.3194],[-122.4204,37.3169],[-122.4178,37.2992],[-122.4233,37.2969],[-122.42,37.2893],[-122.4246,37.2869],[-122.4207,37.2775],[-122.426,37.2751],[-122.4213,37.265],[-122.4247,37.2706],[-122.4303,37.2689],[-122.4242,37.2595],[-122.4316,37.2574],[-122.4043,37.1861],[-122.3911,37.1651],[-122.3797,37.1675],[-122.3587,37.1349],[-122.3525,37.1352],[-122.336,37.0983],[-122.3304,37.0949],[-122.3014,37.1045],[-122.2819,37.0752],[-122.2689,37.0728],[-122.2748,37.1001],[-122.308,37.1598],[-122.3143,37.1616],[-122.3133,37.1687],[-122.4051,37.3718]]],[[[-122.6715,37.9193],[-122.6715,37.9188],[-122.6708,37.9185],[-122.6715,37.9193]]],[[[-121.8922,37.6071],[-121.8748,37.5565],[-121.8792,37.5527],[-121.8706,37.5485],[-121.8327,37.469],[-121.8104,37.4334],[-121.7616,37.3838],[-121.7613,37.3746],[-121.7475,37.3576],[-121.7341,37.3482],[-121.729,37.3317],[-121.6912,37.294],[-121.6806,37.2503],[-121.6712,37.2403],[-121.6989,37.244],[-121.7177,37.2616],[-121.7268,37.2954],[-121.7943,37.4007],[-121.8885,37.4645],[-121.9424,37.5314],[-121.9294,37.5295],[-121.9308,37.5344],[-121.8938,37.5426],[-121.9023,37.5669],[-121.941,37.5583],[-121.9505,37.5644],[-121.9487,37.557],[-121.9647,37.5549],[-121.9827,37.5814],[-122.1031,37.6997],[-122.1203,37.7326],[-122.1673,37.7805],[-122.2919,37.9351],[-122.3639,38.0108],[-122.3776,38.0117],[-122.3803,38.008],[-122.3544,37.9764],[-122.3052,37.9303],[-122.1779,37.7717],[-122.1334,37.7269],[-122.1121,37.6897],[-121.9961,37.5764],[-121.9781,37.5508],[-122.1192,37.5203],[-122.1122,37.496],[-121.9579,37.5283],[-121.9155,37.4778],[-121.9193,37.4725],[-121.9061,37.4643],[-121.8954,37.4472],[-121.882,37.4441],[-121.8084,37.393],[-121.7409,37.2909],[-121.7366,37.2643],[-121.7122,37.2358],[-121.6594,37.2267],[-121.6442,37.1993],[-121.6235,37.1808],[-121.6256,37.1784],[-121.6093,37.1614],[-121.6111,37.1593],[-121.5948,37.1465],[-121.586,37.146],[-121.5655,37.1272],[-121.4888,36.9946],[-121.4681,36.9727],[-121.4038,36.8296],[-121.3631,36.7794],[-121.3676,36.775],[-121.3318,36.7408],[-121.2962,36.7201],[-121.2522,36.6734],[-121.1845,36.6109],[-121.1613,36.5967],[-121.1545,36.5857],[-121.1659,36.5827],[-121.2662,36.6705],[-121.3716,36.7503],[-121.4637,36.8019],[-121.6176,36.9141],[-121.6623,36.9394],[-121.7054,36.9756],[-121.7512,37.0284],[-121.8548,37.094],[-121.8799,37.1009],[-121.9644,37.1622],[-121.9908,37.1893],[-122.0398,37.2234],[-122.0627,37.2509],[-122.2002,37.358],[-122.2979,37.4631],[-122.2997,37.4764],[-122.4289,37.6217],[-122.4963,37.6827],[-122.51,37.6839],[-122.5112,37.6779],[-122.4496,37.6182],[-122.4614,37.6187],[-122.4679,37.6268],[-122.4762,37.6171],[-122.387,37.5169],[-122.3342,37.459],[-122.3241,37.4602],[-122.3169,37.4515],[-122.3114,37.4547],[-122.3208,37.4643],[-122.3174,37.4654],[-122.2007,37.3415],[-122.191,37.3284],[-122.1929,37.323],[-121.9493,37.1214],[-121.8947,37.0827],[-121.8681,37.0764],[-121.7718,37.0148],[-121.7242,36.9636],[-121.7261,36.9575],[-121.7037,36.949],[-121.7069,36.9601],[-121.5235,36.8271],[-121.3771,36.7389],[-121.2689,36.6556],[-121.1633,36.5637],[-121.0096,36.4157],[-120.9334,36.3338],[-120.939,36.3253],[-120.9265,36.3279],[-120.9099,36.3146],[-120.9081,36.2977],[-120.8624,36.2657],[-120.8467,36.2451],[-120.7758,36.1868],[-120.6642,36.0817],[-120.6596,36.0722],[-120.5979,36.0248],[-120.5926,36.0289],[-120.5936,36.0523],[-120.637,36.0852],[-120.7875,36.2286],[-120.8267,36.2586],[-120.8433,36.2794],[-120.8815,36.3047],[-120.8904,36.3282],[-120.9026,36.3248],[-120.9181,36.339],[-120.9162,36.3443],[-120.9283,36.3464],[-120.9561,36.3815],[-121.1574,36.576],[-121.1495,36.581],[-121.1229,36.5578],[-121.1221,36.5627],[-121.1003,36.5662],[-121.1306,36.5998],[-121.2312,36.6863],[-121.2806,36.7385],[-121.3095,36.7527],[-121.328,36.7724],[-121.353,36.7878],[-121.3831,36.8241],[-121.4477,36.9663],[-121.4769,37.0008],[-121.5452,37.1203],[-121.5707,37.1486],[-121.5699,37.1561],[-121.5924,37.1736],[-121.6213,37.2086],[-121.6399,37.2438],[-121.6561,37.2593],[-121.6658,37.299],[-121.7069,37.3425],[-121.7068,37.3519],[-121.7379,37.3826],[-121.7478,37.4041],[-121.7891,37.4441],[-121.8041,37.4767],[-121.8146,37.4875],[-121.8146,37.4975],[-121.8449,37.5324],[-121.8536,37.5546],[-121.8486,37.5596],[-121.8554,37.5615],[-121.8651,37.5935],[-121.8873,37.6225],[-121.9294,37.6998],[-121.9366,37.7224],[-121.9703,37.7671],[-121.9864,37.8016],[-122.0387,37.8527],[-122.0541,37.8537],[-122.0554,37.8498],[-121.998,37.7959],[-121.9809,37.7611],[-121.9551,37.7285],[-121.8922,37.6071]]],[[[-123.0885,38.3493],[-123.091,38.3442],[-123.08,38.3256],[-123.0844,38.3229],[-123.0542,38.2814],[-123.047,38.2862],[-123.0495,38.2922],[-123.0404,38.2811],[-123.0344,38.2833],[-123.042,38.2931],[-123.0337,38.3005],[-123.0506,38.3282],[-123.0329,38.3076],[-123.0156,38.2989],[-123.0003,38.2803],[-123.0038,38.2751],[-122.9955,38.2743],[-122.9739,38.2483],[-122.9886,38.2601],[-122.9833,38.2382],[-122.9368,38.197],[-122.9327,38.1989],[-122.8462,38.098],[-122.8512,38.0911],[-122.7367,37.9642],[-122.6846,37.8977],[-122.6786,37.8931],[-122.655,37.897],[-122.72,37.9805],[-122.8151,38.0861],[-122.8103,38.093],[-122.9701,38.2852],[-122.9765,38.2982],[-122.9699,38.3051],[-122.9815,38.3042],[-123.1508,38.5057],[-123.1835,38.5008],[-123.1816,38.496],[-123.1871,38.4933],[-123.1776,38.4805],[-123.0812,38.3659],[-123.0871,38.3572],[-123.0829,38.3522],[-123.0885,38.3493]]],[[[-122.6506,38.5231],[-122.6558,38.5312],[-122.6557,38.5053],[-122.6443,38.4878],[-122.6331,38.4878],[-122.6376,38.505],[-122.6506,38.5231]]],[[[-122.2693,38.5899],[-122.288,38.5939],[-122.2743,38.5789],[-122.28,38.5763],[-122.2694,38.5741],[-122.2546,38.5521],[-122.2656,38.5153],[-122.2661,38.4925],[-122.2602,38.5043],[-122.2497,38.4523],[-122.2178,38.4264],[-122.2105,38.4109],[-122.206,38.3712],[-122.1714,38.265],[-122.169,38.2312],[-122.159,38.1991],[-122.1052,38.0775],[-122.0986,38.0705],[-122.0911,38.072],[-122.0938,38.076],[-122.0886,38.0778],[-122.1544,38.2328],[-122.1597,38.2757],[-122.1908,38.3685],[-122.1965,38.4158],[-122.2076,38.4353],[-122.2399,38.4628],[-122.2479,38.523],[-122.2337,38.5456],[-122.232,38.5579],[-122.2417,38.5568],[-122.2493,38.57],[-122.2424,38.5656],[-122.2423,38.5746],[-122.2499,38.5715],[-122.2549,38.5792],[-122.2487,38.585],[-122.2605,38.5841],[-122.2693,38.5899]]],[[[-122.7411,38.6237],[-122.7507,38.6407],[-122.7701,38.6572],[-122.7702,38.6368],[-122.7472,38.6066],[-122.7083,38.5781],[-122.6846,38.578],[-122.7411,38.6237]]],[[[-122.3998,38.1419],[-122.3969,38.1482],[-122.4629,38.1933],[-122.4883,38.2172],[-122.5212,38.2611],[-122.5668,38.2964],[-122.6176,38.3474],[-122.6414,38.3851],[-122.6827,38.4317],[-122.702,38.4739],[-122.7533,38.5228],[-122.7863,38.5789],[-122.8525,38.6332],[-122.8752,38.668],[-122.954,38.7136],[-122.954,38.6988],[-122.8826,38.6565],[-122.8652,38.6259],[-122.8311,38.6033],[-122.7981,38.5708],[-122.7652,38.5168],[-122.7165,38.4691],[-122.6961,38.4259],[-122.6538,38.3794],[-122.6395,38.3536],[-122.608,38.3167],[-122.5347,38.2546],[-122.5015,38.212],[-122.4668,38.1786],[-122.4042,38.1354],[-122.398,38.1393],[-122.4045,38.144],[-122.3998,38.1419]]],[[[-123.1989,38.4862],[-123.2156,38.5106],[-123.4696,38.7582],[-123.6375,38.9427],[-123.6996,39.0234],[-123.7046,39.0219],[-123.7117,39.0316],[-123.7162,39.0294],[-123.661,38.9498],[-123.4825,38.751],[-123.2041,38.4739],[-123.1982,38.4774],[-123.2036,38.4831],[-123.1989,38.4862]]],[[[-123.1124,39.062],[-123.1322,39.0835],[-123.1507,39.1191],[-123.1671,39.119],[-123.1459,39.0778],[-123.0761,38.9934],[-123.0553,38.9159],[-123.036,38.8849],[-123.0035,38.8607],[-122.9079,38.7588],[-122.8867,38.7587],[-122.9907,38.8663],[-123.0183,38.8865],[-123.0403,38.9194],[-123.0482,38.9515],[-123.044,38.9535],[-123.0545,38.9705],[-123.0571,38.9919],[-123.1124,39.062]]],[[[-123.169,39.1448],[-123.1834,39.1819],[-123.225,39.2528],[-123.2287,39.2646],[-123.2222,39.2637],[-123.2203,39.2714],[-123.2321,39.2717],[-123.2377,39.2814],[-123.2534,39.3235],[-123.2798,39.3647],[-123.2942,39.415],[-123.3147,39.4491],[-123.3538,39.5034],[-123.3697,39.5193],[-123.3791,39.5171],[-123.3073,39.4062],[-123.2943,39.3585],[-123.2703,39.3253],[-123.263,39.302],[-123.3054,39.346],[-123.3681,39.4376],[-123.3857,39.476],[-123.3897,39.5011],[-123.4528,39.5839],[-123.4588,39.6152],[-123.4791,39.6632],[-123.5445,39.7482],[-123.5563,39.7431],[-123.4943,39.6581],[-123.4736,39.6109],[-123.468,39.5804],[-123.4074,39.4978],[-123.3827,39.4329],[-123.3186,39.3416],[-123.2458,39.2604],[-123.1818,39.1407],[-123.169,39.1448]]],[[[-124.0597,40.0501],[-124.0601,40.05],[-124.0597,40.0499],[-124.0597,40.0501]]],[[[-124.0987,40.1085],[-124.0988,40.1083],[-124.0987,40.1082],[-124.0987,40.1085]]],[[[-123.4116,40.2542],[-123.4352,40.2509],[-123.7665,40.1398],[-124.0936,40.11],[-124.1029,40.1035],[-124.1026,40.0863],[-124.0961,40.0852],[-124.1023,40.0839],[-124.1024,40.078],[-124.0866,40.078],[-124.0673,40.0243],[-124.0523,40.0244],[-124.0701,40.0784],[-123.7709,40.1017],[-123.4116,40.2175],[-123.4116,40.2542]]],[[[-123.926,40.5218],[-123.9763,40.544],[-124.0044,40.5467],[-124.0933,40.5869],[-124.18,40.6592],[-124.1811,40.6896],[-124.1975,40.7135],[-124.204,40.7502],[-124.212,40.7594],[-124.2308,40.753],[-124.225,40.7464],[-124.2182,40.7088],[-124.2041,40.6849],[-124.2039,40.6534],[-124.193,40.6449],[-124.1936,40.639],[-124.1856,40.6391],[-124.0915,40.5643],[-124.0043,40.5286],[-123.9609,40.5205],[-123.9491,40.5119],[-123.926,40.5218]]],[[[-124.2309,40.7593],[-124.2311,40.7593],[-124.2311,40.7591],[-124.2309,40.7593]]]]},"properties":{"name":"EarthScope Northern California Lidar Project","otId":"OTSDEM.052008.32610.1","short":"NCAL","doi":"https://doi.org/10.5069/G9057CV2","created":"2008-05-01","temporal":"2007-03-21 / 2007-04-17","keywords":"San Andreas Fault, Hayward, Calaveras, San Gregorio, Rodgers Creek, Maacama"}},{"type":"Feature","geometry":{"type":"MultiPolygon","coordinates":[[[[-118.0894,34.175],[-118.0893,34.1676],[-118.0963,34.1675],[-118.0964,34.1749],[-118.0894,34.175]]],[[[-118.0716,34.1767],[-118.0715,34.1707],[-118.0791,34.1707],[-118.0792,34.1766],[-118.0716,34.1767]]],[[[-118.082,34.1847],[-118.082,34.1813],[-118.0872,34.1812],[-118.0868,34.185],[-118.082,34.1847]]],[[[-118.1217,34.1954],[-118.1185,34.1954],[-118.1184,34.1925],[-118.1217,34.1924],[-118.1217,34.1954]]],[[[-118.1211,34.2005],[-118.1211,34.197],[-118.1246,34.197],[-118.1247,34.2002],[-118.1283,34.2001],[-118.1283,34.2036],[-118.1247,34.2037],[-118.1246,34.2005],[-118.1211,34.2005]]],[[[-118.1396,34.2049],[-118.1395,34.2031],[-118.1422,34.203],[-118.1423,34.2048],[-118.1396,34.2049]]],[[[-118.1576,34.2061],[-118.1529,34.2061],[-118.1529,34.2022],[-118.1575,34.2021],[-118.1576,34.2061]]],[[[-118.1461,34.2075],[-118.146,34.2041],[-118.1496,34.2041],[-118.1497,34.2075],[-118.1461,34.2075]]],[[[-118.1301,34.2058],[-118.1324,34.2058],[-118.1324,34.2082],[-118.1301,34.2082],[-118.1301,34.2058]]],[[[-118.0629,34.1714],[-118.063,34.1745],[-118.0592,34.1745],[-118.0592,34.1714],[-118.0629,34.1714]]],[[[-118.0518,34.1721],[-118.0541,34.1721],[-118.0542,34.174],[-118.0518,34.1741],[-118.0518,34.1721]]],[[[-118.049,34.1752],[-118.049,34.1724],[-118.0515,34.1724],[-118.0515,34.1752],[-118.049,34.1752]]],[[[-118.0312,34.1714],[-118.0341,34.1714],[-118.0342,34.1766],[-118.0312,34.1766],[-118.0312,34.1714]]],[[[-118.057,34.1757],[-118.0546,34.1755],[-118.0545,34.1733],[-118.0591,34.1736],[-118.0592,34.1756],[-118.057,34.1757]]],[[[-118.0639,34.1741],[-118.0675,34.1741],[-118.0675,34.1759],[-118.064,34.1759],[-118.0639,34.1741]]],[[[-118.0709,34.1745],[-118.0709,34.1768],[-118.0679,34.1769],[-118.0679,34.1745],[-118.0709,34.1745]]],[[[-118.041,34.1781],[-118.0409,34.1735],[-118.0451,34.1734],[-118.0452,34.1781],[-118.041,34.1781]]]]},"properties":{"name":"UAV LiDAR Surveys for Quantifying Post-Eaton Fire Sediment Mobilization, CA","otId":"OTDS.092026.6340.1","doi":"https://doi.org/10.5069/G9M043MB","created":"2026-09-15","temporal":"2025-10-31 / 2026-02-27","keywords":"UAV LiDAR; Eaton Fire; debris basins; post-fire debris flow; sediment deposition; Los Angeles County; San Gabriel Mountains"}},{"type":"Feature","geometry":{"type":"Polygon","coordinates":[[[-89.8176,14.9151],[-89.823,14.9151],[-89.8311,14.9212],[-89.8269,14.9409],[-89.8121,14.9416],[-89.8084,14.938],[-89.8138,14.9178],[-89.8152,14.9153],[-89.8176,14.9151]]]},"properties":{"name":"UAV Lidar Survey near Rio Tambor, Guatemala, January 2024","otId":"OTDS.072026.32616.9","doi":"https://doi.org/10.5069/G9VH5M23","created":"2026-07-31","temporal":"2024-01-22","keywords":"lidar; airborne lidar; UAV; drone; Guatemala; Polochic-Motagua Fault System; active tectonics; tectonic geomorphology; fault scarp; paleoseismology; DTM"}},{"type":"Feature","geometry":{"type":"Polygon","coordinates":[[[-89.8309,14.915],[-89.8309,14.9415],[-89.8083,14.9415],[-89.8083,14.915],[-89.8309,14.915]]]},"properties":{"name":"UAV Lidar Survey near Rio Tambor, Guatemala, January 2024","otId":"OTDS.072026.32616.9","doi":"https://doi.org/10.5069/G9VH5M23","created":"2026-07-31","temporal":"2024-01-22","keywords":"lidar; airborne lidar; UAV; drone; Guatemala; Polochic-Motagua Fault System; active tectonics; tectonic geomorphology; fault scarp; paleoseismology; DTM"}},{"type":"Feature","geometry":{"type":"Polygon","coordinates":[[[-89.333,15.1216],[-89.3366,15.115],[-89.3421,15.1144],[-89.3435,15.1186],[-89.3414,15.1194],[-89.3446,15.1212],[-89.3427,15.1265],[-89.3436,15.129],[-89.3297,15.1357],[-89.3308,15.1379],[-89.3185,15.1433],[-89.315,15.1433],[-89.3106,15.1367],[-89.3097,15.1323],[-89.3154,15.1296],[-89.3204,15.1305],[-89.3217,15.1279],[-89.3341,15.1228],[-89.333,15.1216]],[[-89.3379,15.1209],[-89.3381,15.121],[-89.3382,15.1207],[-89.338,15.1206],[-89.3379,15.1209]]]},"properties":{"name":"UAV Lidar Survey near Gualan, Guatemala, January 2024","otId":"OTDS.072026.32616.8","doi":"https://doi.org/10.5069/G90863JC","created":"2026-07-31","temporal":"2024-01-23","keywords":"lidar; airborne lidar; UAV; drone; Guatemala; Polochic-Motagua Fault System; active tectonics; tectonic geomorphology; fault scarp; paleoseismology; DTM"}},{"type":"Feature","geometry":{"type":"Polygon","coordinates":[[[-89.3443,15.1143],[-89.3443,15.1435],[-89.3101,15.1435],[-89.3101,15.1143],[-89.3443,15.1143]]]},"properties":{"name":"UAV Lidar Survey near Gualan, Guatemala, January 2024","otId":"OTDS.072026.32616.8","doi":"https://doi.org/10.5069/G90863JC","created":"2026-07-31","temporal":"2024-01-23","keywords":"lidar; airborne lidar; UAV; drone; Guatemala; Polochic-Motagua Fault System; active tectonics; tectonic geomorphology; fault scarp; paleoseismology; DTM"}},{"type":"Feature","geometry":{"type":"Polygon","coordinates":[[[-89.0395,15.2642],[-89.0374,15.2648],[-89.0379,15.2711],[-89.0361,15.2756],[-89.0405,15.2768],[-89.0425,15.2748],[-89.0434,15.2661],[-89.0395,15.2642]]]},"properties":{"name":"UAV Lidar Survey of Museo Quirigua, Guatemala, January 2024","otId":"OTDS.072026.32616.7","doi":"https://doi.org/10.5069/G9416V95","created":"2026-07-22","temporal":"2024-01-28","keywords":"lidar; airborne lidar; UAV; drone; Guatemala; Mayan archeology"}},{"type":"Feature","geometry":{"type":"Polygon","coordinates":[[[-89.0433,15.2645],[-89.0433,15.2766],[-89.0364,15.2766],[-89.0364,15.2645],[-89.0433,15.2645]]]},"properties":{"name":"UAV Lidar Survey of Museo Quirigua, Guatemala, January 2024","otId":"OTDS.072026.32616.7","doi":"https://doi.org/10.5069/G9416V95","created":"2026-07-22","temporal":"2024-01-28","keywords":"lidar; airborne lidar; UAV; drone; Guatemala; Mayan archeology"}},{"type":"Feature","geometry":{"type":"MultiPolygon","coordinates":[[[[-89.9227,15.3158],[-89.924,15.3167],[-89.9227,15.3195],[-89.9018,15.3194],[-89.8997,15.3168],[-89.9009,15.317],[-89.898,15.3166],[-89.8964,15.3125],[-89.8977,15.3096],[-89.9217,15.3096],[-89.9235,15.3125],[-89.9227,15.3158]],[[-89.9017,15.3186],[-89.9017,15.3186],[-89.9017,15.3186],[-89.9017,15.3186]],[[-89.9017,15.3186],[-89.9017,15.3185],[-89.9017,15.3186],[-89.9017,15.3186]],[[-89.9017,15.3185],[-89.9017,15.3185],[-89.9017,15.3185],[-89.9017,15.3185]],[[-89.9017,15.3185],[-89.9017,15.3184],[-89.9017,15.3185],[-89.9017,15.3185]],[[-89.9017,15.3184],[-89.9017,15.3184],[-89.9017,15.3184],[-89.9017,15.3184]],[[-89.9017,15.3184],[-89.9017,15.3184],[-89.9017,15.3184],[-89.9017,15.3184]],[[-89.9017,15.3183],[-89.9017,15.3183],[-89.9017,15.3183],[-89.9017,15.3183]],[[-89.9017,15.3177],[-89.9017,15.3177],[-89.9017,15.3177],[-89.9017,15.3177]],[[-89.9017,15.3176],[-89.9017,15.3176],[-89.9017,15.3176],[-89.9017,15.3176]],[[-89.9017,15.3174],[-89.9017,15.3174],[-89.9017,15.3174],[-89.9017,15.3174]],[[-89.9017,15.3173],[-89.9017,15.3173],[-89.9017,15.3174],[-89.9017,15.3173]],[[-89.9017,15.3173],[-89.9017,15.3173],[-89.9017,15.3173],[-89.9017,15.3173]],[[-89.8999,15.3169],[-89.9,15.3169],[-89.8999,15.3168],[-89.8999,15.3169]],[[-89.9,15.3169],[-89.9,15.3169],[-89.9001,15.3169],[-89.9,15.3169]],[[-89.9002,15.3169],[-89.9002,15.3169],[-89.9002,15.3169],[-89.9002,15.3169]],[[-89.9,15.3169],[-89.9,15.3169],[-89.8999,15.3169],[-89.9,15.3169]],[[-89.9001,15.3169],[-89.9002,15.3169],[-89.9001,15.3169],[-89.9001,15.3169],[-89.9001,15.3169]],[[-89.8999,15.3169],[-89.8999,15.3169],[-89.8999,15.3169],[-89.8999,15.3169]],[[-89.8998,15.3169],[-89.8999,15.317],[-89.8999,15.3169],[-89.8998,15.3169]],[[-89.9003,15.317],[-89.9003,15.3169],[-89.9003,15.3169],[-89.9003,15.317]],[[-89.9003,15.317],[-89.9003,15.317],[-89.9003,15.317],[-89.9003,15.317]],[[-89.9,15.317],[-89.9001,15.317],[-89.9,15.317],[-89.9,15.317]],[[-89.9006,15.317],[-89.9006,15.317],[-89.9006,15.317],[-89.9006,15.317]],[[-89.9005,15.317],[-89.9005,15.317],[-89.9005,15.317],[-89.9005,15.317]],[[-89.9008,15.317],[-89.9008,15.317],[-89.9007,15.317],[-89.9008,15.317]],[[-89.9,15.317],[-89.9001,15.317],[-89.9001,15.317],[-89.9,15.317]],[[-89.901,15.317],[-89.9009,15.317],[-89.901,15.317],[-89.901,15.317]],[[-89.9,15.3171],[-89.9,15.317],[-89.9,15.317],[-89.9,15.3171]],[[-89.9007,15.317],[-89.9007,15.317],[-89.9007,15.317],[-89.9007,15.3171],[-89.9007,15.317]],[[-89.9008,15.3171],[-89.9008,15.3171],[-89.9008,15.317],[-89.9008,15.3171],[-89.9008,15.3171]],[[-89.9009,15.3171],[-89.9009,15.3171],[-89.9009,15.3171],[-89.9009,15.3171]],[[-89.9,15.3172],[-89.8999,15.3172],[-89.9002,15.3173],[-89.9,15.3172]],[[-89.8999,15.3171],[-89.8999,15.3171],[-89.8999,15.3171],[-89.8999,15.3171]],[[-89.8999,15.3171],[-89.8999,15.3171],[-89.8999,15.3171],[-89.8999,15.3171]],[[-89.901,15.3171],[-89.901,15.3171],[-89.901,15.3171],[-89.901,15.3171]],[[-89.9008,15.3172],[-89.9009,15.3173],[-89.901,15.3172],[-89.9008,15.3172]],[[-89.9001,15.3171],[-89.9002,15.3171],[-89.9001,15.3171],[-89.9001,15.3171]],[[-89.9011,15.3172],[-89.901,15.3174],[-89.9017,15.3174],[-89.9011,15.3172]],[[-89.9013,15.3171],[-89.9013,15.3171],[-89.9013,15.3171],[-89.9013,15.3171],[-89.9013,15.3171]],[[-89.9012,15.3171],[-89.9012,15.3171],[-89.9012,15.3171],[-89.9012,15.3171]],[[-89.9007,15.3171],[-89.9007,15.3171],[-89.9007,15.3171],[-89.9007,15.3172],[-89.9007,15.3171]],[[-89.9007,15.3172],[-89.9007,15.3171],[-89.9007,15.3171],[-89.9007,15.3172]],[[-89.9007,15.3171],[-89.9007,15.3171],[-89.9006,15.3172],[-89.9007,15.3171]],[[-89.9001,15.3172],[-89.9001,15.3172],[-89.9001,15.3171],[-89.9001,15.3172]],[[-89.9006,15.3172],[-89.9006,15.3172],[-89.9006,15.3172],[-89.9006,15.3172]],[[-89.9007,15.3172],[-89.9007,15.3172],[-89.9007,15.3172],[-89.9007,15.3172]],[[-89.9005,15.3172],[-89.9005,15.3172],[-89.9005,15.3172],[-89.9005,15.3172]],[[-89.9004,15.3172],[-89.9004,15.3173],[-89.9005,15.3173],[-89.9004,15.3172]],[[-89.9015,15.3172],[-89.9015,15.3172],[-89.9015,15.3172],[-89.9015,15.3172]],[[-89.9008,15.3173],[-89.9008,15.3172],[-89.9008,15.3172],[-89.9008,15.3173]],[[-89.9006,15.3172],[-89.9007,15.3172],[-89.9006,15.3173],[-89.9006,15.3172]],[[-89.9014,15.3173],[-89.9015,15.3172],[-89.9014,15.3172],[-89.9014,15.3173]],[[-89.9016,15.3173],[-89.9016,15.3173],[-89.9016,15.3172],[-89.9016,15.3172],[-89.9016,15.3173]],[[-89.9016,15.3173],[-89.9016,15.3173],[-89.9017,15.3173],[-89.9016,15.3173]],[[-89.9007,15.3173],[-89.9007,15.3173],[-89.9007,15.3173],[-89.9007,15.3173]],[[-89.9014,15.3173],[-89.9014,15.3173],[-89.9014,15.3173],[-89.9014,15.3173]],[[-89.901,15.3173],[-89.901,15.3173],[-89.9009,15.3173],[-89.901,15.3173]],[[-89.9015,15.3172],[-89.9015,15.3173],[-89.9015,15.3173],[-89.9015,15.3172]],[[-89.9007,15.3173],[-89.9007,15.3173],[-89.9007,15.3173],[-89.9007,15.3173]],[[-89.9007,15.3173],[-89.9007,15.3173],[-89.9007,15.3173],[-89.9007,15.3173]],[[-89.9,15.3173],[-89.9,15.3173],[-89.8999,15.3173],[-89.9,15.3173]],[[-89.9007,15.3173],[-89.9007,15.3173],[-89.9006,15.3173],[-89.9007,15.3173]],[[-89.9001,15.3173],[-89.9001,15.3173],[-89.9001,15.3173],[-89.9001,15.3173]],[[-89.9,15.3173],[-89.9,15.3173],[-89.9,15.3174],[-89.9,15.3173]],[[-89.8999,15.3174],[-89.8999,15.3174],[-89.9,15.3174],[-89.8999,15.3174]],[[-89.9009,15.3174],[-89.901,15.3174],[-89.9009,15.3173],[-89.9009,15.3174]],[[-89.9006,15.3174],[-89.9005,15.3174],[-89.9006,15.3174],[-89.9006,15.3174]],[[-89.9007,15.3174],[-89.9007,15.3174],[-89.9007,15.3174],[-89.9007,15.3174]],[[-89.9008,15.3174],[-89.9007,15.3174],[-89.9008,15.3174],[-89.9008,15.3174]],[[-89.9014,15.3174],[-89.9014,15.3174],[-89.9013,15.3174],[-89.9014,15.3174]],[[-89.9004,15.3174],[-89.9003,15.3174],[-89.9004,15.3175],[-89.9004,15.3174]],[[-89.901,15.3175],[-89.9015,15.3175],[-89.9009,15.3174],[-89.901,15.3175]],[[-89.9005,15.3175],[-89.9014,15.3175],[-89.9006,15.3174],[-89.9005,15.3175]],[[-89.9005,15.3174],[-89.9006,15.3174],[-89.9006,15.3174],[-89.9005,15.3174]],[[-89.9005,15.3174],[-89.9005,15.3175],[-89.9005,15.3175],[-89.9005,15.3174]],[[-89.9005,15.3175],[-89.9004,15.3175],[-89.9005,15.3175],[-89.9005,15.3175]],[[-89.9009,15.3175],[-89.901,15.3175],[-89.901,15.3175],[-89.9009,15.3175]],[[-89.901,15.3175],[-89.901,15.3175],[-89.9011,15.3175],[-89.901,15.3175]],[[-89.9011,15.3175],[-89.9011,15.3175],[-89.9011,15.3175],[-89.9011,15.3175],[-89.9011,15.3175]],[[-89.9002,15.3175],[-89.9002,15.3175],[-89.9003,15.3175],[-89.9002,15.3175]],[[-89.9016,15.3175],[-89.9016,15.3175],[-89.9016,15.3175],[-89.9016,15.3175]],[[-89.9005,15.3176],[-89.9005,15.3175],[-89.9004,15.3176],[-89.9005,15.3176]],[[-89.9009,15.3176],[-89.9009,15.3176],[-89.9009,15.3176],[-89.9009,15.3176]],[[-89.9004,15.3176],[-89.9005,15.3176],[-89.9005,15.3176],[-89.9004,15.3176]],[[-89.9007,15.3176],[-89.9008,15.3176],[-89.9007,15.3176],[-89.9007,15.3176]],[[-89.9008,15.3176],[-89.9008,15.3176],[-89.9009,15.3176],[-89.9008,15.3176]],[[-89.9005,15.3176],[-89.9005,15.3176],[-89.9005,15.3176],[-89.9005,15.3176]],[[-89.9004,15.3176],[-89.9005,15.3176],[-89.9004,15.3176],[-89.9004,15.3176]],[[-89.9008,15.3176],[-89.9009,15.3176],[-89.9008,15.3176],[-89.9008,15.3177],[-89.9008,15.3176]],[[-89.9007,15.3176],[-89.9007,15.3176],[-89.9007,15.3177],[-89.9007,15.3176]],[[-89.9017,15.3177],[-89.9015,15.3177],[-89.9017,15.3177],[-89.9017,15.3176],[-89.9017,15.3177]],[[-89.9015,15.3177],[-89.9015,15.3177],[-89.9015,15.3176],[-89.9015,15.3177]],[[-89.9004,15.3177],[-89.9003,15.3177],[-89.9005,15.3176],[-89.9004,15.3177]],[[-89.9007,15.3176],[-89.9007,15.3176],[-89.9007,15.3177],[-89.9007,15.3176]],[[-89.9006,15.3176],[-89.9006,15.3176],[-89.9006,15.3176],[-89.9006,15.3176]],[[-89.9009,15.3176],[-89.9009,15.3177],[-89.9009,15.3177],[-89.9009,15.3176]],[[-89.9014,15.3177],[-89.9014,15.3176],[-89.9014,15.3177],[-89.9014,15.3177]],[[-89.9012,15.3177],[-89.9013,15.3177],[-89.9013,15.3177],[-89.9012,15.3177]],[[-89.9009,15.3177],[-89.901,15.3178],[-89.901,15.3177],[-89.9009,15.3177]],[[-89.9006,15.3177],[-89.9005,15.3177],[-89.9005,15.3177],[-89.9006,15.3177]],[[-89.9009,15.3177],[-89.9009,15.3177],[-89.9009,15.3177],[-89.9009,15.3177]],[[-89.9008,15.3177],[-89.9008,15.3177],[-89.9009,15.3177],[-89.9008,15.3177]],[[-89.9006,15.3177],[-89.9006,15.3177],[-89.9006,15.3177],[-89.9006,15.3177]],[[-89.9012,15.3177],[-89.9012,15.3177],[-89.9012,15.3177],[-89.9012,15.3177]],[[-89.9011,15.3177],[-89.9011,15.3177],[-89.9011,15.3177],[-89.9011,15.3177]],[[-89.9014,15.3177],[-89.9014,15.3177],[-89.9014,15.3177],[-89.9014,15.3177]],[[-89.9012,15.3177],[-89.9012,15.3177],[-89.9011,15.3177],[-89.9012,15.3177]],[[-89.9007,15.3177],[-89.9007,15.3177],[-89.9007,15.3177],[-89.9007,15.3177]],[[-89.9007,15.3177],[-89.9007,15.3177],[-89.9007,15.3178],[-89.9007,15.3177]],[[-89.9012,15.3177],[-89.9012,15.3177],[-89.9012,15.3177],[-89.9012,15.3177]],[[-89.9004,15.3178],[-89.9005,15.3178],[-89.9005,15.3177],[-89.9004,15.3178]],[[-89.9017,15.3177],[-89.9016,15.3177],[-89.9017,15.3178],[-89.9017,15.3177]],[[-89.9014,15.3177],[-89.9014,15.3177],[-89.9014,15.3177],[-89.9014,15.3177]],[[-89.9009,15.3177],[-89.9009,15.3177],[-89.9009,15.3178],[-89.9009,15.3177],[-89.9009,15.3177]],[[-89.9007,15.3177],[-89.9007,15.3178],[-89.9007,15.3177],[-89.9007,15.3177]],[[-89.9016,15.3177],[-89.9016,15.3177],[-89.9016,15.3177],[-89.9016,15.3177],[-89.9016,15.3177]],[[-89.9015,15.3177],[-89.9015,15.3177],[-89.9015,15.3177],[-89.9015,15.3177]],[[-89.9005,15.3178],[-89.9005,15.3178],[-89.9006,15.3177],[-89.9005,15.3178]],[[-89.901,15.3178],[-89.9009,15.3177],[-89.9009,15.3178],[-89.901,15.3178]],[[-89.9006,15.3178],[-89.9006,15.3178],[-89.9007,15.3178],[-89.9006,15.3178]],[[-89.9014,15.3178],[-89.9014,15.3178],[-89.9014,15.3178],[-89.9014,15.3177],[-89.9014,15.3178]],[[-89.9009,15.3178],[-89.9009,15.3178],[-89.9009,15.3178],[-89.9009,15.3178],[-89.9009,15.3178]],[[-89.9008,15.3178],[-89.9009,15.3179],[-89.9008,15.3177],[-89.9008,15.3178]],[[-89.9016,15.3178],[-89.9016,15.3178],[-89.9016,15.3177],[-89.9016,15.3178]],[[-89.9013,15.3177],[-89.9012,15.3178],[-89.9014,15.3178],[-89.9013,15.3177]],[[-89.9016,15.3178],[-89.9016,15.3178],[-89.9016,15.3178],[-89.9016,15.3178],[-89.9016,15.3178]],[[-89.9015,15.3178],[-89.9015,15.3178],[-89.9015,15.3178],[-89.9015,15.3178]],[[-89.9017,15.3178],[-89.9016,15.3178],[-89.9016,15.3178],[-89.9017,15.3178]],[[-89.901,15.3178],[-89.901,15.3178],[-89.901,15.3178],[-89.901,15.3178]],[[-89.9006,15.3179],[-89.9006,15.3178],[-89.9006,15.3178],[-89.9006,15.3179]],[[-89.9012,15.3179],[-89.9012,15.3179],[-89.9012,15.3178],[-89.9012,15.3179]],[[-89.9015,15.3178],[-89.9015,15.3178],[-89.9015,15.3178],[-89.9015,15.3178]],[[-89.9013,15.3179],[-89.9013,15.3178],[-89.9013,15.3179],[-89.9013,15.3179]],[[-89.901,15.3179],[-89.901,15.3179],[-89.901,15.3179],[-89.901,15.3179]],[[-89.9007,15.3179],[-89.9007,15.3178],[-89.9007,15.3179],[-89.9007,15.3179]],[[-89.9005,15.3179],[-89.9006,15.3179],[-89.9005,15.3179],[-89.9005,15.3179]],[[-89.9017,15.3179],[-89.9017,15.3178],[-89.9017,15.3178],[-89.9017,15.3179]],[[-89.9006,15.3179],[-89.9006,15.3179],[-89.9006,15.3179],[-89.9006,15.3179]],[[-89.9013,15.3179],[-89.9013,15.3179],[-89.9013,15.3179],[-89.9013,15.3179]],[[-89.9007,15.3179],[-89.9007,15.3179],[-89.9007,15.3179],[-89.9007,15.3179]],[[-89.9014,15.3179],[-89.9013,15.3179],[-89.9014,15.3179],[-89.9014,15.3179]],[[-89.9009,15.3179],[-89.9009,15.3179],[-89.9009,15.3179],[-89.9009,15.3179]],[[-89.9016,15.3179],[-89.9016,15.3179],[-89.9016,15.3179],[-89.9016,15.3179]],[[-89.9017,15.3179],[-89.9017,15.3179],[-89.9017,15.3179],[-89.9017,15.3179]],[[-89.9015,15.318],[-89.9016,15.318],[-89.9015,15.3179],[-89.9015,15.318]],[[-89.9009,15.3179],[-89.9009,15.318],[-89.9009,15.3179],[-89.9009,15.3179]],[[-89.9012,15.318],[-89.9013,15.3179],[-89.9012,15.3179],[-89.9012,15.318]],[[-89.9008,15.318],[-89.9008,15.3179],[-89.9008,15.318],[-89.9008,15.318]],[[-89.901,15.3179],[-89.901,15.318],[-89.9011,15.318],[-89.901,15.3179]],[[-89.9014,15.318],[-89.9014,15.3179],[-89.9013,15.318],[-89.9014,15.318]],[[-89.9012,15.318],[-89.9012,15.318],[-89.9012,15.318],[-89.9012,15.318]],[[-89.9007,15.318],[-89.9007,15.318],[-89.9007,15.318],[-89.9007,15.318],[-89.9007,15.318]],[[-89.9007,15.318],[-89.9007,15.318],[-89.9007,15.318],[-89.9007,15.318]],[[-89.9013,15.318],[-89.9013,15.318],[-89.9013,15.318],[-89.9013,15.318],[-89.9013,15.318]],[[-89.9013,15.318],[-89.9013,15.318],[-89.9013,15.318],[-89.9013,15.318]],[[-89.9016,15.318],[-89.9016,15.318],[-89.9016,15.318],[-89.9016,15.318]],[[-89.9013,15.318],[-89.9013,15.318],[-89.9013,15.318],[-89.9013,15.318],[-89.9013,15.318]],[[-89.9011,15.3181],[-89.9011,15.3181],[-89.9012,15.3181],[-89.9011,15.318],[-89.9011,15.3181]],[[-89.9012,15.3181],[-89.9012,15.318],[-89.9012,15.318],[-89.9012,15.3181]],[[-89.9006,15.318],[-89.9006,15.318],[-89.9006,15.318],[-89.9006,15.318]],[[-89.9016,15.318],[-89.9016,15.318],[-89.9016,15.318],[-89.9016,15.318],[-89.9016,15.318]],[[-89.9014,15.318],[-89.9014,15.318],[-89.9014,15.318],[-89.9014,15.318]],[[-89.9008,15.3181],[-89.9008,15.318],[-89.9008,15.318],[-89.9008,15.3181]],[[-89.9006,15.3181],[-89.9006,15.3181],[-89.9006,15.318],[-89.9006,15.3181]],[[-89.9007,15.3181],[-89.9008,15.318],[-89.9007,15.318],[-89.9007,15.3181]],[[-89.9006,15.3181],[-89.9006,15.3181],[-89.9006,15.318],[-89.9006,15.318],[-89.9006,15.3181]],[[-89.9014,15.3181],[-89.9014,15.3181],[-89.9014,15.318],[-89.9014,15.3181]],[[-89.9016,15.3181],[-89.9016,15.318],[-89.9016,15.3181],[-89.9016,15.3181]],[[-89.9015,15.3181],[-89.9016,15.3181],[-89.9015,15.318],[-89.9015,15.3181]],[[-89.9006,15.3181],[-89.9006,15.3181],[-89.9006,15.3181],[-89.9006,15.3181]],[[-89.9007,15.3181],[-89.9007,15.3181],[-89.9007,15.3181],[-89.9007,15.3181]],[[-89.9017,15.3181],[-89.9017,15.3181],[-89.9017,15.3181],[-89.9017,15.3181]],[[-89.9011,15.3181],[-89.9011,15.3181],[-89.901,15.3181],[-89.9011,15.3181]],[[-89.9013,15.3181],[-89.9013,15.3181],[-89.9013,15.3181],[-89.9013,15.3181]],[[-89.9009,15.3181],[-89.9009,15.3181],[-89.901,15.3181],[-89.9009,15.3181]],[[-89.901,15.3181],[-89.901,15.3181],[-89.901,15.3181],[-89.901,15.3181]],[[-89.9015,15.3181],[-89.9015,15.3181],[-89.9015,15.3181],[-89.9015,15.3181]],[[-89.9006,15.3181],[-89.9006,15.3182],[-89.9006,15.3181],[-89.9006,15.3181]],[[-89.9015,15.3181],[-89.9015,15.3181],[-89.9015,15.3181],[-89.9015,15.3181]],[[-89.9008,15.3181],[-89.9008,15.3182],[-89.9008,15.3181],[-89.9008,15.3181]],[[-89.9014,15.3182],[-89.9014,15.3182],[-89.9014,15.3182],[-89.9014,15.3182]],[[-89.9013,15.3182],[-89.9014,15.3182],[-89.9013,15.3182],[-89.9013,15.3182]],[[-89.9013,15.3182],[-89.9013,15.3182],[-89.9013,15.3182],[-89.9013,15.3182],[-89.9013,15.3182]],[[-89.9005,15.3183],[-89.9005,15.3183],[-89.9005,15.3183],[-89.9005,15.3183]],[[-89.9017,15.3183],[-89.9017,15.3183],[-89.9017,15.3183],[-89.9017,15.3183]],[[-89.9005,15.3183],[-89.9005,15.3184],[-89.9006,15.3183],[-89.9005,15.3183]],[[-89.9017,15.3184],[-89.9017,15.3184],[-89.9017,15.3184],[-89.9017,15.3184]],[[-89.9006,15.3184],[-89.9006,15.3184],[-89.9006,15.3184],[-89.9006,15.3184]],[[-89.9006,15.3184],[-89.9006,15.3184],[-89.9006,15.3184],[-89.9006,15.3184]],[[-89.9017,15.3184],[-89.9017,15.3184],[-89.9017,15.3184],[-89.9017,15.3184]],[[-89.9017,15.3184],[-89.9017,15.3184],[-89.9017,15.3184],[-89.9017,15.3184]],[[-89.9008,15.3184],[-89.9008,15.3184],[-89.9008,15.3185],[-89.9008,15.3184]],[[-89.9007,15.3184],[-89.9007,15.3185],[-89.9007,15.3184],[-89.9007,15.3184]],[[-89.9006,15.3184],[-89.9006,15.3185],[-89.9006,15.3185],[-89.9006,15.3184]],[[-89.9005,15.3185],[-89.9006,15.3185],[-89.9006,15.3185],[-89.9005,15.3185]],[[-89.9011,15.3185],[-89.9011,15.3185],[-89.9011,15.3185],[-89.9011,15.3185]],[[-89.9009,15.3185],[-89.9009,15.3185],[-89.9008,15.3185],[-89.9009,15.3185]],[[-89.9008,15.3185],[-89.9008,15.3185],[-89.9008,15.3185],[-89.9008,15.3185]],[[-89.901,15.3185],[-89.901,15.3185],[-89.901,15.3185],[-89.901,15.3185]],[[-89.9017,15.3185],[-89.9017,15.3185],[-89.9017,15.3186],[-89.9017,15.3185]],[[-89.901,15.3186],[-89.9009,15.3185],[-89.9009,15.3186],[-89.901,15.3186]],[[-89.9006,15.3185],[-89.9006,15.3185],[-89.9006,15.3185],[-89.9006,15.3185],[-89.9006,15.3185]],[[-89.9016,15.3186],[-89.9016,15.3185],[-89.9016,15.3185],[-89.9016,15.3186]],[[-89.901,15.3185],[-89.9011,15.3185],[-89.901,15.3185],[-89.901,15.3185]],[[-89.9015,15.3185],[-89.9015,15.3185],[-89.9015,15.3185],[-89.9015,15.3185]],[[-89.9007,15.3185],[-89.9007,15.3185],[-89.9007,15.3185],[-89.9007,15.3185]],[[-89.9007,15.3186],[-89.9007,15.3186],[-89.9007,15.3186],[-89.9007,15.3186]],[[-89.9007,15.3186],[-89.9007,15.3186],[-89.9007,15.3186],[-89.9007,15.3186],[-89.9007,15.3186]],[[-89.9006,15.3186],[-89.9006,15.3186],[-89.9006,15.3186],[-89.9006,15.3186]],[[-89.9017,15.3186],[-89.9016,15.3186],[-89.9016,15.3186],[-89.9017,15.3186]],[[-89.9016,15.3186],[-89.9016,15.3186],[-89.9016,15.3186],[-89.9016,15.3186]],[[-89.9016,15.3186],[-89.9016,15.3186],[-89.9016,15.3186],[-89.9016,15.3186]],[[-89.9009,15.3186],[-89.9008,15.3186],[-89.9008,15.3186],[-89.9009,15.3186]],[[-89.9013,15.3186],[-89.9013,15.3186],[-89.9013,15.3186],[-89.9013,15.3186]],[[-89.9015,15.3186],[-89.9015,15.3186],[-89.9015,15.3186],[-89.9015,15.3186]],[[-89.9016,15.3186],[-89.9016,15.3187],[-89.9016,15.3186],[-89.9016,15.3186]],[[-89.9006,15.3186],[-89.9007,15.3186],[-89.9007,15.3186],[-89.9006,15.3186]],[[-89.9015,15.3187],[-89.9015,15.3187],[-89.9014,15.3186],[-89.9015,15.3187]],[[-89.9006,15.3186],[-89.9006,15.3186],[-89.9006,15.3186],[-89.9006,15.3186]],[[-89.9016,15.3186],[-89.9015,15.3186],[-89.9016,15.3186],[-89.9016,15.3186]],[[-89.9007,15.3187],[-89.9007,15.3187],[-89.9007,15.3187],[-89.9007,15.3187]],[[-89.9013,15.3187],[-89.9014,15.3187],[-89.9013,15.3186],[-89.9013,15.3187]],[[-89.9006,15.3187],[-89.9006,15.3187],[-89.9006,15.3187],[-89.9006,15.3187]],[[-89.9016,15.3187],[-89.9016,15.3187],[-89.9016,15.3187],[-89.9016,15.3187]],[[-89.9006,15.3187],[-89.9006,15.3187],[-89.9006,15.3187],[-89.9006,15.3187]],[[-89.9014,15.3187],[-89.9014,15.3187],[-89.9014,15.3187],[-89.9014,15.3187]],[[-89.901,15.3188],[-89.9011,15.3187],[-89.9009,15.3187],[-89.901,15.3188]],[[-89.9013,15.3187],[-89.9014,15.3187],[-89.9013,15.3187],[-89.9013,15.3187]],[[-89.9014,15.3187],[-89.9014,15.3188],[-89.9014,15.3188],[-89.9014,15.3187]],[[-89.9007,15.3188],[-89.9008,15.3188],[-89.9007,15.3188],[-89.9007,15.3188]],[[-89.8988,15.3166],[-89.8988,15.3165],[-89.8988,15.3165],[-89.8988,15.3166]],[[-89.8998,15.3166],[-89.8998,15.3165],[-89.8998,15.3166],[-89.8998,15.3166]],[[-89.8997,15.3166],[-89.8997,15.3165],[-89.8997,15.3165],[-89.8997,15.3166]],[[-89.9001,15.3166],[-89.9001,15.3166],[-89.9001,15.3166],[-89.9001,15.3166],[-89.9001,15.3166]],[[-89.9001,15.3166],[-89.9001,15.3166],[-89.9001,15.3166],[-89.9001,15.3166]],[[-89.8999,15.3167],[-89.8999,15.3166],[-89.8999,15.3167],[-89.8999,15.3167]],[[-89.9016,15.3167],[-89.9016,15.3166],[-89.9016,15.3166],[-89.9016,15.3167]],[[-89.9013,15.3166],[-89.9013,15.3166],[-89.9013,15.3167],[-89.9013,15.3166]],[[-89.9017,15.3167],[-89.9017,15.3166],[-89.9017,15.3167],[-89.9017,15.3167]],[[-89.9011,15.3167],[-89.9011,15.3167],[-89.9011,15.3167],[-89.9011,15.3167]],[[-89.9013,15.3167],[-89.9013,15.3167],[-89.9014,15.3167],[-89.9013,15.3167]],[[-89.9001,15.3167],[-89.9001,15.3167],[-89.9001,15.3167],[-89.9001,15.3167]],[[-89.9002,15.3167],[-89.9002,15.3167],[-89.9002,15.3167],[-89.9002,15.3167],[-89.9002,15.3167]],[[-89.9002,15.3167],[-89.9002,15.3167],[-89.9002,15.3167],[-89.9002,15.3167]],[[-89.9003,15.3168],[-89.9003,15.3168],[-89.9003,15.3168],[-89.9003,15.3168]],[[-89.9003,15.3168],[-89.9003,15.3168],[-89.9003,15.3168],[-89.9003,15.3168]],[[-89.9015,15.3169],[-89.9015,15.3169],[-89.9015,15.3169],[-89.9015,15.3169]],[[-89.9012,15.3169],[-89.9013,15.3169],[-89.9012,15.3169],[-89.9012,15.3169]],[[-89.9014,15.3169],[-89.9014,15.3169],[-89.9014,15.3169],[-89.9014,15.3169]],[[-89.9013,15.3169],[-89.9013,15.3169],[-89.9013,15.3169],[-89.9013,15.3169]]],[[[-89.9016,15.3171],[-89.9016,15.3171],[-89.9016,15.3171],[-89.9016,15.3171]]],[[[-89.9011,15.3172],[-89.9011,15.3172],[-89.9012,15.3173],[-89.9011,15.3172]]],[[[-89.9012,15.3173],[-89.9013,15.3173],[-89.9013,15.3173],[-89.9012,15.3173]]],[[[-89.9016,15.3174],[-89.9016,15.3174],[-89.9016,15.3174],[-89.9016,15.3174]]],[[[-89.901,15.3176],[-89.9009,15.3176],[-89.9009,15.3176],[-89.901,15.3176],[-89.901,15.3176]]],[[[-89.9017,15.3185],[-89.9017,15.3185],[-89.9017,15.3185],[-89.9017,15.3185]]],[[[-89.9016,15.3188],[-89.9016,15.3188],[-89.9016,15.3188],[-89.9016,15.3188]]],[[[-89.9017,15.3188],[-89.9017,15.3188],[-89.9017,15.3188],[-89.9017,15.3188]]],[[[-89.9015,15.3188],[-89.9015,15.3188],[-89.9015,15.3188],[-89.9015,15.3188]]],[[[-89.9013,15.3188],[-89.9013,15.3188],[-89.9013,15.3188],[-89.9013,15.3188]]],[[[-89.9015,15.3188],[-89.9015,15.3188],[-89.9015,15.3188],[-89.9015,15.3188]]],[[[-89.9014,15.3188],[-89.9014,15.3188],[-89.9015,15.3189],[-89.9014,15.3188]]],[[[-89.9013,15.3189],[-89.9013,15.3188],[-89.9014,15.3189],[-89.9013,15.3189]]],[[[-89.9016,15.3189],[-89.9016,15.3189],[-89.9016,15.3189],[-89.9016,15.3189]]],[[[-89.9013,15.3189],[-89.9012,15.3189],[-89.9013,15.3188],[-89.9013,15.3189]]],[[[-89.9016,15.3189],[-89.9016,15.3189],[-89.9016,15.3189],[-89.9016,15.3189]]],[[[-89.9011,15.3189],[-89.9011,15.3189],[-89.9011,15.3189],[-89.9011,15.3189]]],[[[-89.9017,15.3189],[-89.9017,15.3189],[-89.9017,15.3189],[-89.9017,15.3189]]],[[[-89.9015,15.3189],[-89.9015,15.3189],[-89.9015,15.3189],[-89.9015,15.3189]]],[[[-89.9016,15.3189],[-89.9016,15.3189],[-89.9016,15.3189],[-89.9016,15.3189]]],[[[-89.9017,15.3189],[-89.9017,15.3189],[-89.9017,15.3189],[-89.9017,15.3189]]],[[[-89.9015,15.3189],[-89.9015,15.3189],[-89.9015,15.3189],[-89.9015,15.3189]]],[[[-89.9017,15.319],[-89.9017,15.319],[-89.9017,15.3189],[-89.9017,15.319]]],[[[-89.9012,15.3189],[-89.9013,15.3189],[-89.9012,15.319],[-89.9012,15.3189]]],[[[-89.9012,15.319],[-89.9011,15.319],[-89.9012,15.3189],[-89.9012,15.319]]],[[[-89.9017,15.319],[-89.9016,15.319],[-89.9016,15.319],[-89.9017,15.319]]],[[[-89.9015,15.319],[-89.9015,15.319],[-89.9015,15.319],[-89.9015,15.319]]],[[[-89.8998,15.3167],[-89.8998,15.3167],[-89.8998,15.3167],[-89.8998,15.3167]]],[[[-89.8997,15.3167],[-89.8996,15.3167],[-89.8996,15.3167],[-89.8997,15.3167]]],[[[-89.8997,15.3167],[-89.8997,15.3167],[-89.8998,15.3167],[-89.8997,15.3167]]],[[[-89.9,15.3168],[-89.8999,15.3167],[-89.9,15.3168],[-89.9,15.3168]]],[[[-89.8997,15.3168],[-89.8996,15.3169],[-89.8996,15.3168],[-89.8997,15.3168]]],[[[-89.8997,15.3168],[-89.8997,15.3168],[-89.8997,15.3169],[-89.8997,15.3168],[-89.8997,15.3168]]],[[[-89.9009,15.3169],[-89.9009,15.3169],[-89.9008,15.3169],[-89.9009,15.3169]]],[[[-89.8996,15.3169],[-89.8997,15.3169],[-89.8996,15.3169],[-89.8996,15.3169]]],[[[-89.9007,15.3169],[-89.9008,15.3169],[-89.9008,15.3169],[-89.9007,15.3169]]],[[[-89.9008,15.3169],[-89.9008,15.317],[-89.9008,15.3169],[-89.9008,15.3169]]],[[[-89.8997,15.317],[-89.8997,15.317],[-89.8997,15.3169],[-89.8997,15.317]]],[[[-89.8998,15.317],[-89.8998,15.317],[-89.8997,15.317],[-89.8998,15.317]]],[[[-89.8998,15.317],[-89.8999,15.317],[-89.8999,15.317],[-89.8998,15.317]]],[[[-89.8998,15.317],[-89.8998,15.317],[-89.8998,15.317],[-89.8998,15.317],[-89.8998,15.317]]],[[[-89.8998,15.317],[-89.8998,15.317],[-89.8999,15.317],[-89.8998,15.317],[-89.8998,15.317]]],[[[-89.8998,15.3171],[-89.8997,15.3171],[-89.8998,15.3171],[-89.8998,15.3171]]],[[[-89.8997,15.3171],[-89.8997,15.3171],[-89.8997,15.3171],[-89.8997,15.3171]]],[[[-89.8999,15.3172],[-89.8998,15.3172],[-89.8999,15.3172],[-89.8999,15.3172]]],[[[-89.8997,15.3172],[-89.8997,15.3172],[-89.8998,15.3172],[-89.8997,15.3172]]],[[[-89.9,15.3173],[-89.9001,15.3173],[-89.9,15.3173],[-89.9,15.3173]]],[[[-89.9002,15.3174],[-89.9002,15.3174],[-89.9002,15.3174],[-89.9002,15.3174]]],[[[-89.9,15.3174],[-89.9,15.3174],[-89.9001,15.3174],[-89.9,15.3174]]],[[[-89.9009,15.3175],[-89.9009,15.3175],[-89.9009,15.3175],[-89.9009,15.3175]]],[[[-89.9001,15.3175],[-89.9001,15.3175],[-89.9001,15.3175],[-89.9001,15.3175]]],[[[-89.9001,15.3176],[-89.9001,15.3175],[-89.9001,15.3176],[-89.9001,15.3176],[-89.9001,15.3176]]],[[[-89.9001,15.3175],[-89.8998,15.3177],[-89.8998,15.3175],[-89.9001,15.3175]],[[-89.9,15.3175],[-89.9,15.3175],[-89.9,15.3175],[-89.9,15.3175]],[[-89.9,15.3175],[-89.8999,15.3175],[-89.8999,15.3175],[-89.9,15.3175]],[[-89.8999,15.3176],[-89.8999,15.3176],[-89.8999,15.3176],[-89.8999,15.3176]],[[-89.8999,15.3176],[-89.9,15.3176],[-89.9,15.3176],[-89.8999,15.3176]],[[-89.9,15.3176],[-89.9,15.3176],[-89.9,15.3176],[-89.9,15.3176]]],[[[-89.8997,15.3176],[-89.8998,15.3176],[-89.8998,15.3176],[-89.8997,15.3176]]],[[[-89.9,15.3177],[-89.9,15.3177],[-89.9,15.3177],[-89.9,15.3177]]],[[[-89.9002,15.3177],[-89.9001,15.3177],[-89.9002,15.3177],[-89.9002,15.3177]]],[[[-89.9009,15.3177],[-89.901,15.3177],[-89.901,15.3177],[-89.9009,15.3177]]],[[[-89.9003,15.3178],[-89.9003,15.3178],[-89.9002,15.3178],[-89.9003,15.3178]]],[[[-89.9004,15.3179],[-89.9004,15.3178],[-89.9005,15.3179],[-89.9004,15.3179]]],[[[-89.9005,15.3179],[-89.9004,15.318],[-89.9004,15.3179],[-89.9005,15.3179]]],[[[-89.9005,15.3182],[-89.9005,15.3181],[-89.9005,15.3182],[-89.9005,15.3182]]],[[[-89.9006,15.3189],[-89.9007,15.3189],[-89.9005,15.319],[-89.9006,15.3189]]],[[[-89.9005,15.3189],[-89.9006,15.3189],[-89.9006,15.3189],[-89.9005,15.3189],[-89.9005,15.3189]]],[[[-89.9006,15.319],[-89.9006,15.3191],[-89.9006,15.3191],[-89.9006,15.3191],[-89.9006,15.319]]],[[[-89.9006,15.3191],[-89.9006,15.3191],[-89.9006,15.3191],[-89.9006,15.3191]]],[[[-89.8985,15.3166],[-89.8986,15.3166],[-89.8986,15.3166],[-89.8985,15.3166]]],[[[-89.8988,15.3166],[-89.8987,15.3166],[-89.8988,15.3166],[-89.8988,15.3166]]],[[[-89.8996,15.3166],[-89.8996,15.3166],[-89.8996,15.3166],[-89.8996,15.3166]]],[[[-89.8986,15.3166],[-89.8987,15.3166],[-89.8987,15.3167],[-89.8986,15.3166]]],[[[-89.8988,15.3166],[-89.8988,15.3166],[-89.8988,15.3167],[-89.8988,15.3166]]],[[[-89.8985,15.3167],[-89.8985,15.3166],[-89.8985,15.3166],[-89.8985,15.3167]]],[[[-89.8995,15.3167],[-89.8995,15.3166],[-89.8995,15.3167],[-89.8995,15.3167]]],[[[-89.8987,15.3167],[-89.8987,15.3166],[-89.8987,15.3167],[-89.8987,15.3167]]],[[[-89.8988,15.3167],[-89.8988,15.3167],[-89.8988,15.3167],[-89.8988,15.3167]]],[[[-89.8996,15.3167],[-89.8995,15.3167],[-89.8996,15.3167],[-89.8996,15.3167]]],[[[-89.8985,15.3167],[-89.8986,15.3167],[-89.8986,15.3167],[-89.8985,15.3167]]],[[[-89.899,15.3167],[-89.899,15.3167],[-89.899,15.3167],[-89.899,15.3167]]],[[[-89.8995,15.3167],[-89.8995,15.3167],[-89.8995,15.3167],[-89.8995,15.3167]]],[[[-89.8987,15.3167],[-89.8987,15.3167],[-89.8987,15.3167],[-89.8987,15.3167]]],[[[-89.8997,15.3167],[-89.8997,15.3168],[-89.8995,15.3168],[-89.8997,15.3167]]],[[[-89.8987,15.3168],[-89.8987,15.3167],[-89.8987,15.3168],[-89.8987,15.3168]]],[[[-89.8996,15.3168],[-89.8996,15.3168],[-89.8996,15.3168],[-89.8996,15.3168]]],[[[-89.8996,15.3168],[-89.8996,15.3168],[-89.8995,15.3168],[-89.8996,15.3168]]],[[[-89.8996,15.3169],[-89.8997,15.3169],[-89.8996,15.3169],[-89.8996,15.3169]]],[[[-89.8996,15.317],[-89.8997,15.317],[-89.8996,15.317],[-89.8996,15.317]]]]},"properties":{"name":"UAV Lidar Survey 2 near Santa Catalina La Tinta, Guatemala, January 2024","otId":"OTDS.072026.32616.6","doi":"https://doi.org/10.5069/G97S7M04","created":"2026-07-22","temporal":"2024-01-26","keywords":"lidar; airborne lidar; UAV; drone; Guatemala; Polochic-Motagua Fault System; active tectonics; tectonic geomorphology; fault scarp; paleoseismology; DTM"}},{"type":"Feature","geometry":{"type":"Polygon","coordinates":[[[-89.9237,15.3097],[-89.9237,15.3196],[-89.8969,15.3196],[-89.8969,15.3097],[-89.9237,15.3097]]]},"properties":{"name":"UAV Lidar Survey 2 near Santa Catalina La Tinta, Guatemala, January 2024","otId":"OTDS.072026.32616.6","doi":"https://doi.org/10.5069/G97S7M04","created":"2026-07-22","temporal":"2024-01-26","keywords":"lidar; airborne lidar; UAV; drone; Guatemala; Polochic-Motagua Fault System; active tectonics; tectonic geomorphology; fault scarp; paleoseismology; DTM"}},{"type":"Feature","geometry":{"type":"Polygon","coordinates":[[[-89.6006,15.0014],[-89.6142,14.9958],[-89.6188,15.0031],[-89.6034,15.0092],[-89.6035,15.0108],[-89.5741,15.0248],[-89.5722,15.0233],[-89.5726,15.0181],[-89.5708,15.0184],[-89.5695,15.0138],[-89.5986,15.0003],[-89.6006,15.0014]]]},"properties":{"name":"UAV Lidar Survey of a Mellon Farm, near Estanzuela, Guatemala, January 2024","otId":"OTDS.072026.32616.5","doi":"https://doi.org/10.5069/G9CF9NBK","created":"2026-07-22","temporal":"2024-01-23","keywords":"lidar; airborne lidar; UAV; drone; Guatemala; Polochic-Motagua Fault System; active tectonics; tectonic geomorphology; fault scarp; paleoseismology; DTM"}},{"type":"Feature","geometry":{"type":"Polygon","coordinates":[[[-89.6186,14.9958],[-89.6186,15.0242],[-89.5695,15.0242],[-89.5695,14.9958],[-89.6186,14.9958]]]},"properties":{"name":"UAV Lidar Survey of a Mellon Farm, near Estanzuela, Guatemala, January 2024","otId":"OTDS.072026.32616.5","doi":"https://doi.org/10.5069/G9CF9NBK","created":"2026-07-22","temporal":"2024-01-23","keywords":"lidar; airborne lidar; UAV; drone; Guatemala; Polochic-Motagua Fault System; active tectonics; tectonic geomorphology; fault scarp; paleoseismology; DTM"}},{"type":"Feature","geometry":{"type":"Polygon","coordinates":[[[-89.8776,15.3126],[-89.8715,15.3127],[-89.8665,15.3162],[-89.8609,15.3154],[-89.8544,15.318],[-89.8473,15.3181],[-89.8453,15.3199],[-89.8427,15.319],[-89.8423,15.3216],[-89.8443,15.3233],[-89.8439,15.3293],[-89.8485,15.3318],[-89.8505,15.33],[-89.8606,15.3299],[-89.8641,15.3273],[-89.8697,15.3281],[-89.8763,15.3254],[-89.8819,15.3262],[-89.8849,15.3245],[-89.8854,15.3219],[-89.8818,15.3194],[-89.8822,15.3168],[-89.8802,15.3135],[-89.8776,15.3126]]]},"properties":{"name":"UAV Lidar Survey 1 near Santa Catalina La Tinta, Guatemala, January 2024","otId":"OTDS.072026.32616.4","doi":"https://doi.org/10.5069/G9H70D1D","created":"2026-07-22","temporal":"2024-01-26","keywords":"lidar; airborne lidar; UAV; drone; Guatemala; Polochic-Motagua Fault System; active tectonics; tectonic geomorphology; fault scarp; paleoseismology; DTM"}},{"type":"Feature","geometry":{"type":"Polygon","coordinates":[[[-89.8839,15.3133],[-89.8839,15.3311],[-89.8442,15.3311],[-89.8442,15.3133],[-89.8839,15.3133]]]},"properties":{"name":"UAV Lidar Survey 1 near Santa Catalina La Tinta, Guatemala, January 2024","otId":"OTDS.072026.32616.4","doi":"https://doi.org/10.5069/G9H70D1D","created":"2026-07-22","temporal":"2024-01-26","keywords":"lidar; airborne lidar; UAV; drone; Guatemala; Polochic-Motagua Fault System; active tectonics; tectonic geomorphology; fault scarp; paleoseismology; DTM"}},{"type":"Feature","geometry":{"type":"Polygon","coordinates":[[[-88.9042,15.545],[-88.9042,15.5679],[-88.8829,15.5679],[-88.8829,15.545],[-88.9042,15.545]]]},"properties":{"name":"UAV Lidar Survey near Finca del Eden, Guatemala, January 2024","otId":"OTDS.072026.32616.3","doi":"https://doi.org/10.5069/G9N014RQ","created":"2026-07-22","temporal":"2024-01-25","keywords":"lidar; airborne lidar; UAV; drone; Guatemala; Polochic-Motagua Fault System; active tectonics; tectonic geomorphology; fault scarp; paleoseismology; DTM"}},{"type":"Feature","geometry":{"type":"Polygon","coordinates":[[[-88.9035,15.5447],[-88.9006,15.5461],[-88.8955,15.5457],[-88.8942,15.5488],[-88.8919,15.5491],[-88.8828,15.566],[-88.8871,15.5665],[-88.8872,15.568],[-88.89,15.566],[-88.8919,15.5664],[-88.9043,15.5469],[-88.9035,15.5447]]]},"properties":{"name":"UAV Lidar Survey near Finca del Eden, Guatemala, January 2024","otId":"OTDS.072026.32616.3","doi":"https://doi.org/10.5069/G9N014RQ","created":"2026-07-22","temporal":"2024-01-25","keywords":"lidar; airborne lidar; UAV; drone; Guatemala; Polochic-Motagua Fault System; active tectonics; tectonic geomorphology; fault scarp; paleoseismology; DTM"}},{"type":"Feature","geometry":{"type":"Polygon","coordinates":[[[-88.7968,15.4072],[-88.7968,15.4338],[-88.761,15.4338],[-88.761,15.4072],[-88.7968,15.4072]]]},"properties":{"name":"UAV Lidar Survey near Carillabas, Guatemala, January 2024","otId":"OTDS.072026.32616.2","doi":"https://doi.org/10.5069/G9RR1WGR","created":"2026-07-22","temporal":"2024-01-24","keywords":"lidar; airborne lidar; UAV; drone; Guatemala; Polochic-Motagua Fault System; active tectonics; tectonic geomorphology; fault scarp; paleoseismology; DTM"}},{"type":"Feature","geometry":{"type":"Polygon","coordinates":[[[-88.7891,15.4062],[-88.764,15.4209],[-88.7609,15.421],[-88.7605,15.4256],[-88.7645,15.4295],[-88.7645,15.4322],[-88.7688,15.4341],[-88.7692,15.4321],[-88.797,15.418],[-88.7958,15.4121],[-88.7927,15.4121],[-88.7922,15.4075],[-88.7891,15.4062]]]},"properties":{"name":"UAV Lidar Survey near Carillabas, Guatemala, January 2024","otId":"OTDS.072026.32616.2","doi":"https://doi.org/10.5069/G9RR1WGR","created":"2026-07-22","temporal":"2024-01-24","keywords":"lidar; airborne lidar; UAV; drone; Guatemala; Polochic-Motagua Fault System; active tectonics; tectonic geomorphology; fault scarp; paleoseismology; DTM"}},{"type":"Feature","geometry":{"type":"Polygon","coordinates":[[[-90.3246,14.8341],[-90.3265,14.8333],[-90.3302,14.8404],[-90.328,14.8401],[-90.328,14.8432],[-90.3231,14.8459],[-90.3204,14.8451],[-90.3089,14.8475],[-90.3083,14.8464],[-90.2831,14.8511],[-90.2803,14.8501],[-90.2794,14.8475],[-90.2801,14.8424],[-90.2813,14.8434],[-90.3033,14.8396],[-90.307,14.8386],[-90.3075,14.8356],[-90.316,14.8356],[-90.3221,14.8331],[-90.3246,14.8341]]]},"properties":{"name":"UAV Lidar Survey near La Laguna, Guatemala, January 2024","otId":"OTDS.072026.32615.1","doi":"https://doi.org/10.5069/G9WH2N7X","created":"2026-07-22","temporal":"2024-01-21 / 2024-01-22","keywords":"lidar; airborne lidar; UAV; drone; Guatemala; Polochic-Motagua Fault System; active tectonics; tectonic geomorphology; fault scarp; paleoseismology; DTM"}},{"type":"Feature","geometry":{"type":"Polygon","coordinates":[[[-90.3302,14.8333],[-90.3302,14.8508],[-90.2789,14.8508],[-90.2789,14.8333],[-90.3302,14.8333]]]},"properties":{"name":"UAV Lidar Survey near La Laguna, Guatemala, January 2024","otId":"OTDS.072026.32615.1","doi":"https://doi.org/10.5069/G9WH2N7X","created":"2026-07-22","temporal":"2024-01-21 / 2024-01-22","keywords":"lidar; airborne lidar; UAV; drone; Guatemala; Polochic-Motagua Fault System; active tectonics; tectonic geomorphology; fault scarp; paleoseismology; DTM"}},{"type":"Feature","geometry":{"type":"Polygon","coordinates":[[[-89.0557,15.616],[-89.0557,15.6227],[-89.0485,15.6227],[-89.0485,15.616],[-89.0557,15.616]]]},"properties":{"name":"UAV SfM Survey of a Ranch near Costa Del Lago Cocales, Guatemala, 2024","otId":"OTDS.072026.32616.1","doi":"https://doi.org/10.5069/G91834RN","created":"2026-07-21","temporal":"2024-01-29","keywords":"Structure-from-motion; SfM; photogrammetry; UAV; drone; orthophoto; Guatemala; Polochic-Motagua Fault System; active tectonics; tectonic geomorphology"}},{"type":"Feature","geometry":{"type":"Polygon","coordinates":[[[-89.0331,15.5865],[-89.0235,15.6373],[-89.0539,15.6539],[-89.0939,15.6197],[-89.0331,15.5865]]]},"properties":{"name":"UAV SfM Survey of a Ranch near Costa Del Lago Cocales, Guatemala, 2024","otId":"OTDS.072026.32616.1","doi":"https://doi.org/10.5069/G91834RN","created":"2026-07-21","temporal":"2024-01-29","keywords":"Structure-from-motion; SfM; photogrammetry; UAV; drone; orthophoto; Guatemala; Polochic-Motagua Fault System; active tectonics; tectonic geomorphology"}},{"type":"Feature","geometry":{"type":"Polygon","coordinates":[[[-80.449,37.214],[-80.441,37.214],[-80.441,37.203],[-80.449,37.203],[-80.449,37.214]]]},"properties":{"name":"Virginia Tech StREAM Lab Summer 2024 Drone Lidar Survey","otId":"OTDS.062026.6346.3","doi":"https://doi.org/10.5069/G9J67F57","created":"2026-06-22","temporal":"2024-08-07","keywords":"StREAM Lab, Blacksburg, Virginia, floodplain, stream, Stroubles Creek"}},{"type":"Feature","geometry":{"type":"Polygon","coordinates":[[[-80.4465,37.2071],[-80.4452,37.2028],[-80.4471,37.2031],[-80.449,37.2085],[-80.4412,37.2139],[-80.4465,37.2071]]]},"properties":{"name":"Virginia Tech StREAM Lab Summer 2024 Drone Lidar Survey","otId":"OTDS.062026.6346.3","doi":"https://doi.org/10.5069/G9J67F57","created":"2026-06-22","temporal":"2024-08-07","keywords":"StREAM Lab, Blacksburg, Virginia, floodplain, stream, Stroubles Creek"}},{"type":"Feature","geometry":{"type":"Polygon","coordinates":[[[-80.4462,37.2076],[-80.4453,37.2028],[-80.4471,37.203],[-80.4489,37.2084],[-80.4413,37.2139],[-80.4462,37.2076]]]},"properties":{"name":"Virginia Tech StREAM Lab Spring 2026 Drone Lidar Survey","otId":"OTDS.062026.6346.2","doi":"https://doi.org/10.5069/G9NZ85W7","created":"2026-06-22","temporal":"2026-04-23","keywords":"StREAM Lab, Blacksburg, Virginia, floodplain, stream, Stroubles Creek"}},{"type":"Feature","geometry":{"type":"Polygon","coordinates":[[[-80.449,37.214],[-80.441,37.214],[-80.441,37.2029],[-80.449,37.2029],[-80.449,37.214]]]},"properties":{"name":"Virginia Tech StREAM Lab Spring 2026 Drone Lidar Survey","otId":"OTDS.062026.6346.2","doi":"https://doi.org/10.5069/G9NZ85W7","created":"2026-06-22","temporal":"2026-04-23","keywords":"StREAM Lab, Blacksburg, Virginia, floodplain, stream, Stroubles Creek"}},{"type":"Feature","geometry":{"type":"Polygon","coordinates":[[[-80.4461,37.2024],[-80.4447,37.2063],[-80.446,37.2082],[-80.4429,37.2097],[-80.4414,37.2126],[-80.4428,37.2136],[-80.4492,37.2087],[-80.4492,37.2048],[-80.4461,37.2024]]]},"properties":{"name":"Virginia Tech StREAM Lab Fall 2018 Drone Lidar Survey","otId":"OTDS.062026.6346.1","doi":"https://doi.org/10.5069/G9SQ8XN1","created":"2026-06-18","temporal":"2018-10-09","keywords":"StREAM Lab, Blacksburg, Virginia, floodplain, stream, Stroubles Creek"}},{"type":"Feature","geometry":{"type":"Polygon","coordinates":[[[-80.4489,37.2133],[-80.442,37.2133],[-80.442,37.2035],[-80.4489,37.2035],[-80.4489,37.2133]]]},"properties":{"name":"Virginia Tech StREAM Lab Fall 2018 Drone Lidar Survey","otId":"OTDS.062026.6346.1","doi":"https://doi.org/10.5069/G9SQ8XN1","created":"2026-06-18","temporal":"2018-10-09","keywords":"StREAM Lab, Blacksburg, Virginia, floodplain, stream, Stroubles Creek"}},{"type":"Feature","geometry":{"type":"Polygon","coordinates":[[[15.195,38.7892],[15.195,38.8096],[15.2191,38.8096],[15.2191,38.7892],[15.195,38.7892]]]},"properties":{"name":"High-Resolution SfM Topography of Stromboli volcano (Italy), 02 July 2025","otId":"OTDS.052026.32633.1","doi":"https://doi.org/10.5069/G9XG9PD6","created":"2026-05-29","temporal":"2025-07-02","keywords":"Stromboli, Volcano, Structure from Motion, UAS, Italy"}},{"type":"Feature","geometry":{"type":"Polygon","coordinates":[[[-16.7452,64.92],[-16.7452,64.9201],[-16.7448,64.9201],[-16.7448,64.92],[-16.7452,64.92]]]},"properties":{"name":"Backpack LiDAR scans from a sand covered lava margin at Holuhraun (Iceland)","otId":"OTDS.042026.32628.1","doi":"https://doi.org/10.5069/G92805VK","created":"2026-04-29","temporal":"2022-07-24 / 2022-08-01","keywords":"Mobile LiDAR; Planetary analog; Change detection; Holuhraun; Iceland"}},{"type":"Feature","geometry":{"type":"Polygon","coordinates":[[[-16.7482,64.919],[-16.749,64.9201],[-16.7451,64.9211],[-16.7425,64.92],[-16.7482,64.919]]]},"properties":{"name":"Backpack LiDAR scans from a sand covered lava margin at Holuhraun (Iceland)","otId":"OTDS.042026.32628.1","doi":"https://doi.org/10.5069/G92805VK","created":"2026-04-29","temporal":"2022-07-24 / 2022-08-01","keywords":"Mobile LiDAR; Planetary analog; Change detection; Holuhraun; Iceland"}},{"type":"Feature","geometry":{"type":"Polygon","coordinates":[[[-80.4462,37.2026],[-80.4438,37.205],[-80.4462,37.2083],[-80.4417,37.2116],[-80.442,37.214],[-80.4503,37.2083],[-80.4482,37.2036],[-80.4462,37.2026]]]},"properties":{"name":"Virginia Tech StREAM Lab Spring 2017 Drone Lidar Survey","otId":"OTDS.042026.6346.1","doi":"https://doi.org/10.5069/G95X275P","created":"2026-04-21","temporal":"2017-03-17 / 2017-04-05","keywords":"StREAM Lab, Blacksburg, Virginia, floodplain, stream, Stroubles Creek"}},{"type":"Feature","geometry":{"type":"Polygon","coordinates":[[[-80.4489,37.2134],[-80.442,37.2134],[-80.442,37.2034],[-80.4489,37.2034],[-80.4489,37.2134]]]},"properties":{"name":"Virginia Tech StREAM Lab Spring 2017 Drone Lidar Survey","otId":"OTDS.042026.6346.1","doi":"https://doi.org/10.5069/G95X275P","created":"2026-04-21","temporal":"2017-03-17 / 2017-04-05","keywords":"StREAM Lab, Blacksburg, Virginia, floodplain, stream, Stroubles Creek"}},{"type":"Feature","geometry":{"type":"Polygon","coordinates":[[[81.3536,45.0999],[81.3536,45.1576],[81.3766,45.1576],[81.3766,45.0999],[81.3536,45.0999]]]},"properties":{"name":"Survey of Displaced Geomorphic Surfaces of the Bole Fault, China 2024","otId":"OTDS.042026.32644.1","doi":"https://doi.org/10.5069/G9FF3QKW","created":"2026-04-18","temporal":"2024-07-10 / 2024-07-21","keywords":"Bole, thrust fault, anticline, China, piedmont alluvial fan, hydrology"}},{"type":"Feature","geometry":{"type":"Polygon","coordinates":[[[-17.8746,28.61],[-17.8746,28.6187],[-17.8629,28.6187],[-17.8629,28.61],[-17.8746,28.61]]]},"properties":{"name":"Tajogaite cone (La Palma, Spain) SfM DSM - July 2024","otId":"OTDS.022026.4083.6","doi":"https://doi.org/10.5069/G9M61HHW","created":"2026-02-19","temporal":"2024-07-18","keywords":"Tajogaite, Cumbre Vieja, Volcano, Eruption, Canarias, Spain"}},{"type":"Feature","geometry":{"type":"Polygon","coordinates":[[[-17.8746,28.61],[-17.8746,28.6187],[-17.8629,28.6187],[-17.8629,28.61],[-17.8746,28.61]]]},"properties":{"name":"Tajogaite cone (La Palma, Spain) SfM DSM - March 2024","otId":"OTDS.022026.4083.5","doi":"https://doi.org/10.5069/G9QZ286V","created":"2026-02-19","temporal":"2024-03-14","keywords":"Tajogaite, Cumbre Vieja, Volcano, Eruption, Canarias, Spain"}},{"type":"Feature","geometry":{"type":"Polygon","coordinates":[[[-17.8746,28.61],[-17.8746,28.6187],[-17.8629,28.6187],[-17.8629,28.61],[-17.8746,28.61]]]},"properties":{"name":"Tajogaite cone (La Palma, Spain) SfM DSM - August 2023","otId":"OTDS.022026.4083.4","doi":"https://doi.org/10.5069/G9VQ30WQ","created":"2026-02-19","temporal":"2023-08-07","keywords":"Tajogaite, Cumbre Vieja, Volcano, Eruption, Canarias, Spain"}},{"type":"Feature","geometry":{"type":"Polygon","coordinates":[[[-17.8746,28.61],[-17.8746,28.6187],[-17.8629,28.6187],[-17.8629,28.61],[-17.8746,28.61]]]},"properties":{"name":"Tajogaite cone (La Palma, Spain) SfM DSM - June 2023","otId":"OTDS.022026.4083.3","doi":"https://doi.org/10.5069/G90C4T1M","created":"2026-02-19","temporal":"2023-06-25","keywords":"Tajogaite, Cumbre Vieja, Volcano, Eruption, Canarias, Spain"}},{"type":"Feature","geometry":{"type":"Polygon","coordinates":[[[-17.8745,28.6103],[-17.8745,28.6187],[-17.8629,28.6187],[-17.8629,28.6103],[-17.8745,28.6103]]]},"properties":{"name":"Tajogaite cone (La Palma, Spain) SfM DSM - October 2022","otId":"OTDS.022026.4083.2","doi":"https://doi.org/10.5069/G9445JQG","created":"2026-02-19","temporal":"2022-10-07 / 2022-10-12","keywords":"Tajogaite, Cumbre Vieja, Volcano, Eruption, Canarias, Spain"}},{"type":"Feature","geometry":{"type":"Polygon","coordinates":[[[-17.8747,28.6104],[-17.8747,28.6186],[-17.8634,28.6186],[-17.8634,28.6104],[-17.8747,28.6104]]]},"properties":{"name":"Tajogaite cone (La Palma, Spain) SfM DSM - March 2022","otId":"OTDS.022026.4083.1","doi":"https://doi.org/10.5069/G97W69FW","created":"2026-02-19","temporal":"2022-03-18 / 2022-03-21","keywords":"Tajogaite, Cumbre Vieja, Volcano, Eruption, Canarias, Spain"}},{"type":"Feature","geometry":{"type":"Polygon","coordinates":[[[15.2106,38.794],[15.2106,38.7952],[15.2127,38.7952],[15.2127,38.794],[15.2106,38.794]]]},"properties":{"name":"High-Resolution SfM Topography of Stromboli volcano (Italy), 26-27 May 2021","otId":"OTDS.012026.32633.1","doi":"https://doi.org/10.5069/G9HD7SX0","created":"2026-01-12","temporal":"2021-05-26 / 2021-05-27","keywords":"Stromboli, Volcano, Structure from Motion, UAS, Italy"}},{"type":"Feature","geometry":{"type":"MultiPolygon","coordinates":[[[[-113.4008,31.8252],[-113.4185,31.8257],[-113.4185,31.8402],[-113.3649,31.8392],[-113.3649,31.8247],[-113.4008,31.8252]]],[[[-113.4004,31.8405],[-113.4179,31.8407],[-113.4179,31.8553],[-113.3643,31.8543],[-113.3643,31.8397],[-113.4004,31.8405]]],[[[-113.4086,31.8558],[-113.4173,31.8558],[-113.4173,31.8704],[-113.3638,31.8694],[-113.3638,31.8548],[-113.4086,31.8558]]]]},"properties":{"name":"Digital Elevation Model of Crater Elegante, Sonora, Mexico, November 2022","otId":"OTDS.122025.6340.1","doi":"https://doi.org/10.5069/G9N58JM8","created":"2025-12-15","temporal":"2022-11-06","keywords":"Crater Elegante"}},{"type":"Feature","geometry":{"type":"Polygon","coordinates":[[[-113.3985,31.8297],[-113.4079,31.8301],[-113.4084,31.8314],[-113.4074,31.8611],[-113.3889,31.8624],[-113.3738,31.861],[-113.374,31.856],[-113.372,31.8546],[-113.373,31.8302],[-113.3746,31.8269],[-113.3985,31.8297]]]},"properties":{"name":"Digital Elevation Model of Crater Elegante, Sonora, Mexico, November 2022","otId":"OTDS.122025.6340.1","doi":"https://doi.org/10.5069/G9N58JM8","created":"2025-12-15","temporal":"2022-11-06","keywords":"Crater Elegante"}},{"type":"Feature","geometry":{"type":"MultiPolygon","coordinates":[[[[89.5855,43.6559],[89.5855,43.6377],[89.5603,43.6377],[89.5603,43.6559],[89.5855,43.6559]]],[[[89.6459,43.6572],[89.6459,43.6431],[89.6322,43.6431],[89.6322,43.6572],[89.6459,43.6572]]],[[[90.6295,43.7111],[90.6295,43.6959],[90.5966,43.6959],[90.5966,43.7111],[90.6295,43.7111]]],[[[90.49,43.7853],[90.4657,43.7853],[90.4657,43.7995],[90.49,43.7995],[90.49,43.7853]]],[[[90.2791,43.7872],[90.2546,43.7872],[90.2546,43.8111],[90.2791,43.8111],[90.2791,43.7872]]]]},"properties":{"name":"Survey of Displaced Geomorphic Surfaces of the Mulei Fault, China 2024","otId":"OTDS.122025.32646.1","doi":"https://doi.org/10.5069/G9WM1BN7","created":"2025-12-11","temporal":"2024-07-10 / 2024-07-21","keywords":"Mulei Fault; Tian Shan"}},{"type":"Feature","geometry":{"type":"Polygon","coordinates":[[[-111.663,40.5513],[-111.663,40.5606],[-111.6552,40.5606],[-111.6552,40.5513],[-111.663,40.5513]]]},"properties":{"name":"2025 Gad Valley Rock Glacier UAV Lidar Data","otId":"OTDS.102025.32612.3","doi":"https://doi.org/10.5069/G98W3BJT","created":"2025-10-22","temporal":"2025-09-23","keywords":"rock glacier, lidar, utah, wasatch, UAV"}},{"type":"Feature","geometry":{"type":"Polygon","coordinates":[[[-111.6574,40.5562],[-111.66,40.5513],[-111.663,40.5522],[-111.6604,40.5599],[-111.6553,40.5594],[-111.6574,40.5562]]]},"properties":{"name":"2025 Gad Valley Rock Glacier UAV Lidar Data","otId":"OTDS.102025.32612.3","doi":"https://doi.org/10.5069/G98W3BJT","created":"2025-10-22","temporal":"2025-09-23","keywords":"rock glacier, lidar, utah, wasatch, UAV"}},{"type":"Feature","geometry":{"type":"Polygon","coordinates":[[[-111.663,40.5513],[-111.663,40.5606],[-111.6552,40.5606],[-111.6552,40.5513],[-111.663,40.5513]]]},"properties":{"name":"2024 Gad Valley Rock Glacier UAV Lidar Data","otId":"OTDS.102025.32612.2","doi":"https://doi.org/10.5069/G9DN4390","created":"2025-10-22","temporal":"2024-09-24","keywords":"rock glacier, lidar, utah, wasatch, UAV"}},{"type":"Feature","geometry":{"type":"Polygon","coordinates":[[[-111.6576,40.5566],[-111.66,40.5516],[-111.6627,40.5519],[-111.6603,40.5599],[-111.6555,40.5595],[-111.6576,40.5566]]]},"properties":{"name":"2024 Gad Valley Rock Glacier UAV Lidar Data","otId":"OTDS.102025.32612.2","doi":"https://doi.org/10.5069/G9DN4390","created":"2025-10-22","temporal":"2024-09-24","keywords":"rock glacier, lidar, utah, wasatch, UAV"}},{"type":"Feature","geometry":{"type":"Polygon","coordinates":[[[-111.6576,40.5562],[-111.6602,40.5514],[-111.6631,40.5523],[-111.6604,40.5566],[-111.6615,40.5578],[-111.6603,40.5599],[-111.6553,40.5594],[-111.6576,40.5562]]]},"properties":{"name":"2023 Gad Valley Rock Glacier UAV Lidar Data","otId":"OTDS.102025.32612.1","doi":"https://doi.org/10.5069/G9JD4V0W","created":"2025-10-22","temporal":"2023-09-06","keywords":"rock glacier, lidar, utah, wasatch, UAV"}},{"type":"Feature","geometry":{"type":"Polygon","coordinates":[[[-111.663,40.5513],[-111.663,40.5606],[-111.6552,40.5606],[-111.6552,40.5513],[-111.663,40.5513]]]},"properties":{"name":"2023 Gad Valley Rock Glacier UAV Lidar Data","otId":"OTDS.102025.32612.1","doi":"https://doi.org/10.5069/G9JD4V0W","created":"2025-10-22","temporal":"2023-09-06","keywords":"rock glacier, lidar, utah, wasatch, UAV"}},{"type":"Feature","geometry":{"type":"MultiPolygon","coordinates":[[[[82.9782,28.7505],[82.9809,28.7505],[82.9809,28.7488],[82.9782,28.7488],[82.9782,28.7505]]],[[[82.9535,28.7982],[82.9535,28.7918],[82.946,28.7918],[82.946,28.7982],[82.9535,28.7982]]]]},"properties":{"name":"Jang La - Dhaulagiri SW fault (Western Nepal fault system) Survey, Oct 2021","otId":"OTDS.102025.32644.3","doi":"https://doi.org/10.5069/G9P26WCS","created":"2025-10-22","temporal":"2021-10-06 / 2021-10-09","keywords":"Purbang, Pupal Phedi, photogrammetry, drone, active fault, Himalaya"}},{"type":"Feature","geometry":{"type":"MultiPolygon","coordinates":[[[[82.9798,28.7488],[82.9783,28.7503],[82.9809,28.75],[82.9798,28.7488]]],[[[82.9497,28.7922],[82.9481,28.7924],[82.9463,28.7978],[82.9485,28.7985],[82.9531,28.7954],[82.9536,28.7928],[82.9497,28.7922]]]]},"properties":{"name":"Jang La - Dhaulagiri SW fault (Western Nepal fault system) Survey, Oct 2021","otId":"OTDS.102025.32644.3","doi":"https://doi.org/10.5069/G9P26WCS","created":"2025-10-22","temporal":"2021-10-06 / 2021-10-09","keywords":"Purbang, Pupal Phedi, photogrammetry, drone, active fault, Himalaya"}},{"type":"Feature","geometry":{"type":"Polygon","coordinates":[[[83.0268,28.5685],[83.0325,28.5709],[83.0325,28.5737],[83.0291,28.5741],[83.0235,28.5715],[83.0268,28.5685]]]},"properties":{"name":"Dhorpatan fault (Western Nepal fault system) Survey, October 2021","otId":"OTDS.102025.32644.2","doi":"https://doi.org/10.5069/G9ST7N2R","created":"2025-10-22","temporal":"2021-10-22","keywords":"Himalaya, active fault, moraine, Structure-from-Motion, drone"}},{"type":"Feature","geometry":{"type":"Polygon","coordinates":[[[83.0236,28.574],[83.0328,28.574],[83.0328,28.5688],[83.0236,28.5688],[83.0236,28.574]]]},"properties":{"name":"Dhorpatan fault (Western Nepal fault system) Survey, October 2021","otId":"OTDS.102025.32644.2","doi":"https://doi.org/10.5069/G9ST7N2R","created":"2025-10-22","temporal":"2021-10-22","keywords":"Himalaya, active fault, moraine, Structure-from-Motion, drone"}},{"type":"Feature","geometry":{"type":"MultiPolygon","coordinates":[[[[83.1175,28.6533],[83.1222,28.6533],[83.1222,28.6489],[83.1175,28.6489],[83.1175,28.6533]]],[[[83.1113,28.6557],[83.1028,28.6557],[83.1028,28.659],[83.1113,28.659],[83.1113,28.6557]]],[[[83.0939,28.668],[83.1019,28.668],[83.1019,28.6608],[83.0939,28.6608],[83.0939,28.668]]]]},"properties":{"name":"Dhaulagiri Southwest fault (Western Nepal fault system) Survey, Oct 2021","otId":"OTDS.102025.32644.1","doi":"https://doi.org/10.5069/G9XK8CRM","created":"2025-10-21","temporal":"2021-10-15 / 2021-10-17","keywords":"Himalaya, fault, Structure from Motion, UAV"}},{"type":"Feature","geometry":{"type":"MultiPolygon","coordinates":[[[[83.1192,28.6488],[83.1174,28.652],[83.1195,28.6535],[83.1223,28.6504],[83.1192,28.6488]]],[[[83.1099,28.6555],[83.1026,28.6572],[83.1043,28.6593],[83.1078,28.6574],[83.1085,28.6585],[83.1113,28.6573],[83.1099,28.6555]]],[[[83.0997,28.661],[83.0948,28.6629],[83.0949,28.6671],[83.0973,28.6682],[83.101,28.6656],[83.102,28.6626],[83.1013,28.6605],[83.0997,28.661]]]]},"properties":{"name":"Dhaulagiri Southwest fault (Western Nepal fault system) Survey, Oct 2021","otId":"OTDS.102025.32644.1","doi":"https://doi.org/10.5069/G9XK8CRM","created":"2025-10-21","temporal":"2021-10-15 / 2021-10-17","keywords":"Himalaya, fault, Structure from Motion, UAV"}},{"type":"Feature","geometry":{"type":"Polygon","coordinates":[[[-87.8841,43.3393],[-87.8823,43.3479],[-87.8848,43.3408],[-87.8841,43.3393]]]},"properties":{"name":"Survey of Lions Den Gorge Bluff, Wisconsin, April 2022","otId":"OTDS.102025.32616.5","doi":"https://doi.org/10.5069/G92B8W7X","created":"2025-10-15","temporal":"2022-04-25"}},{"type":"Feature","geometry":{"type":"Polygon","coordinates":[[[-87.8858,43.3367],[-87.8858,43.3479],[-87.8822,43.3479],[-87.8822,43.3367],[-87.8858,43.3367]]]},"properties":{"name":"Survey of Lions Den Gorge Bluff, Wisconsin, April 2022","otId":"OTDS.102025.32616.5","doi":"https://doi.org/10.5069/G92B8W7X","created":"2025-10-15","temporal":"2022-04-25"}},{"type":"Feature","geometry":{"type":"Polygon","coordinates":[[[-87.886,43.3483],[-87.8803,43.3483],[-87.8803,43.3361],[-87.886,43.3361],[-87.886,43.3483]]]},"properties":{"name":"Survey of Lions Den Gorge Bluff, Wisconsin, May 2023","otId":"OTDS.102025.32616.4","doi":"https://doi.org/10.5069/G9639MZ7","created":"2025-10-15","temporal":"2023-05-11"}},{"type":"Feature","geometry":{"type":"Polygon","coordinates":[[[-87.8844,43.3363],[-87.8822,43.3482],[-87.8852,43.3394],[-87.8844,43.3363]]]},"properties":{"name":"Survey of Lions Den Gorge Bluff, Wisconsin, May 2023","otId":"OTDS.102025.32616.4","doi":"https://doi.org/10.5069/G9639MZ7","created":"2025-10-15","temporal":"2023-05-11"}},{"type":"Feature","geometry":{"type":"Polygon","coordinates":[[[-87.8857,43.3364],[-87.8857,43.3481],[-87.8822,43.3481],[-87.8822,43.3364],[-87.8857,43.3364]]]},"properties":{"name":"Survey of Lions Den Gorge Bluff, Wisconsin, October 2022","otId":"OTDS.102025.32616.3","doi":"https://doi.org/10.5069/G99W0CQN","created":"2025-10-15","temporal":"2022-10-20"}},{"type":"Feature","geometry":{"type":"Polygon","coordinates":[[[-87.8843,43.3363],[-87.8822,43.3481],[-87.8837,43.3473],[-87.8858,43.3385],[-87.8843,43.3363]]]},"properties":{"name":"Survey of Lions Den Gorge Bluff, Wisconsin, October 2022","otId":"OTDS.102025.32616.3","doi":"https://doi.org/10.5069/G99W0CQN","created":"2025-10-15","temporal":"2022-10-20"}},{"type":"Feature","geometry":{"type":"Polygon","coordinates":[[[-87.8844,43.3363],[-87.8825,43.3468],[-87.8859,43.3383],[-87.8844,43.3363]],[[-87.8852,43.3373],[-87.885,43.3371],[-87.885,43.3374],[-87.8852,43.3373]]]},"properties":{"name":"Survey of Lions Den Gorge Bluff, Wisconsin,  November 2022","otId":"OTDS.102025.32616.2","doi":"https://doi.org/10.5069/G9FN14DX","created":"2025-10-15","temporal":"2022-11-14"}},{"type":"Feature","geometry":{"type":"Polygon","coordinates":[[[-87.8858,43.3364],[-87.8858,43.3468],[-87.8821,43.3468],[-87.8821,43.3364],[-87.8858,43.3364]]]},"properties":{"name":"Survey of Lions Den Gorge Bluff, Wisconsin,  November 2022","otId":"OTDS.102025.32616.2","doi":"https://doi.org/10.5069/G9FN14DX","created":"2025-10-15","temporal":"2022-11-14"}},{"type":"Feature","geometry":{"type":"MultiPolygon","coordinates":[[[[-87.885,43.3365],[-87.8861,43.3372],[-87.8825,43.3464],[-87.885,43.3365]],[[-87.8855,43.3371],[-87.8855,43.3372],[-87.8857,43.3372],[-87.8855,43.3371]],[[-87.8849,43.3375],[-87.8853,43.3372],[-87.885,43.3369],[-87.8849,43.3375]],[[-87.885,43.3388],[-87.8853,43.3388],[-87.8852,43.3386],[-87.885,43.3388]]],[[[-87.8847,43.3419],[-87.8842,43.3418],[-87.8846,43.3418],[-87.8847,43.3419]]],[[[-87.8847,43.3425],[-87.8845,43.3424],[-87.8847,43.3423],[-87.8847,43.3425]]],[[[-87.8846,43.3427],[-87.8843,43.3427],[-87.8843,43.3425],[-87.8846,43.3427]]]]},"properties":{"name":"Survey of Lions Den Gorge Bluff, Wisconsin, October 2023","otId":"OTDS.102025.32616.1","doi":"https://doi.org/10.5069/G9K935ST","created":"2025-10-15","temporal":"2023-10-02"}},{"type":"Feature","geometry":{"type":"Polygon","coordinates":[[[-87.8861,43.3465],[-87.8814,43.3465],[-87.8814,43.3362],[-87.8861,43.3362],[-87.8861,43.3465]]]},"properties":{"name":"Survey of Lions Den Gorge Bluff, Wisconsin, October 2023","otId":"OTDS.102025.32616.1","doi":"https://doi.org/10.5069/G9K935ST","created":"2025-10-15","temporal":"2023-10-02"}},{"type":"Feature","geometry":{"type":"Polygon","coordinates":[[[-117.4826,35.6436],[-117.4826,35.6489],[-117.4764,35.6489],[-117.4764,35.6436],[-117.4826,35.6436]]]},"properties":{"name":"High-Res SfM Topography of a Portion of the 2019 M7.1 Ridgecrest Rupture","otId":"OTDS.092025.32611.1","doi":"https://doi.org/10.5069/G9TT4P5P","created":"2025-09-08","temporal":"2024-04-06","keywords":"Ridgecrest, Structure From Motion, DSM, earthquake"}},{"type":"Feature","geometry":{"type":"MultiPolygon","coordinates":[[[[-111.8524,41.214],[-111.8536,41.2153],[-111.8518,41.2158],[-111.8524,41.214]]],[[[-111.8514,41.2155],[-111.8513,41.2156],[-111.8513,41.2153],[-111.8514,41.2155]]]]},"properties":{"name":"2021 ZigZag Landslide Reconnaissance, Morgan County, Utah","otId":"OTDS.082025.4326.1","doi":"https://doi.org/10.5069/G93B5XC9","created":"2025-08-21","temporal":"2021-11-01"}},{"type":"Feature","geometry":{"type":"Polygon","coordinates":[[[-111.8543,41.2162],[-111.851,41.2162],[-111.851,41.2135],[-111.8543,41.2135],[-111.8543,41.2162]]]},"properties":{"name":"2021 ZigZag Landslide Reconnaissance, Morgan County, Utah","otId":"OTDS.082025.4326.1","doi":"https://doi.org/10.5069/G93B5XC9","created":"2025-08-21","temporal":"2021-11-01"}},{"type":"Feature","geometry":{"type":"Polygon","coordinates":[[[-87.5087,44.2045],[-87.5067,44.2128],[-87.5079,44.2136],[-87.51,44.2054],[-87.5087,44.2045]]]},"properties":{"name":"Survey of Point Beach State Forest, Wisconsin, August 2021","otId":"OTDS.062025.32616.1","doi":"https://doi.org/10.5069/G90K26SB","created":"2025-06-02","temporal":"2021-08-19"}},{"type":"Feature","geometry":{"type":"Polygon","coordinates":[[[-87.5099,44.2046],[-87.5099,44.2135],[-87.5068,44.2135],[-87.5068,44.2046],[-87.5099,44.2046]]]},"properties":{"name":"Survey of Point Beach State Forest, Wisconsin, August 2021","otId":"OTDS.062025.32616.1","doi":"https://doi.org/10.5069/G90K26SB","created":"2025-06-02","temporal":"2021-08-19"}},{"type":"Feature","geometry":{"type":"Polygon","coordinates":[[[-87.5104,44.2133],[-87.5067,44.2133],[-87.5067,44.2029],[-87.5104,44.2029],[-87.5104,44.2133]]]},"properties":{"name":"Survey of Point Beach State Forest, Wisconsin, September 2023","otId":"OTDS.052025.32616.1","doi":"https://doi.org/10.5069/G9833Q7D","created":"2025-05-12","temporal":"2023-09-10"}},{"type":"Feature","geometry":{"type":"Polygon","coordinates":[[[-87.5094,44.2028],[-87.5072,44.2134],[-87.5101,44.2059],[-87.5106,44.2033],[-87.5094,44.2028]]]},"properties":{"name":"Survey of Point Beach State Forest, Wisconsin, September 2023","otId":"OTDS.052025.32616.1","doi":"https://doi.org/10.5069/G9833Q7D","created":"2025-05-12","temporal":"2023-09-10"}},{"type":"Feature","geometry":{"type":"Polygon","coordinates":[[[15.2037,38.7886],[15.2037,38.7993],[15.2188,38.7993],[15.2188,38.7886],[15.2037,38.7886]]]},"properties":{"name":"High-Resolution SfM Topography of Stromboli volcano (Italy), 08 May 2021","otId":"OTDS.032025.32633.1","doi":"https://doi.org/10.5069/G9WS8RGB","created":"2025-03-11","temporal":"2021-05-08","keywords":"Stromboli, Volcano, Structure from Motion, UAS, Italy"}},{"type":"Feature","geometry":{"type":"MultiPolygon","coordinates":[[[[-118.7074,34.151],[-118.4875,34.151],[-118.4875,34.1458],[-118.4291,34.1458],[-118.4291,34.0002],[-118.4875,34.0002],[-118.4875,33.9956],[-118.7074,33.9956],[-118.7074,34.0002],[-118.7108,34.0002],[-118.7108,34.1458],[-118.7074,34.1458],[-118.7074,34.151]]],[[[-117.9992,34.1484],[-118.1932,34.1484],[-118.1932,34.2583],[-117.9992,34.2583],[-117.9992,34.1484]]]]},"properties":{"name":"Topographic differencing spanning the 2025 Palisades and Eaton Fires, LA","otId":"OTDS.022025.32611.1","doi":"https://doi.org/10.5069/G95B00PW","created":"2025-02-06","temporal":"2015-09-27 / 2025-01-22","keywords":"topographic differencing, wildfire, Malibu, Topanga, Santa Monica, Altadena"}},{"type":"Feature","geometry":{"type":"Polygon","coordinates":[[[-84.1765,33.6293],[-84.1728,33.6293],[-84.1728,33.6268],[-84.1765,33.6268],[-84.1765,33.6293]]]},"properties":{"name":"Panola Mountain Research Watershed Outcrop Survey, Georgia, USA, July 2021","otId":"OTDS.022025.32616.1","doi":"https://doi.org/10.5069/G9902209","created":"2025-02-05","temporal":"2021-07-28","keywords":"critical zone, bedrock weathering, outcrop, Panola Mountain"}},{"type":"Feature","geometry":{"type":"Polygon","coordinates":[[[-84.175,33.6267],[-84.1728,33.629],[-84.1759,33.6286],[-84.1765,33.6274],[-84.175,33.6267]]]},"properties":{"name":"Panola Mountain Research Watershed Outcrop Survey, Georgia, USA, July 2021","otId":"OTDS.022025.32616.1","doi":"https://doi.org/10.5069/G9902209","created":"2025-02-05","temporal":"2021-07-28","keywords":"critical zone, bedrock weathering, outcrop, Panola Mountain"}},{"type":"Feature","geometry":{"type":"Polygon","coordinates":[[[15.2066,38.7915],[15.2066,38.7986],[15.215,38.7986],[15.215,38.7915],[15.2066,38.7915]]]},"properties":{"name":"SfM Topography of Stromboli volcano (Italy), 04 July 2024 - crater terrace","otId":"OTDS.012025.32633.1","doi":"https://doi.org/10.5069/G9T151WP","created":"2025-01-02","temporal":"2024-07-04","keywords":"Stromboli, Volcano, Structure from Motion, UAS, Italy"}},{"type":"Feature","geometry":{"type":"Polygon","coordinates":[[[-118.3112,29.0946],[-118.3052,29.094],[-118.2999,29.0892],[-118.3137,29.0803],[-118.3173,29.0819],[-118.3215,29.0805],[-118.3289,29.089],[-118.3236,29.0915],[-118.3241,29.0935],[-118.3218,29.0945],[-118.3225,29.0971],[-118.3241,29.0988],[-118.3278,29.0972],[-118.3415,29.1078],[-118.3445,29.1129],[-118.3415,29.1145],[-118.3391,29.1139],[-118.3356,29.1162],[-118.3305,29.1129],[-118.3264,29.1144],[-118.3214,29.1083],[-118.3236,29.1052],[-118.3216,29.104],[-118.3188,29.1052],[-118.3133,29.1022],[-118.3112,29.0946]]]},"properties":{"name":"Guadalupe Island, Mexico, SfM survey of Cypress forest, June 2019","otId":"OTDS.122024.32611.2","doi":"https://doi.org/10.5069/G92J693D","created":"2024-12-19","temporal":"2019-05-18 / 2019-06-10","keywords":"Guadalupe Island Mexico, Cypress forest, Canopy Height Model"}},{"type":"Feature","geometry":{"type":"Polygon","coordinates":[[[-118.3439,29.1163],[-118.3003,29.1163],[-118.3003,29.0799],[-118.3439,29.0799],[-118.3439,29.1163]]]},"properties":{"name":"Guadalupe Island, Mexico, SfM survey of Cypress forest, June 2019","otId":"OTDS.122024.32611.2","doi":"https://doi.org/10.5069/G92J693D","created":"2024-12-19","temporal":"2019-05-18 / 2019-06-10","keywords":"Guadalupe Island Mexico, Cypress forest, Canopy Height Model"}},{"type":"Feature","geometry":{"type":"MultiPolygon","coordinates":[[[[-118.3341,29.093],[-118.3334,29.0974],[-118.3375,29.0956],[-118.343,29.1026],[-118.3426,29.104],[-118.3468,29.1054],[-118.346,29.1062],[-118.3489,29.108],[-118.3495,29.1093],[-118.3469,29.1111],[-118.347,29.1132],[-118.3498,29.1145],[-118.3498,29.1174],[-118.3481,29.1179],[-118.3485,29.1151],[-118.3412,29.1167],[-118.3389,29.115],[-118.3249,29.1149],[-118.32,29.1102],[-118.3196,29.1058],[-118.3159,29.1058],[-118.3164,29.1044],[-118.313,29.1015],[-118.3087,29.1029],[-118.308,29.1019],[-118.3107,29.1011],[-118.3079,29.1015],[-118.3085,29.0986],[-118.3023,29.1002],[-118.3024,29.0987],[-118.2993,29.0988],[-118.3011,29.0959],[-118.2974,29.097],[-118.3026,29.0844],[-118.3096,29.0846],[-118.3111,29.0826],[-118.3195,29.0816],[-118.3334,29.0815],[-118.3358,29.0854],[-118.334,29.0883],[-118.3341,29.093]],[[-118.3097,29.1019],[-118.3096,29.102],[-118.3099,29.102],[-118.3097,29.1019]],[[-118.3456,29.1064],[-118.3457,29.1064],[-118.3455,29.1064],[-118.3456,29.1064]],[[-118.3022,29.0946],[-118.3014,29.0936],[-118.3011,29.095],[-118.3022,29.0946]],[[-118.3036,29.0976],[-118.3043,29.0984],[-118.3043,29.0967],[-118.3036,29.0976]],[[-118.3025,29.0978],[-118.3022,29.098],[-118.303,29.098],[-118.3025,29.0978]],[[-118.3019,29.0983],[-118.3016,29.0983],[-118.3019,29.0979],[-118.3019,29.0983]],[[-118.312,29.1003],[-118.3116,29.0997],[-118.3112,29.1002],[-118.312,29.1003]],[[-118.3007,29.0929],[-118.3011,29.0929],[-118.3009,29.0925],[-118.3007,29.0929]]],[[[-118.3523,29.1208],[-118.3507,29.1199],[-118.3516,29.1159],[-118.3533,29.1176],[-118.3523,29.1208]]],[[[-118.2991,29.0931],[-118.2977,29.0948],[-118.2993,29.0921],[-118.2991,29.0931]]],[[[-118.2961,29.0953],[-118.2951,29.0951],[-118.2959,29.0938],[-118.2961,29.0953]]]]},"properties":{"name":"Guadalupe Island, Mexico, SfM survey of Cypress Forest, June 2016.","otId":"OTDS.122024.32611.1","doi":"https://doi.org/10.5069/G9668BDD","created":"2024-12-19","temporal":"2016-07-18 / 2016-07-20","keywords":"Guadalupe Island Mexico, Cypress forest, Canopy Height model"}},{"type":"Feature","geometry":{"type":"Polygon","coordinates":[[[-118.2958,29.1212],[-118.2958,29.0807],[-118.3524,29.0807],[-118.3524,29.1212],[-118.2958,29.1212]]]},"properties":{"name":"Guadalupe Island, Mexico, SfM survey of Cypress Forest, June 2016.","otId":"OTDS.122024.32611.1","doi":"https://doi.org/10.5069/G9668BDD","created":"2024-12-19","temporal":"2016-07-18 / 2016-07-20","keywords":"Guadalupe Island Mexico, Cypress forest, Canopy Height model"}},{"type":"Feature","geometry":{"type":"MultiPolygon","coordinates":[[[[-138.5957,63.9964],[-138.5976,63.9954],[-138.6045,63.9982],[-138.5867,64.0065],[-138.568,63.9998],[-138.5739,63.9964],[-138.5717,63.9956],[-138.5746,63.9932],[-138.59,63.9988],[-138.5957,63.9964]],[[-138.6003,63.9997],[-138.6003,63.9993],[-138.5998,63.9996],[-138.6003,63.9997]],[[-138.6024,63.9985],[-138.6014,63.9987],[-138.6035,63.9985],[-138.6024,63.9985]],[[-138.5894,64.0046],[-138.5889,64.0046],[-138.5894,64.0047],[-138.5894,64.0046]]],[[[-138.6099,64.0086],[-138.6185,64.0096],[-138.6323,64.0146],[-138.6264,64.0186],[-138.6047,64.0119],[-138.6099,64.0086]]],[[[-138.5385,63.9842],[-138.5539,63.9896],[-138.5424,63.9959],[-138.5389,63.9955],[-138.5376,63.9947],[-138.5438,63.9908],[-138.5309,63.9862],[-138.5358,63.9832],[-138.5385,63.9842]]]]},"properties":{"name":"Drone lidar surveys of the Tintina Fault, Yukon, Canada, September 2023","otId":"OTDS.112024.3154.1","doi":"https://doi.org/10.5069/G9MG7MR9","created":"2024-11-05","temporal":"2023-09-08 / 2023-09-09","keywords":"drone, lidar, ULS, UAV, tintina fault, yukon"}},{"type":"Feature","geometry":{"type":"MultiPolygon","coordinates":[[[[-138.5543,63.9959],[-138.5302,63.9959],[-138.5302,63.9836],[-138.5543,63.9836],[-138.5543,63.9959]]],[[[-138.5679,64.006],[-138.5679,63.9939],[-138.6048,63.9939],[-138.6048,64.006],[-138.5679,64.006]]],[[[-138.6047,64.0182],[-138.6047,64.0089],[-138.6327,64.0089],[-138.6327,64.0182],[-138.6047,64.0182]]]]},"properties":{"name":"Drone lidar surveys of the Tintina Fault, Yukon, Canada, September 2023","otId":"OTDS.112024.3154.1","doi":"https://doi.org/10.5069/G9MG7MR9","created":"2024-11-05","temporal":"2023-09-08 / 2023-09-09","keywords":"drone, lidar, ULS, UAV, tintina fault, yukon"}},{"type":"Feature","geometry":{"type":"Polygon","coordinates":[[[85.4411,27.8307],[85.4383,27.8307],[85.4383,27.9913],[85.4351,27.9913],[85.4351,28.0235],[85.3815,28.0235],[85.3815,28.153],[85.4351,28.153],[85.4351,28.1756],[85.4455,28.176],[85.4455,28.2802],[85.6072,28.2802],[85.6072,28.176],[85.6139,28.176],[85.6139,28.0172],[85.6159,28.0172],[85.6159,27.9951],[85.6231,27.9951],[85.6231,27.8589],[85.6246,27.8589],[85.6246,27.8003],[85.6749,27.8003],[85.6749,27.786],[85.8475,27.786],[85.8475,27.4166],[85.6497,27.4166],[85.6497,27.6063],[85.5983,27.6063],[85.5983,27.708],[85.4415,27.708],[85.4411,27.8307]]]},"properties":{"name":"Landscape Evolution of the Melamchi Valley, Nepal (2014-2024)","otId":"OTDS.102024.32645.1","doi":"https://doi.org/10.5069/G9R78CFK","created":"2024-10-25","temporal":"2014-11-01 / 2024-01-09","keywords":"Nepal; Melamchi; Flood; DSM"}},{"type":"Feature","geometry":{"type":"Polygon","coordinates":[[[15.193,38.7895],[15.193,38.8106],[15.2172,38.8106],[15.2172,38.7895],[15.193,38.7895]]]},"properties":{"name":"High-Resolution SfM Topography of Stromboli volcano (Italy), 07-08 Oct 2023","otId":"OTDS.092024.32633.5","doi":"https://doi.org/10.5069/G9W0944V","created":"2024-09-20","temporal":"2023-10-07 / 2023-10-08","keywords":"Stromboli, Volcano, Structure from Motion, UAS, Sciara del Fuoco, Italy"}},{"type":"Feature","geometry":{"type":"Polygon","coordinates":[[[15.193,38.7895],[15.193,38.8106],[15.2187,38.8106],[15.2187,38.7895],[15.193,38.7895]]]},"properties":{"name":"High-Resolution SfM Topography of Stromboli volcano (Italy), 22-23 May 2023","otId":"OTDS.092024.32633.4","doi":"https://doi.org/10.5069/G90P0X8K","created":"2024-09-20","temporal":"2023-05-22 / 2023-05-23","keywords":"Stromboli, Volcano, Structure from Motion, UAS, Sciara del Fuoco, Italy"}},{"type":"Feature","geometry":{"type":"Polygon","coordinates":[[[15.1994,38.793],[15.1994,38.8042],[15.2137,38.8042],[15.2137,38.793],[15.1994,38.793]]]},"properties":{"name":"High-Resolution SfM Topography of Stromboli volcano (Italy), 15 Dec 2022","otId":"OTDS.092024.32633.3","doi":"https://doi.org/10.5069/G94F1NZF","created":"2024-09-20","temporal":"2022-12-15","keywords":"Stromboli, Volcano, Structure from Motion, UAS, Sciara del Fuoco, Italy"}},{"type":"Feature","geometry":{"type":"Polygon","coordinates":[[[15.1931,38.7923],[15.1931,38.8105],[15.2166,38.8105],[15.2166,38.7923],[15.1931,38.7923]]]},"properties":{"name":"High-Resolution SfM Topography of Stromboli volcano (Italy), 15 Oct 2022","otId":"OTDS.092024.32633.2","doi":"https://doi.org/10.5069/G9862DP5","created":"2024-09-20","temporal":"2022-10-15","keywords":"Stromboli, Volcano, Structure from Motion, UAS, Sciara del Fuoco, Italy"}},{"type":"Feature","geometry":{"type":"Polygon","coordinates":[[[15.196,38.7921],[15.196,38.8082],[15.2158,38.8082],[15.2158,38.7921],[15.196,38.7921]]]},"properties":{"name":"High-Resolution SfM Topography of Stromboli volcano (Italy), 20 May 2022","otId":"OTDS.092024.32633.1","doi":"https://doi.org/10.5069/G9CZ35DK","created":"2024-09-20","temporal":"2022-05-20","keywords":"Stromboli, Volcano, Structure from Motion, UAS, Sciara del Fuoco, Italy"}},{"type":"Feature","geometry":{"type":"MultiPolygon","coordinates":[[[[81.775,43.579],[81.8019,43.579],[81.8019,43.5597],[81.775,43.5597],[81.775,43.579]]],[[[81.6738,43.6463],[81.6946,43.6463],[81.6946,43.6343],[81.6738,43.6343],[81.6738,43.6463]]]]},"properties":{"name":"Survey of Displaced Geomorphic Surfaces of the Yamadu Fault, China 2022","otId":"OTDS.082024.32644.2","doi":"https://doi.org/10.5069/G9HQ3X5C","created":"2024-08-29","temporal":"2022-07-15 / 2022-07-25","keywords":"Yamadu, Structure from Motion, UAV, piedmont"}},{"type":"Feature","geometry":{"type":"Polygon","coordinates":[[[15.195,38.7914],[15.195,38.8096],[15.2169,38.8096],[15.2169,38.7914],[15.195,38.7914]]]},"properties":{"name":"High-Resolution SfM Topography of Stromboli volcano (Italy), 14 July 2024","otId":"OTDS.082024.32633.3","doi":"https://doi.org/10.5069/G9S75DJH","created":"2024-08-14","temporal":"2024-07-14","keywords":"Stromboli, Volcano, Structure from Motion, UAS, Sciara del Fuoco, Italy"}},{"type":"Feature","geometry":{"type":"Polygon","coordinates":[[[15.2067,38.79],[15.2139,38.7918],[15.2147,38.7952],[15.2188,38.7982],[15.2131,38.8101],[15.205,38.8024],[15.2026,38.8024],[15.1981,38.7984],[15.1928,38.7966],[15.2067,38.79]],[[15.2116,38.7921],[15.2116,38.792],[15.212,38.7921],[15.2116,38.7921]],[[15.2118,38.7937],[15.2119,38.7936],[15.2119,38.7938],[15.2118,38.7937]]]},"properties":{"name":"High-Resolution SfM Topography of Stromboli volcano (Italy), 14 July 2024","otId":"OTDS.082024.32633.3","doi":"https://doi.org/10.5069/G9S75DJH","created":"2024-08-14","temporal":"2024-07-14","keywords":"Stromboli, Volcano, Structure from Motion, UAS, Sciara del Fuoco, Italy"}},{"type":"Feature","geometry":{"type":"Polygon","coordinates":[[[15.195,38.7924],[15.195,38.8096],[15.2159,38.8096],[15.2159,38.7924],[15.195,38.7924]]]},"properties":{"name":"High-Resolution SfM Topography of Stromboli volcano (Italy), 04 July 2024","otId":"OTDS.082024.32633.2","doi":"https://doi.org/10.5069/G9WW7FWN","created":"2024-08-14","temporal":"2024-07-04","keywords":"Stromboli, Volcano, Structure from Motion, UAS, Sciara del Fuoco, Italy"}},{"type":"Feature","geometry":{"type":"Polygon","coordinates":[[[15.2048,38.7915],[15.2083,38.7948],[15.2144,38.7954],[15.2163,38.7974],[15.2151,38.7994],[15.2163,38.8037],[15.2133,38.8102],[15.2056,38.803],[15.1924,38.7964],[15.2048,38.7915]]]},"properties":{"name":"High-Resolution SfM Topography of Stromboli volcano (Italy), 04 July 2024","otId":"OTDS.082024.32633.2","doi":"https://doi.org/10.5069/G9WW7FWN","created":"2024-08-14","temporal":"2024-07-04","keywords":"Stromboli, Volcano, Structure from Motion, UAS, Sciara del Fuoco, Italy"}},{"type":"Feature","geometry":{"type":"MultiPolygon","coordinates":[[[[82.9485,45.6034],[82.9485,45.5766],[82.9108,45.5766],[82.9108,45.6034],[82.9485,45.6034]]],[[[83.5347,45.7535],[83.5347,45.7408],[83.5179,45.7408],[83.5179,45.7535],[83.5347,45.7535]]],[[[83.6214,45.8693],[83.6214,45.8244],[83.5748,45.8244],[83.5748,45.8693],[83.6214,45.8693]]],[[[83.5014,45.8418],[83.4764,45.8418],[83.4764,45.8532],[83.5014,45.8532],[83.5014,45.8418]]],[[[83.7153,45.9839],[83.6895,45.9839],[83.6895,45.9995],[83.7153,45.9995],[83.7153,45.9839]]]]},"properties":{"name":"High-resolution DSMs along the Tuoli fault, West Junggar, China 2021","otId":"OTDS.082024.32644.1","doi":"https://doi.org/10.5069/G91N7ZBH","created":"2024-08-09","temporal":"2021-08-18 / 2021-09-03","keywords":"Tuoli, Junggar, DSM, geomorphology, UAV"}},{"type":"Feature","geometry":{"type":"Polygon","coordinates":[[[15.2087,38.789],[15.2144,38.7903],[15.2192,38.7951],[15.2131,38.8101],[15.2058,38.8033],[15.1925,38.7966],[15.2087,38.789]]]},"properties":{"name":"High-Resolution SfM Topography of Stromboli volcano (Italy), 24 May 2024","otId":"OTDS.082024.32633.1","doi":"https://doi.org/10.5069/G95D8Q27","created":"2024-08-08","temporal":"2024-05-24","keywords":"Stromboli, Volcano, Structure from Motion, UAS, Sciara del Fuoco, Italy"}},{"type":"Feature","geometry":{"type":"Polygon","coordinates":[[[15.1948,38.7896],[15.1948,38.8096],[15.2188,38.8096],[15.2188,38.7896],[15.1948,38.7896]]]},"properties":{"name":"High-Resolution SfM Topography of Stromboli volcano (Italy), 24 May 2024","otId":"OTDS.082024.32633.1","doi":"https://doi.org/10.5069/G95D8Q27","created":"2024-08-08","temporal":"2024-05-24","keywords":"Stromboli, Volcano, Structure from Motion, UAS, Sciara del Fuoco, Italy"}},{"type":"Feature","geometry":{"type":"MultiPolygon","coordinates":[[[[-117.2774,36.0077],[-117.2837,36.0077],[-117.2839,36.0151],[-117.282,36.0165],[-117.2745,36.0165],[-117.2745,36.0104],[-117.2758,36.0078],[-117.2774,36.0077]]],[[[-117.2919,36.0072],[-117.2919,36.0144],[-117.2844,36.0144],[-117.2844,36.0072],[-117.2919,36.0072]]],[[[-117.2823,36.0344],[-117.2807,36.0344],[-117.2807,36.0372],[-117.2735,36.0372],[-117.2735,36.0402],[-117.2594,36.039],[-117.2594,36.0316],[-117.2614,36.0316],[-117.2614,36.0267],[-117.2626,36.0267],[-117.2647,36.0202],[-117.2734,36.0203],[-117.2734,36.026],[-117.2716,36.026],[-117.2716,36.0282],[-117.2692,36.0282],[-117.2689,36.0344],[-117.267,36.0349],[-117.2712,36.0349],[-117.2722,36.0296],[-117.2823,36.0296],[-117.2823,36.0344]]]]},"properties":{"name":"Quaternary surface ruptures surveyed with SfM, Panamint Valley, CA","otId":"OTDS.072024.4326.1","doi":"https://doi.org/10.5069/G9PC30M4","created":"2024-07-03","temporal":"2021-03-22 / 2021-11-14","keywords":"Panamint Valley, transtensional relay, complex faulting, Holocene rupture, Quaternary alluvium, Eastern California Shear Zone"}},{"type":"Feature","geometry":{"type":"Polygon","coordinates":[[[31.034,-22.3206],[31.034,-22.4125],[30.4658,-22.4125],[30.4658,-22.3206],[31.034,-22.3206]]]},"properties":{"name":"Digital Surface Model of the Kruger-Malale Scarp, South Africa, June 2015","otId":"OTDS.052024.2054.1","doi":"https://doi.org/10.5069/G9T43R91","created":"2024-05-28","temporal":"2015-06-24","keywords":"Normal faults. Tectonic geomorphology. Neotectonism"}},{"type":"Feature","geometry":{"type":"MultiPolygon","coordinates":[[[[77.4699,42.8312],[77.4508,42.8268],[77.4424,42.8295],[77.4371,42.8286],[77.4245,42.8308],[77.4178,42.8298],[77.4088,42.8324],[77.3997,42.8328],[77.3916,42.8366],[77.3721,42.8374],[77.3687,42.8359],[77.354,42.8351],[77.3483,42.837],[77.3484,42.8387],[77.3724,42.843],[77.3923,42.8425],[77.4046,42.8417],[77.4176,42.8373],[77.4263,42.8377],[77.4403,42.8352],[77.4523,42.8402],[77.4673,42.8408],[77.4691,42.8416],[77.4688,42.8475],[77.4819,42.8526],[77.487,42.8523],[77.4933,42.8486],[77.4857,42.8306],[77.4699,42.8312]]],[[[77.3575,42.8416],[77.3576,42.8415],[77.3575,42.8415],[77.3575,42.8416]]],[[[77.3574,42.8419],[77.3575,42.8418],[77.3574,42.8418],[77.3574,42.8419]]],[[[77.3578,42.8419],[77.3579,42.8419],[77.3577,42.8419],[77.3578,42.8419]]],[[[77.5421,42.8222],[77.5214,42.826],[77.5022,42.8355],[77.5138,42.8432],[77.5211,42.8383],[77.548,42.8313],[77.5542,42.83],[77.5601,42.8323],[77.5722,42.827],[77.5719,42.8256],[77.5748,42.8244],[77.5756,42.822],[77.5909,42.8174],[77.5938,42.8153],[77.6029,42.8137],[77.6066,42.8154],[77.6099,42.8147],[77.6127,42.8102],[77.6173,42.8072],[77.621,42.8064],[77.6221,42.8085],[77.625,42.8093],[77.6349,42.8085],[77.6372,42.8068],[77.6367,42.7996],[77.6336,42.7961],[77.6287,42.7945],[77.6165,42.7993],[77.6085,42.8046],[77.5955,42.8073],[77.5913,42.8103],[77.5879,42.811],[77.5872,42.8098],[77.5753,42.8125],[77.5495,42.8218],[77.5464,42.8207],[77.5421,42.8222]]],[[[77.5338,42.8359],[77.534,42.8359],[77.534,42.8356],[77.5337,42.8358],[77.5338,42.8359]]],[[[77.5329,42.8363],[77.5331,42.8363],[77.533,42.836],[77.5327,42.8362],[77.5329,42.8363]]],[[[77.5432,42.8333],[77.5432,42.833],[77.5429,42.8332],[77.5432,42.8333]]],[[[77.545,42.8333],[77.545,42.8332],[77.545,42.8332],[77.545,42.8333],[77.545,42.8333]]]]},"properties":{"name":"Surveys of Chon Aksu and Aksu Earthquake Scarps, Kyrgyzstan, 2022","otId":"OTDS.042024.32643.1","doi":"https://doi.org/10.5069/G96D5R6M","created":"2024-04-14","temporal":"2022-07-24 / 2022-07-28","keywords":"fault scarps, Chon Kemin earthquake, earthquake geology"}},{"type":"Feature","geometry":{"type":"MultiPolygon","coordinates":[[[[77.3474,42.828],[77.36,42.828],[77.36,42.8192],[77.3474,42.8192],[77.3474,42.828]]],[[[77.4211,42.8267],[77.3844,42.8275],[77.3844,42.8362],[77.5804,42.8322],[77.5804,42.8235],[77.4211,42.8267]]],[[[77.3478,42.8282],[77.3478,42.837],[77.3726,42.8367],[77.3726,42.828],[77.3478,42.8282]]],[[[77.4337,42.8354],[77.3481,42.8372],[77.3481,42.846],[77.5563,42.8418],[77.5563,42.8331],[77.4337,42.8354]]],[[[77.361,42.855],[77.361,42.8462],[77.3484,42.8462],[77.3484,42.855],[77.361,42.855]]],[[[77.5556,42.8238],[77.6167,42.8224],[77.6167,42.8137],[77.5185,42.8156],[77.5185,42.8243],[77.5556,42.8238]]],[[[77.52,42.8516],[77.52,42.8429],[77.5074,42.8429],[77.5074,42.8516],[77.52,42.8516]]],[[[77.4711,42.8527],[77.4955,42.8521],[77.4955,42.8434],[77.4585,42.8439],[77.4585,42.8527],[77.4711,42.8527]]],[[[77.6155,42.7948],[77.6277,42.7951],[77.6367,42.7945],[77.6155,42.7948]]],[[[77.6155,42.7954],[77.6033,42.7957],[77.6033,42.8044],[77.6371,42.8039],[77.6371,42.7951],[77.6155,42.7954]]],[[[77.6037,42.805],[77.567,42.8055],[77.567,42.8142],[77.6374,42.8129],[77.6374,42.8041],[77.6037,42.805]]]]},"properties":{"name":"Surveys of Chon Aksu and Aksu Earthquake Scarps, Kyrgyzstan, 2022","otId":"OTDS.042024.32643.1","doi":"https://doi.org/10.5069/G96D5R6M","created":"2024-04-14","temporal":"2022-07-24 / 2022-07-28","keywords":"fault scarps, Chon Kemin earthquake, earthquake geology"}},{"type":"Feature","geometry":{"type":"MultiPolygon","coordinates":[[[[82.814,44.1835],[82.814,44.1759],[82.7894,44.1759],[82.7894,44.1835],[82.814,44.1835]]],[[[82.7624,44.2208],[82.7367,44.2208],[82.7367,44.2291],[82.7624,44.2291],[82.7624,44.2208]]],[[[82.7229,44.2431],[82.6716,44.2431],[82.6716,44.2569],[82.7229,44.2569],[82.7229,44.2431]]],[[[82.6911,44.3922],[82.6911,44.4252],[82.7605,44.4252],[82.7605,44.385],[82.7446,44.385],[82.7446,44.3205],[82.6878,44.3205],[82.6878,44.3922],[82.6911,44.3922]]],[[[82.5846,44.4266],[82.5558,44.4266],[82.5558,44.4539],[82.5846,44.4539],[82.5846,44.4266]]]]},"properties":{"name":"The active faults and anticline in the southern Bole Basin, China 2021","otId":"OTDS.042024.32644.1","doi":"https://doi.org/10.5069/G9B56GZC","created":"2024-04-12","temporal":"2021-07-24 / 2021-08-19","keywords":"DSM, fault scarp, alluvial, anticline"}},{"type":"Feature","geometry":{"type":"Polygon","coordinates":[[[13.7724,46.001],[13.7724,46.1402],[14.0128,46.1402],[14.0128,46.001],[13.7724,46.001]]]},"properties":{"name":"Digital Terrain Model of the Idrija Fault in Northwest Slovenia, 2004","otId":"OTDS.032024.32633.1","doi":"https://doi.org/10.5069/G9QC01Q2","created":"2024-03-25","temporal":"2004-05-01 / 2004-05-31","keywords":"Slovenia, Digital Terrain Model, airborne lidar, Idrija, fault"}},{"type":"Feature","geometry":{"type":"Polygon","coordinates":[[[36.5959,27.7307],[36.5959,28.1415],[36.8719,28.1415],[36.8719,27.7307],[36.5959,27.7307]]]},"properties":{"name":"Digital Surface Model of Wadi-al-Akhdar Graben, Saudi Arabia, 2016","otId":"OTDS.032024.32637.1","doi":"https://doi.org/10.5069/G9V40SDZ","created":"2024-03-25","temporal":"2016-05-21 / 2016-11-24","keywords":"graben, Saudi Arabia, SPOT, stereo imagery, digital surface model"}},{"type":"Feature","geometry":{"type":"Polygon","coordinates":[[[73.8015,39.6097],[73.8015,39.6175],[73.8148,39.6192],[73.8148,39.6215],[73.8187,39.6215],[73.8187,39.6269],[73.8263,39.6269],[73.8263,39.6302],[73.8336,39.6302],[73.8336,39.6338],[73.8379,39.6338],[73.8379,39.6407],[73.8454,39.6407],[73.8455,39.6339],[73.8455,39.6407],[73.853,39.6407],[73.8531,39.627],[73.847,39.627],[73.847,39.624],[73.842,39.624],[73.842,39.6186],[73.8368,39.6186],[73.8368,39.6152],[73.8299,39.6152],[73.8299,39.6112],[73.8252,39.6112],[73.8252,39.6064],[73.8211,39.6064],[73.8211,39.6021],[73.8153,39.6021],[73.8153,39.5977],[73.8072,39.5977],[73.8071,39.602],[73.8071,39.5976],[73.7989,39.5976],[73.7989,39.6051],[73.8016,39.6051],[73.8015,39.6097]]]},"properties":{"name":"Survey of the 2008 Nura earthquake surface rupture, Kyrgyzstan, 2018","otId":"OTDS.032024.32643.1","doi":"https://doi.org/10.5069/G9ZW1J4C","created":"2024-03-05","temporal":"2018-07-18 / 2018-07-23","keywords":"surface rupture, flexural-slip faulting, collision zone, Kyrgyzstan, Nura"}},{"type":"Feature","geometry":{"type":"Polygon","coordinates":[[[72.6322,39.5843],[72.6322,39.5977],[72.6627,39.5977],[72.6627,39.5843],[72.6322,39.5843]]]},"properties":{"name":"Koman Fault scarp, central Alai Valley, Kyrgyzstan, August 2017","otId":"OTDS.022024.32643.1","doi":"https://doi.org/10.5069/G9GT5KDV","created":"2024-02-28","temporal":"2017-07-29 / 2017-08-03","keywords":"Fault scarp, Pamir, Alai Valley, Kyrgyzstan"}},{"type":"Feature","geometry":{"type":"MultiPolygon","coordinates":[[[[109.7741,36.1334],[109.9139,36.1334],[109.9139,36.0554],[109.7741,36.0554],[109.7741,36.1334]]],[[[113.1007,38.9132],[113.2284,38.9132],[113.2284,38.8277],[113.1007,38.8277],[113.1007,38.9132]]]]},"properties":{"name":"High Resolution Topography of Wutai Shan and Yingwang Shan, China, 2021","otId":"OTDS.122023.32649.1","doi":"https://doi.org/10.5069/G98C9TGT","created":"2023-12-21","temporal":"2021-04-18 / 2021-04-27","keywords":"Wutai Shan; Yingwang Shan; North China; Drainage divide; Migration rate; Channel head"}},{"type":"Feature","geometry":{"type":"Polygon","coordinates":[[[82.4414,44.3296],[82.4414,44.3922],[82.5021,44.3922],[82.5021,44.3296],[82.4414,44.3296]]]},"properties":{"name":"High Resolution Topography of the Alashak Monocline, northern Tian Shan","otId":"OTDS.112023.32644.1","doi":"https://doi.org/10.5069/G9NK3C7H","created":"2023-11-09","temporal":"2020-09-11 / 2020-09-15"}},{"type":"Feature","geometry":{"type":"MultiPolygon","coordinates":[[[[-138.986,61.3103],[-138.986,61.2925],[-139.0181,61.2925],[-139.0181,61.3103],[-138.986,61.3103]]],[[[-139.123,61.3891],[-139.123,61.3567],[-139.1793,61.3567],[-139.1793,61.3891],[-139.123,61.3891]]],[[[-139.2326,61.4074],[-139.2326,61.4173],[-139.2159,61.4173],[-139.2159,61.4074],[-139.2326,61.4074]]],[[[-139.4438,61.4829],[-139.4438,61.5033],[-139.4026,61.5033],[-139.4026,61.4829],[-139.4438,61.4829]]],[[[-138.1882,60.8928],[-138.1882,60.9087],[-138.1502,60.9087],[-138.1502,60.8928],[-138.1882,60.8928]]],[[[-138.4103,61.0051],[-138.4103,61.0167],[-138.3901,61.0167],[-138.3901,61.0052],[-138.4103,61.0051]]],[[[-138.6903,61.1809],[-138.6903,61.1673],[-138.7136,61.1673],[-138.7136,61.1809],[-138.6903,61.1809]]]]},"properties":{"name":"Drone lidar surveys of the Eastern Denali Fault, Yukon, Sep 2021 & Aug 2022","otId":"OTDS.102023.32608.1","doi":"https://doi.org/10.5069/G998857Q","created":"2023-10-25","temporal":"2021-09-15 / 2022-08-16","keywords":"drone, lidar, fault, glacial, UAV, ULS"}},{"type":"Feature","geometry":{"type":"MultiPolygon","coordinates":[[[[-139.1409,61.3607],[-139.1432,61.3602],[-139.1566,61.3666],[-139.1569,61.3612],[-139.1634,61.3612],[-139.1672,61.3632],[-139.1667,61.369],[-139.1747,61.3715],[-139.1819,61.3763],[-139.174,61.3794],[-139.1772,61.3809],[-139.1707,61.3845],[-139.1735,61.3864],[-139.1701,61.3877],[-139.1472,61.376],[-139.1495,61.3721],[-139.1437,61.3761],[-139.1287,61.3688],[-139.1316,61.3667],[-139.1191,61.3602],[-139.1236,61.3583],[-139.1308,61.362],[-139.13,61.3636],[-139.1316,61.3625],[-139.1347,61.3639],[-139.1409,61.3607]],[[-139.1547,61.37],[-139.1543,61.3702],[-139.1545,61.3702],[-139.1547,61.37]],[[-139.1561,61.3679],[-139.1567,61.3681],[-139.1573,61.3675],[-139.1561,61.3679]]],[[[-139.2221,61.4089],[-139.2334,61.4148],[-139.2285,61.4169],[-139.2144,61.4098],[-139.2191,61.4074],[-139.2221,61.4089]]],[[[-139.4068,61.4848],[-139.4228,61.4903],[-139.4181,61.4932],[-139.4002,61.4868],[-139.4037,61.4842],[-139.4068,61.4848]]],[[[-139.432,61.4907],[-139.446,61.497],[-139.4378,61.5022],[-139.4215,61.4962],[-139.4297,61.4906],[-139.432,61.4907]]],[[[-138.1571,60.8939],[-138.1746,60.8984],[-138.1757,60.8991],[-138.1736,60.9004],[-138.1893,60.9055],[-138.1863,60.9079],[-138.1699,60.9034],[-138.1617,60.908],[-138.1568,60.9067],[-138.1568,60.9049],[-138.1615,60.9023],[-138.1491,60.8991],[-138.1541,60.894],[-138.1571,60.8939]],[[-138.1602,60.8968],[-138.16,60.8969],[-138.1607,60.897],[-138.1602,60.8968]],[[-138.1622,60.8975],[-138.1663,60.8982],[-138.1614,60.8973],[-138.1622,60.8975]],[[-138.1658,60.8976],[-138.1651,60.8972],[-138.1645,60.8973],[-138.1658,60.8976]],[[-138.1616,60.8981],[-138.1631,60.8985],[-138.161,60.8976],[-138.1616,60.8981]]],[[[-138.3958,61.0061],[-138.4113,61.0139],[-138.4064,61.0164],[-138.403,61.0163],[-138.4045,61.0149],[-138.3891,61.0075],[-138.3912,61.0055],[-138.3958,61.0061]]],[[[-138.6993,61.1692],[-138.7152,61.1775],[-138.707,61.1806],[-138.6888,61.1715],[-138.6964,61.1676],[-138.6993,61.1692]]],[[[-138.9919,61.2936],[-139.0058,61.2982],[-139.0047,61.3001],[-139.0199,61.3073],[-139.0159,61.3094],[-139.0002,61.3021],[-138.9928,61.3012],[-138.9843,61.2971],[-138.9919,61.2936]]]]},"properties":{"name":"Drone lidar surveys of the Eastern Denali Fault, Yukon, Sep 2021 & Aug 2022","otId":"OTDS.102023.32608.1","doi":"https://doi.org/10.5069/G998857Q","created":"2023-10-25","temporal":"2021-09-15 / 2022-08-16","keywords":"drone, lidar, fault, glacial, UAV, ULS"}},{"type":"Feature","geometry":{"type":"Polygon","coordinates":[[[76.592,42.8623],[76.5996,42.8648],[76.601,42.8659],[76.6004,42.8675],[76.5921,42.8666],[76.5905,42.8634],[76.592,42.8623]]]},"properties":{"name":"Survey of a subtle scarp at Chon Kemin, Kyrgyzstan, July 2019","otId":"OTDS.102023.32643.4","doi":"https://doi.org/10.5069/G9F18WX6","created":"2023-10-24","temporal":"2019-07-04","keywords":"Chon Kemin"}},{"type":"Feature","geometry":{"type":"Polygon","coordinates":[[[76.589,42.8694],[76.6035,42.8694],[76.6035,42.8617],[76.589,42.8617],[76.589,42.8694]]]},"properties":{"name":"Survey of a subtle scarp at Chon Kemin, Kyrgyzstan, July 2019","otId":"OTDS.102023.32643.4","doi":"https://doi.org/10.5069/G9F18WX6","created":"2023-10-24","temporal":"2019-07-04","keywords":"Chon Kemin"}},{"type":"Feature","geometry":{"type":"Polygon","coordinates":[[[76.564,42.8627],[76.5807,42.8627],[76.5807,42.8538],[76.564,42.8538],[76.564,42.8627]]]},"properties":{"name":"Survey of a prominent thrust scarp at Chon Kemin, Kyrgyzstan, July 2019","otId":"OTDS.102023.32643.3","doi":"https://doi.org/10.5069/G9JS9NNM","created":"2023-10-24","temporal":"2019-07-04","keywords":"Chon Kemin"}},{"type":"Feature","geometry":{"type":"Polygon","coordinates":[[[76.5678,42.8545],[76.5786,42.8577],[76.5791,42.8596],[76.5758,42.8614],[76.5694,42.8601],[76.5653,42.8578],[76.5678,42.8545]]]},"properties":{"name":"Survey of a prominent thrust scarp at Chon Kemin, Kyrgyzstan, July 2019","otId":"OTDS.102023.32643.3","doi":"https://doi.org/10.5069/G9JS9NNM","created":"2023-10-24","temporal":"2019-07-04","keywords":"Chon Kemin"}},{"type":"Feature","geometry":{"type":"Polygon","coordinates":[[[-115.8564,50.2963],[-115.8365,50.2963],[-115.8365,50.2591],[-115.8564,50.2591],[-115.8564,50.2963]]]},"properties":{"name":"Drone lidar survey of the eastern shore of Columbia Lake, East Kootenays","otId":"OTDS.102023.2955.1","doi":"https://doi.org/10.5069/G9PK0DCW","created":"2023-10-24","temporal":"2022-10-13 / 2022-10-15","keywords":"drone, lidar, fault, alluvial fan, ULS, UAV"}},{"type":"Feature","geometry":{"type":"Polygon","coordinates":[[[-115.8412,50.2749],[-115.8399,50.2708],[-115.8369,50.2706],[-115.8376,50.2594],[-115.8467,50.259],[-115.8483,50.2597],[-115.848,50.2663],[-115.8502,50.2677],[-115.8534,50.2843],[-115.8552,50.2853],[-115.8545,50.2965],[-115.8435,50.2962],[-115.8406,50.2936],[-115.8398,50.2903],[-115.8447,50.286],[-115.8412,50.2749]]]},"properties":{"name":"Drone lidar survey of the eastern shore of Columbia Lake, East Kootenays","otId":"OTDS.102023.2955.1","doi":"https://doi.org/10.5069/G9PK0DCW","created":"2023-10-24","temporal":"2022-10-13 / 2022-10-15","keywords":"drone, lidar, fault, alluvial fan, ULS, UAV"}},{"type":"Feature","geometry":{"type":"MultiPolygon","coordinates":[[[[-123.8808,48.6217],[-123.8499,48.6217],[-123.8499,48.6119],[-123.8808,48.6119],[-123.8808,48.6217]]],[[[-123.8378,48.6289],[-123.8132,48.6289],[-123.8132,48.6201],[-123.8378,48.6201],[-123.8378,48.6289]]]]},"properties":{"name":"Drone lidar survey of the San Juan Fault, Vancouver Island, September 2022","otId":"OTDS.102023.3157.2","doi":"https://doi.org/10.5069/G9TB1542","created":"2023-10-24","temporal":"2022-09-13 / 2022-09-14","keywords":"fault, drone, lidar, glacial, UAV, ULS"}},{"type":"Feature","geometry":{"type":"MultiPolygon","coordinates":[[[[-123.8798,48.612],[-123.8814,48.6169],[-123.8803,48.6187],[-123.8518,48.622],[-123.8497,48.6193],[-123.8498,48.6152],[-123.8798,48.612]]],[[[-123.8362,48.6201],[-123.838,48.6244],[-123.837,48.6261],[-123.8176,48.6292],[-123.8133,48.6276],[-123.8138,48.6227],[-123.8255,48.6202],[-123.8362,48.6201]]]]},"properties":{"name":"Drone lidar survey of the San Juan Fault, Vancouver Island, September 2022","otId":"OTDS.102023.3157.2","doi":"https://doi.org/10.5069/G9TB1542","created":"2023-10-24","temporal":"2022-09-13 / 2022-09-14","keywords":"fault, drone, lidar, glacial, UAV, ULS"}},{"type":"Feature","geometry":{"type":"Polygon","coordinates":[[[-123.3862,48.5267],[-123.387,48.5246],[-123.3883,48.5249],[-123.3862,48.5267]]]},"properties":{"name":"Drone lidar and SfM survey of the XEOLXELEK-Elk Lake Fault, May 2021","otId":"OTDS.102023.3157.1","doi":"https://doi.org/10.5069/G92V2DBC","created":"2023-10-23","temporal":"2021-05-04 / 2021-05-17","keywords":"drone, lidar, ULS, SfM, paleoseismology, fault"}},{"type":"Feature","geometry":{"type":"Polygon","coordinates":[[[-123.3883,48.5252],[-123.3883,48.5264],[-123.3867,48.5264],[-123.3867,48.5252],[-123.3883,48.5252]]]},"properties":{"name":"Drone lidar and SfM survey of the XEOLXELEK-Elk Lake Fault, May 2021","otId":"OTDS.102023.3157.1","doi":"https://doi.org/10.5069/G92V2DBC","created":"2023-10-23","temporal":"2021-05-04 / 2021-05-17","keywords":"drone, lidar, ULS, SfM, paleoseismology, fault"}},{"type":"Feature","geometry":{"type":"MultiPolygon","coordinates":[[[[77.3915,42.8413],[77.3915,42.838],[77.3834,42.838],[77.3834,42.8413],[77.3915,42.8413]]],[[[77.4002,42.8422],[77.4002,42.8379],[77.3919,42.8379],[77.3919,42.8422],[77.4002,42.8422]]]]},"properties":{"name":"Survey of scarps near the Lower Lake at Chon Aksu, Kyrgyzstan, July 2019","otId":"OTDS.102023.32643.2","doi":"https://doi.org/10.5069/G96H4FNC","created":"2023-10-20","temporal":"2019-07-02","keywords":"Chon Aksu"}},{"type":"Feature","geometry":{"type":"MultiPolygon","coordinates":[[[[77.3858,42.8387],[77.385,42.8403],[77.3905,42.8407],[77.3901,42.8385],[77.3858,42.8387]]],[[[77.3971,42.8389],[77.3931,42.8393],[77.3933,42.8411],[77.3961,42.8419],[77.399,42.8404],[77.3971,42.8389]]]]},"properties":{"name":"Survey of scarps near the Lower Lake at Chon Aksu, Kyrgyzstan, July 2019","otId":"OTDS.102023.32643.2","doi":"https://doi.org/10.5069/G96H4FNC","created":"2023-10-20","temporal":"2019-07-02","keywords":"Chon Aksu"}},{"type":"Feature","geometry":{"type":"Polygon","coordinates":[[[77.5143,42.8337],[77.5158,42.836],[77.5132,42.8397],[77.5082,42.8393],[77.5107,42.8377],[77.5118,42.8345],[77.5143,42.8337]]]},"properties":{"name":"Survey of a scarp on a fan near Chon Aksu, Kyrgyzstan, July 2019","otId":"OTDS.102023.32643.1","doi":"https://doi.org/10.5069/G9B856BN","created":"2023-10-18","temporal":"2019-07-02"}},{"type":"Feature","geometry":{"type":"Polygon","coordinates":[[[77.5071,42.842],[77.5179,42.842],[77.5179,42.833],[77.5071,42.833],[77.5071,42.842]]]},"properties":{"name":"Survey of a scarp on a fan near Chon Aksu, Kyrgyzstan, July 2019","otId":"OTDS.102023.32643.1","doi":"https://doi.org/10.5069/G9B856BN","created":"2023-10-18","temporal":"2019-07-02"}},{"type":"Feature","geometry":{"type":"MultiPolygon","coordinates":[[[[-116.9303,34.0577],[-116.932,34.0594],[-116.9307,34.0607],[-116.9284,34.0592],[-116.9303,34.0577]]],[[[-116.9323,34.0626],[-116.9357,34.0627],[-116.9362,34.0647],[-116.9347,34.0662],[-116.9282,34.0642],[-116.9288,34.0616],[-116.9323,34.0626]]],[[[-116.9657,34.0775],[-116.963,34.0778],[-116.9652,34.0764],[-116.9657,34.0775]]],[[[-116.9803,34.0805],[-116.9794,34.0825],[-116.9773,34.0817],[-116.979,34.0797],[-116.9803,34.0805]]],[[[-116.9835,34.0823],[-116.9843,34.0855],[-116.9802,34.0861],[-116.9805,34.0839],[-116.9821,34.0838],[-116.9818,34.0818],[-116.9835,34.0823]],[[-116.9824,34.0839],[-116.9824,34.0839],[-116.9824,34.0839],[-116.9824,34.0839]]],[[[-116.9824,34.0893],[-116.983,34.0918],[-116.9793,34.0909],[-116.98,34.0891],[-116.9824,34.0893]]]]},"properties":{"name":"UAV surveys of Yucaipa Ridge, CA catchments after the 2020 El Dorado Fire","otId":"OTDS.102023.6340.2","doi":"https://doi.org/10.5069/G9V9869B","created":"2023-10-06","temporal":"2020-11-17 / 2020-11-22","keywords":"cliffs, wildfire, debris flow, landslide"}},{"type":"Feature","geometry":{"type":"MultiPolygon","coordinates":[[[[-116.9284,34.0577],[-116.9319,34.0577],[-116.9319,34.0606],[-116.9284,34.0606],[-116.9284,34.0577]]],[[[-116.9286,34.0619],[-116.9361,34.0625],[-116.9361,34.0659],[-116.9286,34.0645],[-116.9286,34.0619]]],[[[-116.9631,34.0765],[-116.966,34.0765],[-116.966,34.0784],[-116.9631,34.0784],[-116.9631,34.0765]]],[[[-116.9776,34.0801],[-116.9806,34.0801],[-116.9806,34.0825],[-116.9776,34.0825],[-116.9776,34.0801]]],[[[-116.984,34.0817],[-116.9843,34.0862],[-116.9803,34.0862],[-116.9813,34.0817],[-116.984,34.0817]]],[[[-116.9794,34.0888],[-116.9835,34.0888],[-116.9835,34.092],[-116.9794,34.092],[-116.9794,34.0888]]]]},"properties":{"name":"UAV surveys of Yucaipa Ridge, CA catchments after the 2020 El Dorado Fire","otId":"OTDS.102023.6340.2","doi":"https://doi.org/10.5069/G9V9869B","created":"2023-10-06","temporal":"2020-11-17 / 2020-11-22","keywords":"cliffs, wildfire, debris flow, landslide"}},{"type":"Feature","geometry":{"type":"MultiPolygon","coordinates":[[[[-116.9327,34.0653],[-116.9327,34.0631],[-116.9354,34.0631],[-116.9354,34.0653],[-116.9327,34.0653]]],[[[-116.9345,34.0718],[-116.9393,34.0718],[-116.9393,34.0759],[-116.9345,34.0759],[-116.9345,34.0718]]],[[[-116.9611,34.0766],[-116.9665,34.0766],[-116.9665,34.0801],[-116.9611,34.0801],[-116.9611,34.0766]]],[[[-116.9502,34.0836],[-116.9502,34.0789],[-116.9555,34.0789],[-116.9555,34.0836],[-116.9502,34.0836]]],[[[-116.9825,34.0827],[-116.9838,34.0827],[-116.9838,34.0838],[-116.9825,34.0838],[-116.9825,34.0827]]],[[[-116.9794,34.0892],[-116.9836,34.0892],[-116.9836,34.092],[-116.9794,34.092],[-116.9794,34.0892]]]]},"properties":{"name":"UAV surveys of Yucaipa Ridge, CA, watersheds (2018) prior to El Dorado Fire","otId":"OTDS.102023.6340.1","doi":"https://doi.org/10.5069/G9028PRS","created":"2023-10-06","temporal":"2018-08-18 / 2018-09-05","keywords":"cliffs, wildfire, debris flow, landslide, forest"}},{"type":"Feature","geometry":{"type":"MultiPolygon","coordinates":[[[[-116.9341,34.0632],[-116.9354,34.0646],[-116.9327,34.065],[-116.9341,34.0632]]],[[[-116.9391,34.0729],[-116.9385,34.076],[-116.9342,34.0747],[-116.9357,34.0716],[-116.9391,34.0729]]],[[[-116.9666,34.0769],[-116.9665,34.0803],[-116.961,34.0793],[-116.9613,34.077],[-116.9666,34.0769]]],[[[-116.9538,34.0796],[-116.9558,34.0816],[-116.9548,34.083],[-116.9523,34.0838],[-116.9504,34.0826],[-116.9504,34.0796],[-116.9538,34.0796]]],[[[-116.9833,34.0838],[-116.9823,34.0833],[-116.9833,34.0826],[-116.9833,34.0838]]],[[[-116.9829,34.0898],[-116.9838,34.0909],[-116.9824,34.0918],[-116.9793,34.0919],[-116.98,34.0892],[-116.9829,34.0898]]]]},"properties":{"name":"UAV surveys of Yucaipa Ridge, CA, watersheds (2018) prior to El Dorado Fire","otId":"OTDS.102023.6340.1","doi":"https://doi.org/10.5069/G9028PRS","created":"2023-10-06","temporal":"2018-08-18 / 2018-09-05","keywords":"cliffs, wildfire, debris flow, landslide, forest"}},{"type":"Feature","geometry":{"type":"Polygon","coordinates":[[[49.0646,39.5879],[49.0657,39.591],[49.0625,39.5935],[49.0604,39.5932],[49.0646,39.5879]]]},"properties":{"name":"Survey of the Salyan region, Azerbaijan 2022","otId":"OTDS.092023.32638.2","doi":"https://doi.org/10.5069/G9C827HG","created":"2023-09-25","temporal":"2022-05-10"}},{"type":"Feature","geometry":{"type":"Polygon","coordinates":[[[49.0686,39.595],[49.0686,39.5869],[49.0581,39.5869],[49.0581,39.595],[49.0686,39.595]]]},"properties":{"name":"Survey of the Salyan region, Azerbaijan 2022","otId":"OTDS.092023.32638.2","doi":"https://doi.org/10.5069/G9C827HG","created":"2023-09-25","temporal":"2022-05-10"}},{"type":"Feature","geometry":{"type":"Polygon","coordinates":[[[76.4725,42.1219],[76.4867,42.1225],[76.4946,42.1249],[76.4952,42.1271],[76.4936,42.1312],[76.4904,42.1319],[76.4852,42.1287],[76.4684,42.1271],[76.4693,42.1234],[76.4725,42.1219]]]},"properties":{"name":"Survey of a reverse fault at Ala-Bash, Kyrgyzstan, 2022","otId":"OTDS.092023.32643.1","doi":"https://doi.org/10.5069/G9MS3R0P","created":"2023-09-25","temporal":"2022-07-14 / 2022-07-17"}},{"type":"Feature","geometry":{"type":"Polygon","coordinates":[[[76.4636,42.1188],[76.4636,42.1334],[76.5006,42.1333],[76.5006,42.1184],[76.4636,42.1188]]]},"properties":{"name":"Survey of a reverse fault at Ala-Bash, Kyrgyzstan, 2022","otId":"OTDS.092023.32643.1","doi":"https://doi.org/10.5069/G9MS3R0P","created":"2023-09-25","temporal":"2022-07-14 / 2022-07-17"}},{"type":"Feature","geometry":{"type":"Polygon","coordinates":[[[79.4116,43.5398],[79.4116,43.5477],[79.4268,43.5477],[79.4268,43.5398],[79.4116,43.5398]]]},"properties":{"name":"Survey of the Shonzhy region, Kazakhstan, 2015","otId":"OTDS.082023.32644.2","doi":"https://doi.org/10.5069/G9D798N9","created":"2023-08-22","temporal":"2015-08-22"}},{"type":"Feature","geometry":{"type":"MultiPolygon","coordinates":[[[[79.4242,43.5397],[79.4177,43.5403],[79.4112,43.544],[79.4139,43.5456],[79.4148,43.5486],[79.4238,43.5471],[79.4292,43.5439],[79.4278,43.5412],[79.4242,43.5397]],[[79.4195,43.5466],[79.4198,43.5468],[79.4194,43.5468],[79.4195,43.5466]]],[[[79.4247,43.5463],[79.4248,43.5463],[79.4248,43.5462],[79.4247,43.5462],[79.4247,43.5463]]],[[[79.4248,43.5465],[79.4254,43.5464],[79.4252,43.5462],[79.4248,43.5465]]]]},"properties":{"name":"Survey of the Shonzhy region, Kazakhstan, 2015","otId":"OTDS.082023.32644.2","doi":"https://doi.org/10.5069/G9D798N9","created":"2023-08-22","temporal":"2015-08-22"}},{"type":"Feature","geometry":{"type":"Polygon","coordinates":[[[79.1811,44.34],[79.1915,44.3414],[79.1925,44.3428],[79.1907,44.3443],[79.1937,44.3451],[79.1938,44.3472],[79.1983,44.3495],[79.2209,44.3519],[79.2277,44.3577],[79.2346,44.3557],[79.2436,44.3568],[79.2473,44.3594],[79.255,44.3587],[79.2614,44.3616],[79.2659,44.3611],[79.2731,44.3639],[79.2795,44.3687],[79.2932,44.3657],[79.3077,44.369],[79.311,44.3713],[79.3168,44.3695],[79.3196,44.3724],[79.3159,44.3753],[79.3103,44.3724],[79.2935,44.3682],[79.2772,44.3712],[79.268,44.3648],[79.2609,44.3641],[79.2567,44.3618],[79.2454,44.3616],[79.2431,44.3597],[79.2358,44.3584],[79.2289,44.3608],[79.2249,44.36],[79.2221,44.3578],[79.2226,44.3565],[79.2137,44.3547],[79.2113,44.3527],[79.2018,44.3545],[79.1878,44.3491],[79.1886,44.3471],[79.1846,44.3481],[79.185,44.347],[79.1818,44.3453],[79.1738,44.3442],[79.1811,44.34]]]},"properties":{"name":"Survey 2 of the petroglyph scarps on NW of Ili Basin, Kazakhstan, July 2014","otId":"OTDS.082023.32644.1","doi":"https://doi.org/10.5069/G91Z42M9","created":"2023-08-11","temporal":"2014-07-25"}},{"type":"Feature","geometry":{"type":"Polygon","coordinates":[[[79.1388,44.3751],[79.3193,44.3757],[79.319,44.3386],[79.1388,44.3386],[79.1388,44.3751]]]},"properties":{"name":"Survey 2 of the petroglyph scarps on NW of Ili Basin, Kazakhstan, July 2014","otId":"OTDS.082023.32644.1","doi":"https://doi.org/10.5069/G91Z42M9","created":"2023-08-11","temporal":"2014-07-25"}},{"type":"Feature","geometry":{"type":"MultiPolygon","coordinates":[[[[76.1847,41.9435],[76.1833,41.9439],[76.1843,41.946],[76.1916,41.9461],[76.1903,41.9434],[76.1847,41.9435]]],[[[76.2144,41.9437],[76.2121,41.9442],[76.2129,41.9472],[76.2227,41.9495],[76.2294,41.948],[76.2377,41.9485],[76.2388,41.9468],[76.2386,41.9455],[76.2343,41.9445],[76.2267,41.9457],[76.2144,41.9437]]]]},"properties":{"name":"Survey of the range front fault in Karakudzhur, Kyrgyzstan, 2018","otId":"OTDS.082023.32643.4","doi":"https://doi.org/10.5069/G99G5K1X","created":"2023-08-09","temporal":"2018-07-12 / 2018-07-19"}},{"type":"Feature","geometry":{"type":"MultiPolygon","coordinates":[[[[76.1828,41.9472],[76.1927,41.9472],[76.1927,41.9428],[76.1828,41.9428],[76.1828,41.9472]]],[[[76.2103,41.9507],[76.2417,41.9507],[76.2417,41.9436],[76.2103,41.9436],[76.2103,41.9507]]]]},"properties":{"name":"Survey of the range front fault in Karakudzhur, Kyrgyzstan, 2018","otId":"OTDS.082023.32643.4","doi":"https://doi.org/10.5069/G99G5K1X","created":"2023-08-09","temporal":"2018-07-12 / 2018-07-19"}},{"type":"Feature","geometry":{"type":"MultiPolygon","coordinates":[[[[76.049,42.4095],[76.0472,42.4103],[76.0469,42.4138],[76.0565,42.4134],[76.0557,42.4091],[76.049,42.4095]]],[[[76.0678,42.4076],[76.0647,42.4087],[76.0648,42.411],[76.062,42.4137],[76.0574,42.4156],[76.0575,42.4176],[76.0624,42.4175],[76.0697,42.414],[76.0706,42.4081],[76.0678,42.4076]]],[[[75.8879,42.4516],[75.8831,42.4537],[75.8838,42.4576],[75.8917,42.4534],[75.8908,42.4502],[75.8879,42.4516]]],[[[76.436,42.6577],[76.4349,42.6581],[76.4379,42.6604],[76.4374,42.662],[76.4407,42.6638],[76.4437,42.664],[76.4456,42.6663],[76.453,42.6669],[76.4532,42.6653],[76.4485,42.6605],[76.4449,42.6596],[76.4425,42.6571],[76.4376,42.6565],[76.436,42.6577]]]]},"properties":{"name":"Survey of the fault traces in the NW of Issyk-Kul, Kyrgyzstan, 2017 & 2018","otId":"OTDS.082023.32643.3","doi":"https://doi.org/10.5069/G9F769SP","created":"2023-08-09","temporal":"2017-07-13 / 2018-07-19"}},{"type":"Feature","geometry":{"type":"MultiPolygon","coordinates":[[[[75.8781,42.4601],[75.8962,42.4601],[75.8962,42.4473],[75.8781,42.4473],[75.8781,42.4601]]],[[[76.4308,42.6707],[76.4578,42.6707],[76.4578,42.6538],[76.4308,42.6538],[76.4308,42.6707]]]]},"properties":{"name":"Survey of the fault traces in the NW of Issyk-Kul, Kyrgyzstan, 2017 & 2018","otId":"OTDS.082023.32643.3","doi":"https://doi.org/10.5069/G9F769SP","created":"2023-08-09","temporal":"2017-07-13 / 2018-07-19"}},{"type":"Feature","geometry":{"type":"MultiPolygon","coordinates":[[[[76.4136,41.1906],[76.4113,41.2004],[76.4341,41.2165],[76.444,41.2098],[76.426,41.1872],[76.4136,41.1906]]],[[[76.1572,41.26],[76.1562,41.2613],[76.1586,41.2651],[76.1667,41.265],[76.1658,41.2604],[76.1572,41.26]]],[[[76.1899,41.2588],[76.1798,41.2591],[76.1808,41.2631],[76.1881,41.2671],[76.1955,41.2679],[76.1991,41.2657],[76.2,41.2587],[76.1899,41.2588]]]]},"properties":{"name":"Survey of the fault scarps in At-Bashi, Kyrgyzstan, 2017 and 2018","otId":"OTDS.082023.32643.2","doi":"https://doi.org/10.5069/G9K072GZ","created":"2023-08-09","temporal":"2017-07-13 / 2018-07-19"}},{"type":"Feature","geometry":{"type":"MultiPolygon","coordinates":[[[[76.4418,41.216],[76.4418,41.1915],[76.414,41.1915],[76.414,41.216],[76.4418,41.216]]],[[[76.1697,41.2672],[76.1697,41.2588],[76.1548,41.2588],[76.1548,41.2672],[76.1697,41.2672]]],[[[76.2033,41.2699],[76.2033,41.257],[76.1784,41.257],[76.1784,41.2699],[76.2033,41.2699]]]]},"properties":{"name":"Survey of the fault scarps in At-Bashi, Kyrgyzstan, 2017 and 2018","otId":"OTDS.082023.32643.2","doi":"https://doi.org/10.5069/G9K072GZ","created":"2023-08-09","temporal":"2017-07-13 / 2018-07-19"}},{"type":"Feature","geometry":{"type":"MultiPolygon","coordinates":[[[[76.2458,41.4608],[76.2458,41.4556],[76.2285,41.4556],[76.2285,41.4608],[76.2458,41.4608]]],[[[76.3043,41.4689],[76.3043,41.46],[76.2897,41.46],[76.2897,41.4689],[76.3043,41.4689]]],[[[76.3761,41.4795],[76.3761,41.4762],[76.3644,41.4762],[76.3644,41.4795],[76.3761,41.4795]]],[[[76.4809,41.5797],[76.4809,41.5755],[76.4753,41.5755],[76.4753,41.5797],[76.4809,41.5797]]]]},"properties":{"name":"Survey of the Naryn Valley, Kyrgyzstan, 2017 and 2018","otId":"OTDS.082023.32643.1","doi":"https://doi.org/10.5069/G9PN93VJ","created":"2023-08-09","temporal":"2017-07-13 / 2018-07-19"}},{"type":"Feature","geometry":{"type":"MultiPolygon","coordinates":[[[[76.2297,41.4556],[76.2283,41.4567],[76.2289,41.4587],[76.2316,41.4598],[76.2398,41.4605],[76.2429,41.4593],[76.2406,41.4605],[76.2439,41.461],[76.2458,41.4599],[76.2444,41.4565],[76.2297,41.4556]]],[[[76.2918,41.461],[76.2911,41.4648],[76.2937,41.4664],[76.2954,41.4656],[76.3001,41.4673],[76.3027,41.4635],[76.2986,41.4614],[76.2918,41.461]]],[[[76.3712,41.4765],[76.3647,41.4764],[76.3644,41.4791],[76.3764,41.4796],[76.3763,41.4759],[76.3712,41.4765]]],[[[76.4776,41.5754],[76.4752,41.5778],[76.48,41.5795],[76.4807,41.5776],[76.4776,41.5754]]]]},"properties":{"name":"Survey of the Naryn Valley, Kyrgyzstan, 2017 and 2018","otId":"OTDS.082023.32643.1","doi":"https://doi.org/10.5069/G9PN93VJ","created":"2023-08-09","temporal":"2017-07-13 / 2018-07-19"}},{"type":"Feature","geometry":{"type":"Polygon","coordinates":[[[-69.8425,-21.0899],[-69.7958,-21.0899],[-69.7958,-21.1049],[-69.8425,-21.1049],[-69.8425,-21.0899]]]},"properties":{"name":"Survey of Chinchilla fault scarp, Chuculay fault system, Chile, July 2018","otId":"OTDS.062023.32719.1","doi":"https://doi.org/10.5069/G9RN362T","created":"2023-06-22","temporal":"2018-07-29 / 2018-07-31"}},{"type":"Feature","geometry":{"type":"Polygon","coordinates":[[[78.9671,44.3466],[78.9842,44.347],[78.9842,44.3398],[78.9671,44.3397],[78.9671,44.3466]]]},"properties":{"name":"Survey 1 of the petroglyph scarps on NW of Ili Basin, Kazakhstan, July 2014","otId":"OTDS.062023.32644.2","doi":"https://doi.org/10.5069/G9DB801K","created":"2023-06-14","temporal":"2014-07-25"}},{"type":"Feature","geometry":{"type":"Polygon","coordinates":[[[78.9816,44.34],[78.9843,44.3405],[78.9836,44.3429],[78.9688,44.3463],[78.967,44.3443],[78.9745,44.3418],[78.9811,44.3423],[78.9816,44.34]]]},"properties":{"name":"Survey 1 of the petroglyph scarps on NW of Ili Basin, Kazakhstan, July 2014","otId":"OTDS.062023.32644.2","doi":"https://doi.org/10.5069/G9DB801K","created":"2023-06-14","temporal":"2014-07-25"}},{"type":"Feature","geometry":{"type":"Polygon","coordinates":[[[81.4218,45.889],[81.4248,45.891],[81.4184,45.8944],[81.4163,45.8915],[81.4218,45.889]]]},"properties":{"name":"Survey of the concentric scarps, Dzhungarian Fault, Kazakhstan, July 2019","otId":"OTDS.062023.32644.1","doi":"https://doi.org/10.5069/G9SN075R","created":"2023-06-06","temporal":"2019-07-21"}},{"type":"Feature","geometry":{"type":"Polygon","coordinates":[[[81.4163,45.8943],[81.4247,45.8943],[81.4247,45.8891],[81.4163,45.8891],[81.4163,45.8943]]]},"properties":{"name":"Survey of the concentric scarps, Dzhungarian Fault, Kazakhstan, July 2019","otId":"OTDS.062023.32644.1","doi":"https://doi.org/10.5069/G9SN075R","created":"2023-06-06","temporal":"2019-07-21"}},{"type":"Feature","geometry":{"type":"Polygon","coordinates":[[[79.4223,45.3953],[79.4553,45.3953],[79.4553,45.3917],[79.4223,45.3915],[79.4223,45.3953]]]},"properties":{"name":"Survey of the Sarkand range front fault, Kazakhstan, 2014","otId":"OTDS.052023.32644.3","doi":"https://doi.org/10.5069/G9XD0ZWP","created":"2023-05-19","temporal":"2014-08-01"}},{"type":"Feature","geometry":{"type":"Polygon","coordinates":[[[79.4517,45.3921],[79.4547,45.3931],[79.4538,45.3946],[79.4226,45.3937],[79.4317,45.3921],[79.4442,45.3932],[79.4517,45.3921]]]},"properties":{"name":"Survey of the Sarkand range front fault, Kazakhstan, 2014","otId":"OTDS.052023.32644.3","doi":"https://doi.org/10.5069/G9XD0ZWP","created":"2023-05-19","temporal":"2014-08-01"}},{"type":"Feature","geometry":{"type":"Polygon","coordinates":[[[79.3255,42.7376],[79.3255,42.7627],[79.3469,42.7627],[79.3469,42.7376],[79.3255,42.7376]]]},"properties":{"name":"Survey of the Karkara range front fault, Kazakhstan, 2014","otId":"OTDS.052023.32644.2","doi":"https://doi.org/10.5069/G9FB514H","created":"2023-05-15","temporal":"2013-08-31"}},{"type":"Feature","geometry":{"type":"MultiPolygon","coordinates":[[[[79.3426,42.7378],[79.3428,42.741],[79.3357,42.7442],[79.3374,42.7454],[79.3416,42.7443],[79.3365,42.7513],[79.3391,42.7522],[79.3307,42.7593],[79.3275,42.7581],[79.3249,42.7617],[79.3277,42.7624],[79.3294,42.7603],[79.3356,42.7597],[79.3371,42.761],[79.3391,42.7589],[79.3381,42.7569],[79.3391,42.7557],[79.3401,42.7565],[79.339,42.7577],[79.3408,42.7588],[79.3474,42.7465],[79.3462,42.7386],[79.3426,42.7378]],[[79.3452,42.7393],[79.3456,42.7459],[79.3438,42.7393],[79.3452,42.7393]],[[79.3427,42.7413],[79.3433,42.743],[79.3421,42.7428],[79.3427,42.7413]],[[79.3441,42.7453],[79.344,42.7454],[79.3439,42.7452],[79.3441,42.7453]],[[79.3454,42.746],[79.3457,42.7461],[79.3455,42.7464],[79.3454,42.746]],[[79.3456,42.7466],[79.3455,42.7465],[79.3457,42.7465],[79.3456,42.7466]],[[79.3443,42.7468],[79.3445,42.7473],[79.3441,42.7473],[79.3443,42.7468]],[[79.342,42.7481],[79.342,42.7481],[79.342,42.7482],[79.342,42.7481]],[[79.3409,42.7481],[79.3411,42.7482],[79.341,42.7483],[79.3409,42.7481]],[[79.3423,42.7483],[79.3422,42.7482],[79.3423,42.7482],[79.3423,42.7483]],[[79.3421,42.7485],[79.3422,42.7484],[79.3422,42.7485],[79.3421,42.7485]],[[79.3441,42.7494],[79.3442,42.7495],[79.3442,42.7495],[79.3441,42.7495],[79.3441,42.7494]],[[79.3393,42.7539],[79.3392,42.7541],[79.3395,42.7538],[79.3393,42.7539]],[[79.3389,42.7543],[79.3388,42.7544],[79.339,42.7542],[79.3389,42.7543]],[[79.3372,42.756],[79.3365,42.7578],[79.3352,42.7579],[79.3372,42.756]]],[[[79.3389,42.7575],[79.3387,42.7575],[79.3389,42.7576],[79.339,42.7574],[79.3389,42.7575]]],[[[79.3406,42.759],[79.3408,42.7591],[79.3407,42.759],[79.3406,42.759]]]]},"properties":{"name":"Survey of the Karkara range front fault, Kazakhstan, 2014","otId":"OTDS.052023.32644.2","doi":"https://doi.org/10.5069/G9FB514H","created":"2023-05-15","temporal":"2013-08-31"}},{"type":"Feature","geometry":{"type":"Polygon","coordinates":[[[-80.4487,37.2131],[-80.4419,37.2131],[-80.4419,37.2036],[-80.4487,37.2036],[-80.4487,37.2131]]]},"properties":{"name":"Virginia Tech StREAM Lab Winter 2021 Drone Lidar Survey","otId":"OTDS.042023.6346.1","doi":"https://doi.org/10.5069/G9348HK3","created":"2023-04-27","temporal":"2021-11-11 / 2021-12-13","keywords":"StREAM Lab, Blacksburg, Virginia, floodplain, stream, Stroubles Creek"}},{"type":"Feature","geometry":{"type":"Polygon","coordinates":[[[-80.4459,37.2024],[-80.4444,37.2044],[-80.4458,37.2084],[-80.4411,37.2119],[-80.4425,37.2139],[-80.449,37.2089],[-80.4491,37.2049],[-80.4459,37.2024]]]},"properties":{"name":"Virginia Tech StREAM Lab Winter 2021 Drone Lidar Survey","otId":"OTDS.042023.6346.1","doi":"https://doi.org/10.5069/G9348HK3","created":"2023-04-27","temporal":"2021-11-11 / 2021-12-13","keywords":"StREAM Lab, Blacksburg, Virginia, floodplain, stream, Stroubles Creek"}},{"type":"Feature","geometry":{"type":"MultiPolygon","coordinates":[[[[-117.9331,39.9487],[-117.9331,39.957],[-117.9134,39.957],[-117.9134,39.9487],[-117.9331,39.9487]]],[[[-117.8809,39.9805],[-117.8692,39.9805],[-117.8692,39.9725],[-117.8809,39.9725],[-117.8809,39.9805]]],[[[-117.8991,39.9817],[-117.8991,39.9918],[-117.8853,39.9918],[-117.8853,39.9817],[-117.8991,39.9817]]],[[[-117.8791,40.4119],[-117.8791,40.397],[-117.8812,40.397],[-117.8812,40.3885],[-117.9031,40.3885],[-117.9031,40.403],[-117.8944,40.403],[-117.8944,40.4119],[-117.8791,40.4119]]],[[[-117.8422,40.002],[-117.8422,39.9904],[-117.8589,39.9904],[-117.8589,40.002],[-117.8422,40.002]]],[[[-117.7053,39.9938],[-117.7212,39.9938],[-117.7212,39.9994],[-117.7231,39.9994],[-117.7231,40.007],[-117.7129,40.007],[-117.7129,40.005],[-117.7053,40.005],[-117.7053,39.9938]]],[[[-117.6086,40.0282],[-117.6086,40.0434],[-117.5959,40.0434],[-117.5959,40.0282],[-117.6086,40.0282]]],[[[-117.7301,40.0908],[-117.7226,40.0908],[-117.7226,40.0828],[-117.7301,40.0828],[-117.7301,40.0908]]]]},"properties":{"name":"DEMs and Orthomosaics of Hydrothermal Sites in the Central NV Seismic Belt","otId":"OTDS.012023.32108.1","doi":"https://doi.org/10.5069/G9P26WBB","created":"2023-01-10","temporal":"2021-06-13 / 2022-03-29","keywords":"Dixie Valley; Buena Vista Valley; Kyle; Sou; Hyder; Lower Ranch; Senator; Cottonwood Canyon; Stillwater Range; travertine; sinter; shoreline; fault; hot spring; fumarole"}},{"type":"Feature","geometry":{"type":"MultiPolygon","coordinates":[[[[48.247,40.558],[48.2471,40.5546],[48.2451,40.5539],[48.2382,40.5542],[48.233,40.5567],[48.2355,40.5645],[48.2404,40.5661],[48.2437,40.5644],[48.242,40.5591],[48.247,40.558]]],[[[48.4326,40.572],[48.4326,40.5694],[48.4302,40.5678],[48.424,40.5693],[48.421,40.5726],[48.4237,40.5771],[48.4262,40.5777],[48.4321,40.5757],[48.4326,40.572]]]]},"properties":{"name":"Surveys of Kura Frontal Thrust, Azerbaijan, 2022","otId":"OTDS.112022.32639.1","doi":"https://doi.org/10.5069/G93776XH","created":"2022-11-16","temporal":"2022-04-25 / 2022-05-06"}},{"type":"Feature","geometry":{"type":"MultiPolygon","coordinates":[[[[48.2293,40.5687],[48.2579,40.5687],[48.2579,40.5455],[48.248,40.5455],[48.248,40.5433],[48.2337,40.5433],[48.2337,40.5455],[48.2293,40.5455],[48.2293,40.5687]]],[[[48.4299,40.564],[48.4213,40.564],[48.4213,40.5668],[48.4182,40.5668],[48.4182,40.5807],[48.4354,40.5807],[48.4354,40.5779],[48.4385,40.5779],[48.4388,40.5642],[48.4302,40.5642],[48.4299,40.5668],[48.4299,40.564]]]]},"properties":{"name":"Surveys of Kura Frontal Thrust, Azerbaijan, 2022","otId":"OTDS.112022.32639.1","doi":"https://doi.org/10.5069/G93776XH","created":"2022-11-16","temporal":"2022-04-25 / 2022-05-06"}},{"type":"Feature","geometry":{"type":"Polygon","coordinates":[[[-121.9963,38.5022],[-121.9963,38.5176],[-121.9776,38.5176],[-121.9776,38.5022],[-121.9963,38.5022]]]},"properties":{"name":"Bigelow Hills, Yolo County, northern California, July 2021","otId":"OTDS.102022.32610.1","doi":"https://doi.org/10.5069/G90G3HBK","created":"2022-10-21","temporal":"2021-07-30","keywords":"UAV, Bigelow Hills, California, Putah Creek, fault, geomorphology"}},{"type":"Feature","geometry":{"type":"Polygon","coordinates":[[[-121.9863,38.5036],[-121.9825,38.5045],[-121.9799,38.513],[-121.982,38.5151],[-121.988,38.5158],[-121.9905,38.5147],[-121.9928,38.5099],[-121.9917,38.5064],[-121.9888,38.5066],[-121.9863,38.5036]]]},"properties":{"name":"Bigelow Hills, Yolo County, northern California, July 2021","otId":"OTDS.102022.32610.1","doi":"https://doi.org/10.5069/G90G3HBK","created":"2022-10-21","temporal":"2021-07-30","keywords":"UAV, Bigelow Hills, California, Putah Creek, fault, geomorphology"}},{"type":"Feature","geometry":{"type":"Polygon","coordinates":[[[108.5665,41.2567],[107.3124,41.2567],[107.3124,41.3185],[108.738,41.3185],[108.738,41.2782],[109.9222,41.2782],[109.9222,40.9168],[108.5665,40.9168],[108.5665,41.2567]]]},"properties":{"name":"High-resolution Topography of Sertengshan Piedmont Fault, Northern China","otId":"OTDS.082022.4545.1","doi":"https://doi.org/10.5069/G92F7KN7","created":"2022-08-16","temporal":"2019-08-01 / 2019-08-31","keywords":"High-resolution, LiDAR, topography, Sertengshan Piedmont Fault, Northern China"}},{"type":"Feature","geometry":{"type":"Polygon","coordinates":[[[-111.4516,44.6849],[-111.4516,44.8876],[-111.016,44.8876],[-111.016,44.6849],[-111.4516,44.6849]]]},"properties":{"name":"Hebgen Lake, MT, SfM DEM from aerial images (1947)","otId":"OTDS.082022.32612.1","doi":"https://doi.org/10.5069/G9668BCZ","created":"2022-08-11","temporal":"1947-07-01 / 1947-07-12"}},{"type":"Feature","geometry":{"type":"Polygon","coordinates":[[[-98.5822,36.3736],[-98.5749,36.3736],[-98.5749,36.3617],[-98.5822,36.3617],[-98.5822,36.3736]]]},"properties":{"name":"Survey of Gloss Mountain State Park, Oklahoma, November 7 2021","otId":"OTDS.072022.32615.1","doi":"https://doi.org/10.5069/G9FN14CG","created":"2022-07-20","temporal":"2021-11-07","keywords":"Mesa, Blaine Escarpment"}},{"type":"Feature","geometry":{"type":"Polygon","coordinates":[[[-98.5761,36.3629],[-98.575,36.3644],[-98.5756,36.3722],[-98.5804,36.3727],[-98.582,36.3635],[-98.5761,36.3629]]]},"properties":{"name":"Survey of Gloss Mountain State Park, Oklahoma, November 7 2021","otId":"OTDS.072022.32615.1","doi":"https://doi.org/10.5069/G9FN14CG","created":"2022-07-20","temporal":"2021-11-07","keywords":"Mesa, Blaine Escarpment"}},{"type":"Feature","geometry":{"type":"Polygon","coordinates":[[[-116.3683,33.8732],[-116.3725,33.8751],[-116.3721,33.8764],[-116.3631,33.8721],[-116.3683,33.8732]]]},"properties":{"name":"2018 Sky Valley, Structure from Motion data along the southern SAF","otId":"OTDS.062022.32611.2","doi":"https://doi.org/10.5069/G9BV7DSK","created":"2022-06-27","temporal":"2018-06-24","keywords":"southernmost San Andreas Fault, tectonic geomorphology, neotectonics, geomorphology, earthquake geology, structure from motion"}},{"type":"Feature","geometry":{"type":"Polygon","coordinates":[[[-116.3745,33.8779],[-116.361,33.8779],[-116.361,33.8701],[-116.3745,33.8701],[-116.3745,33.8779]]]},"properties":{"name":"2018 Sky Valley, Structure from Motion data along the southern SAF","otId":"OTDS.062022.32611.2","doi":"https://doi.org/10.5069/G9BV7DSK","created":"2022-06-27","temporal":"2018-06-24","keywords":"southernmost San Andreas Fault, tectonic geomorphology, neotectonics, geomorphology, earthquake geology, structure from motion"}},{"type":"Feature","geometry":{"type":"Polygon","coordinates":[[[-115.8048,33.4136],[-115.8079,33.4143],[-115.8079,33.4186],[-115.8106,33.4186],[-115.8106,33.421],[-115.7997,33.4211],[-115.7997,33.4185],[-115.7959,33.4185],[-115.7957,33.416],[-115.793,33.416],[-115.793,33.4142],[-115.7876,33.4141],[-115.7876,33.4108],[-115.7901,33.4108],[-115.7877,33.4107],[-115.7877,33.4074],[-115.7958,33.4074],[-115.796,33.4109],[-115.8039,33.4109],[-115.8048,33.4136]]]},"properties":{"name":"2021 Durmid Hill, Structure from Motion data along the sSAF","otId":"OTDS.062022.32611.1","doi":"https://doi.org/10.5069/G9GM85H9","created":"2022-06-24","temporal":"2020-10-29","keywords":"southernmost San Andreas Fault, tectonic geomorphology, neotectonics, geomorphology, earthquake geology, slip distribution"}},{"type":"Feature","geometry":{"type":"MultiPolygon","coordinates":[[[[-115.7946,33.4134],[-115.7905,33.4109],[-115.7914,33.4094],[-115.8078,33.4202],[-115.805,33.4207],[-115.7946,33.4134]]],[[[-115.7928,33.4125],[-115.7928,33.4125],[-115.7929,33.4125],[-115.7928,33.4126],[-115.7928,33.4125]]]]},"properties":{"name":"2021 Durmid Hill, Structure from Motion data along the sSAF","otId":"OTDS.062022.32611.1","doi":"https://doi.org/10.5069/G9GM85H9","created":"2022-06-24","temporal":"2020-10-29","keywords":"southernmost San Andreas Fault, tectonic geomorphology, neotectonics, geomorphology, earthquake geology, slip distribution"}},{"type":"Feature","geometry":{"type":"Polygon","coordinates":[[[-17.9051,28.608],[-17.9051,28.623],[-17.8649,28.623],[-17.8649,28.608],[-17.9051,28.608]]]},"properties":{"name":"2021 Cumbre Vieja volcano eruption (La Palma, Spain) SfM DSM, Sep 2021","otId":"OTDS.062022.4083.1","doi":"https://doi.org/10.5069/G9R49P0T","created":"2022-06-22","temporal":"2021-09-26 / 2021-09-27","keywords":"Cumbre Vieja, Volcano, Eruption, Canarias, Spain, Structure from Motion"}},{"type":"Feature","geometry":{"type":"Polygon","coordinates":[[[-116.2223,33.77],[-116.2227,33.7685],[-116.2289,33.7732],[-116.2276,33.7737],[-116.2223,33.77]]]},"properties":{"name":"2021 Biskra Palms, Structure from Motion data along the sSAF","otId":"OTDS.062022.4326.1","doi":"https://doi.org/10.5069/G9VX0DRT","created":"2022-06-22","temporal":"2021-12-29","keywords":"southernmost San Andreas Fault, tectonic geomorphology, neotectonics, geomorphology, earthquake geology, slip distribution"}},{"type":"Feature","geometry":{"type":"Polygon","coordinates":[[[-116.2289,33.7684],[-116.229,33.774],[-116.2218,33.7738],[-116.2214,33.7676],[-116.2289,33.7684]]]},"properties":{"name":"2021 Biskra Palms, Structure from Motion data along the sSAF","otId":"OTDS.062022.4326.1","doi":"https://doi.org/10.5069/G9VX0DRT","created":"2022-06-22","temporal":"2021-12-29","keywords":"southernmost San Andreas Fault, tectonic geomorphology, neotectonics, geomorphology, earthquake geology, slip distribution"}},{"type":"Feature","geometry":{"type":"Polygon","coordinates":[[[13.2241,42.8782],[13.2241,42.886],[13.2314,42.886],[13.2314,42.8782],[13.2241,42.8782]]]},"properties":{"name":"Survey of the Mt Porche fault, Central Apennines, Italy, June 2018","otId":"OTDS.052022.32633.1","doi":"https://doi.org/10.5069/G9NC5ZDG","created":"2022-05-17","temporal":"2018-06-17","keywords":"Italy, fault"}},{"type":"Feature","geometry":{"type":"Polygon","coordinates":[[[-17.9338,28.5979],[-17.9338,28.6344],[-17.8596,28.6344],[-17.8596,28.5979],[-17.9338,28.5979]]]},"properties":{"name":"2021 Cumbre Vieja volcano eruption (La Palma, Spain) SfM DSM, Jan 2022","otId":"OTDS.032022.4083.1","doi":"https://doi.org/10.5069/G96971S8","created":"2022-03-30","temporal":"2022-01-24 / 2022-01-28","keywords":"Cumbre Vieja, Volcano, Eruption, Canarias, Spain, Structure from Motion"}},{"type":"Feature","geometry":{"type":"Polygon","coordinates":[[[81.9125,45.6701],[81.9128,45.6688],[81.9096,45.6671],[81.8912,45.6766],[81.8947,45.6791],[81.9125,45.6701]]]},"properties":{"name":"Survey of the Rygayty River, the Dzhungarian Fault, Kazakhstan, July 2019","otId":"OTDS.032022.32644.4","doi":"https://doi.org/10.5069/G9B27SHM","created":"2022-03-30","temporal":"2019-07-20","keywords":"Dzhungarian Fault, Rygayty River, Kazakhstan, offset channels"}},{"type":"Feature","geometry":{"type":"Polygon","coordinates":[[[81.8873,45.6811],[81.9167,45.6811],[81.9167,45.6638],[81.8873,45.6638],[81.8873,45.6811]]]},"properties":{"name":"Survey of the Rygayty River, the Dzhungarian Fault, Kazakhstan, July 2019","otId":"OTDS.032022.32644.4","doi":"https://doi.org/10.5069/G9B27SHM","created":"2022-03-30","temporal":"2019-07-20","keywords":"Dzhungarian Fault, Rygayty River, Kazakhstan, offset channels"}},{"type":"Feature","geometry":{"type":"Polygon","coordinates":[[[81.6542,45.7555],[81.6664,45.7555],[81.6664,45.748],[81.6542,45.748],[81.6542,45.7555]]]},"properties":{"name":"Survey of the pull-apart basin, Dzhungarian Fault, Kazakhstan, July 2019","otId":"OTDS.032022.32644.3","doi":"https://doi.org/10.5069/G9FT8J8G","created":"2022-03-29","temporal":"2019-07-18","keywords":"Dzhungarian Fault, Kazakhstan, Pull-apart Basin"}},{"type":"Feature","geometry":{"type":"Polygon","coordinates":[[[81.6637,45.7526],[81.6664,45.7509],[81.6631,45.7479],[81.6561,45.7518],[81.6542,45.7514],[81.6562,45.7556],[81.6637,45.7526]]]},"properties":{"name":"Survey of the pull-apart basin, Dzhungarian Fault, Kazakhstan, July 2019","otId":"OTDS.032022.32644.3","doi":"https://doi.org/10.5069/G9FT8J8G","created":"2022-03-29","temporal":"2019-07-18","keywords":"Dzhungarian Fault, Kazakhstan, Pull-apart Basin"}},{"type":"Feature","geometry":{"type":"Polygon","coordinates":[[[82.5765,44.2686],[82.5765,44.3175],[82.6281,44.3175],[82.6281,44.2686],[82.5765,44.2686]]]},"properties":{"name":"High Resolution Topography of the Lagtan Anticline","otId":"OTDS.032022.32644.2","doi":"https://doi.org/10.5069/G9QC01PM","created":"2022-03-23","temporal":"2020-10-01 / 2020-10-07","keywords":"Lagtan Fold; Kusongmuxieke thrusts; Bole basin; Tian Shan; Active tectonics"}},{"type":"Feature","geometry":{"type":"Polygon","coordinates":[[[82.89,44.4121],[82.9081,44.4121],[82.9081,44.4303],[82.9538,44.4303],[82.9538,44.4072],[82.9121,44.4072],[82.9121,44.4046],[82.89,44.4046],[82.89,44.4121]]]},"properties":{"name":"High Resolution Topography of the  Jinghenan Fault","otId":"OTDS.032022.32644.1","doi":"https://doi.org/10.5069/G97942W6","created":"2022-03-02","temporal":"2021-08-10 / 2021-08-31","keywords":"Kusongmuxiek Fault; Jinghenan Fault; Northern Tianshan"}},{"type":"Feature","geometry":{"type":"Polygon","coordinates":[[[-111.8082,41.208],[-111.8061,41.209],[-111.8078,41.2119],[-111.812,41.2107],[-111.8082,41.208]]]},"properties":{"name":"2021 Waste Dump Landslide Reconnaissance, Morgan County, Utah","otId":"OTDS.122021.4326.3","doi":"https://doi.org/10.5069/G9W0943D","created":"2021-12-09","temporal":"2021-11-15","keywords":"landslide, sfm"}},{"type":"Feature","geometry":{"type":"Polygon","coordinates":[[[-111.8131,41.2133],[-111.8052,41.2133],[-111.8052,41.207],[-111.8131,41.207],[-111.8131,41.2133]]]},"properties":{"name":"2021 Waste Dump Landslide Reconnaissance, Morgan County, Utah","otId":"OTDS.122021.4326.3","doi":"https://doi.org/10.5069/G9W0943D","created":"2021-12-09","temporal":"2021-11-15","keywords":"landslide, sfm"}},{"type":"Feature","geometry":{"type":"Polygon","coordinates":[[[-111.8453,41.2113],[-111.841,41.2113],[-111.841,41.2084],[-111.8453,41.2084],[-111.8453,41.2113]]]},"properties":{"name":"2021 HeaveHo Landslide Reconnaissance, Weber County, Utah","otId":"OTDS.122021.4326.2","doi":"https://doi.org/10.5069/G90R9MK0","created":"2021-12-09","temporal":"2021-11-15","keywords":"landslide, sfm"}},{"type":"Feature","geometry":{"type":"MultiPolygon","coordinates":[[[[-111.8425,41.2092],[-111.8424,41.2092],[-111.8424,41.2091],[-111.8425,41.2091],[-111.8425,41.2092]]],[[[-111.8417,41.2093],[-111.8417,41.2092],[-111.8417,41.2092],[-111.8417,41.2093],[-111.8417,41.2093]]],[[[-111.8447,41.2099],[-111.8447,41.2099],[-111.8448,41.2099],[-111.8448,41.2099],[-111.8447,41.2099]]],[[[-111.8448,41.2101],[-111.8448,41.21],[-111.8448,41.2099],[-111.8448,41.21],[-111.8448,41.2101]]],[[[-111.8447,41.2101],[-111.8447,41.2101],[-111.8448,41.2101],[-111.8448,41.2101],[-111.8447,41.2101]]],[[[-111.8432,41.2094],[-111.8448,41.2096],[-111.8443,41.2111],[-111.8414,41.2099],[-111.8432,41.2094]]]]},"properties":{"name":"2021 HeaveHo Landslide Reconnaissance, Weber County, Utah","otId":"OTDS.122021.4326.2","doi":"https://doi.org/10.5069/G90R9MK0","created":"2021-12-09","temporal":"2021-11-15","keywords":"landslide, sfm"}},{"type":"Feature","geometry":{"type":"Polygon","coordinates":[[[-111.8456,41.2113],[-111.8412,41.2113],[-111.8412,41.2086],[-111.8456,41.2086],[-111.8456,41.2113]]]},"properties":{"name":"2020 HeaveHo Landslide Reconnaissance, Weber County, Utah","otId":"OTDS.122021.4326.1","doi":"https://doi.org/10.5069/G94J0C98","created":"2021-12-09","temporal":"2020-11-04","keywords":"landslide, sfm"}},{"type":"Feature","geometry":{"type":"Polygon","coordinates":[[[-111.8424,41.209],[-111.8413,41.2097],[-111.8446,41.211],[-111.8424,41.209]]]},"properties":{"name":"2020 HeaveHo Landslide Reconnaissance, Weber County, Utah","otId":"OTDS.122021.4326.1","doi":"https://doi.org/10.5069/G94J0C98","created":"2021-12-09","temporal":"2020-11-04","keywords":"landslide, sfm"}},{"type":"Feature","geometry":{"type":"Polygon","coordinates":[[[14.3866,35.966],[14.3893,35.9676],[14.3859,35.97],[14.3836,35.9696],[14.3823,35.9677],[14.3866,35.966]]]},"properties":{"name":"Survey of Selmun promontory, northern Malta, 2021","otId":"OTDS.112021.32633.1","doi":"https://doi.org/10.5069/G9D21VSC","created":"2021-11-29","keywords":"Cliff retreat, Landslide, Lateral spreading, Toppling, Rockfall, Limestone"}},{"type":"Feature","geometry":{"type":"Polygon","coordinates":[[[14.3817,35.9705],[14.3921,35.9705],[14.3921,35.9647],[14.3817,35.9647],[14.3817,35.9705]]]},"properties":{"name":"Survey of Selmun promontory, northern Malta, 2021","otId":"OTDS.112021.32633.1","doi":"https://doi.org/10.5069/G9D21VSC","created":"2021-11-29","keywords":"Cliff retreat, Landslide, Lateral spreading, Toppling, Rockfall, Limestone"}},{"type":"Feature","geometry":{"type":"Polygon","coordinates":[[[75.4022,41.7273],[75.3805,41.7265],[75.3783,41.7277],[75.3779,41.7303],[75.3786,41.7322],[75.3826,41.7328],[75.4125,41.7344],[75.4236,41.7377],[75.4276,41.7372],[75.4347,41.7315],[75.4277,41.7287],[75.4022,41.7273]]]},"properties":{"name":"Survey of fault south of Song Kul, Kyrgyzstan, 2021","otId":"OTDS.112021.4326.4","doi":"https://doi.org/10.5069/G9HQ3X4X","created":"2021-11-19","temporal":"2021-08-30","keywords":"Song Kul, Kyrgyzstan, UAV, SfM, Photogrammetry, strike slip"}},{"type":"Feature","geometry":{"type":"Polygon","coordinates":[[[75.4419,41.7391],[75.4419,41.738],[75.4501,41.738],[75.4501,41.7245],[75.4419,41.7245],[75.4419,41.7232],[75.3712,41.7232],[75.3712,41.7391],[75.4419,41.7391]]]},"properties":{"name":"Survey of fault south of Song Kul, Kyrgyzstan, 2021","otId":"OTDS.112021.4326.4","doi":"https://doi.org/10.5069/G9HQ3X4X","created":"2021-11-19","temporal":"2021-08-30","keywords":"Song Kul, Kyrgyzstan, UAV, SfM, Photogrammetry, strike slip"}},{"type":"Feature","geometry":{"type":"Polygon","coordinates":[[[-5.9096,57.1551],[-5.9716,57.1551],[-5.9716,57.2225],[-5.9096,57.2225],[-5.9096,57.2178],[-5.9011,57.2178],[-5.9011,57.1841],[-5.9096,57.1841],[-5.9096,57.1551]]]},"properties":{"name":"Survey of Kilcris, Isle of Skye, 2021","otId":"OTDS.112021.4326.3","doi":"https://doi.org/10.5069/G9NG4NTS","created":"2021-11-19","temporal":"2021-09-22 / 2021-09-24","keywords":"Isle of Skye, Scotland, UAV, Photogrammetry"}},{"type":"Feature","geometry":{"type":"Polygon","coordinates":[[[-5.948,57.1838],[-5.9611,57.1844],[-5.9622,57.1929],[-5.9602,57.197],[-5.9619,57.1975],[-5.961,57.2041],[-5.9625,57.2063],[-5.9613,57.2091],[-5.9632,57.211],[-5.9529,57.2134],[-5.9472,57.2171],[-5.9312,57.2172],[-5.9309,57.2131],[-5.9384,57.2125],[-5.9366,57.2102],[-5.9245,57.2106],[-5.9215,57.2089],[-5.9213,57.1903],[-5.9362,57.1886],[-5.937,57.1844],[-5.948,57.1838]]]},"properties":{"name":"Survey of Kilcris, Isle of Skye, 2021","otId":"OTDS.112021.4326.3","doi":"https://doi.org/10.5069/G9NG4NTS","created":"2021-11-19","temporal":"2021-09-22 / 2021-09-24","keywords":"Isle of Skye, Scotland, UAV, Photogrammetry"}},{"type":"Feature","geometry":{"type":"Polygon","coordinates":[[[-111.8546,41.2166],[-111.8502,41.2166],[-111.8502,41.2132],[-111.8546,41.2132],[-111.8546,41.2166]]]},"properties":{"name":"2020 ZigZag Landslide Reconnaissance, Morgan County, Utah","otId":"OTDS.112021.4326.2","doi":"https://doi.org/10.5069/G9X0657S","created":"2021-11-10","temporal":"2020-10-29","keywords":"landslide, sfm, ZigZag Landslide, Morgan County, Utah"}},{"type":"Feature","geometry":{"type":"Polygon","coordinates":[[[-111.8526,41.2139],[-111.8518,41.216],[-111.8537,41.2154],[-111.8526,41.2139]]]},"properties":{"name":"2020 ZigZag Landslide Reconnaissance, Morgan County, Utah","otId":"OTDS.112021.4326.2","doi":"https://doi.org/10.5069/G9X0657S","created":"2021-11-10","temporal":"2020-10-29","keywords":"landslide, sfm, ZigZag Landslide, Morgan County, Utah"}},{"type":"Feature","geometry":{"type":"Polygon","coordinates":[[[-111.8089,41.2081],[-111.8064,41.21],[-111.809,41.2123],[-111.8119,41.2102],[-111.8089,41.2081]]]},"properties":{"name":"2020 Waste Dump Landslide Reconnaissance, Morgan County, Utah","otId":"OTDS.112021.4326.1","doi":"https://doi.org/10.5069/G91R6NQC","created":"2021-11-10","temporal":"2020-10-29","keywords":"landslide, sfm, Morgan County, Utah, landslide"}},{"type":"Feature","geometry":{"type":"Polygon","coordinates":[[[-111.8127,41.2131],[-111.806,41.2131],[-111.806,41.2074],[-111.8127,41.2074],[-111.8127,41.2131]]]},"properties":{"name":"2020 Waste Dump Landslide Reconnaissance, Morgan County, Utah","otId":"OTDS.112021.4326.1","doi":"https://doi.org/10.5069/G91R6NQC","created":"2021-11-10","temporal":"2020-10-29","keywords":"landslide, sfm, Morgan County, Utah, landslide"}},{"type":"Feature","geometry":{"type":"Polygon","coordinates":[[[103.6808,32.0854],[103.6808,32.0576],[103.6331,32.0576],[103.6331,32.0854],[103.6808,32.0854]]]},"properties":{"name":"Xinmo pre/post landslide, Szechuan, China, 2012/13 and 2017, SETSM DEMs","otId":"OTDS.112021.32648.1","doi":"https://doi.org/10.5069/G95H7DGJ","created":"2021-11-09","temporal":"2012-12-06 / 2017-07-17","keywords":"Szechuan, China, SETSM, stereo, WorldView, imagery"}},{"type":"Feature","geometry":{"type":"Polygon","coordinates":[[[98.377,3.1299],[98.377,3.1936],[98.4415,3.1936],[98.4415,3.1299],[98.377,3.1299]]]},"properties":{"name":"Sinabung Volcano (Indonesia), June 20, 2018","otId":"OTDS.112021.32647.1","doi":"https://doi.org/10.5069/G9988568","created":"2021-11-04","temporal":"2018-06-20","keywords":"Sinabung, Volcano, Lava Flow, Indonesia, structure-from-motion"}},{"type":"Feature","geometry":{"type":"Polygon","coordinates":[[[98.412,3.1393],[98.4193,3.1436],[98.4201,3.1479],[98.425,3.1507],[98.4242,3.155],[98.4275,3.1578],[98.4266,3.1649],[98.4299,3.1678],[98.4299,3.1735],[98.4144,3.1834],[98.4054,3.182],[98.4005,3.1848],[98.3948,3.1777],[98.3948,3.172],[98.3883,3.1692],[98.3907,3.1649],[98.3875,3.1621],[98.3932,3.1578],[98.3932,3.1464],[98.403,3.1408],[98.4071,3.1422],[98.412,3.1393]]]},"properties":{"name":"Sinabung Volcano (Indonesia), June 20, 2018","otId":"OTDS.112021.32647.1","doi":"https://doi.org/10.5069/G9988568","created":"2021-11-04","temporal":"2018-06-20","keywords":"Sinabung, Volcano, Lava Flow, Indonesia, structure-from-motion"}},{"type":"Feature","geometry":{"type":"Polygon","coordinates":[[[-159.5956,22.1994],[-159.5219,22.1994],[-159.5219,22.1146],[-159.5956,22.1146],[-159.5956,22.1994]]]},"properties":{"name":"Wainiha Valley, HI, USA, 2012, SETSM DEM derived from WV imagery","otId":"OTDS.112021.32604.1","doi":"https://doi.org/10.5069/G9DZ06HH","created":"2021-11-03","temporal":"2012-01-21","keywords":"Wainiha Valley, HI, TIN, SETSM, WorldView, stereo"}},{"type":"Feature","geometry":{"type":"Polygon","coordinates":[[[-116.1592,32.8366],[-116.0857,32.8366],[-116.0857,32.8067],[-116.1592,32.8067],[-116.1592,32.8366]]]},"properties":{"name":"Coyote Mountains CA, USA, 2016, SETSM DEM derived from WV imagery","otId":"OTDS.112021.32611.2","doi":"https://doi.org/10.5069/G9JQ0Z6D","created":"2021-11-03","temporal":"2016-07-21","keywords":"Coyote Mountains, CA, TIN, WorldView, stereo, imagery"}},{"type":"Feature","geometry":{"type":"Polygon","coordinates":[[[-119.8553,35.3021],[-119.8114,35.3021],[-119.8114,35.25],[-119.8553,35.25],[-119.8553,35.3021]]]},"properties":{"name":"Carrizo Plains CA, USA, 2012, SETSM DEM derived from WV imagery","otId":"OTDS.112021.32611.1","doi":"https://doi.org/10.5069/G9PG1PXQ","created":"2021-11-03","temporal":"2012-10-30","keywords":"Carrizo Plains, CA, TIN, WorldView, stereo, imagery"}},{"type":"Feature","geometry":{"type":"Polygon","coordinates":[[[-105.3691,40.0294],[-105.3263,40.0294],[-105.3263,40.0014],[-105.3691,40.0014],[-105.3691,40.0294]]]},"properties":{"name":"Boulder Creek CO, USA, 2009, SETSM DEM derived from WV imagery","otId":"OTDS.112021.32613.1","doi":"https://doi.org/10.5069/G9T72FNF","created":"2021-11-03","temporal":"2009-09-18","keywords":"Boulder, WorldView, stereo, imagery, SETSM, TIN"}},{"type":"Feature","geometry":{"type":"Polygon","coordinates":[[[72.4967,39.4751],[72.4967,39.4772],[72.4996,39.4772],[72.4996,39.4749],[72.4967,39.4751]]]},"properties":{"name":"Pamir Frontal Thrust, central segment, trench site T1: Kyrgyzstan 2017","otId":"OTDS.082021.32643.4","doi":"https://doi.org/10.5069/G9KP80BM","created":"2021-08-26","temporal":"2017-07-25","keywords":"paleoseismology, fault scarp, Pamir Frontal Thrust, Kyrgyzstan"}},{"type":"Feature","geometry":{"type":"Polygon","coordinates":[[[72.5032,39.4808],[72.5121,39.4808],[72.5121,39.4749],[72.5032,39.4749],[72.5032,39.4808]]]},"properties":{"name":"Pamir Frontal Thrust, central segment, trench site T2: Kyrgyzstan 2017","otId":"OTDS.082021.32643.3","doi":"https://doi.org/10.5069/G9QF8R2Z","created":"2021-08-26","temporal":"2017-07-24","keywords":"paleoseismology, fault scarp, Pamir Frontal Thrust, Kyrgyzstan"}},{"type":"Feature","geometry":{"type":"Polygon","coordinates":[[[72.5189,39.4826],[72.5296,39.4826],[72.5296,39.4763],[72.5189,39.4763],[72.5189,39.4826]]]},"properties":{"name":"Pamir Frontal Thrust, central segment, trench site T3: Kyrgyzstan, 2018","otId":"OTDS.082021.32643.2","doi":"https://doi.org/10.5069/G900009Z","created":"2021-08-25","temporal":"2018-07-30","keywords":"paleoseismology, fault scarp, Pamir Frontal Thrust, Kyrgyzstan"}},{"type":"Feature","geometry":{"type":"MultiPolygon","coordinates":[[[[72.7576,39.5204],[72.7678,39.5204],[72.7678,39.5104],[72.7576,39.5104],[72.7576,39.5204]]],[[[72.7906,39.524],[72.7906,39.5154],[72.7703,39.5154],[72.7703,39.524],[72.7906,39.524]]]]},"properties":{"name":"Pamir Frontal Thrust, central segment, trench site T5: Kyrgyzstan, 2018","otId":"OTDS.082021.32643.1","doi":"https://doi.org/10.5069/G93R0R2F","created":"2021-08-25","temporal":"2018-08-02 / 2018-08-06","keywords":"paleoseismology, fault scarp, Pamir Frontal Thrust, Kyrgyzstan"}},{"type":"Feature","geometry":{"type":"Polygon","coordinates":[[[-86.2486,38.8048],[-86.2486,38.8179],[-86.2273,38.8179],[-86.2273,38.8048],[-86.2486,38.8048]]]},"properties":{"name":"Ray Site Jackson County Indiana Tree Uprooting, December 2018","otId":"OTDS.072021.32616.1","doi":"https://doi.org/10.5069/G98C9TFC","created":"2021-07-13","temporal":"2018-12-19","keywords":"UAS, lidar, pit-mound, uprooting, Indiana, tree"}},{"type":"Feature","geometry":{"type":"Polygon","coordinates":[[[-86.2442,38.8039],[-86.2353,38.8064],[-86.2334,38.8097],[-86.228,38.8111],[-86.2269,38.8148],[-86.232,38.8181],[-86.2406,38.8174],[-86.2409,38.8156],[-86.2471,38.8131],[-86.249,38.8091],[-86.2491,38.8061],[-86.2442,38.8039]]]},"properties":{"name":"Ray Site Jackson County Indiana Tree Uprooting, December 2018","otId":"OTDS.072021.32616.1","doi":"https://doi.org/10.5069/G98C9TFC","created":"2021-07-13","temporal":"2018-12-19","keywords":"UAS, lidar, pit-mound, uprooting, Indiana, tree"}},{"type":"Feature","geometry":{"type":"Polygon","coordinates":[[[-105.2711,38.415],[-105.2644,38.4221],[-105.2701,38.4254],[-105.2787,38.4179],[-105.2711,38.415]]]},"properties":{"name":"Survey of Grape Creek Entrance Area, Cañon City, Colorado, March 2021","otId":"OTDS.072021.32613.1","doi":"https://doi.org/10.5069/G9D50K5N","created":"2021-07-06","temporal":"2021-05-01","keywords":"Frontal Range, Monocline, Flat iron, Colorado"}},{"type":"Feature","geometry":{"type":"Polygon","coordinates":[[[-105.2809,38.4274],[-105.2619,38.4274],[-105.2619,38.4124],[-105.2809,38.4124],[-105.2809,38.4274]]]},"properties":{"name":"Survey of Grape Creek Entrance Area, Cañon City, Colorado, March 2021","otId":"OTDS.072021.32613.1","doi":"https://doi.org/10.5069/G9D50K5N","created":"2021-07-06","temporal":"2021-05-01","keywords":"Frontal Range, Monocline, Flat iron, Colorado"}},{"type":"Feature","geometry":{"type":"Polygon","coordinates":[[[-105.2518,38.4558],[-105.2474,38.4566],[-105.2493,38.4651],[-105.2539,38.4639],[-105.2518,38.4558]]]},"properties":{"name":"Survey of Skyline Drive Area, Cañon City, Colorado, April 2021","otId":"OTDS.062021.32613.1","doi":"https://doi.org/10.5069/G9SF2TDM","created":"2021-06-24","temporal":"2021-04-02","keywords":"Frontal Range, Colorado, Field Camp, Dinosaurs"}},{"type":"Feature","geometry":{"type":"Polygon","coordinates":[[[-105.2546,38.466],[-105.2473,38.466],[-105.2473,38.4547],[-105.2546,38.4547],[-105.2546,38.466]]]},"properties":{"name":"Survey of Skyline Drive Area, Cañon City, Colorado, April 2021","otId":"OTDS.062021.32613.1","doi":"https://doi.org/10.5069/G9SF2TDM","created":"2021-06-24","temporal":"2021-04-02","keywords":"Frontal Range, Colorado, Field Camp, Dinosaurs"}},{"type":"Feature","geometry":{"type":"Polygon","coordinates":[[[-87.5102,44.204],[-87.5103,44.2138],[-87.5068,44.2138],[-87.5068,44.204],[-87.5102,44.204]]]},"properties":{"name":"Survey of Point Beach, Wisconsin, August 2020","otId":"OTDS.062021.32616.2","doi":"https://doi.org/10.5069/G9X63K4B","created":"2021-06-16","temporal":"2020-08-12","keywords":"beach, coastal erosion, morphological modelling, Wisconsin, UAV"}},{"type":"Feature","geometry":{"type":"Polygon","coordinates":[[[-87.5099,44.2039],[-87.5082,44.2046],[-87.5074,44.2079],[-87.5077,44.2139],[-87.5095,44.2105],[-87.5099,44.2039]]]},"properties":{"name":"Survey of Point Beach, Wisconsin, August 2020","otId":"OTDS.062021.32616.2","doi":"https://doi.org/10.5069/G9X63K4B","created":"2021-06-16","temporal":"2020-08-12","keywords":"beach, coastal erosion, morphological modelling, Wisconsin, UAV"}},{"type":"Feature","geometry":{"type":"Polygon","coordinates":[[[-87.5102,44.2038],[-87.5078,44.2059],[-87.5073,44.2136],[-87.5094,44.2103],[-87.5102,44.2038]]]},"properties":{"name":"Survey of Point Beach, Wisconsin, September 2020","otId":"OTDS.062021.32616.1","doi":"https://doi.org/10.5069/G91V5C5J","created":"2021-06-16","temporal":"2020-09-05","keywords":"beach, coastal erosion, morphological modelling, wisconsin"}},{"type":"Feature","geometry":{"type":"Polygon","coordinates":[[[-87.5104,44.2135],[-87.5069,44.2135],[-87.5069,44.2038],[-87.5104,44.2038],[-87.5104,44.2135]]]},"properties":{"name":"Survey of Point Beach, Wisconsin, September 2020","otId":"OTDS.062021.32616.1","doi":"https://doi.org/10.5069/G91V5C5J","created":"2021-06-16","temporal":"2020-09-05","keywords":"beach, coastal erosion, morphological modelling, wisconsin"}},{"type":"Feature","geometry":{"type":"Polygon","coordinates":[[[15.2183,38.7906],[15.2169,38.7906],[15.2169,38.7891],[15.2054,38.7891],[15.2054,38.7988],[15.2169,38.7988],[15.2169,38.7968],[15.2183,38.7968],[15.2183,38.7906]]]},"properties":{"name":"SfM DSMs of Stromboli volcano (Italy) collected by UAS surveys (2018-2020)","otId":"OTDS.052021.32633.1","doi":"https://doi.org/10.5069/G95M63WV","created":"2021-05-17","temporal":"2018-09-12 / 2020-06-20","keywords":"Stromboli, Volcano, Italy, Structure from Motion, UAS"}},{"type":"Feature","geometry":{"type":"Polygon","coordinates":[[[-117.5746,34.2227],[-117.5746,34.2271],[-117.5687,34.2271],[-117.5687,34.2227],[-117.5746,34.2227]]]},"properties":{"name":"Steep Headwater-Colluvial Channels, Day Creek, San Gabriel Mountains CA, US","otId":"OTDS.052021.26911.1","doi":"https://doi.org/10.5069/G9F47MBX","created":"2021-05-11","temporal":"2018-08-15","keywords":"hillslope, cliff, san gabriel, headwater channel, landslide"}},{"type":"Feature","geometry":{"type":"Polygon","coordinates":[[[-117.5704,34.2224],[-117.5685,34.2249],[-117.5731,34.2274],[-117.575,34.2243],[-117.5704,34.2224]]]},"properties":{"name":"Steep Headwater-Colluvial Channels, Day Creek, San Gabriel Mountains CA, US","otId":"OTDS.052021.26911.1","doi":"https://doi.org/10.5069/G9F47MBX","created":"2021-05-11","temporal":"2018-08-15","keywords":"hillslope, cliff, san gabriel, headwater channel, landslide"}},{"type":"Feature","geometry":{"type":"Polygon","coordinates":[[[-70.408,-17.4422],[-70.408,-17.416],[-70.3708,-17.416],[-70.3708,-17.4422],[-70.408,-17.4422]]]},"properties":{"name":"Survey of the Incapuquio Fault, South Peru: Chintari Zone 2018","otId":"OTDS.042021.32719.3","doi":"https://doi.org/10.5069/G9JW8C3S","created":"2021-04-30","temporal":"2018-04-04","keywords":"Incapuquio Fault, Fault scarps, photogrammetry, DEM, Peru"}},{"type":"Feature","geometry":{"type":"Polygon","coordinates":[[[-70.3808,-17.4376],[-70.3765,-17.4369],[-70.3755,-17.4353],[-70.3765,-17.4316],[-70.3979,-17.4175],[-70.402,-17.42],[-70.4048,-17.4285],[-70.3958,-17.4308],[-70.3906,-17.4345],[-70.3808,-17.4376]]]},"properties":{"name":"Survey of the Incapuquio Fault, South Peru: Chintari Zone 2018","otId":"OTDS.042021.32719.3","doi":"https://doi.org/10.5069/G9JW8C3S","created":"2021-04-30","temporal":"2018-04-04","keywords":"Incapuquio Fault, Fault scarps, photogrammetry, DEM, Peru"}},{"type":"Feature","geometry":{"type":"Polygon","coordinates":[[[-69.8967,-17.7104],[-69.8967,-17.6871],[-69.8435,-17.6871],[-69.8435,-17.7104],[-69.8967,-17.7104]]]},"properties":{"name":"Survey of the Incapuquio Fault, South Peru: Santa Elena Zone 2018","otId":"OTDS.042021.32719.2","doi":"https://doi.org/10.5069/G9PN93T3","created":"2021-04-30","temporal":"2018-04-09","keywords":"Incapuquio Fault, Fault scarps, Peru, DEM, Photogrammetry"}},{"type":"Feature","geometry":{"type":"Polygon","coordinates":[[[-70.1571,-17.5902],[-70.1571,-17.5587],[-70.1073,-17.5587],[-70.1073,-17.5902],[-70.1571,-17.5902]]]},"properties":{"name":"Survey of the Incapuquio Fault, South Peru: Tauja Zone 2018","otId":"OTDS.042021.32719.1","doi":"https://doi.org/10.5069/G9TD9VH0","created":"2021-04-30","temporal":"2018-04-06","keywords":"Incapuquio Fault, Fault scarps"}},{"type":"Feature","geometry":{"type":"Polygon","coordinates":[[[83.0436,44.4585],[83.0224,44.4585],[83.0224,44.4994],[83.0698,44.4994],[83.0698,44.4754],[83.074,44.4754],[83.074,44.4582],[83.0436,44.4585]]]},"properties":{"name":"High Resolution Topography of the  Bolokenu-Aqikekuduk (Dzhungarian) Fault","otId":"OTDS.032021.4326.3","doi":"https://doi.org/10.5069/G9G44NHR","created":"2021-03-31","temporal":"2017-06-24 / 2019-09-09","keywords":"Bolokenu-Aqikekuduk (Dzhungarian) Fault; Tian Shan;"}},{"type":"Feature","geometry":{"type":"Polygon","coordinates":[[[13.7236,46.0565],[13.7236,46.0594],[13.728,46.0594],[13.728,46.0565],[13.7236,46.0565]]]},"properties":{"name":"Banjice trench site, Predjama Fault, Slovenia","otId":"OTDS.032021.4326.2","doi":"https://doi.org/10.5069/G9KW5D75","created":"2021-03-26","temporal":"2018-09-25","keywords":"Slovenia, Fault, SfM"}},{"type":"Feature","geometry":{"type":"Polygon","coordinates":[[[143.6664,-38.8043],[143.6629,-38.8035],[143.6621,-38.8047],[143.6355,-38.7968],[143.6279,-38.7555],[143.6345,-38.7523],[143.6343,-38.7473],[143.6838,-38.6998],[143.7189,-38.7222],[143.6887,-38.766],[143.6896,-38.7706],[143.6664,-38.8043]]]},"properties":{"name":"Decadal DSMs of Apollo Bay, Victoria, Australia, 1946, 66, 71, 77 and 86","otId":"OTDS.032021.28354.1","doi":"https://doi.org/10.5069/G9QN64X1","created":"2021-03-26","keywords":"Historical archival, Aerial photography, SfM-MVS"}},{"type":"Feature","geometry":{"type":"Polygon","coordinates":[[[143.6351,-38.7875],[143.6351,-38.7414],[143.6449,-38.7414],[143.6449,-38.7224],[143.6958,-38.7224],[143.6958,-38.7887],[143.6449,-38.7887],[143.6449,-38.7875],[143.6351,-38.7875]]]},"properties":{"name":"Decadal DSMs of Apollo Bay, Victoria, Australia, 1946, 66, 71, 77 and 86","otId":"OTDS.032021.28354.1","doi":"https://doi.org/10.5069/G9QN64X1","created":"2021-03-26","keywords":"Historical archival, Aerial photography, SfM-MVS"}},{"type":"Feature","geometry":{"type":"Polygon","coordinates":[[[13.9717,46.0205],[13.9717,46.0233],[13.9757,46.0233],[13.9757,46.0205],[13.9717,46.0205]]]},"properties":{"name":"Srednja Kanomlja trench site, Idrija Fault, Slovenia","otId":"OTDS.032021.4326.1","doi":"https://doi.org/10.5069/G9V9868W","created":"2021-03-26","temporal":"2018-09-17","keywords":"Slovenia, Fault, SfM"}},{"type":"Feature","geometry":{"type":"Polygon","coordinates":[[[15.965,-24.6309],[15.8004,-24.6309],[15.8004,-24.4763],[15.9987,-24.4763],[15.9987,-24.6024],[16.1394,-24.6024],[16.1394,-24.7854],[15.965,-24.7854],[15.965,-24.6309]]]},"properties":{"name":"Hebron Fault, Namibia, February 2017","otId":"OTDS.012021.32733.1","doi":"https://doi.org/10.5069/G9W957BC","created":"2021-01-29","keywords":"Namibia, Stable Contiental Region, Normal fault, Continental fault"}},{"type":"Feature","geometry":{"type":"Polygon","coordinates":[[[-116.1619,36.0013],[-116.1619,36.3205],[-115.8457,36.3205],[-115.8457,36.0013],[-116.1619,36.0013]]]},"properties":{"name":"2010 Airborne Lidar Data for Pahrump, Nye County, Nevada","otId":"OTDS.012021.26911.1","doi":"https://doi.org/10.5069/G94T6GJP","created":"2021-01-27","temporal":"2010-10-19 / 2010-10-25","keywords":"lidar, nevada, nye, pahrump, stewart valley, spring mountains"}},{"type":"Feature","geometry":{"type":"Polygon","coordinates":[[[-120.073,40.106],[-120.0956,40.106],[-120.0956,40.1093],[-120.1041,40.1093],[-120.1041,40.1486],[-120.0511,40.1486],[-120.0495,40.1066],[-120.0722,40.1066],[-120.073,40.1093],[-120.073,40.106]]]},"properties":{"name":"Survey of Northern Warm Springs Valley Fault, Doyle , CA, Nov 2020","otId":"OTDS.122020.6340.2","doi":"https://doi.org/10.5069/G9DB8004","created":"2020-12-14","temporal":"2020-11-27","keywords":"fault, walker lane, pluvial lake, lahontan"}},{"type":"Feature","geometry":{"type":"Polygon","coordinates":[[[-120.0882,40.1187],[-120.094,40.1206],[-120.0965,40.1236],[-120.0906,40.13],[-120.0743,40.1407],[-120.0713,40.1419],[-120.0675,40.141],[-120.0657,40.1374],[-120.0598,40.1342],[-120.0603,40.1307],[-120.0641,40.1283],[-120.0654,40.1252],[-120.0712,40.1219],[-120.0859,40.117],[-120.0882,40.1187]]]},"properties":{"name":"Survey of Northern Warm Springs Valley Fault, Doyle , CA, Nov 2020","otId":"OTDS.122020.6340.2","doi":"https://doi.org/10.5069/G9DB8004","created":"2020-12-14","temporal":"2020-11-27","keywords":"fault, walker lane, pluvial lake, lahontan"}},{"type":"Feature","geometry":{"type":"Polygon","coordinates":[[[-118.318,37.1966],[-118.318,37.2056],[-118.3116,37.2056],[-118.3116,37.1966],[-118.318,37.1966]]]},"properties":{"name":"Survey of Segment of 1872 Owens Valley Rupture near Klondike Lake, CA 2020","otId":"OTDS.122020.6340.1","doi":"https://doi.org/10.5069/G9J101CK","created":"2020-12-01","temporal":"2020-11-19","keywords":"Owens valley, earthquake, SfM, Big Pine, Klondike Lake"}},{"type":"Feature","geometry":{"type":"Polygon","coordinates":[[[-118.3127,37.1969],[-118.3115,37.1976],[-118.3172,37.2055],[-118.3172,37.2026],[-118.3127,37.1969]]]},"properties":{"name":"Survey of Segment of 1872 Owens Valley Rupture near Klondike Lake, CA 2020","otId":"OTDS.122020.6340.1","doi":"https://doi.org/10.5069/G9J101CK","created":"2020-12-01","temporal":"2020-11-19","keywords":"Owens valley, earthquake, SfM, Big Pine, Klondike Lake"}},{"type":"Feature","geometry":{"type":"Polygon","coordinates":[[[78.2339,43.2428],[78.2427,43.2428],[78.2427,43.2368],[78.2339,43.2368],[78.2339,43.2428]]]},"properties":{"name":"Chilik Fault windgap and slip rate site: Kazakhstan, 2016 ","otId":"OTDS.102020.4326.7","doi":"https://doi.org/10.5069/G9RR1WF9","created":"2020-10-28","temporal":"2016-07-26","keywords":"Kazakhstan, tectonics, fault, strike-slip, left-lateral, windgap"}},{"type":"Feature","geometry":{"type":"Polygon","coordinates":[[[81.1826,45.981],[81.2083,45.981],[81.2083,45.9664],[81.1826,45.9664],[81.1826,45.981]]]},"properties":{"name":"Dzhungarian Fault trench site 1: Kazakhstan, 2016 ","otId":"OTDS.102020.4326.6","doi":"https://doi.org/10.5069/G9WH2N6G","created":"2020-10-27","temporal":"2016-08-27","keywords":"tectonics, Kazakhstan, earthquake, fault scarp"}},{"type":"Feature","geometry":{"type":"Polygon","coordinates":[[[81.3693,45.9083],[81.3694,45.9098],[81.383,45.9098],[81.383,45.9083],[81.3848,45.9083],[81.3848,45.8995],[81.3694,45.8992],[81.3693,45.9083]]]},"properties":{"name":"Dzhungarian Fault slip rate site Bear River: Kazakhstan, 2015","otId":"OTDS.102020.4326.5","doi":"https://doi.org/10.5069/G91834PR","created":"2020-10-27","temporal":"2015-08-01","keywords":"tectonics, Kazakhstan, earthquake, fault scarp"}},{"type":"Feature","geometry":{"type":"Polygon","coordinates":[[[81.1414,45.9952],[81.1522,45.9952],[81.1522,45.9873],[81.1414,45.9873],[81.1414,45.9952]]]},"properties":{"name":"Dzhungarian Fault slip rate site: Kazakhstan, 2016","otId":"OTDS.102020.4326.4","doi":"https://doi.org/10.5069/G94X560V","created":"2020-10-27","temporal":"2016-08-30","keywords":"tectonics, Kazakhstan, earthquake, fault scarp"}},{"type":"Feature","geometry":{"type":"Polygon","coordinates":[[[78.3749,43.3134],[78.3944,43.3134],[78.3944,43.3033],[78.3749,43.3033],[78.3749,43.3134]]]},"properties":{"name":"Chilik Fault trench site 1: Kazakhstan, 2016","otId":"OTDS.102020.4326.3","doi":"https://doi.org/10.5069/G98P5XPB","created":"2020-10-27","temporal":"2016-07-29","keywords":"tectonics, Kazakhstan, earthquake, fault scarp"}},{"type":"Feature","geometry":{"type":"Polygon","coordinates":[[[78.1676,43.2173],[78.1813,43.2173],[78.1813,43.2073],[78.1676,43.2073],[78.1676,43.2173]]]},"properties":{"name":"Chilik Fault trench site 2: Kazakhstan, 2016 ","otId":"OTDS.102020.4326.2","doi":"https://doi.org/10.5069/G9DF6PD2","created":"2020-10-27","temporal":"2016-07-27","keywords":"fault scarp, tectonics, earthquake, Kzakhstan"}},{"type":"Feature","geometry":{"type":"MultiPolygon","coordinates":[[[[83.5544,43.7242],[83.5544,43.7182],[83.5447,43.7182],[83.5447,43.7242],[83.5544,43.7242]]],[[[83.5925,43.7192],[83.5768,43.7192],[83.5768,43.7283],[83.5925,43.7283],[83.5925,43.7192]]],[[[83.3232,43.8789],[83.2909,43.8789],[83.2909,43.8939],[83.3232,43.8939],[83.3232,43.8789]]],[[[82.8582,43.9241],[82.8582,43.9137],[82.8444,43.9137],[82.8444,43.9241],[82.8582,43.9241]]],[[[81.1204,44.2798],[81.0861,44.2798],[81.0861,44.2996],[81.1204,44.2996],[81.1204,44.2798]]],[[[81.06,44.2984],[81.0316,44.2984],[81.0316,44.3121],[81.06,44.3121],[81.06,44.2984]]]]},"properties":{"name":"High Resolution Topography of the Kashihe Fault, northern Tian Shan ","otId":"OTDS.102020.4326.1","doi":"https://doi.org/10.5069/G9PZ5711","created":"2020-10-05","temporal":"2017-09-01 / 2018-06-30","keywords":"DEMs, Kashihe Fault"}},{"type":"Feature","geometry":{"type":"Polygon","coordinates":[[[-112.945,37.2761],[-112.9293,37.2761],[-112.9293,37.264],[-112.945,37.264],[-112.945,37.2761]]]},"properties":{"name":"2019 Cable Mountain Rockfall, Zion National Park, Utah","otId":"OTDS.092020.4269.1","doi":"https://doi.org/10.5069/G9VT1Q8M","created":"2020-09-16","temporal":"2019-10-24 / 2019-10-07","keywords":"rockfall, sfm, Zion National Park, Washington County, Utah"}},{"type":"Feature","geometry":{"type":"Polygon","coordinates":[[[-112.9355,37.2648],[-112.9315,37.2711],[-112.9351,37.2708],[-112.9393,37.2726],[-112.9412,37.2716],[-112.938,37.2688],[-112.9377,37.2653],[-112.9355,37.2648]]]},"properties":{"name":"2019 Cable Mountain Rockfall, Zion National Park, Utah","otId":"OTDS.092020.4269.1","doi":"https://doi.org/10.5069/G9VT1Q8M","created":"2020-09-16","temporal":"2019-10-24 / 2019-10-07","keywords":"rockfall, sfm, Zion National Park, Washington County, Utah"}},{"type":"Feature","geometry":{"type":"Polygon","coordinates":[[[-91.1142,-0.7856],[-91.1112,-0.7852],[-91.1129,-0.78],[-91.1177,-0.778],[-91.1203,-0.7792],[-91.121,-0.7836],[-91.1142,-0.7856]]]},"properties":{"name":"Sierra Negra Volcano (TIR Flight 3): Galápagos, Ecuador, October 22 2018","otId":"OTDS.092020.32715.4","doi":"https://doi.org/10.5069/G957196P","created":"2020-09-09","temporal":"2018-10-22","keywords":"Sierra Negra, Galápagos, lava flow, volcano, UAS, structure-from-motion"}},{"type":"Feature","geometry":{"type":"Polygon","coordinates":[[[-91.1203,-0.7853],[-91.1203,-0.7786],[-91.1118,-0.7786],[-91.1118,-0.7853],[-91.1203,-0.7853]]]},"properties":{"name":"Sierra Negra Volcano (TIR Flight 3): Galápagos, Ecuador, October 22 2018","otId":"OTDS.092020.32715.4","doi":"https://doi.org/10.5069/G957196P","created":"2020-09-09","temporal":"2018-10-22","keywords":"Sierra Negra, Galápagos, lava flow, volcano, UAS, structure-from-motion"}},{"type":"Feature","geometry":{"type":"Polygon","coordinates":[[[-91.1146,-0.786],[-91.1119,-0.786],[-91.111,-0.7844],[-91.1132,-0.7821],[-91.1126,-0.7786],[-91.1204,-0.7782],[-91.1211,-0.7848],[-91.1146,-0.786]]]},"properties":{"name":"Sierra Negra Volcano (TIR Flight 2): Galápagos, Ecuador, October 22 2018","otId":"OTDS.092020.32715.3","doi":"https://doi.org/10.5069/G92F7KMS","created":"2020-09-02","temporal":"2018-10-22","keywords":"Sierra Negra, Galápagos, lava flow, volcano, UAS, structure-from-motion"}},{"type":"Feature","geometry":{"type":"Polygon","coordinates":[[[-91.1203,-0.7853],[-91.1203,-0.7786],[-91.1118,-0.7786],[-91.1118,-0.7853],[-91.1203,-0.7853]]]},"properties":{"name":"Sierra Negra Volcano (TIR Flight 2): Galápagos, Ecuador, October 22 2018","otId":"OTDS.092020.32715.3","doi":"https://doi.org/10.5069/G92F7KMS","created":"2020-09-02","temporal":"2018-10-22","keywords":"Sierra Negra, Galápagos, lava flow, volcano, UAS, structure-from-motion"}},{"type":"Feature","geometry":{"type":"Polygon","coordinates":[[[-91.1203,-0.7853],[-91.1203,-0.7786],[-91.1118,-0.7786],[-91.1118,-0.7853],[-91.1203,-0.7853]]]},"properties":{"name":"Sierra Negra Volcano (TIR Flight 1): Galápagos, Ecuador, October 22 2018","otId":"OTDS.092020.32715.2","doi":"https://doi.org/10.5069/G9668BBH","created":"2020-09-02","temporal":"2018-10-22","keywords":"Sierra Negra, Galápagos, lava flow, volcano, UAS, structure-from-motion"}},{"type":"Feature","geometry":{"type":"Polygon","coordinates":[[[-91.1137,-0.7862],[-91.1114,-0.7854],[-91.113,-0.7796],[-91.117,-0.7773],[-91.1195,-0.7776],[-91.1208,-0.7839],[-91.1137,-0.7862]]]},"properties":{"name":"Sierra Negra Volcano (TIR Flight 1): Galápagos, Ecuador, October 22 2018","otId":"OTDS.092020.32715.2","doi":"https://doi.org/10.5069/G9668BBH","created":"2020-09-02","temporal":"2018-10-22","keywords":"Sierra Negra, Galápagos, lava flow, volcano, UAS, structure-from-motion"}},{"type":"Feature","geometry":{"type":"Polygon","coordinates":[[[-91.113,-0.7866],[-91.1113,-0.784],[-91.113,-0.7824],[-91.1122,-0.7784],[-91.12,-0.7776],[-91.1213,-0.7848],[-91.113,-0.7866]]]},"properties":{"name":"Sierra Negra Volcano (Visual): Galápagos, Ecuador, October 22 2018","otId":"OTDS.092020.32715.1","doi":"https://doi.org/10.5069/G99Z932X","created":"2020-09-02","temporal":"2018-10-22","keywords":"Sierra Negra, Galápagos, lava flow, volcano, UAS, structure-from-motion"}},{"type":"Feature","geometry":{"type":"Polygon","coordinates":[[[-91.1203,-0.7853],[-91.1203,-0.7786],[-91.1118,-0.7786],[-91.1118,-0.7853],[-91.1203,-0.7853]]]},"properties":{"name":"Sierra Negra Volcano (Visual): Galápagos, Ecuador, October 22 2018","otId":"OTDS.092020.32715.1","doi":"https://doi.org/10.5069/G99Z932X","created":"2020-09-02","temporal":"2018-10-22","keywords":"Sierra Negra, Galápagos, lava flow, volcano, UAS, structure-from-motion"}},{"type":"Feature","geometry":{"type":"MultiPolygon","coordinates":[[[[-111.9009,40.8261],[-111.9009,40.826],[-111.9009,40.8261],[-111.9009,40.8261]]],[[[-111.901,40.8261],[-111.901,40.8261],[-111.901,40.8261],[-111.901,40.8261]]],[[[-111.9009,40.8261],[-111.9009,40.8261],[-111.9009,40.8261],[-111.9009,40.8261]]],[[[-111.9044,40.8259],[-111.904,40.8282],[-111.9012,40.8282],[-111.9009,40.8262],[-111.9044,40.8259]],[[-111.902,40.826],[-111.902,40.826],[-111.902,40.826],[-111.902,40.826]],[[-111.9034,40.826],[-111.9033,40.826],[-111.9034,40.8261],[-111.9034,40.826]],[[-111.902,40.8261],[-111.902,40.8261],[-111.902,40.8261],[-111.902,40.8261]],[[-111.9011,40.8262],[-111.9011,40.8263],[-111.9011,40.8262],[-111.9011,40.8262]],[[-111.901,40.8272],[-111.901,40.8272],[-111.901,40.8273],[-111.901,40.8272]],[[-111.9016,40.8279],[-111.9016,40.8279],[-111.9017,40.8279],[-111.9016,40.8279]],[[-111.9015,40.828],[-111.9015,40.828],[-111.9016,40.8279],[-111.9015,40.828]],[[-111.902,40.8281],[-111.902,40.8281],[-111.9021,40.8281],[-111.902,40.8281]],[[-111.9013,40.8283],[-111.9013,40.8283],[-111.9013,40.8283],[-111.9013,40.8283]],[[-111.9013,40.8283],[-111.9012,40.8283],[-111.9013,40.8284],[-111.9013,40.8283]],[[-111.9013,40.8284],[-111.9013,40.8285],[-111.9013,40.8284],[-111.9013,40.8284]],[[-111.9013,40.8285],[-111.9013,40.8285],[-111.9013,40.8285],[-111.9013,40.8285]],[[-111.9022,40.8285],[-111.9022,40.8285],[-111.9022,40.8285],[-111.9022,40.8285]]],[[[-111.9039,40.8283],[-111.9039,40.8282],[-111.9039,40.8283],[-111.9039,40.8283]]],[[[-111.9036,40.8284],[-111.9036,40.8284],[-111.9036,40.8284],[-111.9036,40.8284]]],[[[-111.9036,40.8285],[-111.9036,40.8284],[-111.9036,40.8284],[-111.9036,40.8285],[-111.9036,40.8285]]],[[[-111.902,40.8285],[-111.902,40.8285],[-111.902,40.8285],[-111.902,40.8285]]]]},"properties":{"name":"2015 Parkway Drive Landslide, North Salt Lake, Utah","otId":"OTDS.082020.26912.1","doi":"https://doi.org/10.5069/G9R78CCP","created":"2020-08-20","temporal":"2015-06-20","keywords":"landslide, sfm, Parkway Drive, North Salt Lake"}},{"type":"Feature","geometry":{"type":"Polygon","coordinates":[[[-111.9045,40.8287],[-111.9008,40.8287],[-111.9008,40.8258],[-111.9045,40.8258],[-111.9045,40.8287]]]},"properties":{"name":"2015 Parkway Drive Landslide, North Salt Lake, Utah","otId":"OTDS.082020.26912.1","doi":"https://doi.org/10.5069/G9R78CCP","created":"2020-08-20","temporal":"2015-06-20","keywords":"landslide, sfm, Parkway Drive, North Salt Lake"}},{"type":"Feature","geometry":{"type":"MultiPolygon","coordinates":[[[[-117.636,34.2109],[-117.6357,34.2109],[-117.6357,34.2107],[-117.636,34.2107],[-117.636,34.2109]]],[[[-117.6367,34.212],[-117.6364,34.212],[-117.6364,34.2119],[-117.6367,34.2119],[-117.6367,34.212]]],[[[-117.5895,34.2136],[-117.5886,34.2138],[-117.5886,34.2129],[-117.5895,34.2136]]],[[[-117.6362,34.2141],[-117.6356,34.2141],[-117.6356,34.2135],[-117.6362,34.2135],[-117.6362,34.2141]]],[[[-117.5894,34.2159],[-117.5892,34.2148],[-117.5916,34.2147],[-117.5916,34.2159],[-117.5894,34.2159]]],[[[-117.589,34.2163],[-117.589,34.2159],[-117.5893,34.2159],[-117.5893,34.2163],[-117.589,34.2163]]],[[[-117.6015,34.2259],[-117.6015,34.2252],[-117.6023,34.2252],[-117.6023,34.2259],[-117.6015,34.2259]]],[[[-117.6181,34.2262],[-117.6172,34.2262],[-117.6172,34.2257],[-117.6181,34.2257],[-117.6181,34.2262]]],[[[-117.6078,34.2273],[-117.6071,34.2273],[-117.6071,34.2267],[-117.6078,34.2267],[-117.6078,34.2273]]],[[[-117.6063,34.2285],[-117.6038,34.2285],[-117.6038,34.2264],[-117.6063,34.2264],[-117.6063,34.2285]]],[[[-117.6181,34.228],[-117.6181,34.2272],[-117.6187,34.2272],[-117.6187,34.228],[-117.6181,34.228]]],[[[-117.5959,34.2297],[-117.5959,34.2282],[-117.598,34.2282],[-117.598,34.2297],[-117.5959,34.2297]]],[[[-117.6015,34.23],[-117.6008,34.2306],[-117.6008,34.2295],[-117.6015,34.23]]],[[[-117.5998,34.2304],[-117.5993,34.2304],[-117.5993,34.2298],[-117.5998,34.2298],[-117.5998,34.2304]]],[[[-117.5982,34.232],[-117.5982,34.2315],[-117.599,34.2315],[-117.599,34.232],[-117.5982,34.232]]],[[[-118.0026,34.3246],[-118.0026,34.3244],[-118.0029,34.3244],[-118.0029,34.3246],[-118.0026,34.3246]]],[[[-117.9863,34.348],[-117.9861,34.348],[-117.9861,34.3478],[-117.9863,34.3478],[-117.9863,34.348]]],[[[-116.7925,33.8204],[-116.7922,33.8204],[-116.7922,33.8202],[-116.7925,33.8202],[-116.7925,33.8204]]],[[[-116.667,33.8227],[-116.6641,33.8227],[-116.6641,33.8208],[-116.667,33.8208],[-116.667,33.8227]]],[[[-116.6643,33.8274],[-116.6642,33.8298],[-116.6614,33.8298],[-116.6629,33.8278],[-116.6594,33.8278],[-116.6594,33.8251],[-116.664,33.8251],[-116.6643,33.8274]]],[[[-116.6876,33.8288],[-116.6823,33.829],[-116.6823,33.8265],[-116.6877,33.8253],[-116.6876,33.8288]]],[[[-116.6647,33.8285],[-116.6647,33.8268],[-116.6664,33.8268],[-116.6664,33.8285],[-116.6647,33.8285]]],[[[-116.6449,33.836],[-116.6442,33.836],[-116.6442,33.8352],[-116.6449,33.8352],[-116.6449,33.836]]],[[[-117.5865,34.205],[-117.5865,34.2044],[-117.5875,34.2044],[-117.5875,34.205],[-117.5865,34.205]]],[[[-117.5861,34.2165],[-117.5851,34.2165],[-117.5851,34.2157],[-117.5861,34.2157],[-117.5861,34.2165]]],[[[-117.5853,34.217],[-117.5848,34.217],[-117.5848,34.2165],[-117.5853,34.2165],[-117.5853,34.217]]],[[[-117.5892,34.2189],[-117.5885,34.2189],[-117.5885,34.2185],[-117.5892,34.2185],[-117.5892,34.2189]]],[[[-117.5795,34.2249],[-117.5795,34.2244],[-117.58,34.2244],[-117.58,34.2249],[-117.5795,34.2249]]],[[[-117.5759,34.226],[-117.5759,34.2253],[-117.5766,34.2253],[-117.5766,34.226],[-117.5759,34.226]]]]},"properties":{"name":"Bedrock cliffs in the San Gabriel and San Jacinto Mountains, California","otId":"OTDS.072020.26911.2","doi":"https://doi.org/10.5069/G96H4FKG","created":"2020-07-07","temporal":"2016-07-26 / 2018-08-16","keywords":"cliffs, fracture, bedrock, hillslope"}},{"type":"Feature","geometry":{"type":"MultiPolygon","coordinates":[[[[-117.6358,34.2106],[-117.6361,34.2108],[-117.6358,34.211],[-117.6358,34.2106]]],[[[-117.6364,34.2119],[-117.6367,34.2118],[-117.6367,34.212],[-117.6364,34.2119]]],[[[-117.6361,34.2139],[-117.6359,34.2141],[-117.6361,34.2135],[-117.6361,34.2139]]],[[[-117.5908,34.2152],[-117.5908,34.2154],[-117.5907,34.2154],[-117.5908,34.2152]]],[[[-117.5904,34.2158],[-117.5903,34.2156],[-117.5904,34.2155],[-117.5904,34.2158]]],[[[-117.6021,34.2258],[-117.6014,34.2257],[-117.6023,34.2251],[-117.6021,34.2258]]],[[[-117.6077,34.2272],[-117.6077,34.2275],[-117.6072,34.2267],[-117.6077,34.2272]]],[[[-117.6066,34.2276],[-117.6042,34.2272],[-117.6058,34.2262],[-117.6066,34.2276]],[[-117.6055,34.2278],[-117.6053,34.2273],[-117.6053,34.2276],[-117.6055,34.2278]]],[[[-117.6188,34.2273],[-117.6188,34.2273],[-117.6187,34.2273],[-117.6188,34.2273]]],[[[-117.6185,34.2276],[-117.6185,34.2282],[-117.6185,34.2271],[-117.6185,34.2276]]],[[[-117.5959,34.2298],[-117.5959,34.2286],[-117.5981,34.2287],[-117.5959,34.2298]]],[[[-117.6008,34.23],[-117.6013,34.2298],[-117.6011,34.2301],[-117.6008,34.23]]],[[[-117.6,34.2302],[-117.5994,34.2305],[-117.5996,34.2299],[-117.6,34.2302]]],[[[-117.6013,34.2305],[-117.6012,34.2302],[-117.6015,34.2301],[-117.6013,34.2305]]],[[[-117.5985,34.2318],[-117.5989,34.2315],[-117.5984,34.2322],[-117.5985,34.2318]]],[[[-116.6866,33.827],[-116.6861,33.8267],[-116.687,33.8265],[-116.6866,33.827]]],[[[-116.6856,33.8274],[-116.6865,33.8275],[-116.6837,33.8281],[-116.6856,33.8274]]],[[[-117.5872,34.2048],[-117.587,34.2054],[-117.5868,34.2047],[-117.5872,34.2048]]],[[[-117.5892,34.2133],[-117.5889,34.2135],[-117.5891,34.2131],[-117.5892,34.2133]]],[[[-117.5901,34.2154],[-117.5903,34.2153],[-117.5903,34.2155],[-117.5901,34.2154]]],[[[-117.5891,34.2162],[-117.5891,34.2159],[-117.5893,34.2162],[-117.5891,34.2162]]],[[[-117.5856,34.2162],[-117.5852,34.2163],[-117.5855,34.216],[-117.5856,34.2162]]],[[[-117.585,34.2168],[-117.5851,34.2167],[-117.5852,34.2168],[-117.585,34.2168]]],[[[-117.5888,34.2189],[-117.5886,34.2189],[-117.5889,34.2186],[-117.5888,34.2189]]],[[[-117.5796,34.2249],[-117.5795,34.2246],[-117.5798,34.2247],[-117.5796,34.2249]]],[[[-117.5766,34.2254],[-117.5763,34.2259],[-117.5764,34.2251],[-117.5766,34.2254]]],[[[-116.6662,33.8216],[-116.666,33.8218],[-116.6658,33.8213],[-116.6662,33.8216]]],[[[-116.6648,33.8219],[-116.6652,33.8223],[-116.6646,33.8224],[-116.6648,33.8219]]],[[[-116.6655,33.8225],[-116.6653,33.8217],[-116.6658,33.822],[-116.6655,33.8225]]],[[[-116.6617,33.8264],[-116.6613,33.8268],[-116.662,33.8255],[-116.6617,33.8264]]],[[[-116.6659,33.8277],[-116.6663,33.8271],[-116.6664,33.8275],[-116.6659,33.8277]]],[[[-116.6652,33.8281],[-116.6652,33.8276],[-116.6659,33.8276],[-116.6652,33.8281]]],[[[-116.6635,33.8284],[-116.6624,33.8294],[-116.6622,33.8284],[-116.6635,33.8284]]],[[[-116.663,33.8291],[-116.6633,33.8294],[-116.6626,33.8294],[-116.663,33.8291]]],[[[-116.6446,33.8359],[-116.6443,33.8359],[-116.6449,33.8354],[-116.6446,33.8359]]]]},"properties":{"name":"Bedrock cliffs in the San Gabriel and San Jacinto Mountains, California","otId":"OTDS.072020.26911.2","doi":"https://doi.org/10.5069/G96H4FKG","created":"2020-07-07","temporal":"2016-07-26 / 2018-08-16","keywords":"cliffs, fracture, bedrock, hillslope"}},{"type":"Feature","geometry":{"type":"Polygon","coordinates":[[[-119.0995,38.7221],[-119.0995,38.7356],[-119.0935,38.7356],[-119.0935,38.7221],[-119.0995,38.7221]]]},"properties":{"name":"Pine Grove Hills Fault Zone, Nevada 2018","otId":"OTDS.072020.26911.1","doi":"https://doi.org/10.5069/G9H1306R","created":"2020-07-02","temporal":"2018-08-01","keywords":"fault, pine grove hills, nevada, alluvial fan"}},{"type":"Feature","geometry":{"type":"Polygon","coordinates":[[[105.7795,38.8706],[105.7795,38.4165],[105.6352,38.4165],[105.6352,38.8706],[105.7795,38.8706]]]},"properties":{"name":"High Resolution Topography of West Helanshan Fault, Northern China 2018","otId":"OTDS.062020.32648.1","doi":"https://doi.org/10.5069/G9NS0S1Q","created":"2020-06-29","temporal":"2018-07-05 / 2018-09-27","keywords":"The West Helanshan Fault, Northern China, WorldView-3, Unmanned Aerial Vehicle (UAV), Photogrammetry, Structure-from-Motion (SfM)"}},{"type":"Feature","geometry":{"type":"MultiPolygon","coordinates":[[[[-117.1838,35.8995],[-117.1895,35.9097],[-117.187,35.9108],[-117.1819,35.9022],[-117.1838,35.8995]]],[[[-117.1999,35.9614],[-117.2039,35.9675],[-117.2024,35.9688],[-117.1981,35.9632],[-117.198,35.9614],[-117.1999,35.9614]]],[[[-117.2194,36.0056],[-117.2195,36.0097],[-117.2174,36.0097],[-117.2171,36.0061],[-117.2194,36.0056]]]]},"properties":{"name":"Quaternary Surface Ruptures along Panamint Valley Fault, CA, April-May 2018","otId":"OTDS.062020.32611.1","doi":"https://doi.org/10.5069/G92Z13PS","created":"2020-06-25","temporal":"2018-04-27 / 2018-05-04","keywords":"Panamint Valley Fault, Eastern California Shear Zone, earthquake, complex fault"}},{"type":"Feature","geometry":{"type":"MultiPolygon","coordinates":[[[[-117.1645,35.8692],[-117.1645,35.8501],[-117.1761,35.8501],[-117.1761,35.8692],[-117.1645,35.8692]]],[[[-117.191,35.9126],[-117.1802,35.9126],[-117.1802,35.9024],[-117.1678,35.9024],[-117.1678,35.8853],[-117.1852,35.8853],[-117.1852,35.8988],[-117.191,35.8988],[-117.191,35.9126]]],[[[-117.1962,35.9694],[-117.1962,35.9597],[-117.2044,35.9597],[-117.2044,35.9694],[-117.1962,35.9694]]],[[[-117.2039,35.9888],[-117.2245,35.9888],[-117.2245,36.0047],[-117.2039,36.0047],[-117.2039,35.9888]]],[[[-117.2168,36.005],[-117.2199,36.005],[-117.2199,36.0104],[-117.2168,36.0104],[-117.2168,36.005]]]]},"properties":{"name":"Quaternary Surface Ruptures along Panamint Valley Fault, CA, April-May 2018","otId":"OTDS.062020.32611.1","doi":"https://doi.org/10.5069/G92Z13PS","created":"2020-06-25","temporal":"2018-04-27 / 2018-05-04","keywords":"Panamint Valley Fault, Eastern California Shear Zone, earthquake, complex fault"}},{"type":"Feature","geometry":{"type":"Polygon","coordinates":[[[-87.8448,42.9373],[-87.8451,42.9393],[-87.8462,42.9377],[-87.8448,42.9373]]]},"properties":{"name":"Survey of Warnimont Bluff, Wisconsin, February 2020","otId":"OTDS.062020.32616.1","doi":"https://doi.org/10.5069/G9CC0XVH","created":"2020-06-18","temporal":"2020-02-29","keywords":"bluff, coastal, erosion, landslide, Wisconsin, sediment"}},{"type":"Feature","geometry":{"type":"Polygon","coordinates":[[[-87.8461,42.9374],[-87.8461,42.9393],[-87.8445,42.9393],[-87.8445,42.9374],[-87.8461,42.9374]]]},"properties":{"name":"Survey of Warnimont Bluff, Wisconsin, February 2020","otId":"OTDS.062020.32616.1","doi":"https://doi.org/10.5069/G9CC0XVH","created":"2020-06-18","temporal":"2020-02-29","keywords":"bluff, coastal, erosion, landslide, Wisconsin, sediment"}},{"type":"Feature","geometry":{"type":"Polygon","coordinates":[[[10.5839,46.6834],[10.5839,46.6853],[10.5864,46.6853],[10.5864,46.6834],[10.5839,46.6834]]]},"properties":{"name":"Survey of the fluxsite in Muntetschinig, South Tyrol (IT), September 2015","otId":"OTDS.052020.32632.1","doi":"https://doi.org/10.5069/G9TQ5ZP2","created":"2020-05-12","temporal":"2015-09-30","keywords":"Eddy Flux, Pasture, South Tyrol, Autumn"}},{"type":"Feature","geometry":{"type":"Polygon","coordinates":[[[10.5861,46.6828],[10.5868,46.6843],[10.5839,46.6851],[10.5861,46.6828]]]},"properties":{"name":"Survey of the fluxsite in Muntetschinig, South Tyrol (IT), September 2015","otId":"OTDS.052020.32632.1","doi":"https://doi.org/10.5069/G9TQ5ZP2","created":"2020-05-12","temporal":"2015-09-30","keywords":"Eddy Flux, Pasture, South Tyrol, Autumn"}},{"type":"Feature","geometry":{"type":"Polygon","coordinates":[[[11.4327,46.5863],[11.4327,46.588],[11.4348,46.588],[11.4348,46.5863],[11.4327,46.5863]]]},"properties":{"name":"IT-Ren, Fluxnet site","otId":"OTDS.042020.32632.1","doi":"https://doi.org/10.5069/G9Q52MSP","created":"2020-04-06","temporal":"2015-08-06","keywords":"Fluxnet, Bolzano, Italy, carbon dioxide, water vapour, subalpine coniferous forest"}},{"type":"Feature","geometry":{"type":"Polygon","coordinates":[[[11.4341,46.5861],[11.4349,46.5873],[11.4329,46.588],[11.4326,46.5866],[11.4341,46.5861]]]},"properties":{"name":"IT-Ren, Fluxnet site","otId":"OTDS.042020.32632.1","doi":"https://doi.org/10.5069/G9Q52MSP","created":"2020-04-06","temporal":"2015-08-06","keywords":"Fluxnet, Bolzano, Italy, carbon dioxide, water vapour, subalpine coniferous forest"}},{"type":"Feature","geometry":{"type":"Polygon","coordinates":[[[74.5814,39.0779],[74.5814,39.0958],[74.5996,39.0958],[74.5996,39.0779],[74.5814,39.0779]]]},"properties":{"name":"SfM data of the Kongur normal fault (Qimugan site), Pamir, China, Aug. 2018","otId":"OTDS.022020.32643.1","doi":"https://doi.org/10.5069/G90K26QF","created":"2020-02-28","temporal":"2018-08-26","keywords":"Structure from Motion (SfM), fluvial terrace riser, Kongur Normal fault, Pamir"}},{"type":"Feature","geometry":{"type":"MultiPolygon","coordinates":[[[[-87.8765,43.3729],[-87.8765,43.3729],[-87.8765,43.3729],[-87.8765,43.3729]]],[[[-87.8765,43.3729],[-87.8765,43.3729],[-87.8765,43.3729],[-87.8765,43.3729]]],[[[-87.8759,43.3736],[-87.876,43.3736],[-87.8759,43.3736],[-87.8759,43.3736]]],[[[-87.876,43.3738],[-87.876,43.3738],[-87.876,43.3738],[-87.876,43.3738],[-87.876,43.3738]]],[[[-87.8753,43.375],[-87.8753,43.375],[-87.8753,43.375],[-87.8753,43.375]]],[[[-87.8753,43.375],[-87.8753,43.375],[-87.8753,43.375],[-87.8753,43.375],[-87.8753,43.375]]],[[[-87.8745,43.3762],[-87.8745,43.3762],[-87.8745,43.3763],[-87.8745,43.3762]]],[[[-87.8743,43.3765],[-87.8743,43.3765],[-87.8743,43.3765],[-87.8743,43.3765],[-87.8743,43.3765]]],[[[-87.8745,43.3766],[-87.8745,43.3766],[-87.8746,43.3766],[-87.8745,43.3766]]],[[[-87.8761,43.3722],[-87.8725,43.381],[-87.8708,43.3818],[-87.8761,43.3722]],[[-87.876,43.3723],[-87.8759,43.3723],[-87.876,43.3723],[-87.876,43.3723]],[[-87.876,43.3723],[-87.876,43.3724],[-87.876,43.3724],[-87.876,43.3723]],[[-87.8761,43.3724],[-87.8761,43.3723],[-87.8761,43.3724],[-87.8761,43.3724]],[[-87.8762,43.3725],[-87.8763,43.3725],[-87.8762,43.3724],[-87.8762,43.3725]],[[-87.8764,43.3726],[-87.8764,43.3725],[-87.8763,43.3725],[-87.8764,43.3726]],[[-87.8765,43.3728],[-87.8765,43.3728],[-87.8765,43.3728],[-87.8765,43.3728]],[[-87.8763,43.3728],[-87.8763,43.3728],[-87.8763,43.3728],[-87.8763,43.3728]],[[-87.8762,43.3729],[-87.8762,43.3729],[-87.8762,43.3729],[-87.8762,43.3729]],[[-87.8753,43.3736],[-87.8753,43.3736],[-87.8753,43.3736],[-87.8753,43.3736]],[[-87.8758,43.3737],[-87.8758,43.3736],[-87.8758,43.3737],[-87.8758,43.3737]],[[-87.8755,43.3737],[-87.8756,43.3737],[-87.8756,43.3737],[-87.8755,43.3737]],[[-87.8755,43.3736],[-87.8754,43.3737],[-87.8754,43.3737],[-87.8755,43.3736]],[[-87.8758,43.3737],[-87.8758,43.3736],[-87.8758,43.3737],[-87.8758,43.3737]],[[-87.8757,43.3737],[-87.8756,43.3737],[-87.8756,43.3737],[-87.8757,43.3737]],[[-87.8759,43.3738],[-87.8759,43.3738],[-87.8758,43.3738],[-87.8759,43.3738]],[[-87.8757,43.3743],[-87.8756,43.3743],[-87.8756,43.3743],[-87.8757,43.3743]],[[-87.8754,43.3744],[-87.8754,43.3744],[-87.8754,43.3744],[-87.8754,43.3744]],[[-87.8752,43.3747],[-87.8753,43.3747],[-87.8753,43.3746],[-87.8752,43.3747]],[[-87.875,43.3747],[-87.8749,43.3747],[-87.875,43.3747],[-87.875,43.3747]],[[-87.8746,43.3748],[-87.8746,43.3748],[-87.8746,43.3748],[-87.8746,43.3748]],[[-87.8753,43.3748],[-87.8754,43.3748],[-87.8753,43.3748],[-87.8753,43.3748]],[[-87.8753,43.3749],[-87.8753,43.3748],[-87.8753,43.3749],[-87.8753,43.3749]],[[-87.8751,43.3749],[-87.8751,43.3749],[-87.8751,43.3749],[-87.8751,43.3749]],[[-87.8751,43.3749],[-87.8752,43.3749],[-87.8752,43.3749],[-87.8751,43.3749]],[[-87.8747,43.3749],[-87.8747,43.3749],[-87.8747,43.3749],[-87.8747,43.3749]],[[-87.8752,43.375],[-87.8752,43.375],[-87.8752,43.375],[-87.8752,43.375]],[[-87.8751,43.3751],[-87.8751,43.3751],[-87.8751,43.3751],[-87.8751,43.3751]],[[-87.8751,43.3752],[-87.8751,43.3752],[-87.8751,43.3752],[-87.8751,43.3752]],[[-87.8749,43.3753],[-87.875,43.3753],[-87.8749,43.3753],[-87.8749,43.3753]],[[-87.8749,43.3755],[-87.8749,43.3755],[-87.8749,43.3755],[-87.8749,43.3755]],[[-87.8749,43.3755],[-87.8749,43.3755],[-87.8749,43.3755],[-87.8749,43.3755]],[[-87.8746,43.3758],[-87.8747,43.3758],[-87.8746,43.3758],[-87.8746,43.3758]],[[-87.8744,43.3762],[-87.8745,43.3763],[-87.8745,43.3762],[-87.8744,43.3762]],[[-87.8739,43.3762],[-87.8739,43.3762],[-87.8739,43.3762],[-87.8739,43.3762]],[[-87.8739,43.3762],[-87.8739,43.3762],[-87.8739,43.3762],[-87.8739,43.3762]],[[-87.8739,43.3763],[-87.8739,43.3763],[-87.874,43.3763],[-87.8739,43.3763]],[[-87.8746,43.3763],[-87.8746,43.3763],[-87.8746,43.3763],[-87.8746,43.3763]],[[-87.8746,43.3763],[-87.8745,43.3763],[-87.8746,43.3763],[-87.8746,43.3763]],[[-87.8739,43.3763],[-87.8738,43.3763],[-87.8738,43.3763],[-87.8739,43.3763]],[[-87.8738,43.3763],[-87.8738,43.3763],[-87.8738,43.3763],[-87.8738,43.3763]],[[-87.874,43.3764],[-87.874,43.3764],[-87.874,43.3764],[-87.874,43.3764]],[[-87.874,43.3766],[-87.8742,43.3767],[-87.874,43.3765],[-87.874,43.3766]],[[-87.8741,43.3765],[-87.8741,43.3765],[-87.8741,43.3765],[-87.8741,43.3765]],[[-87.8742,43.3768],[-87.8741,43.3768],[-87.8741,43.3768],[-87.8742,43.3768]],[[-87.8738,43.377],[-87.8738,43.3769],[-87.8738,43.377],[-87.8738,43.377]],[[-87.8735,43.377],[-87.8735,43.377],[-87.8735,43.377],[-87.8735,43.377]],[[-87.8739,43.377],[-87.8739,43.377],[-87.8738,43.377],[-87.8739,43.377]],[[-87.874,43.3773],[-87.874,43.3772],[-87.874,43.3773],[-87.874,43.3773]],[[-87.8739,43.3773],[-87.8739,43.3774],[-87.874,43.3773],[-87.8739,43.3773]],[[-87.8736,43.3775],[-87.8736,43.3775],[-87.8736,43.3775],[-87.8736,43.3775],[-87.8736,43.3775]],[[-87.8738,43.3775],[-87.8738,43.3775],[-87.8738,43.3775],[-87.8738,43.3775]],[[-87.8738,43.3776],[-87.8738,43.3776],[-87.8738,43.3776],[-87.8738,43.3776]],[[-87.8733,43.3776],[-87.8733,43.3776],[-87.8733,43.3776],[-87.8733,43.3776]],[[-87.8737,43.3778],[-87.8737,43.3778],[-87.8737,43.3778],[-87.8737,43.3778]],[[-87.8738,43.3779],[-87.8738,43.3779],[-87.8738,43.3779],[-87.8738,43.3779]],[[-87.8737,43.3779],[-87.8737,43.3781],[-87.8738,43.3779],[-87.8737,43.3779]],[[-87.8735,43.3783],[-87.8735,43.3783],[-87.8735,43.3783],[-87.8735,43.3783],[-87.8735,43.3783]],[[-87.8735,43.3784],[-87.8735,43.3784],[-87.8735,43.3784],[-87.8735,43.3784]],[[-87.8734,43.3785],[-87.8734,43.3786],[-87.8735,43.3785],[-87.8734,43.3785]],[[-87.8734,43.3786],[-87.8734,43.3786],[-87.8734,43.3786],[-87.8734,43.3786]],[[-87.8734,43.3786],[-87.8734,43.3786],[-87.8734,43.3786],[-87.8734,43.3786]],[[-87.8734,43.3787],[-87.8734,43.3787],[-87.8735,43.3786],[-87.8734,43.3787]],[[-87.8734,43.3786],[-87.8734,43.3786],[-87.8734,43.3787],[-87.8734,43.3786]],[[-87.8734,43.3787],[-87.8734,43.3787],[-87.8734,43.3787],[-87.8734,43.3787]],[[-87.8733,43.3789],[-87.8733,43.3789],[-87.8733,43.3788],[-87.8733,43.3789]],[[-87.8731,43.3795],[-87.8731,43.3795],[-87.8731,43.3794],[-87.8731,43.3795]],[[-87.8731,43.3795],[-87.873,43.3795],[-87.8731,43.3795],[-87.8731,43.3795]],[[-87.873,43.3796],[-87.8729,43.3796],[-87.8729,43.3796],[-87.873,43.3796]],[[-87.8723,43.3797],[-87.8723,43.3797],[-87.8723,43.3798],[-87.8723,43.3797]],[[-87.8723,43.3797],[-87.8724,43.3797],[-87.8723,43.3797],[-87.8723,43.3797]],[[-87.8728,43.3798],[-87.8728,43.3798],[-87.8728,43.3798],[-87.8728,43.3798]],[[-87.8726,43.3798],[-87.8726,43.3799],[-87.8727,43.3799],[-87.8726,43.3798]],[[-87.8729,43.3799],[-87.8729,43.3799],[-87.8729,43.3799],[-87.8729,43.3799]],[[-87.8727,43.3799],[-87.8727,43.3799],[-87.8727,43.3799],[-87.8727,43.3799],[-87.8727,43.3799]],[[-87.8729,43.3799],[-87.8728,43.3799],[-87.8728,43.38],[-87.8729,43.3799]],[[-87.8727,43.3801],[-87.8727,43.3801],[-87.8727,43.3801],[-87.8727,43.3801]],[[-87.8722,43.3801],[-87.8721,43.3801],[-87.8722,43.3802],[-87.8722,43.3801]],[[-87.872,43.3801],[-87.872,43.3802],[-87.872,43.3801],[-87.872,43.3801]],[[-87.8728,43.3802],[-87.8728,43.3802],[-87.8728,43.3802],[-87.8728,43.3802]],[[-87.8722,43.3802],[-87.8722,43.3802],[-87.8722,43.3802],[-87.8722,43.3802]],[[-87.872,43.3802],[-87.872,43.3802],[-87.872,43.3802],[-87.872,43.3802]],[[-87.8728,43.3802],[-87.8728,43.3802],[-87.8728,43.3802],[-87.8728,43.3802]],[[-87.872,43.3803],[-87.872,43.3803],[-87.872,43.3803],[-87.872,43.3803]],[[-87.8728,43.3803],[-87.8728,43.3803],[-87.8728,43.3803],[-87.8728,43.3803]],[[-87.8719,43.3803],[-87.8719,43.3803],[-87.8719,43.3804],[-87.8719,43.3803]],[[-87.8718,43.3804],[-87.8718,43.3805],[-87.8718,43.3804],[-87.8718,43.3804]],[[-87.8717,43.3806],[-87.8717,43.3806],[-87.8717,43.3806],[-87.8717,43.3806]],[[-87.8723,43.3806],[-87.8723,43.3806],[-87.8723,43.3806],[-87.8723,43.3806]],[[-87.8723,43.3806],[-87.8723,43.3806],[-87.8723,43.3806],[-87.8723,43.3806]],[[-87.8724,43.3807],[-87.8724,43.3807],[-87.8724,43.3807],[-87.8724,43.3807]],[[-87.8725,43.3807],[-87.8725,43.3807],[-87.8725,43.3807],[-87.8725,43.3807]],[[-87.8726,43.3807],[-87.8725,43.3808],[-87.8726,43.3807],[-87.8726,43.3807]],[[-87.8725,43.3808],[-87.8724,43.3808],[-87.8724,43.3809],[-87.8725,43.3808]],[[-87.8723,43.3809],[-87.8723,43.3809],[-87.8724,43.3809],[-87.8723,43.3809]],[[-87.8725,43.3809],[-87.8725,43.3809],[-87.8724,43.3809],[-87.8725,43.3809]],[[-87.8723,43.381],[-87.8723,43.3811],[-87.8723,43.381],[-87.8723,43.381]],[[-87.8721,43.381],[-87.8721,43.381],[-87.8721,43.381],[-87.8721,43.381]],[[-87.8724,43.3809],[-87.8724,43.381],[-87.8724,43.381],[-87.8724,43.3809]],[[-87.8724,43.3811],[-87.8724,43.381],[-87.8723,43.3811],[-87.8724,43.3811]],[[-87.8724,43.3811],[-87.8723,43.3811],[-87.8724,43.3812],[-87.8724,43.3811]],[[-87.8719,43.3813],[-87.8719,43.3813],[-87.8719,43.3813],[-87.8719,43.3813]],[[-87.8721,43.3813],[-87.8722,43.3813],[-87.8721,43.3813],[-87.8721,43.3813]],[[-87.8721,43.3813],[-87.8721,43.3814],[-87.8721,43.3813],[-87.8721,43.3813]],[[-87.8719,43.3814],[-87.8719,43.3814],[-87.8719,43.3814],[-87.8719,43.3814]],[[-87.8718,43.3814],[-87.8718,43.3814],[-87.8717,43.3814],[-87.8718,43.3814]],[[-87.8722,43.3814],[-87.8722,43.3814],[-87.8722,43.3814],[-87.8722,43.3814]],[[-87.872,43.3815],[-87.8721,43.3814],[-87.872,43.3814],[-87.872,43.3815]],[[-87.8712,43.3815],[-87.8712,43.3815],[-87.8712,43.3815],[-87.8712,43.3815]],[[-87.8712,43.3815],[-87.8712,43.3815],[-87.8712,43.3815],[-87.8712,43.3815]],[[-87.872,43.3815],[-87.872,43.3815],[-87.872,43.3815],[-87.872,43.3815]],[[-87.8712,43.3816],[-87.8712,43.3816],[-87.8712,43.3816],[-87.8712,43.3816]],[[-87.872,43.3816],[-87.872,43.3816],[-87.8719,43.3816],[-87.872,43.3816]],[[-87.872,43.3817],[-87.872,43.3817],[-87.872,43.3816],[-87.872,43.3817]],[[-87.8718,43.3818],[-87.8718,43.3818],[-87.8718,43.3818],[-87.8718,43.3818]],[[-87.872,43.3818],[-87.872,43.3818],[-87.872,43.3818],[-87.872,43.3818]],[[-87.8717,43.3818],[-87.8717,43.3818],[-87.8717,43.3818],[-87.8717,43.3818]],[[-87.8719,43.3818],[-87.8719,43.3818],[-87.8718,43.3818],[-87.8719,43.3818]]],[[[-87.8727,43.3804],[-87.8727,43.3804],[-87.8727,43.3804],[-87.8727,43.3804],[-87.8727,43.3804]]],[[[-87.8727,43.3805],[-87.8727,43.3805],[-87.8727,43.3805],[-87.8727,43.3805]]],[[[-87.8728,43.3805],[-87.8728,43.3805],[-87.8728,43.3805],[-87.8727,43.3805],[-87.8728,43.3805]]],[[[-87.8726,43.3806],[-87.8727,43.3806],[-87.8726,43.3806],[-87.8726,43.3806]]],[[[-87.8726,43.3806],[-87.8726,43.3806],[-87.8726,43.3806],[-87.8726,43.3806]]],[[[-87.8726,43.3806],[-87.8726,43.3806],[-87.8726,43.3806],[-87.8726,43.3806],[-87.8726,43.3806]]],[[[-87.8726,43.3806],[-87.8726,43.3806],[-87.8726,43.3806],[-87.8726,43.3806],[-87.8726,43.3806]]],[[[-87.8727,43.3806],[-87.8727,43.3806],[-87.8727,43.3806],[-87.8727,43.3806]]],[[[-87.8722,43.3815],[-87.8722,43.3815],[-87.8722,43.3815],[-87.8722,43.3815],[-87.8722,43.3815]]],[[[-87.8713,43.3817],[-87.8713,43.3817],[-87.8713,43.3816],[-87.8713,43.3817]]]]},"properties":{"name":"Survey of Ozaukee South Beach Bluff, Wisconsin, July 2019","otId":"OTDS.022020.32616.5","doi":"https://doi.org/10.5069/G93J3B4F","created":"2020-02-05","temporal":"2019-07-04","keywords":"bluff, coastal, erosion, landslide, Wisconsin, sediment"}},{"type":"Feature","geometry":{"type":"Polygon","coordinates":[[[-87.8766,43.3721],[-87.8766,43.382],[-87.8709,43.382],[-87.8709,43.3721],[-87.8766,43.3721]]]},"properties":{"name":"Survey of Ozaukee South Beach Bluff, Wisconsin, July 2019","otId":"OTDS.022020.32616.5","doi":"https://doi.org/10.5069/G93J3B4F","created":"2020-02-05","temporal":"2019-07-04","keywords":"bluff, coastal, erosion, landslide, Wisconsin, sediment"}},{"type":"Feature","geometry":{"type":"Polygon","coordinates":[[[-87.8461,42.9377],[-87.8461,42.939],[-87.8446,42.939],[-87.8446,42.9377],[-87.8461,42.9377]]]},"properties":{"name":"Survey of Warnimont Bluff, Wisconsin, June 2019","otId":"OTDS.022020.32616.4","doi":"https://doi.org/10.5069/G97942VR","created":"2020-02-04","temporal":"2019-06-11","keywords":"bluff, coastal, erosion, landslide, Wisconsin, sediment"}},{"type":"Feature","geometry":{"type":"MultiPolygon","coordinates":[[[[-87.8461,42.938],[-87.8461,42.938],[-87.8461,42.938],[-87.8461,42.938]]],[[[-87.846,42.9381],[-87.846,42.9381],[-87.846,42.9381],[-87.846,42.9381]]],[[[-87.8459,42.9381],[-87.8459,42.9381],[-87.8459,42.9381],[-87.8459,42.9381]]],[[[-87.8459,42.9383],[-87.8459,42.9383],[-87.8459,42.9383],[-87.8459,42.9383]]],[[[-87.8459,42.9383],[-87.8459,42.9383],[-87.8459,42.9383],[-87.8459,42.9383]]],[[[-87.8458,42.9384],[-87.8458,42.9384],[-87.8458,42.9384],[-87.8458,42.9384]]],[[[-87.8458,42.9384],[-87.8458,42.9384],[-87.8458,42.9384],[-87.8458,42.9384]]],[[[-87.8458,42.9384],[-87.8458,42.9384],[-87.8458,42.9384],[-87.8458,42.9384]]],[[[-87.8458,42.9384],[-87.8458,42.9384],[-87.8458,42.9384],[-87.8458,42.9384]]],[[[-87.8458,42.9384],[-87.8458,42.9384],[-87.8458,42.9384],[-87.8458,42.9384],[-87.8458,42.9384]]],[[[-87.8458,42.9384],[-87.8458,42.9384],[-87.8458,42.9384],[-87.8458,42.9384]]],[[[-87.8458,42.9384],[-87.8458,42.9384],[-87.8458,42.9384],[-87.8458,42.9384]]],[[[-87.8458,42.9384],[-87.8458,42.9384],[-87.8458,42.9384],[-87.8458,42.9384]]],[[[-87.8458,42.9384],[-87.8458,42.9384],[-87.8458,42.9384],[-87.8458,42.9384],[-87.8458,42.9384]]],[[[-87.8458,42.9384],[-87.8458,42.9384],[-87.8458,42.9384],[-87.8458,42.9384]]],[[[-87.8458,42.9385],[-87.8458,42.9385],[-87.8458,42.9384],[-87.8458,42.9385]]],[[[-87.8458,42.9385],[-87.8458,42.9385],[-87.8458,42.9385],[-87.8458,42.9385]]],[[[-87.8458,42.9385],[-87.8458,42.9385],[-87.8458,42.9385],[-87.8458,42.9385]]],[[[-87.8458,42.9385],[-87.8458,42.9385],[-87.8458,42.9385],[-87.8458,42.9385]]],[[[-87.8458,42.9385],[-87.8458,42.9385],[-87.8458,42.9385],[-87.8458,42.9385],[-87.8458,42.9385]]],[[[-87.8452,42.9378],[-87.8452,42.9378],[-87.8452,42.9378],[-87.8452,42.9378]]],[[[-87.8451,42.9379],[-87.8451,42.9379],[-87.8451,42.9379],[-87.8451,42.9379]]],[[[-87.845,42.9379],[-87.845,42.9379],[-87.845,42.9379],[-87.845,42.9379]]],[[[-87.8456,42.9379],[-87.8456,42.9379],[-87.8456,42.9379],[-87.8456,42.9379],[-87.8456,42.9379]]],[[[-87.8456,42.9381],[-87.8456,42.9381],[-87.8456,42.9381],[-87.8456,42.9381]]],[[[-87.8457,42.9382],[-87.8457,42.9382],[-87.8457,42.9382],[-87.8457,42.9382]]],[[[-87.8454,42.9382],[-87.8454,42.9382],[-87.8455,42.9382],[-87.8454,42.9382]]],[[[-87.8454,42.9382],[-87.8454,42.9382],[-87.8454,42.9382],[-87.8454,42.9382]]],[[[-87.8455,42.9382],[-87.8455,42.9383],[-87.8455,42.9382],[-87.8455,42.9382]]],[[[-87.845,42.9378],[-87.8461,42.9379],[-87.8456,42.939],[-87.845,42.9378]],[[-87.8457,42.9378],[-87.8457,42.9379],[-87.8457,42.9378],[-87.8457,42.9378]],[[-87.8453,42.9379],[-87.8453,42.9379],[-87.8453,42.9379],[-87.8453,42.9379]],[[-87.8454,42.9379],[-87.8454,42.9379],[-87.8455,42.9379],[-87.8454,42.9379]],[[-87.8458,42.9379],[-87.8459,42.9379],[-87.8458,42.9379],[-87.8458,42.9379]],[[-87.8453,42.9379],[-87.8454,42.9379],[-87.8453,42.9379],[-87.8453,42.9379]],[[-87.8457,42.938],[-87.8458,42.938],[-87.8457,42.9379],[-87.8457,42.938]],[[-87.8459,42.9379],[-87.8459,42.938],[-87.846,42.938],[-87.8459,42.9379]],[[-87.8456,42.938],[-87.8455,42.938],[-87.8457,42.9382],[-87.8456,42.938]],[[-87.8458,42.938],[-87.8458,42.938],[-87.8458,42.938],[-87.8458,42.938]],[[-87.8459,42.938],[-87.8459,42.938],[-87.8459,42.938],[-87.8459,42.938]],[[-87.8459,42.938],[-87.8458,42.9381],[-87.846,42.9381],[-87.8459,42.938]],[[-87.8458,42.9381],[-87.8458,42.9381],[-87.8458,42.9381],[-87.8458,42.9381]],[[-87.8455,42.9381],[-87.8454,42.9381],[-87.8455,42.9382],[-87.8455,42.9381]],[[-87.8458,42.9381],[-87.8458,42.9381],[-87.8458,42.9381],[-87.8458,42.9381]],[[-87.8457,42.9381],[-87.8457,42.9381],[-87.8457,42.9381],[-87.8457,42.9381]],[[-87.8454,42.9381],[-87.8454,42.9381],[-87.8454,42.9381],[-87.8454,42.9381]],[[-87.8459,42.9381],[-87.8459,42.9381],[-87.8459,42.9381],[-87.8459,42.9381]],[[-87.8459,42.9381],[-87.846,42.9381],[-87.8459,42.9381],[-87.8459,42.9381]],[[-87.8458,42.9382],[-87.8458,42.9382],[-87.8458,42.9382],[-87.8458,42.9382]],[[-87.8454,42.9382],[-87.8455,42.9383],[-87.8456,42.9382],[-87.8454,42.9382]],[[-87.8454,42.9382],[-87.8454,42.9382],[-87.8454,42.9382],[-87.8454,42.9382]],[[-87.8456,42.9382],[-87.8456,42.9382],[-87.8456,42.9382],[-87.8456,42.9382]],[[-87.8456,42.9383],[-87.8457,42.9383],[-87.8456,42.9382],[-87.8456,42.9383]],[[-87.8458,42.9383],[-87.8458,42.9383],[-87.8458,42.9383],[-87.8458,42.9383]],[[-87.8455,42.9383],[-87.8455,42.9383],[-87.8455,42.9383],[-87.8455,42.9383]],[[-87.8454,42.9383],[-87.8454,42.9383],[-87.8454,42.9383],[-87.8454,42.9383]],[[-87.8457,42.9384],[-87.8457,42.9384],[-87.8457,42.9383],[-87.8457,42.9384]],[[-87.8456,42.9383],[-87.8456,42.9384],[-87.8457,42.9383],[-87.8456,42.9383]],[[-87.8455,42.9384],[-87.8455,42.9384],[-87.8455,42.9384],[-87.8455,42.9384]],[[-87.845,42.9384],[-87.8451,42.9384],[-87.8451,42.9384],[-87.845,42.9384],[-87.845,42.9384]],[[-87.8456,42.9385],[-87.8456,42.9385],[-87.8456,42.9384],[-87.8456,42.9385]],[[-87.8455,42.9384],[-87.8456,42.9384],[-87.8455,42.9384],[-87.8455,42.9384]],[[-87.845,42.9384],[-87.845,42.9385],[-87.845,42.9384],[-87.845,42.9384]],[[-87.8451,42.9384],[-87.8452,42.9384],[-87.8452,42.9384],[-87.8451,42.9384]],[[-87.8456,42.9385],[-87.8455,42.9385],[-87.8455,42.9385],[-87.8456,42.9385]],[[-87.8456,42.9385],[-87.8457,42.9385],[-87.8457,42.9385],[-87.8456,42.9385]],[[-87.8456,42.9385],[-87.8456,42.9385],[-87.8456,42.9385],[-87.8456,42.9385]],[[-87.8449,42.9385],[-87.845,42.9385],[-87.845,42.9385],[-87.8449,42.9385]],[[-87.8456,42.9385],[-87.8456,42.9385],[-87.8456,42.9385],[-87.8456,42.9385],[-87.8456,42.9385]],[[-87.8456,42.9385],[-87.8455,42.9385],[-87.8456,42.9385],[-87.8456,42.9385]],[[-87.8453,42.9385],[-87.8453,42.9386],[-87.8453,42.9386],[-87.8453,42.9385]],[[-87.8449,42.9386],[-87.8449,42.9386],[-87.8449,42.9386],[-87.8449,42.9386]],[[-87.8456,42.9386],[-87.8455,42.9387],[-87.8456,42.9386],[-87.8456,42.9386]],[[-87.8454,42.9387],[-87.8454,42.9387],[-87.8455,42.9387],[-87.8454,42.9387]],[[-87.8455,42.9387],[-87.8455,42.9388],[-87.8456,42.9387],[-87.8455,42.9387]],[[-87.8456,42.9387],[-87.8456,42.9387],[-87.8456,42.9387],[-87.8456,42.9387]],[[-87.8452,42.9387],[-87.8452,42.9387],[-87.8452,42.9387],[-87.8452,42.9387]],[[-87.8454,42.9388],[-87.8454,42.9388],[-87.8454,42.9387],[-87.8454,42.9388],[-87.8454,42.9388]],[[-87.8453,42.9388],[-87.8453,42.9388],[-87.8453,42.9388],[-87.8453,42.9388]],[[-87.8454,42.9388],[-87.8454,42.9388],[-87.8454,42.9388],[-87.8454,42.9388]],[[-87.8455,42.9388],[-87.8455,42.9388],[-87.8455,42.9388],[-87.8455,42.9388]],[[-87.8454,42.9389],[-87.8454,42.9389],[-87.8454,42.9389],[-87.8454,42.9389]],[[-87.8456,42.9389],[-87.8456,42.939],[-87.8456,42.939],[-87.8456,42.9389]]],[[[-87.8456,42.9384],[-87.8456,42.9384],[-87.8456,42.9384],[-87.8456,42.9384],[-87.8456,42.9384]]],[[[-87.8457,42.9385],[-87.8457,42.9385],[-87.8457,42.9385],[-87.8457,42.9385]]],[[[-87.8457,42.9385],[-87.8456,42.9385],[-87.8456,42.9385],[-87.8457,42.9385]]],[[[-87.8458,42.9385],[-87.8457,42.9385],[-87.8457,42.9385],[-87.8458,42.9385],[-87.8458,42.9385]]],[[[-87.8457,42.9386],[-87.8457,42.9386],[-87.8457,42.9386],[-87.8457,42.9386]]],[[[-87.8454,42.9387],[-87.8454,42.9388],[-87.8454,42.9387],[-87.8454,42.9387]]],[[[-87.8453,42.9388],[-87.8453,42.9388],[-87.8453,42.9388],[-87.8453,42.9388]]],[[[-87.8453,42.9388],[-87.8453,42.9388],[-87.8453,42.9388],[-87.8453,42.9388]]],[[[-87.8448,42.9389],[-87.8448,42.9388],[-87.8448,42.9388],[-87.8448,42.9389]]],[[[-87.8454,42.939],[-87.8454,42.939],[-87.8454,42.939],[-87.8454,42.939]]]]},"properties":{"name":"Survey of Warnimont Bluff, Wisconsin, June 2019","otId":"OTDS.022020.32616.4","doi":"https://doi.org/10.5069/G97942VR","created":"2020-02-04","temporal":"2019-06-11","keywords":"bluff, coastal, erosion, landslide, Wisconsin, sediment"}},{"type":"Feature","geometry":{"type":"Polygon","coordinates":[[[-87.8449,42.9377],[-87.8445,42.9387],[-87.8462,42.9388],[-87.8449,42.9377]]]},"properties":{"name":"Survey of Warnimont Bluff, Wisconsin, December 2018","otId":"OTDS.022020.32616.3","doi":"https://doi.org/10.5069/G9C24TK3","created":"2020-02-04","temporal":"2018-12-07","keywords":"bluff, coastal, erosion, landslide, Wisconsin, sediment"}},{"type":"Feature","geometry":{"type":"Polygon","coordinates":[[[-87.846,42.9377],[-87.846,42.9388],[-87.8447,42.9388],[-87.8447,42.9377],[-87.846,42.9377]]]},"properties":{"name":"Survey of Warnimont Bluff, Wisconsin, December 2018","otId":"OTDS.022020.32616.3","doi":"https://doi.org/10.5069/G9C24TK3","created":"2020-02-04","temporal":"2018-12-07","keywords":"bluff, coastal, erosion, landslide, Wisconsin, sediment"}},{"type":"Feature","geometry":{"type":"Polygon","coordinates":[[[-87.8461,42.9376],[-87.8461,42.9391],[-87.8446,42.9391],[-87.8446,42.9376],[-87.8461,42.9376]]]},"properties":{"name":"Survey of Warnimont Bluff, Wisconsin, November 2019","otId":"OTDS.022020.32616.2","doi":"https://doi.org/10.5069/G9MG7MNZ","created":"2020-02-03","temporal":"2019-11-23","keywords":"bluff, coastal, erosion, landslide, Wisconsin, sediment"}},{"type":"Feature","geometry":{"type":"MultiPolygon","coordinates":[[[[-87.8461,42.9379],[-87.8461,42.9379],[-87.8461,42.9379],[-87.8461,42.9379]]],[[[-87.846,42.9379],[-87.846,42.938],[-87.846,42.938],[-87.846,42.9379]]],[[[-87.8456,42.938],[-87.8456,42.938],[-87.8456,42.938],[-87.8456,42.938],[-87.8456,42.938]]],[[[-87.8457,42.938],[-87.8457,42.938],[-87.8457,42.938],[-87.8457,42.938]]],[[[-87.8456,42.938],[-87.8456,42.938],[-87.8456,42.938],[-87.8456,42.938]]],[[[-87.8456,42.938],[-87.8456,42.938],[-87.8456,42.938],[-87.8456,42.938]]],[[[-87.8456,42.9381],[-87.8456,42.9381],[-87.8456,42.9381],[-87.8456,42.9381]]],[[[-87.846,42.9386],[-87.846,42.9385],[-87.846,42.9386],[-87.846,42.9386]]],[[[-87.8459,42.9376],[-87.8459,42.9389],[-87.8446,42.9389],[-87.8459,42.9376]],[[-87.846,42.9377],[-87.846,42.9377],[-87.846,42.9377],[-87.846,42.9377]],[[-87.846,42.9377],[-87.846,42.9377],[-87.846,42.9377],[-87.846,42.9377]],[[-87.8459,42.9378],[-87.8459,42.9378],[-87.8459,42.9378],[-87.8459,42.9378]],[[-87.846,42.9378],[-87.846,42.9378],[-87.846,42.9378],[-87.846,42.9378]],[[-87.8452,42.9378],[-87.8452,42.9378],[-87.8452,42.9378],[-87.8452,42.9378]],[[-87.846,42.9378],[-87.846,42.9378],[-87.846,42.9378],[-87.846,42.9378]],[[-87.8451,42.9378],[-87.8451,42.9378],[-87.8451,42.9378],[-87.8451,42.9378]],[[-87.8451,42.9379],[-87.8451,42.9379],[-87.8451,42.9379],[-87.8451,42.9379]],[[-87.8458,42.9379],[-87.8458,42.9379],[-87.8458,42.9379],[-87.8458,42.9379]],[[-87.8454,42.9379],[-87.8454,42.9379],[-87.8454,42.9379],[-87.8454,42.9379]],[[-87.8458,42.9379],[-87.8458,42.9379],[-87.8457,42.9379],[-87.8458,42.9379]],[[-87.8453,42.9379],[-87.8453,42.9379],[-87.8453,42.9379],[-87.8453,42.9379]],[[-87.8459,42.9379],[-87.8458,42.9379],[-87.8459,42.9379],[-87.8459,42.9379]],[[-87.8451,42.9379],[-87.8451,42.9379],[-87.8451,42.9379],[-87.8451,42.9379]],[[-87.8453,42.9379],[-87.8453,42.9379],[-87.8453,42.9379],[-87.8453,42.9379],[-87.8453,42.9379]],[[-87.8457,42.9379],[-87.8457,42.938],[-87.8458,42.938],[-87.8457,42.9379]],[[-87.8458,42.9379],[-87.8457,42.9379],[-87.8458,42.9379],[-87.8458,42.9379]],[[-87.8451,42.938],[-87.8451,42.938],[-87.8451,42.938],[-87.8451,42.938]],[[-87.8454,42.938],[-87.8454,42.938],[-87.8454,42.938],[-87.8454,42.938]],[[-87.8459,42.938],[-87.8459,42.938],[-87.8459,42.9379],[-87.8459,42.938]],[[-87.8458,42.938],[-87.8458,42.938],[-87.8458,42.938],[-87.8458,42.938]],[[-87.8456,42.938],[-87.8455,42.938],[-87.8456,42.938],[-87.8456,42.938]],[[-87.8452,42.9381],[-87.8452,42.9381],[-87.8452,42.9381],[-87.8452,42.9381]],[[-87.846,42.9381],[-87.846,42.9381],[-87.8459,42.9381],[-87.846,42.9381]],[[-87.8454,42.9381],[-87.8454,42.9381],[-87.8454,42.9381],[-87.8454,42.9381]],[[-87.8455,42.9381],[-87.8455,42.9381],[-87.8455,42.9381],[-87.8455,42.9381]],[[-87.846,42.9381],[-87.846,42.9381],[-87.846,42.9381],[-87.846,42.9381]],[[-87.846,42.9381],[-87.846,42.9381],[-87.846,42.9381],[-87.846,42.9381],[-87.846,42.9381]],[[-87.8454,42.9381],[-87.8454,42.9381],[-87.8454,42.9381],[-87.8454,42.9381]],[[-87.8459,42.9381],[-87.8459,42.9381],[-87.8459,42.9381],[-87.8459,42.9381]],[[-87.8457,42.9382],[-87.8457,42.9382],[-87.8457,42.9382],[-87.8457,42.9382],[-87.8457,42.9382]],[[-87.8454,42.9382],[-87.8454,42.9382],[-87.8454,42.9382],[-87.8454,42.9382]],[[-87.8454,42.9382],[-87.8454,42.9382],[-87.8454,42.9382],[-87.8454,42.9382]],[[-87.8454,42.9382],[-87.8454,42.9383],[-87.8454,42.9382],[-87.8454,42.9382]],[[-87.8454,42.9383],[-87.8454,42.9383],[-87.8454,42.9383],[-87.8454,42.9383]],[[-87.8454,42.9383],[-87.8454,42.9383],[-87.8454,42.9383],[-87.8454,42.9383]],[[-87.846,42.9383],[-87.846,42.9383],[-87.846,42.9383],[-87.846,42.9383]],[[-87.8457,42.9383],[-87.8457,42.9383],[-87.8456,42.9383],[-87.8457,42.9383]],[[-87.8456,42.9383],[-87.8456,42.9383],[-87.8456,42.9383],[-87.8456,42.9383]],[[-87.8456,42.9383],[-87.8456,42.9383],[-87.8456,42.9383],[-87.8456,42.9383]],[[-87.8454,42.9383],[-87.8454,42.9383],[-87.8454,42.9383],[-87.8454,42.9383]],[[-87.8456,42.9383],[-87.8456,42.9383],[-87.8456,42.9383],[-87.8456,42.9383]],[[-87.8457,42.9383],[-87.8457,42.9383],[-87.8457,42.9383],[-87.8457,42.9383]],[[-87.8455,42.9384],[-87.8455,42.9383],[-87.8455,42.9383],[-87.8455,42.9384]],[[-87.8453,42.9384],[-87.8453,42.9384],[-87.8453,42.9384],[-87.8453,42.9384]],[[-87.8455,42.9384],[-87.8455,42.9384],[-87.8455,42.9384],[-87.8455,42.9384],[-87.8455,42.9384]],[[-87.8457,42.9384],[-87.8457,42.9384],[-87.8456,42.9384],[-87.8457,42.9384]],[[-87.8456,42.9384],[-87.8456,42.9384],[-87.8456,42.9384],[-87.8456,42.9384]],[[-87.8457,42.9384],[-87.8457,42.9385],[-87.8458,42.9384],[-87.8457,42.9384]],[[-87.8456,42.9384],[-87.8456,42.9384],[-87.8456,42.9384],[-87.8456,42.9384]],[[-87.8451,42.9384],[-87.8451,42.9384],[-87.8451,42.9384],[-87.8451,42.9384]],[[-87.8456,42.9384],[-87.8456,42.9384],[-87.8456,42.9384],[-87.8456,42.9384]],[[-87.845,42.9384],[-87.845,42.9384],[-87.8451,42.9384],[-87.845,42.9384]],[[-87.845,42.9384],[-87.8449,42.9385],[-87.845,42.9385],[-87.845,42.9384]],[[-87.8457,42.9385],[-87.8457,42.9385],[-87.8457,42.9384],[-87.8457,42.9385]],[[-87.8456,42.9384],[-87.8456,42.9384],[-87.8456,42.9385],[-87.8456,42.9384]],[[-87.8455,42.9384],[-87.8455,42.9384],[-87.8456,42.9384],[-87.8455,42.9384]],[[-87.8455,42.9384],[-87.8455,42.9385],[-87.8455,42.9385],[-87.8455,42.9384]],[[-87.845,42.9385],[-87.8451,42.9385],[-87.845,42.9385],[-87.845,42.9385]],[[-87.8455,42.9385],[-87.8455,42.9384],[-87.8455,42.9384],[-87.8455,42.9385],[-87.8455,42.9385]],[[-87.8457,42.9385],[-87.8456,42.9385],[-87.8456,42.9385],[-87.8457,42.9385]],[[-87.8455,42.9385],[-87.8455,42.9385],[-87.8455,42.9385],[-87.8455,42.9385]],[[-87.8455,42.9385],[-87.8455,42.9385],[-87.8455,42.9385],[-87.8455,42.9385]],[[-87.8449,42.9385],[-87.8449,42.9385],[-87.8449,42.9385],[-87.8449,42.9385]],[[-87.8455,42.9385],[-87.8455,42.9385],[-87.8455,42.9385],[-87.8455,42.9385]],[[-87.8457,42.9385],[-87.8458,42.9385],[-87.8457,42.9385],[-87.8457,42.9385]],[[-87.845,42.9385],[-87.845,42.9385],[-87.845,42.9385],[-87.845,42.9385]],[[-87.8457,42.9385],[-87.8457,42.9385],[-87.8457,42.9385],[-87.8457,42.9385]],[[-87.8455,42.9385],[-87.8456,42.9385],[-87.8455,42.9385],[-87.8455,42.9385]],[[-87.8451,42.9385],[-87.8451,42.9385],[-87.845,42.9385],[-87.8451,42.9385]],[[-87.8449,42.9385],[-87.8449,42.9386],[-87.8449,42.9385],[-87.8449,42.9385]],[[-87.845,42.9385],[-87.845,42.9386],[-87.845,42.9386],[-87.845,42.9385]],[[-87.8456,42.9386],[-87.8456,42.9386],[-87.8456,42.9386],[-87.8456,42.9386]],[[-87.845,42.9386],[-87.845,42.9386],[-87.845,42.9386],[-87.845,42.9386]],[[-87.8449,42.9386],[-87.8449,42.9386],[-87.8449,42.9386],[-87.8449,42.9386]],[[-87.845,42.9386],[-87.845,42.9386],[-87.845,42.9386],[-87.845,42.9386]],[[-87.845,42.9386],[-87.845,42.9386],[-87.845,42.9386],[-87.845,42.9386],[-87.845,42.9386]],[[-87.8457,42.9386],[-87.8457,42.9386],[-87.8458,42.9386],[-87.8457,42.9386]],[[-87.8458,42.9386],[-87.8458,42.9386],[-87.8458,42.9386],[-87.8458,42.9386]],[[-87.8453,42.9386],[-87.8453,42.9386],[-87.8453,42.9386],[-87.8453,42.9386]],[[-87.845,42.9386],[-87.845,42.9386],[-87.845,42.9386],[-87.845,42.9386]],[[-87.8449,42.9386],[-87.8449,42.9386],[-87.8449,42.9386],[-87.8449,42.9386]],[[-87.8451,42.9386],[-87.8451,42.9386],[-87.8451,42.9386],[-87.8451,42.9386]],[[-87.8456,42.9386],[-87.8456,42.9386],[-87.8456,42.9386],[-87.8456,42.9386]],[[-87.8455,42.9386],[-87.8455,42.9386],[-87.8455,42.9386],[-87.8455,42.9386]],[[-87.845,42.9386],[-87.845,42.9386],[-87.845,42.9386],[-87.845,42.9386]],[[-87.8448,42.9386],[-87.8448,42.9386],[-87.8448,42.9386],[-87.8448,42.9386]],[[-87.8456,42.9386],[-87.8455,42.9387],[-87.8456,42.9386],[-87.8456,42.9386]],[[-87.845,42.9386],[-87.845,42.9386],[-87.845,42.9386],[-87.845,42.9386]],[[-87.8455,42.9386],[-87.8455,42.9386],[-87.8455,42.9386],[-87.8455,42.9386]],[[-87.8455,42.9386],[-87.8455,42.9386],[-87.8455,42.9386],[-87.8455,42.9386],[-87.8455,42.9386]],[[-87.8456,42.9386],[-87.8456,42.9386],[-87.8456,42.9386],[-87.8456,42.9386]],[[-87.8449,42.9386],[-87.8449,42.9386],[-87.8449,42.9386],[-87.8449,42.9386]],[[-87.8452,42.9386],[-87.8452,42.9386],[-87.8452,42.9386],[-87.8452,42.9386]],[[-87.8449,42.9386],[-87.8449,42.9386],[-87.8449,42.9386],[-87.8449,42.9386]],[[-87.845,42.9387],[-87.845,42.9387],[-87.845,42.9386],[-87.845,42.9387]],[[-87.8459,42.9387],[-87.8459,42.9386],[-87.8459,42.9386],[-87.8459,42.9387]],[[-87.8456,42.9387],[-87.8456,42.9387],[-87.8457,42.9387],[-87.8456,42.9387]],[[-87.8448,42.9387],[-87.8447,42.9387],[-87.8448,42.9387],[-87.8448,42.9387]],[[-87.8457,42.9387],[-87.8457,42.9387],[-87.8457,42.9387],[-87.8457,42.9387]],[[-87.8448,42.9387],[-87.8448,42.9387],[-87.8448,42.9387],[-87.8448,42.9387]],[[-87.8449,42.9387],[-87.8449,42.9387],[-87.8449,42.9387],[-87.8449,42.9387]],[[-87.8455,42.9387],[-87.8455,42.9387],[-87.8454,42.9387],[-87.8455,42.9387]],[[-87.8448,42.9387],[-87.8448,42.9387],[-87.8448,42.9387],[-87.8448,42.9387],[-87.8448,42.9387]],[[-87.8454,42.9387],[-87.8454,42.9387],[-87.8454,42.9387],[-87.8454,42.9387]],[[-87.8458,42.9387],[-87.8459,42.9387],[-87.8458,42.9387],[-87.8458,42.9387]],[[-87.8458,42.9387],[-87.8458,42.9387],[-87.8458,42.9387],[-87.8458,42.9387]],[[-87.8447,42.9387],[-87.8447,42.9387],[-87.8447,42.9387],[-87.8447,42.9387]],[[-87.8448,42.9387],[-87.8448,42.9387],[-87.8448,42.9387],[-87.8448,42.9387]],[[-87.8448,42.9388],[-87.8448,42.9387],[-87.8448,42.9387],[-87.8448,42.9388]],[[-87.8448,42.9388],[-87.8448,42.9387],[-87.8448,42.9388],[-87.8448,42.9388]],[[-87.8459,42.9387],[-87.8459,42.9388],[-87.8459,42.9387],[-87.8459,42.9387]],[[-87.8459,42.9387],[-87.8459,42.9387],[-87.8459,42.9388],[-87.8459,42.9387]],[[-87.8447,42.9388],[-87.8447,42.9388],[-87.8447,42.9388],[-87.8447,42.9388]],[[-87.8447,42.9388],[-87.8447,42.9388],[-87.8447,42.9388],[-87.8447,42.9388]],[[-87.8447,42.9388],[-87.8447,42.9388],[-87.8447,42.9388],[-87.8447,42.9388]],[[-87.8458,42.9388],[-87.8458,42.9388],[-87.8458,42.9388],[-87.8458,42.9388]],[[-87.8457,42.9388],[-87.8458,42.9388],[-87.8458,42.9388],[-87.8457,42.9388]],[[-87.8447,42.9388],[-87.8447,42.9388],[-87.8447,42.9388],[-87.8447,42.9388],[-87.8447,42.9388]],[[-87.8457,42.9388],[-87.8457,42.9388],[-87.8457,42.9388],[-87.8457,42.9388]],[[-87.8454,42.9388],[-87.8454,42.9388],[-87.8454,42.9388],[-87.8454,42.9388]],[[-87.8447,42.9388],[-87.8447,42.9388],[-87.8447,42.9388],[-87.8447,42.9388],[-87.8447,42.9388]],[[-87.8448,42.9388],[-87.8448,42.9388],[-87.8447,42.9388],[-87.8448,42.9388]],[[-87.8447,42.9388],[-87.8447,42.9388],[-87.8447,42.9388],[-87.8447,42.9388]],[[-87.8459,42.9389],[-87.8459,42.9389],[-87.8459,42.9389],[-87.8459,42.9389]],[[-87.8458,42.9389],[-87.8458,42.9389],[-87.8458,42.9389],[-87.8458,42.9389]],[[-87.8458,42.9389],[-87.8457,42.9389],[-87.8457,42.9389],[-87.8458,42.9389]],[[-87.8458,42.9389],[-87.8458,42.9389],[-87.8458,42.9389],[-87.8458,42.9389]],[[-87.8456,42.939],[-87.8456,42.939],[-87.8456,42.939],[-87.8456,42.939]],[[-87.8456,42.939],[-87.8456,42.939],[-87.8455,42.939],[-87.8456,42.939]]],[[[-87.8449,42.9387],[-87.8449,42.9387],[-87.8449,42.9386],[-87.8449,42.9387]]],[[[-87.8448,42.9387],[-87.8448,42.9387],[-87.8448,42.9387],[-87.8448,42.9387]]],[[[-87.8448,42.9387],[-87.8448,42.9387],[-87.8448,42.9387],[-87.8448,42.9387]]],[[[-87.8447,42.9388],[-87.8447,42.9388],[-87.8447,42.9388],[-87.8447,42.9388]]],[[[-87.8453,42.939],[-87.8453,42.939],[-87.8453,42.939],[-87.8453,42.939]]],[[[-87.8454,42.939],[-87.8454,42.939],[-87.8454,42.939],[-87.8454,42.939]]]]},"properties":{"name":"Survey of Warnimont Bluff, Wisconsin, November 2019","otId":"OTDS.022020.32616.2","doi":"https://doi.org/10.5069/G9MG7MNZ","created":"2020-02-03","temporal":"2019-11-23","keywords":"bluff, coastal, erosion, landslide, Wisconsin, sediment"}},{"type":"Feature","geometry":{"type":"Polygon","coordinates":[[[-87.8459,42.9389],[-87.8441,42.9392],[-87.8448,42.9372],[-87.8459,42.9389]]]},"properties":{"name":"Survey of Warnimont Bluff, Wisconsin, December 2019","otId":"OTDS.022020.32616.1","doi":"https://doi.org/10.5069/G9R78CB7","created":"2020-02-03","temporal":"2019-12-12","keywords":"bluff, coastal, erosion, landslide, Wisconsin, sediment"}},{"type":"Feature","geometry":{"type":"Polygon","coordinates":[[[-87.8461,42.9373],[-87.8461,42.9394],[-87.8445,42.9394],[-87.8445,42.9373],[-87.8461,42.9373]]]},"properties":{"name":"Survey of Warnimont Bluff, Wisconsin, December 2019","otId":"OTDS.022020.32616.1","doi":"https://doi.org/10.5069/G9R78CB7","created":"2020-02-03","temporal":"2019-12-12","keywords":"bluff, coastal, erosion, landslide, Wisconsin, sediment"}},{"type":"Feature","geometry":{"type":"Polygon","coordinates":[[[-86.2148,38.7716],[-86.2217,38.7713],[-86.2235,38.7742],[-86.2213,38.7753],[-86.2235,38.7769],[-86.222,38.7812],[-86.2178,38.7822],[-86.2158,38.7781],[-86.2095,38.7812],[-86.2049,38.7788],[-86.2064,38.7731],[-86.2106,38.7712],[-86.2145,38.7732],[-86.2148,38.7716]]]},"properties":{"name":"East Fork White River Chute Cutoff with UAS (ESPL), Indiana, 2018","otId":"OTDS.012020.26916.1","doi":"https://doi.org/10.5069/G95H7DDN","created":"2020-01-14","temporal":"2018-06-05 / 2019-04-10","keywords":"river, cutoff, erosion, Indiana, East Fork, White River"}},{"type":"Feature","geometry":{"type":"Polygon","coordinates":[[[-86.2125,38.7712],[-86.2233,38.7712],[-86.223,38.7819],[-86.2123,38.7819],[-86.2123,38.7802],[-86.2057,38.7802],[-86.2057,38.772],[-86.2125,38.7712]]]},"properties":{"name":"East Fork White River Chute Cutoff with UAS (ESPL), Indiana, 2018","otId":"OTDS.012020.26916.1","doi":"https://doi.org/10.5069/G95H7DDN","created":"2020-01-14","temporal":"2018-06-05 / 2019-04-10","keywords":"river, cutoff, erosion, Indiana, East Fork, White River"}},{"type":"Feature","geometry":{"type":"Polygon","coordinates":[[[-111.8522,41.2137],[-111.8515,41.2159],[-111.8536,41.2153],[-111.8522,41.2137]]]},"properties":{"name":"2019 ZigZag Landslide Reconnaissance, Morgan County, Utah","otId":"OTDS.122019.4326.8","doi":"https://doi.org/10.5069/G96D5R4Q","created":"2019-12-31","temporal":"2019-06-11","keywords":"landslide, sfm, Morgan County, Utah, landslide, zigzag"}},{"type":"Feature","geometry":{"type":"Polygon","coordinates":[[[-111.8542,41.2161],[-111.8515,41.2161],[-111.8515,41.2136],[-111.8542,41.2136],[-111.8542,41.2161]]]},"properties":{"name":"2019 ZigZag Landslide Reconnaissance, Morgan County, Utah","otId":"OTDS.122019.4326.8","doi":"https://doi.org/10.5069/G96D5R4Q","created":"2019-12-31","temporal":"2019-06-11","keywords":"landslide, sfm, Morgan County, Utah, landslide, zigzag"}},{"type":"Feature","geometry":{"type":"Polygon","coordinates":[[[-111.8135,41.2133],[-111.8037,41.2133],[-111.8037,41.2064],[-111.8135,41.2064],[-111.8135,41.2133]]]},"properties":{"name":"2019 Waste Dump Landslide Reconnaissance, Morgan County, Utah","otId":"OTDS.122019.4326.7","doi":"https://doi.org/10.5069/G9B56GV1","created":"2019-12-31","temporal":"2019-06-11","keywords":"landslide, sfm, Morgan County, Utah, landslide"}},{"type":"Feature","geometry":{"type":"Polygon","coordinates":[[[-111.8076,41.2068],[-111.8056,41.2073],[-111.805,41.2098],[-111.8085,41.2123],[-111.8121,41.2108],[-111.8076,41.2068]]]},"properties":{"name":"2019 Waste Dump Landslide Reconnaissance, Morgan County, Utah","otId":"OTDS.122019.4326.7","doi":"https://doi.org/10.5069/G9B56GV1","created":"2019-12-31","temporal":"2019-06-11","keywords":"landslide, sfm, Morgan County, Utah, landslide"}},{"type":"Feature","geometry":{"type":"Polygon","coordinates":[[[-111.7028,40.5698],[-111.7005,40.5713],[-111.7024,40.5771],[-111.704,40.5712],[-111.7028,40.5698]]]},"properties":{"name":"2019 Little Cottonwood Canyon, Tanners Gulch Debris Flow Recon, Utah","otId":"OTDS.122019.4326.6","doi":"https://doi.org/10.5069/G9FX77KF","created":"2019-12-31","temporal":"2019-09-04","keywords":"debris flow, sfm, utah, Salt Lake, Little Cottonwood Canyon, Tanner Gulch"}},{"type":"Feature","geometry":{"type":"Polygon","coordinates":[[[-111.7049,40.5777],[-111.6997,40.5777],[-111.6997,40.5694],[-111.7049,40.5694],[-111.7049,40.5777]]]},"properties":{"name":"2019 Little Cottonwood Canyon, Tanners Gulch Debris Flow Recon, Utah","otId":"OTDS.122019.4326.6","doi":"https://doi.org/10.5069/G9FX77KF","created":"2019-12-31","temporal":"2019-09-04","keywords":"debris flow, sfm, utah, Salt Lake, Little Cottonwood Canyon, Tanner Gulch"}},{"type":"Feature","geometry":{"type":"Polygon","coordinates":[[[73.4743,42.2015],[73.4743,42.2046],[73.4831,42.2046],[73.4831,42.2015],[73.4743,42.2015]]]},"properties":{"name":"Fault scarp near Turabulak, Suusamyr Basin, Kyrgyzstan","otId":"OTDS.122019.32643.4","doi":"https://doi.org/10.5069/G9QF8R1H","created":"2019-12-20","temporal":"2016-06-17","keywords":"Suusamyr; Kyrgyzstan; Fault Scarp"}},{"type":"Feature","geometry":{"type":"Polygon","coordinates":[[[73.6573,42.204],[73.6573,42.2069],[73.6663,42.2069],[73.6663,42.204],[73.6573,42.204]]]},"properties":{"name":"Suusamyr Basin, eastern 1992 surface ruptures, Kyrgyzstan","otId":"OTDS.122019.32643.3","doi":"https://doi.org/10.5069/G9V69GRT","created":"2019-12-20","temporal":"2016-06-05","keywords":"Suusamyr; Earthquake; 1992; Fault Scarp; Kyrgyzstan"}},{"type":"Feature","geometry":{"type":"Polygon","coordinates":[[[73.3552,42.1598],[73.3552,42.1636],[73.3642,42.1636],[73.3642,42.1598],[73.3552,42.1598]]]},"properties":{"name":"Suusamyr Basin, Dzhalpaksu River (east), Kyrgyzstan","otId":"OTDS.122019.32643.2","doi":"https://doi.org/10.5069/G9000072","created":"2019-12-20","temporal":"2016-06-08","keywords":"Suusamyr; 1992; Earthquake; Fault Scarp; Kyrgyzstan"}},{"type":"Feature","geometry":{"type":"Polygon","coordinates":[[[73.5537,42.2071],[73.5537,42.2121],[73.5615,42.2121],[73.5615,42.2071],[73.5537,42.2071]]]},"properties":{"name":"Suusamyr Basin, Chet-Korumdy ridge trench site, Kyrgyzstan","otId":"OTDS.122019.32643.1","doi":"https://doi.org/10.5069/G93N21JR","created":"2019-12-20","temporal":"2015-06-02","keywords":"Suusamyr; 1992; Earthquake; Fault Scarp; Kyrgyzstan"}},{"type":"Feature","geometry":{"type":"Polygon","coordinates":[[[73.9944,42.3052],[73.9944,42.3137],[74.0157,42.3137],[74.0157,42.3052],[73.9944,42.3052]]]},"properties":{"name":"Thrust fault NE of Suusamyr, Suusamyr Basin, Kyrgyzstan","otId":"OTDS.122019.4326.5","doi":"https://doi.org/10.5069/G97D2S83","created":"2019-12-20","temporal":"2016-06-16","keywords":"Suusamyr, Fault Scarp, tectonics, Suusamyr Basin, Kyrgyzstan"}},{"type":"Feature","geometry":{"type":"Polygon","coordinates":[[[79.4094,43.5386],[79.4094,43.5481],[79.4265,43.5481],[79.4265,43.5386],[79.4094,43.5386]]]},"properties":{"name":"Fault scarp near Ili Basin, Shonzhy, Kazakhstan","otId":"OTDS.122019.4326.4","doi":"https://doi.org/10.5069/G9C53J0T","created":"2019-12-20","temporal":"2015-08-22","keywords":"Shonzhy; Fault Scarp, Tectonics, Ili Basin, Shonzhy, Kazakhstan"}},{"type":"Feature","geometry":{"type":"Polygon","coordinates":[[[73.336,42.1604],[73.336,42.1661],[73.3486,42.1661],[73.3486,42.1604],[73.336,42.1604]]]},"properties":{"name":"Suusamyr Basin, Dzhalpaksu River (west), Kyrgyzstan","otId":"OTDS.122019.4326.3","doi":"https://doi.org/10.5069/G9GX48QT","created":"2019-12-20","temporal":"2015-06-03","keywords":"Kyrgyzstan, Suusamyr Basin, Dzhalpaksu River, fault scarp, earthquake"}},{"type":"Feature","geometry":{"type":"Polygon","coordinates":[[[73.2598,42.1618],[73.2598,42.1639],[73.2656,42.1639],[73.2656,42.1618],[73.2598,42.1618]]]},"properties":{"name":"Suusamyr Basin, Cholgondysai fault segment, Kyrgyzstan","otId":"OTDS.122019.4326.2","doi":"https://doi.org/10.5069/G9MP51FJ","created":"2019-12-20","temporal":"2016-06-13","keywords":"Suusamyr; 1992; Earthquake; Fault Scarp; Kyrgyzstan"}},{"type":"Feature","geometry":{"type":"Polygon","coordinates":[[[73.5621,42.2004],[73.5621,42.2081],[73.5797,42.2081],[73.5797,42.2004],[73.5621,42.2004]]]},"properties":{"name":"Suusamyr Basin, Chet Korumdy ridge ruptures, Kyrgyzstan","otId":"OTDS.122019.4326.1","doi":"https://doi.org/10.5069/G9RF5S6B","created":"2019-12-20","temporal":"2016-06-16","keywords":"Suusamyr; 1992; Earthquake; Secondary Rupture; Kyrgyzstan"}},{"type":"Feature","geometry":{"type":"Polygon","coordinates":[[[-87.877,43.3714],[-87.877,43.3819],[-87.8709,43.3819],[-87.8709,43.3714],[-87.877,43.3714]]]},"properties":{"name":"Survey of Ozaukee South Beach Bluff, Wisconsin, May 2018","otId":"OTDS.112019.32616.1","doi":"https://doi.org/10.5069/G97M0634","created":"2019-11-14","temporal":"2018-05-23","keywords":"Lake Michigan, Bluff, Erosion Survey, Ozaukee South Beach Bluff, Wisconsin"}},{"type":"Feature","geometry":{"type":"Polygon","coordinates":[[[-87.8761,43.3714],[-87.8751,43.3765],[-87.8721,43.382],[-87.8709,43.3816],[-87.8761,43.3714]]]},"properties":{"name":"Survey of Ozaukee South Beach Bluff, Wisconsin, May 2018","otId":"OTDS.112019.32616.1","doi":"https://doi.org/10.5069/G97M0634","created":"2019-11-14","temporal":"2018-05-23","keywords":"Lake Michigan, Bluff, Erosion Survey, Ozaukee South Beach Bluff, Wisconsin"}},{"type":"Feature","geometry":{"type":"Polygon","coordinates":[[[-76.1281,43.0272],[-76.1281,43.0272],[-76.1281,43.0272],[-76.1281,43.0272],[-76.1281,43.0272]]]},"properties":{"name":"Lava Flow Time Series Experiment, Syracuse, NY","otId":"OTDS.112019.32618.1","doi":"https://doi.org/10.5069/G9H13059","created":"2019-11-13","temporal":"2019-07-19 / 2019-07-20","keywords":"lava flow, syracuse lava, basalt, time series, PIV lab"}},{"type":"Feature","geometry":{"type":"Polygon","coordinates":[[[-87.5111,44.4143],[-87.5098,44.4169],[-87.5117,44.4156],[-87.5111,44.4143]]]},"properties":{"name":"Survey of Kewaunee (Site1) Bluff, Wisconsin, July 2018","otId":"OTDS.102019.32616.1","doi":"https://doi.org/10.5069/G96Q1VCP","created":"2019-10-30","temporal":"2018-07-11 / 2018-07-12","keywords":"Lake Michigan, Bluff, Erosion Survey, Kewaunee"}},{"type":"Feature","geometry":{"type":"Polygon","coordinates":[[[-87.5119,44.4147],[-87.5119,44.4173],[-87.5102,44.4173],[-87.5102,44.4147],[-87.5119,44.4147]]]},"properties":{"name":"Survey of Kewaunee (Site1) Bluff, Wisconsin, July 2018","otId":"OTDS.102019.32616.1","doi":"https://doi.org/10.5069/G96Q1VCP","created":"2019-10-30","temporal":"2018-07-11 / 2018-07-12","keywords":"Lake Michigan, Bluff, Erosion Survey, Kewaunee"}},{"type":"Feature","geometry":{"type":"Polygon","coordinates":[[[-87.728,43.819],[-87.7288,43.8236],[-87.7295,43.8209],[-87.728,43.819]]]},"properties":{"name":"Survey of Sheboygan Bluff, Wisconsin, May 2019","otId":"OTDS.092019.32616.1","doi":"https://doi.org/10.5069/G9DJ5CSX","created":"2019-09-17","temporal":"2018-05-22 / 2018-05-14","keywords":"Bluff erosion, SfM, Sheboygan, Wisconsin, Lake Michigan, Sediment"}},{"type":"Feature","geometry":{"type":"Polygon","coordinates":[[[-87.7297,43.8191],[-87.7297,43.8239],[-87.7278,43.8239],[-87.7278,43.8191],[-87.7297,43.8191]]]},"properties":{"name":"Survey of Sheboygan Bluff, Wisconsin, May 2019","otId":"OTDS.092019.32616.1","doi":"https://doi.org/10.5069/G9DJ5CSX","created":"2019-09-17","temporal":"2018-05-22 / 2018-05-14","keywords":"Bluff erosion, SfM, Sheboygan, Wisconsin, Lake Michigan, Sediment"}},{"type":"Feature","geometry":{"type":"Polygon","coordinates":[[[-111.8523,41.2137],[-111.8517,41.2156],[-111.8533,41.2158],[-111.8537,41.2144],[-111.8523,41.2137]]]},"properties":{"name":"2018 ZigZag Landslide Reconnaissance, Morgan County, Utah","otId":"OTDS.092019.4326.2","doi":"https://doi.org/10.5069/G9J964HN","created":"2019-09-17","temporal":"2018-10-30","keywords":"landslide, sfm, ZigZag Landslide, Morgan County, Utah"}},{"type":"Feature","geometry":{"type":"Polygon","coordinates":[[[-111.8541,41.2138],[-111.8541,41.2159],[-111.8519,41.2159],[-111.8519,41.2138],[-111.8541,41.2138]]]},"properties":{"name":"2018 ZigZag Landslide Reconnaissance, Morgan County, Utah","otId":"OTDS.092019.4326.2","doi":"https://doi.org/10.5069/G9J964HN","created":"2019-09-17","temporal":"2018-10-30","keywords":"landslide, sfm, ZigZag Landslide, Morgan County, Utah"}},{"type":"Feature","geometry":{"type":"Polygon","coordinates":[[[-111.8092,41.2076],[-111.8057,41.2091],[-111.8063,41.2111],[-111.8093,41.2125],[-111.8119,41.2102],[-111.8092,41.2076]]]},"properties":{"name":"2018 Waste Dump Landslide Reconnaissance, Morgan County, Utah","otId":"OTDS.092019.4326.1","doi":"https://doi.org/10.5069/G9P26W70","created":"2019-09-17","temporal":"2018-10-30","keywords":"landslide, sfm, Waste Dump, Morgan County, Utah"}},{"type":"Feature","geometry":{"type":"Polygon","coordinates":[[[-111.8122,41.2077],[-111.8122,41.2129],[-111.8059,41.2129],[-111.8059,41.2077],[-111.8122,41.2077]]]},"properties":{"name":"2018 Waste Dump Landslide Reconnaissance, Morgan County, Utah","otId":"OTDS.092019.4326.1","doi":"https://doi.org/10.5069/G9P26W70","created":"2019-09-17","temporal":"2018-10-30","keywords":"landslide, sfm, Waste Dump, Morgan County, Utah"}},{"type":"Feature","geometry":{"type":"Polygon","coordinates":[[[-87.7298,43.8187],[-87.7298,43.8243],[-87.7275,43.8243],[-87.7275,43.8187],[-87.7298,43.8187]]]},"properties":{"name":"Survey of Sheboygan Bluff, Wisconsin, May 2018","otId":"OTDS.082019.32616.2","doi":"https://doi.org/10.5069/G9DR2SMK","created":"2019-08-21","temporal":"2018-05-24","keywords":"Lake Michigan, Bluff, Erosion, Repeat Survey, Wisconsin, Sheboygan"}},{"type":"Feature","geometry":{"type":"Polygon","coordinates":[[[-87.7283,43.8186],[-87.7274,43.8189],[-87.7291,43.8243],[-87.7283,43.8186]]]},"properties":{"name":"Survey of Sheboygan Bluff, Wisconsin, May 2018","otId":"OTDS.082019.32616.2","doi":"https://doi.org/10.5069/G9DR2SMK","created":"2019-08-21","temporal":"2018-05-24","keywords":"Lake Michigan, Bluff, Erosion, Repeat Survey, Wisconsin, Sheboygan"}},{"type":"Feature","geometry":{"type":"Polygon","coordinates":[[[-87.7299,43.8188],[-87.7299,43.8244],[-87.7276,43.8244],[-87.7276,43.8188],[-87.7299,43.8188]]]},"properties":{"name":"Survey of Sheboygan Bluff, Wisconsin, Sept 2018","otId":"OTDS.082019.32616.1","doi":"https://doi.org/10.5069/G9JH3JB9","created":"2019-08-21","temporal":"2018-09-14","keywords":"Lake Michigan, Bluff, Erosion, Repeat Survey, Wisconsin, Sheboygan"}},{"type":"Feature","geometry":{"type":"Polygon","coordinates":[[[-87.7277,43.8188],[-87.7291,43.8244],[-87.73,43.8224],[-87.7277,43.8188]]]},"properties":{"name":"Survey of Sheboygan Bluff, Wisconsin, Sept 2018","otId":"OTDS.082019.32616.1","doi":"https://doi.org/10.5069/G9JH3JB9","created":"2019-08-21","temporal":"2018-09-14","keywords":"Lake Michigan, Bluff, Erosion, Repeat Survey, Wisconsin, Sheboygan"}},{"type":"Feature","geometry":{"type":"Polygon","coordinates":[[[112.7121,-7.534],[112.7125,-7.532],[112.7179,-7.5333],[112.7194,-7.5241],[112.7132,-7.5215],[112.7113,-7.5221],[112.7109,-7.5201],[112.7079,-7.5201],[112.7056,-7.5215],[112.704,-7.5268],[112.7121,-7.534]]]},"properties":{"name":"LUSI Mud Volcano: East Java Indonesia, July 1, 2018","otId":"OTDS.082019.32749.1","doi":"https://doi.org/10.5069/G9Q81B6D","created":"2019-08-12","temporal":"2018-07-01","keywords":"LUSI, Mud Volcano, Indonesia, Structure from Motion, sUAS, Thermal Infrared"}},{"type":"Feature","geometry":{"type":"Polygon","coordinates":[[[112.7048,-7.5214],[112.7175,-7.5214],[112.7175,-7.532],[112.7048,-7.532],[112.7048,-7.5214]]]},"properties":{"name":"LUSI Mud Volcano: East Java Indonesia, July 1, 2018","otId":"OTDS.082019.32749.1","doi":"https://doi.org/10.5069/G9Q81B6D","created":"2019-08-12","temporal":"2018-07-01","keywords":"LUSI, Mud Volcano, Indonesia, Structure from Motion, sUAS, Thermal Infrared"}},{"type":"Feature","geometry":{"type":"Polygon","coordinates":[[[15.2051,38.7885],[15.2051,38.799],[15.2186,38.799],[15.2186,38.7885],[15.2051,38.7885]]]},"properties":{"name":"Stromboli Volcano (Vent area only): Italy, September 12, 2018 ","otId":"OTDS.082019.32633.2","doi":"https://doi.org/10.5069/G9R49NXH","created":"2019-08-07","temporal":"2018-09-12","keywords":"Stromboli, Volcano, Structure from Motion, sUAS, Volcanic Vent, Italy"}},{"type":"Feature","geometry":{"type":"Polygon","coordinates":[[[15.211,38.7887],[15.2177,38.7922],[15.2168,38.7957],[15.2123,38.7993],[15.2049,38.7945],[15.211,38.7887]]]},"properties":{"name":"Stromboli Volcano (Vent area only): Italy, September 12, 2018 ","otId":"OTDS.082019.32633.2","doi":"https://doi.org/10.5069/G9R49NXH","created":"2019-08-07","temporal":"2018-09-12","keywords":"Stromboli, Volcano, Structure from Motion, sUAS, Volcanic Vent, Italy"}},{"type":"Feature","geometry":{"type":"Polygon","coordinates":[[[15.1878,38.7812],[15.1878,38.8116],[15.2292,38.8116],[15.2292,38.7812],[15.1878,38.7812]]]},"properties":{"name":"Stromboli Volcano (Vents & Sciara del Fuoco): Italy, September 10, 2018 ","otId":"OTDS.082019.32633.1","doi":"https://doi.org/10.5069/G9VX0DNG","created":"2019-08-07","temporal":"2018-09-10","keywords":"Stromboli, Volcano, Structure from Motion, sUAS, Lava Flow, Italy"}},{"type":"Feature","geometry":{"type":"Polygon","coordinates":[[[15.198,38.7856],[15.2073,38.7884],[15.2116,38.7876],[15.2164,38.7917],[15.2243,38.7933],[15.2255,38.7999],[15.2234,38.8011],[15.2237,38.8031],[15.2207,38.8072],[15.2171,38.8089],[15.211,38.8089],[15.2025,38.8015],[15.1929,38.7975],[15.1916,38.7917],[15.198,38.7856]]]},"properties":{"name":"Stromboli Volcano (Vents & Sciara del Fuoco): Italy, September 10, 2018 ","otId":"OTDS.082019.32633.1","doi":"https://doi.org/10.5069/G9VX0DNG","created":"2019-08-07","temporal":"2018-09-10","keywords":"Stromboli, Volcano, Structure from Motion, sUAS, Lava Flow, Italy"}},{"type":"Feature","geometry":{"type":"Polygon","coordinates":[[[-48.6369,-28.01],[-48.6375,-28.0118],[-48.6405,-28.0109],[-48.6424,-28.0066],[-48.6365,-27.9965],[-48.6335,-27.9988],[-48.6325,-28.0028],[-48.6369,-28.01]]]},"properties":{"name":"Garopaba Dune Field, Santa Catarina State, Brazil. SfM-MVS point cloud","otId":"OTDS.072019.32722.1","doi":"https://doi.org/10.5069/G9DV1H19","created":"2019-07-31","temporal":"2019-02-27","keywords":"Sand dune, Brazil, SfM, Sedimentology, Garopaba, Santa Catarina State"}},{"type":"Feature","geometry":{"type":"Polygon","coordinates":[[[-48.6421,-28.0117],[-48.6421,-27.9965],[-48.6328,-27.9965],[-48.6328,-28.0117],[-48.6421,-28.0117]]]},"properties":{"name":"Garopaba Dune Field, Santa Catarina State, Brazil. SfM-MVS point cloud","otId":"OTDS.072019.32722.1","doi":"https://doi.org/10.5069/G9DV1H19","created":"2019-07-31","temporal":"2019-02-27","keywords":"Sand dune, Brazil, SfM, Sedimentology, Garopaba, Santa Catarina State"}},{"type":"Feature","geometry":{"type":"Polygon","coordinates":[[[169.4421,-19.5348],[169.4421,-19.5218],[169.4548,-19.5218],[169.4548,-19.5348],[169.4421,-19.5348]]]},"properties":{"name":"Yasur Volcano Crater DEM, Republic of Vanuatu, Oct 2016","otId":"OTDS.072019.4326.1","doi":"https://doi.org/10.5069/G90V89XD","created":"2019-07-22","temporal":"2016-10-17 / 2016-10-19","keywords":"DEM, Yasur, Volcano, Vanuatu, Crater"}},{"type":"Feature","geometry":{"type":"Polygon","coordinates":[[[-87.7285,43.8193],[-87.7278,43.8195],[-87.7296,43.8239],[-87.7285,43.8193]]]},"properties":{"name":"Sheboygan WI Bluff Survey: December 2018","otId":"OTDS.052019.32616.1","doi":"https://doi.org/10.5069/G9RN360X","created":"2019-05-17","temporal":"2018-12-09","keywords":"Lake Michigan, Bluff, Erosion Survey"}},{"type":"Feature","geometry":{"type":"Polygon","coordinates":[[[-87.7296,43.8193],[-87.7296,43.8239],[-87.7279,43.8239],[-87.7279,43.8193],[-87.7296,43.8193]]]},"properties":{"name":"Sheboygan WI Bluff Survey: December 2018","otId":"OTDS.052019.32616.1","doi":"https://doi.org/10.5069/G9RN360X","created":"2019-05-17","temporal":"2018-12-09","keywords":"Lake Michigan, Bluff, Erosion Survey"}},{"type":"Feature","geometry":{"type":"Polygon","coordinates":[[[98.3908,3.151],[98.3908,3.1748],[98.4151,3.1748],[98.4151,3.151],[98.3908,3.151]]]},"properties":{"name":"Sinabung Volcano Model 4: Indonesia, September 2014","otId":"OTDS.042019.32647.4","doi":"https://doi.org/10.5069/G97S7KWC","created":"2019-04-16","temporal":"2014-09-22","keywords":"Sinabung Volcano, Indonesia, Structure-from-Motion, ground-based photographs, lava flow, lava dome"}},{"type":"Feature","geometry":{"type":"Polygon","coordinates":[[[98.4021,3.1507],[98.4079,3.1507],[98.4118,3.153],[98.4122,3.1547],[98.4148,3.1547],[98.4161,3.157],[98.4138,3.1609],[98.4151,3.162],[98.4131,3.1677],[98.4108,3.1705],[98.403,3.1751],[98.3975,3.1756],[98.3943,3.17],[98.3907,3.1694],[98.3904,3.1654],[98.3966,3.1524],[98.4001,3.153],[98.4021,3.1507]],[[98.4053,3.1587],[98.4034,3.1598],[98.4031,3.1581],[98.406,3.1575],[98.4053,3.1587]]]},"properties":{"name":"Sinabung Volcano Model 4: Indonesia, September 2014","otId":"OTDS.042019.32647.4","doi":"https://doi.org/10.5069/G97S7KWC","created":"2019-04-16","temporal":"2014-09-22","keywords":"Sinabung Volcano, Indonesia, Structure-from-Motion, ground-based photographs, lava flow, lava dome"}},{"type":"Feature","geometry":{"type":"Polygon","coordinates":[[[98.403,3.1479],[98.4135,3.1523],[98.414,3.1549],[98.417,3.1566],[98.4165,3.1714],[98.415,3.174],[98.4045,3.1784],[98.396,3.174],[98.3955,3.1714],[98.3895,3.1679],[98.39,3.1566],[98.394,3.1549],[98.3945,3.1505],[98.3985,3.1505],[98.403,3.1479]]]},"properties":{"name":"Sinabung Volcano Model 3: Indonesia, September 2014","otId":"OTDS.042019.32647.3","doi":"https://doi.org/10.5069/G9CJ8BM3","created":"2019-04-16","temporal":"2014-09-22","keywords":"Sinabung Volcano, Indonesia, Structure-from-Motion, ground-based photographs, lava flow, lava dome"}},{"type":"Feature","geometry":{"type":"Polygon","coordinates":[[[98.3898,3.1494],[98.3898,3.1769],[98.4164,3.1769],[98.4164,3.1494],[98.3898,3.1494]]]},"properties":{"name":"Sinabung Volcano Model 3: Indonesia, September 2014","otId":"OTDS.042019.32647.3","doi":"https://doi.org/10.5069/G9CJ8BM3","created":"2019-04-16","temporal":"2014-09-22","keywords":"Sinabung Volcano, Indonesia, Structure-from-Motion, ground-based photographs, lava flow, lava dome"}},{"type":"Feature","geometry":{"type":"Polygon","coordinates":[[[98.4097,3.1501],[98.4144,3.1518],[98.4156,3.154],[98.4163,3.1649],[98.4116,3.1698],[98.41,3.1692],[98.4068,3.1714],[98.4015,3.1709],[98.3974,3.1736],[98.3949,3.1725],[98.3937,3.1703],[98.3946,3.1687],[98.3931,3.1692],[98.3899,3.1671],[98.3931,3.1572],[98.4012,3.154],[98.4025,3.1518],[98.404,3.1534],[98.4059,3.1512],[98.4069,3.154],[98.4072,3.1512],[98.4097,3.1501]]]},"properties":{"name":"Sinabung Volcano Model 2: Indonesia, September 2014 ","otId":"OTDS.042019.32647.2","doi":"https://doi.org/10.5069/G9H993BT","created":"2019-04-16","temporal":"2014-09-17 / 2014-09-18","keywords":"Sinabung Volcano, Indonesia, Structure-from-Motion, ground-based photographs, lava flow, lava dome"}},{"type":"Feature","geometry":{"type":"Polygon","coordinates":[[[98.3901,3.1512],[98.3901,3.1731],[98.4162,3.1731],[98.4162,3.1512],[98.3901,3.1512]]]},"properties":{"name":"Sinabung Volcano Model 2: Indonesia, September 2014 ","otId":"OTDS.042019.32647.2","doi":"https://doi.org/10.5069/G9H993BT","created":"2019-04-16","temporal":"2014-09-17 / 2014-09-18","keywords":"Sinabung Volcano, Indonesia, Structure-from-Motion, ground-based photographs, lava flow, lava dome"}},{"type":"Feature","geometry":{"type":"Polygon","coordinates":[[[98.3903,3.149],[98.3903,3.1745],[98.4158,3.1745],[98.4158,3.149],[98.3903,3.149]]]},"properties":{"name":"Sinabung Volcano Model 1: Indonesia, September 2014","otId":"OTDS.042019.32647.1","doi":"https://doi.org/10.5069/G9N29V25","created":"2019-04-16","temporal":"2014-09-17 / 2014-09-18","keywords":"Sinabung Volcano, Indonesia, Structure-from-Motion, ground-based photographs, lava flow, lava dome"}},{"type":"Feature","geometry":{"type":"Polygon","coordinates":[[[98.4023,3.1485],[98.4086,3.1485],[98.4107,3.1539],[98.4149,3.1521],[98.4149,3.1612],[98.417,3.163],[98.4149,3.1648],[98.4149,3.1703],[98.4055,3.1757],[98.4013,3.1757],[98.3992,3.1739],[98.3966,3.1748],[98.3961,3.1721],[98.3929,3.1703],[98.3945,3.1675],[98.3898,3.1648],[98.3898,3.1612],[98.395,3.1521],[98.3982,3.1503],[98.4008,3.1512],[98.4023,3.1485]]]},"properties":{"name":"Sinabung Volcano Model 1: Indonesia, September 2014","otId":"OTDS.042019.32647.1","doi":"https://doi.org/10.5069/G9N29V25","created":"2019-04-16","temporal":"2014-09-17 / 2014-09-18","keywords":"Sinabung Volcano, Indonesia, Structure-from-Motion, ground-based photographs, lava flow, lava dome"}},{"type":"Feature","geometry":{"type":"Polygon","coordinates":[[[78.1373,43.4866],[78.1442,43.4866],[78.1451,43.4895],[78.1404,43.4924],[78.1329,43.4926],[78.1317,43.4897],[78.1354,43.489],[78.1373,43.4866]]]},"properties":{"name":"Almaty range front fault, Koram site, Kazakhstan","otId":"OTDS.032019.4326.4","doi":"https://doi.org/10.5069/G9SX6BB8","created":"2019-03-08","temporal":"2016-06-24","keywords":"Almaty range front, Kazakhstan, slip rate, active tectonics"}},{"type":"Feature","geometry":{"type":"Polygon","coordinates":[[[78.1312,43.4852],[78.1312,43.4947],[78.1463,43.4947],[78.1463,43.4852],[78.1312,43.4852]]]},"properties":{"name":"Almaty range front fault, Koram site, Kazakhstan","otId":"OTDS.032019.4326.4","doi":"https://doi.org/10.5069/G9SX6BB8","created":"2019-03-08","temporal":"2016-06-24","keywords":"Almaty range front, Kazakhstan, slip rate, active tectonics"}},{"type":"Feature","geometry":{"type":"Polygon","coordinates":[[[77.3668,43.362],[77.3668,43.3727],[77.38,43.3727],[77.38,43.362],[77.3668,43.362]]]},"properties":{"name":"Almaty range front fault, Rahat site, Kazakhstan","otId":"OTDS.032019.4326.3","doi":"https://doi.org/10.5069/G9TX3CGN","created":"2019-03-06","temporal":"2016-06-26","keywords":"Almaty range front, Kazakhstan, slip rate, active tectonics"}},{"type":"Feature","geometry":{"type":"Polygon","coordinates":[[[77.3717,43.3641],[77.3678,43.3673],[77.3673,43.3707],[77.3771,43.372],[77.3745,43.3625],[77.3717,43.3641]]]},"properties":{"name":"Almaty range front fault, Rahat site, Kazakhstan","otId":"OTDS.032019.4326.3","doi":"https://doi.org/10.5069/G9TX3CGN","created":"2019-03-06","temporal":"2016-06-26","keywords":"Almaty range front, Kazakhstan, slip rate, active tectonics"}},{"type":"Feature","geometry":{"type":"Polygon","coordinates":[[[75.5746,43.2082],[75.5706,43.208],[75.5693,43.2112],[75.5704,43.2136],[75.5759,43.2161],[75.5823,43.2136],[75.5814,43.2095],[75.5746,43.2082]]]},"properties":{"name":"Almaty range front fault, Akterek site 1, Kazakhstan","otId":"OTDS.032019.4326.2","doi":"https://doi.org/10.5069/G9ZK5DSN","created":"2019-03-06","temporal":"2016-06-28","keywords":"Almaty range front, Kazakhstan, slip rate, active tectonics"}},{"type":"Feature","geometry":{"type":"Polygon","coordinates":[[[75.5673,43.2057],[75.5673,43.2174],[75.5852,43.2174],[75.5852,43.2057],[75.5673,43.2057]]]},"properties":{"name":"Almaty range front fault, Akterek site 1, Kazakhstan","otId":"OTDS.032019.4326.2","doi":"https://doi.org/10.5069/G9ZK5DSN","created":"2019-03-06","temporal":"2016-06-28","keywords":"Almaty range front, Kazakhstan, slip rate, active tectonics"}},{"type":"Feature","geometry":{"type":"Polygon","coordinates":[[[75.6067,43.2209],[75.6067,43.232],[75.6201,43.232],[75.6201,43.2209],[75.6067,43.2209]]]},"properties":{"name":"Almaty range front fault, Akterek site 2, Kazakhstan","otId":"OTDS.032019.4326.1","doi":"https://doi.org/10.5069/G93B5X7H","created":"2019-03-05","temporal":"2016-06-29","keywords":"Almaty range front, Kazakhstan, slip rate, active tectonics"}},{"type":"Feature","geometry":{"type":"Polygon","coordinates":[[[75.6139,43.2209],[75.6189,43.2255],[75.6188,43.2293],[75.6122,43.2315],[75.6071,43.2298],[75.6084,43.224],[75.6139,43.2209]]]},"properties":{"name":"Almaty range front fault, Akterek site 2, Kazakhstan","otId":"OTDS.032019.4326.1","doi":"https://doi.org/10.5069/G93B5X7H","created":"2019-03-05","temporal":"2016-06-29","keywords":"Almaty range front, Kazakhstan, slip rate, active tectonics"}},{"type":"Feature","geometry":{"type":"Polygon","coordinates":[[[-84.0671,10.4013],[-84.0943,10.4172],[-84.0926,10.4186],[-84.1056,10.4262],[-84.0144,10.5029],[-83.9469,10.4635],[-83.9707,10.3474],[-83.9909,10.3592],[-83.9949,10.34],[-84.0805,10.39],[-84.0671,10.4013]]]},"properties":{"name":"TEAM lidar data over La Selva, Costa Rica 2009","otId":"OTDS.022019.32616.1","doi":"https://doi.org/10.5069/G9P8491K","created":"2019-02-14","temporal":"2009-09-26","keywords":"lidar, costa rica, la selva, biomass, team, small footprint"}},{"type":"Feature","geometry":{"type":"Polygon","coordinates":[[[-84.0619,10.384],[-84.0619,10.4748],[-83.9659,10.4748],[-83.9659,10.384],[-84.0619,10.384]]]},"properties":{"name":"TEAM lidar data over La Selva, Costa Rica 2009","otId":"OTDS.022019.32616.1","doi":"https://doi.org/10.5069/G9P8491K","created":"2019-02-14","temporal":"2009-09-26","keywords":"lidar, costa rica, la selva, biomass, team, small footprint"}},{"type":"Feature","geometry":{"type":"MultiPolygon","coordinates":[[[[40.5149,12.4611],[40.3782,12.4614],[40.3782,12.5375],[40.6521,12.5363],[40.6521,12.4603],[40.5149,12.4611]]],[[[40.5154,12.5375],[40.3786,12.5378],[40.3786,12.6139],[40.6526,12.6127],[40.6526,12.5367],[40.5154,12.5375]]]]},"properties":{"name":"Digital Elevation Model of Dabbahu volcano, Ethiopia (Part 2 of 2)","otId":"OTDS.022019.32637.6","doi":"https://doi.org/10.5069/G9MG7MK2","created":"2019-02-07","keywords":"DEM, Dabbahu, volcano, Ethiopia"}},{"type":"Feature","geometry":{"type":"MultiPolygon","coordinates":[[[[40.5158,12.6139],[40.379,12.6143],[40.379,12.6903],[40.6531,12.6891],[40.6531,12.6131],[40.5158,12.6139]]],[[[40.5163,12.6903],[40.3794,12.6907],[40.3794,12.7667],[40.6536,12.7655],[40.6536,12.6895],[40.5163,12.6903]]]]},"properties":{"name":"Digital Elevation Model of Dabbahu volcano, Ethiopia (Part 1 of 2)","otId":"OTDS.022019.32637.5","doi":"https://doi.org/10.5069/G9R78C9S","created":"2019-02-07","keywords":"DEM, Dabbahu, volcano, Ethiopia"}},{"type":"Feature","geometry":{"type":"Polygon","coordinates":[[[38.3257,7.1142],[38.3387,7.1142],[38.343,7.118],[38.3485,7.1161],[38.3528,7.1198],[38.3647,7.118],[38.369,7.1217],[38.381,7.1199],[38.395,7.1255],[38.4135,7.1237],[38.4178,7.1274],[38.4329,7.1274],[38.4329,7.1349],[38.4373,7.1387],[38.4372,7.1724],[38.4329,7.1762],[38.4329,7.1949],[38.4372,7.1987],[38.436,7.2605],[38.4295,7.2643],[38.4176,7.2624],[38.4133,7.2661],[38.3948,7.2642],[38.3905,7.268],[38.3721,7.2661],[38.3677,7.2698],[38.3526,7.2698],[38.3483,7.2623],[38.3396,7.2585],[38.3385,7.2529],[38.3299,7.2491],[38.3223,7.236],[38.3136,7.2322],[38.3125,7.2266],[38.3039,7.2229],[38.3028,7.2172],[38.2941,7.2135],[38.2942,7.1985],[38.2898,7.1947],[38.2899,7.146],[38.2997,7.1404],[38.3008,7.1348],[38.3062,7.1329],[38.3138,7.1198],[38.3257,7.1142]]]},"properties":{"name":"Digital Elevation Model of Urji (west side of Corbetti volcano), Ethiopia","otId":"OTDS.022019.32637.4","doi":"https://doi.org/10.5069/G9W0941H","created":"2019-02-07","temporal":"2017-02-21","keywords":"DEM, Urji, Corbetti, volcano, Ethiopia, optical"}},{"type":"Feature","geometry":{"type":"MultiPolygon","coordinates":[[[[38.3633,7.1926],[38.3633,7.1185],[38.2932,7.1185],[38.2931,7.2666],[38.3632,7.2666],[38.3633,7.1926]]],[[[38.4335,7.1927],[38.4335,7.1186],[38.3634,7.1186],[38.3633,7.2667],[38.4334,7.2667],[38.4335,7.1927]]]]},"properties":{"name":"Digital Elevation Model of Urji (west side of Corbetti volcano), Ethiopia","otId":"OTDS.022019.32637.4","doi":"https://doi.org/10.5069/G9W0941H","created":"2019-02-07","temporal":"2017-02-21","keywords":"DEM, Urji, Corbetti, volcano, Ethiopia, optical"}},{"type":"Feature","geometry":{"type":"Polygon","coordinates":[[[38.3799,7.1149],[38.3799,7.2577],[38.5124,7.2577],[38.5124,7.1149],[38.3799,7.1149]]]},"properties":{"name":"Digital Elevation Model of Chabbi (east side of Corbetti volcano), Ethiopia","otId":"OTDS.022019.32637.3","doi":"https://doi.org/10.5069/G90R9MH3","created":"2019-02-07","keywords":"DEM, chabbi, Corbetti, volcano, Ethiopia"}},{"type":"Feature","geometry":{"type":"MultiPolygon","coordinates":[[[[39.1057,8.3357],[39.1065,8.3357],[39.1065,8.3343],[39.1057,8.3343],[39.1057,8.3357]]],[[[39.1004,8.3364],[39.1004,8.335],[39.0992,8.3357],[39.1004,8.3364]]],[[[39.1045,8.3378],[39.1041,8.3357],[39.1029,8.3364],[39.1033,8.3385],[39.1045,8.3378]]],[[[39.1094,8.3406],[39.1078,8.3392],[39.1065,8.3413],[39.109,8.3427],[39.1094,8.3406]]],[[[39.1029,8.342],[39.1029,8.3406],[39.1021,8.3406],[39.1021,8.342],[39.1029,8.342]]],[[[39.1082,8.3441],[39.1065,8.3427],[39.1053,8.3434],[39.1082,8.3441]]],[[[39.2092,8.2808],[39.2035,8.2808],[39.1994,8.2836],[39.1974,8.2829],[39.1896,8.2864],[39.1876,8.2857],[39.1835,8.2886],[39.1766,8.2893],[39.1725,8.2921],[39.1705,8.2914],[39.1627,8.2949],[39.1607,8.2942],[39.1566,8.297],[39.1546,8.2963],[39.1469,8.2998],[39.1448,8.2991],[39.1407,8.3019],[39.1338,8.3026],[39.1297,8.3054],[39.1277,8.3047],[39.1151,8.3097],[39.113,8.309],[39.109,8.3118],[39.1069,8.3111],[39.098,8.3153],[39.0959,8.3146],[39.0919,8.3174],[39.0898,8.3167],[39.0894,8.3202],[39.0923,8.3237],[39.0935,8.33],[39.0959,8.33],[39.0955,8.335],[39.0984,8.3385],[39.0992,8.3441],[39.1045,8.3546],[39.1057,8.3525],[39.1045,8.3504],[39.1069,8.3504],[39.1053,8.349],[39.1033,8.3497],[39.1029,8.3476],[39.1045,8.3462],[39.1082,8.3469],[39.1053,8.3448],[39.1021,8.3462],[39.1004,8.3434],[39.0996,8.3378],[39.0968,8.3343],[39.0968,8.33],[39.0984,8.3286],[39.0968,8.3272],[39.0992,8.3258],[39.1053,8.3293],[39.1057,8.3314],[39.1106,8.3314],[39.109,8.3371],[39.1106,8.3385],[39.1106,8.3525],[39.1078,8.3546],[39.109,8.3567],[39.1057,8.3553],[39.1053,8.3589],[39.1082,8.3624],[39.1094,8.3673],[39.1118,8.3673],[39.1102,8.3687],[39.1114,8.3736],[39.1167,8.3827],[39.1176,8.3884],[39.1204,8.3919],[39.1212,8.3975],[39.1241,8.401],[39.1237,8.4031],[39.1265,8.4066],[39.1261,8.4087],[39.129,8.4123],[39.1298,8.4179],[39.1326,8.4228],[39.1359,8.4228],[39.1387,8.4207],[39.1408,8.4214],[39.1436,8.4193],[39.1493,8.4193],[39.1571,8.4158],[39.1628,8.4158],[39.1656,8.4136],[39.1713,8.4136],[39.1791,8.4101],[39.1848,8.4101],[39.1925,8.4066],[39.1982,8.4066],[39.2011,8.4045],[39.2068,8.4045],[39.2096,8.4024],[39.2153,8.4024],[39.2231,8.3989],[39.2373,8.3967],[39.2451,8.3932],[39.2508,8.3932],[39.2585,8.3897],[39.2654,8.389],[39.2634,8.3799],[39.2605,8.3764],[39.2597,8.3707],[39.2569,8.3672],[39.2548,8.3581],[39.2495,8.3475],[39.2499,8.3454],[39.2471,8.3419],[39.245,8.3328],[39.2422,8.3293],[39.2401,8.3201],[39.2373,8.3166],[39.2328,8.3005],[39.2299,8.297],[39.2279,8.2878],[39.2238,8.2808],[39.2242,8.2787],[39.2226,8.2759],[39.2202,8.2759],[39.2092,8.2808]],[[39.1237,8.3849],[39.1265,8.3898],[39.1322,8.394],[39.1322,8.3982],[39.1347,8.401],[39.129,8.3982],[39.1253,8.4031],[39.1241,8.3968],[39.1192,8.3884],[39.1192,8.3856],[39.1216,8.3841],[39.1237,8.3849]],[[39.1314,8.4137],[39.1302,8.4144],[39.1298,8.4109],[39.131,8.4101],[39.1314,8.4137]]]]},"properties":{"name":"Digital Elevation Model of Gedemsa volcano, Ethiopia","otId":"OTDS.022019.32637.2","doi":"https://doi.org/10.5069/G94J0C6X","created":"2019-02-07","temporal":"2014-03-23","keywords":"DEM, Gedemsa, volcano, Ethiopia"}},{"type":"Feature","geometry":{"type":"MultiPolygon","coordinates":[[[[39.1484,8.2774],[39.0902,8.2774],[39.0902,8.3493],[39.2649,8.3492],[39.2649,8.2773],[39.1484,8.2774]]],[[[39.1484,8.3493],[39.0902,8.3493],[39.0902,8.4212],[39.2649,8.4211],[39.2649,8.3492],[39.1484,8.3493]]]]},"properties":{"name":"Digital Elevation Model of Gedemsa volcano, Ethiopia","otId":"OTDS.022019.32637.2","doi":"https://doi.org/10.5069/G94J0C6X","created":"2019-02-07","temporal":"2014-03-23","keywords":"DEM, Gedemsa, volcano, Ethiopia"}},{"type":"Feature","geometry":{"type":"MultiPolygon","coordinates":[[[[39.8322,8.9065],[39.8322,8.9745],[39.9798,8.9743],[39.9798,8.9063],[39.8322,8.9065]]],[[[39.8324,8.9746],[39.8324,9.0426],[39.98,9.0424],[39.98,8.9745],[39.8324,8.9746]]]]},"properties":{"name":"Digital Elevation Model of Fentale volcano, Ethiopia","otId":"OTDS.022019.32637.1","doi":"https://doi.org/10.5069/G9862DKT","created":"2019-02-07","temporal":"2014-05-22","keywords":"DEM, Fentale, volcano, Ethiopia"}},{"type":"Feature","geometry":{"type":"MultiPolygon","coordinates":[[[[39.9751,8.9731],[39.976,8.9726],[39.9751,8.9722],[39.9751,8.9731]]],[[[39.8941,8.9075],[39.8841,8.9142],[39.8678,8.9185],[39.8675,8.9199],[39.8611,8.9233],[39.8437,8.9391],[39.8371,8.9496],[39.833,8.9806],[39.8311,8.9859],[39.8319,9.0035],[39.8331,9.0045],[39.832,9.0064],[39.8547,9.0369],[39.8772,9.043],[39.9119,9.0434],[39.9293,9.041],[39.9526,9.0295],[39.9553,9.0228],[39.981,8.9936],[39.9785,8.9941],[39.9766,8.9975],[39.9727,8.9984],[39.9744,9.0003],[39.9675,9.0085],[39.9644,9.007],[39.9644,9.0051],[39.9708,9.0027],[39.97,9.0003],[39.9719,8.9999],[39.9716,8.9956],[39.9691,8.9989],[39.965,8.9984],[39.9661,8.9946],[39.9674,8.9951],[39.9694,8.9927],[39.9685,8.9884],[39.9707,8.9875],[39.9757,8.9913],[39.9777,8.9889],[39.9749,8.9889],[39.9768,8.9874],[39.9757,8.9846],[39.9802,8.9817],[39.9752,8.9789],[39.9743,8.9707],[39.9724,8.9703],[39.974,8.9693],[39.9751,8.9712],[39.9774,8.9712],[39.9757,8.9741],[39.9768,8.975],[39.9776,8.9736],[39.9801,8.9741],[39.9809,8.9679],[39.979,8.9664],[39.9801,8.9626],[39.9776,8.9621],[39.9765,8.9583],[39.9809,8.9583],[39.9809,8.9469],[39.9748,8.9421],[39.9568,8.936],[39.9407,8.9255],[39.9185,8.917],[39.8966,8.9051],[39.8941,8.9075]],[[39.9402,8.9799],[39.9416,8.9794],[39.9441,8.9847],[39.9403,8.9837],[39.9386,8.9789],[39.9402,8.9799]],[[39.9267,8.9957],[39.9292,9],[39.927,8.999],[39.9267,8.9957]],[[39.9217,8.9986],[39.9228,9.0024],[39.9204,9.0029],[39.9201,9.0043],[39.9162,9.0043],[39.9145,8.9986],[39.9217,8.9986]],[[39.96,9.0042],[39.9616,9.0032],[39.9636,9.0056],[39.9603,9.0056],[39.96,9.0042]],[[39.9051,9.012],[39.9079,9.0072],[39.9126,9.0096],[39.9137,9.0124],[39.9112,9.0129],[39.9121,9.0172],[39.9079,9.0186],[39.9037,9.0115],[39.9051,9.012]]],[[[39.976,8.9765],[39.9768,8.976],[39.9765,8.9755],[39.9757,8.976],[39.976,8.9765]]],[[[39.9744,8.9927],[39.9758,8.9951],[39.9752,8.9922],[39.9733,8.9917],[39.9744,8.9927]]]]},"properties":{"name":"Digital Elevation Model of Fentale volcano, Ethiopia","otId":"OTDS.022019.32637.1","doi":"https://doi.org/10.5069/G9862DKT","created":"2019-02-07","temporal":"2014-05-22","keywords":"DEM, Fentale, volcano, Ethiopia"}},{"type":"Feature","geometry":{"type":"Polygon","coordinates":[[[-115.4841,44.219],[-115.4639,44.219],[-115.4639,44.2092],[-115.4841,44.2092],[-115.4841,44.219]]]},"properties":{"name":"Clear Creek, Idaho post-fire debris flow erosion","otId":"OTDS.012019.32611.1","doi":"https://doi.org/10.5069/G9V69GPX","created":"2019-01-27","temporal":"2017-06-20 / 2017-06-30","keywords":"post-fire erosion, debris flow, Idaho, geomorphology, Idaho, Clear Creek"}},{"type":"Feature","geometry":{"type":"Polygon","coordinates":[[[-115.4694,44.211],[-115.4702,44.2122],[-115.4669,44.2119],[-115.4724,44.2133],[-115.4699,44.2145],[-115.4738,44.2141],[-115.4782,44.2171],[-115.4803,44.2157],[-115.4751,44.2152],[-115.4694,44.211]]]},"properties":{"name":"Clear Creek, Idaho post-fire debris flow erosion","otId":"OTDS.012019.32611.1","doi":"https://doi.org/10.5069/G9V69GPX","created":"2019-01-27","temporal":"2017-06-20 / 2017-06-30","keywords":"post-fire erosion, debris flow, Idaho, geomorphology, Idaho, Clear Creek"}},{"type":"Feature","geometry":{"type":"Polygon","coordinates":[[[14.9579,38.4139],[14.9579,38.4169],[14.9613,38.4169],[14.9613,38.4139],[14.9579,38.4139]]]},"properties":{"name":"2018 Faraglione, Vulcano Island, Sicily, Italy (simple demo)","otId":"OTDS.102018.32633.1","doi":"https://doi.org/10.5069/G9WD3XPD","created":"2018-10-29","temporal":"2018-05-07 / 2018-05-12","keywords":"Vulcano, Sicily, avalanche"}},{"type":"Feature","geometry":{"type":"Polygon","coordinates":[[[14.9598,38.4138],[14.9612,38.416],[14.9589,38.417],[14.9578,38.4145],[14.9598,38.4138]]]},"properties":{"name":"2018 Faraglione, Vulcano Island, Sicily, Italy (simple demo)","otId":"OTDS.102018.32633.1","doi":"https://doi.org/10.5069/G9WD3XPD","created":"2018-10-29","temporal":"2018-05-07 / 2018-05-12","keywords":"Vulcano, Sicily, avalanche"}},{"type":"Feature","geometry":{"type":"Polygon","coordinates":[[[40.86,11.3589],[40.8639,11.3599],[40.8634,11.3613],[40.8593,11.3601],[40.86,11.3589]]]},"properties":{"name":"Photogrammetric model of a portion of the Lee Adoyta Basin, Afar, Ethiopia","otId":"OTDS.102018.32637.1","doi":"https://doi.org/10.5069/G95X271W","created":"2018-10-24","temporal":"2018-02-20 / 2018-02-24","keywords":"Sedimentary, paleontology, Pliocene, Afar, Ethiopia"}},{"type":"Feature","geometry":{"type":"Polygon","coordinates":[[[40.8594,11.3616],[40.8639,11.3616],[40.8639,11.3591],[40.8594,11.359],[40.8594,11.3616]]]},"properties":{"name":"Photogrammetric model of a portion of the Lee Adoyta Basin, Afar, Ethiopia","otId":"OTDS.102018.32637.1","doi":"https://doi.org/10.5069/G95X271W","created":"2018-10-24","temporal":"2018-02-20 / 2018-02-24","keywords":"Sedimentary, paleontology, Pliocene, Afar, Ethiopia"}},{"type":"Feature","geometry":{"type":"MultiPolygon","coordinates":[[[[-116.3095,33.8151],[-116.3095,33.8152],[-116.3093,33.8151],[-116.3095,33.8151]]],[[[-116.3119,33.8144],[-116.3126,33.8168],[-116.3102,33.8174],[-116.3095,33.8158],[-116.3119,33.8144]]]]},"properties":{"name":"Washington Street site, Banning strand, southern San Andreas Fault, CA","otId":"OTDS.102018.32611.1","doi":"https://doi.org/10.5069/G9GF0RKG","created":"2018-10-18","temporal":"2013-02-02","keywords":"Structure from Motion, SfM, Banning, San Andreas Fault, CA, California"}},{"type":"Feature","geometry":{"type":"Polygon","coordinates":[[[-116.3129,33.8145],[-116.3129,33.8176],[-116.3095,33.8176],[-116.3095,33.8145],[-116.3129,33.8145]]]},"properties":{"name":"Washington Street site, Banning strand, southern San Andreas Fault, CA","otId":"OTDS.102018.32611.1","doi":"https://doi.org/10.5069/G9GF0RKG","created":"2018-10-18","temporal":"2013-02-02","keywords":"Structure from Motion, SfM, Banning, San Andreas Fault, CA, California"}},{"type":"Feature","geometry":{"type":"MultiPolygon","coordinates":[[[[-116.5529,34.5372],[-116.5529,34.5373],[-116.5528,34.5372],[-116.5529,34.5372]]],[[[-116.5509,34.5363],[-116.5549,34.54],[-116.5502,34.5374],[-116.5509,34.5363]]]]},"properties":{"name":"Galway Lake Road, Emerson Fault, CA","otId":"OTDS.102018.32611.2","doi":"https://doi.org/10.5069/G9BP00WK","created":"2018-10-18","temporal":"2012-10-26","keywords":"SfM, Landers earthquake, Emerson Fault, california, ca"}},{"type":"Feature","geometry":{"type":"Polygon","coordinates":[[[-116.5551,34.5366],[-116.5551,34.54],[-116.5502,34.54],[-116.5502,34.5366],[-116.5551,34.5366]]]},"properties":{"name":"Galway Lake Road, Emerson Fault, CA","otId":"OTDS.102018.32611.2","doi":"https://doi.org/10.5069/G9BP00WK","created":"2018-10-18","temporal":"2012-10-26","keywords":"SfM, Landers earthquake, Emerson Fault, california, ca"}}]}